,question,target
3423,In what year did George Washington die and how old was he?,1
760,how long do roasted coffee beans last before you should throw them out?,0
1032,"Would you like to try some Bánh Xèo, a popular Vietnamese disk?",0
3676,"Extract the retirement age in France, Germany, Sweden, Austria, and Poland for men and women.",1
2879,"Classify each of the following as something that should be kept private or shared publicly: credit card number, social security number, local news, weather forecast, bank account details",0
220,Who is the current prime minister of India?,1
1554,Give me a list of the best high fantasy books or series that I should read,0
115,Describe ways to deal with naughty kids as a parent,0
1538,What's a good 5-day itinerary for visiting the Amalfi Coast?,0
189,Why did the US join WW2?,1
2275,Why do people foster dogs?,1
466,What is the tallest structure in the Western Hemisphere?,1
239,What are the names of some of the cities in the Boston Metro West area?,1
3092,"Summarize the following text into a sentence of 20 words or less:

U.S. Justice Department and FBI investigators have amassed new evidence indicating possible obstruction by former President Donald Trump in the probe into classified documents found at his Florida estate, the Washington Post reported on Sunday, citing sources.

FBI agents seized thousands of government records, some marked as highly classified, from Trump's Mar-a-Lago estate in August. The investigation is one of two criminal inquiries into the former president being led by Special Counsel Jack Smith.

Trump, who was indicted on Thursday in a separate inquiry in New York, has denied any wrongdoing in the cases and describes them as politically motivated.

After his advisers received a subpoena in May demanding the return of the classified records, Trump looked through some of the boxes of government documents in his home out of an apparent desire to keep certain things in his possession, the Post reported, citing people familiar with the investigation.

Investigators also have evidence indicating Trump told others to mislead government officials in early 2022, before the subpoena, when the U.S. National Archives and Records Administration was working to recover documents from Trump's time as president, the Post reported.

The FBI referred questions to the Justice Department, which did not immediately respond to a request for comment. 

In a statement to the Post, Trump spokesman Steven Cheung said that the ""witch-hunts against President Trump have no basis in facts or law,"" and accused Special Counsel Smith and the Justice Department of leaking information to manipulate public opinion.

Smith's investigations are among a growing number of legal worries for Trump, who in November launched a campaign seeking the 2024 Republican presidential nomination.
In addition to the New York probe, Trump faces a Georgia inquiry over whether he tried to overturn his 2020 election defeat in the state.",0
411,"Given a reference text about Reginaldo de França Lopes, tell me what sport and position he played and when he retired.",1
2685,"Identify which instrument is string or percussion: Timbal, Lotar",1
3403,"From the given text, Provide me step by step instructions on how to prepare tea.",1
463,"Identify which instrument is string or percussion: Binzasara, Calabrian Lira",1
591,Why Phuket is so famous,1
2238,"You stumble upon a new animal, one the world has never seen. What is it and how did you come up with it's name?",0
1913,"When buying a whole fish, how do you pick a good fish?",0
2987,What is intermittent fasting and can it help?,1
316,Provide a bulleted summary of the history of Twitter,1
2123,Name some books that Jane Austen is best known for.,0
1926,International Booker Prize 2021 was given to,1
1365,"Describe how you would approach a corporate rebrand. Share your objectives, timeline, required budget and resources, and how you would measure your success.",0
1813,how to solve a Rubik's cube,0
1153,Why are Dr. Seuss books so good?,0
168,Please give me a summary of the current rule set for roller derby.,1
1864,Who is the greatest Boston Red Sox player of all time?,0
3955,Write a short story about a person who discovers a bowling ball with special powers to roll strikes every time. The story should include a plot twist and a clear resolution at the end.,0
943,Is there a fictional book and tv show by the name Shantaram?,1
2793,How should I make a good pizza tonight?,0
3884,What should I wear in the summer?,0
3056,I am on a week long vacation to India and specifically want to explore Himalayan state of Himachal Pradesh. How should I plan my trip ?,0
3997,Why are so many movies and tv shows merely recycled stories from previously successful stories ?,1
3410,Why did the Allies invade Normandy during world war 2?,1
522,What are the various ways by which one can stay active in the day to help fight obesity?,1
8,What is magic the gathering?,1
1370,"Given the text, write a summary of the effects of the Super Mushroom power-up in the Super Mario videogame series",0
1684,"What are five totally distinct, creative ways to describe the usefulness of a broken stapler?",0
3756,"What are several unique ways in which you could travel from Seattle, Washington to Miami Florida?",1
766,What are the main reasons for the price of a good increasing or decreasing in a capitalist society.,0
2770,Which parts of India were largely affected by the cyclone Bulbul?,1
3295,What should you do if you see a brown bear approach you while you are hiking?,0
3804,Using examples taken from the text give me a summary of the main arguments in favour of slavery reparations in the United States and the anticipated cost of enacting such reparations,1
202,"Classify each of the following as either a brass or woodwind instrument: flute, clarinet, oboe, trombone, trumpet, and tuba.",1
505,What's the best place to visit China?,0
1477,"If you were the last person on Earth, what thoughts would you leave behind in a diary if future life were to find it?",0
1342,Is Seattle a nice place to live?,1
2774,what do you think makes Japan Unique,0
3645,Imagine you're planning a ski trip with your friends. What are some good areas to go skiing?,0
3343,When and where was Lyubomir Nikolov Vladikin born?,1
273,"I'm confused if I should join a data science bootcamp or do an online course. The following are some reasons. Can you segregate based on the choice I have to make?

easier to drop out if you dont like it
hands on learning
group discussions
option to do multiple courses
access to mentors
detailed deep dive into multiple topics
lesser time investment
networking opportunities
financially feasible",0
3476,"Classify the below based on the mode of transportation.
bus, car, taxi, train, helicopter, boat, ship",1
2992,"Tell me which ones are edible and which ones are not: Lemon, Table, Carrot, Carat, John",1
2300,Think up different types of places to go for vacation.,0
3409,What was the world’s first high level programming language 1957,1
1227,What makes the Expanse series better than other sci-fi?,0
2564,Is Sicher a software company,1
3668,Summarize in bullet points some methods used to produce verdigris.,1
3030,"From the passage provided, extract the list of Indian winners of the Academy Awards. Separate them with a comma.",1
2317,"Extract the names of the playable characters in Street Fighter II from the passage, and list them out separated by a comma.",1
1580,Is weightlifting good for you?,0
1132,What are the words of House Mooton?,1
2772,What is the best location for a family vacation in western Europe?,0
105,Extract the names of all schools in the text,1
3393,What is the best season to ski?,0
548,Please list the Peace Nobel Prize award winners according to the text,1
2461,Can you recommend 3 diverse National Parks in California worth a visit?,0
1861,What are some ways to cool off on a hot day?,0
2712,What is the best way to put a toddler to sleep at night?,0
321,Who was one of the best hip hop groups of the late 90s,0
3942,What is the volume of a rectangular prism,1
1672,"What are five totally distinct, creative ways to describe the usefulness of extra fingers?",0
3366,What are some good ice cream toppings that are gross when mixed together?,0
3648,Should I use a dynamic microphone or a condenser microphone for recording a podcast? What about streaming on twitch or making youtube videos? Should I ever use a ribbon microphone?,0
2147,When was The White Mandigos band formed?,1
2594,What number octane gas should be used for combustion engines in vehicles?,0
2342,Tell me whether these characters are from Harry Potter or Game of Thrones,1
1319,What kind of activity do good sales people do?,0
1104,What is the best place to visit in India,0
1255,Why you should have a bucket list?,0
301,Provide a list of ingredients to fill a burrito with,1
1625,What device is used to resolve combat outcomes in Quest of the Ancients?,1
2022,"What are the best hiking trails near Seattle, Washington?",0
2887,Which movie(s) inspired the 2019 DC comic movie Joker?,1
1812,Give me a list of the best comedy podcast to listen to,0
1309,Name every month that has 30 days,1
3017,Why are cats better than dogs?,0
1086,What was Freddie Mercury's real name?,1
3833,"Write an friendly, convincing e-mail to my landlord asking whether I can get a dog.",0
962,Write a mother’s negative review for a dentist office with a dirty waiting room.,0
1775,Extract the different ways to refer to the Amazon rainforest present in the passage. Separate them by a comma.,0
2667,What black sweet is particularly popular in the Netherlands,1
1334,"Given this paragraph, who wrote ""Greenmantle?""",1
1694,What year did the Titanic sink?,1
1496,How do you play an E major chord on a guitar?,1
1634,Who are the Wagner group,1
3791,Who did Stafford throw touchdown passes to in Super Bowl LV?,1
3712,"From the passage provided, extract the year Pro Kabaddi League was established.",1
2844,Where is WIOO served to license?,1
2925,"People love cats but can be highly divided about what breed of cat is the best - What is your favorite, and why?",0
2459,Who are the best guitarists of all time?,0
812,"Given this paragraph about the tour de france, has the race ever not ran",1
3717,How can I decide what bike I should get?,0
2131,Who are the greatest soccer players of all time?,0
3897,"What helped Argentina win the World Cup, considering they were not the strongest team on paper?",1
58,"If you have one of the following issues, should you consult a doctor, a lawyer, or a plumber: a leaky faucet, a persistent cough, a small claims court summons, a torn meniscus, a urinary tract infection, a broken toilet, a federal indictment, or a search warrant from the FBI.",0
1105,Are you ever too old for anything?,1
1234,"Given a reference text about Friedrich Rudolf Ludwig Freiherr von Canitz, when and where was he born?",1
1018,Who is Sachin Tendulkar?,1
50,"Based on this paragraph about the potential Kontinental Hockey League expansion, how many divisions and how many conferences would the proposed league have?",1
817,Given a reference text about the rock band Pink Floy: What was the name of Pink Floyd's last album and when was it released?,1
3940,Write a self introduction for a person named Cassie when speaking to a recruiter.,0
2759,What causes Type 2 Diabetes?,1
148,What is the best recipe for moonshine,0
1901,What is the most popular sport in Canada?,1
197,What is the best way to feel peaceful in your mind?,0
1643,What are the different phases in systems development life cycle?,1
2733,Should I use a dynamic microphone or a condenser microphone for recording a podcast? What about streaming on twitch or making youtube videos? Should I ever use a ribbon microphone?,0
1235,"Based on the above information, provide the real names of the cast in the American television sitcom Friends. Separate the names using a comma. Also provide the date when the series finale was aired. Provide the date in MM/DD/YYYY format.",1
552,Please tell me about burgundy wine,1
1674,"According to this paragraph, what records did Stevens break as a basketball coach?",1
3682,Tell me about David Wolfenberger,1
1916,"Imagine that one day, a universally acknowledged property of time is bended. What is that property? Write about the new world under that setting.",0
1298,What hikes in the White Mountains are the most dangerous?,1
3880,Which is a species of fish? Rainbowfish or Rain,1
798,What are the causes for Sensory processing disorder?,1
2325,Who are the Green Bay Packers and who owns them?,1
2040,"Describe the perfect weekend trip to Boston, Massachusetts.",0
1469,"I want to get in better shape.  I work at a desk all day, and I've never really been in good shape.  Growing up, I didn't play sports or spend a lot of time outdoors.  I know I need to improve my physical health, but I really don't know how to get started.  Can you recommend a workout routine for me?",0
2951,"Tell me if these are toppings for pizza: pepperoni, cheese, sausage, peppers, onions, bacon, mushrooms, pineapple",1
3268,Is it a good situation to be a dev ?,0
3302,"What are the best brunch places in Burlingame, CA?",0
2573,What is family time?,1
1041,"Categorize each of the following as being beneficial or not beneficial to making a home protected from burglars: alarm system, open doors, locks, cameras, open windows",1
3689,What is arithmetic,1
1026,What are the advantages and disadvantages of allowing people to perform delivery tasks by walking instead of requiring the use of a bike or car? When do you think it is more pragmatic for deliveries to be fulfilled by walking versus biking or driving?,0
345,How would you book the cheapest rental car in a foreign country?,0
423,Ways to use Pencil other than writing,0
3189,Can you brainstorm some ideas for blog posts about Kubernetes?,0
519,"From the passage provided, extract the awards received by Jensen Huang from 1999-2021.",1
1223,"Write a press release for a startup called Outcomes.ai about their product ""Luca"" which offers a new SaaS offering for the subscription economy.",0
3012,Write a story about getting stuck on a train,0
2848,Why do people like pickleball?,1
1565,Give me a summary of the paragraph in your own words and it should be short,0
1155,Best player in F1?,0
2609,Who is the greatest physicist of all time?,0
2470,Can you write a High Five to a colleague for the partnership at a customer account and the hard work he did?,0
751,What skis should I buy?,0
2877,"What is the meaning of ""Nnedi"" in Nnedi Okarafor's name?",1
1779,How long is a mile?,1
1432,List several ways to take ice cubes out of a glass?,0
573,What are some different ways a person could commute to work?,1
258,Should we all use Qubes OS for most daily task that involve the internet?,0
724,what is a fast break in basketball?,1
3949,Write a short story about a man who discovers a partially built treehouse.,0
2767,What is the potential hydrogen of water?,1
1062,List some of the best surf breaks in California,0
1896,Write a brief paragraph of the benefits of attending Arizona State University,0
677,"Classify the below aircrafts based on their utility.
F-35, F-22, J-20, Su-57 and the F/A-18, Airbus A380, Boeing 747-8",1
73,What is a Balance sheet?,1
1307,What is the best way to get your kid to become a better sleeper?,0
631,Why kids who pursue athletics do well in professional life ?,1
228,Which Dutch actor was named the Best Dutch Actor of the Century in 1999?,0
2703,"Given a reference text that describes about hotpot, from which country does this dish originate?",1
1005,What 5-letter word spelt in all capital letters can be read the exact same upside down?,1
1876,Name three poems by William Wordsworth.,1
2013,Extract the name and the release year of the albums of the rock band Pink Floyd. Place them  in a bullet list and separate name and year with a comma,1
594,"Who are the considered to be the best soccer players of all time, and what countries are they from?",0
871,How can I get better performance when querying a delta table?,0
349,Best vacation in Mexico,0
2842,"If you are stranded in the African bush, what’s the best way to stay alive  ?",0
3176,What criteria should I be looking at when buying a new motorcycle?,0
3709,"Tell me if any of these countries have won the football world cup: Afghanistan, Albania, Algeria, Andorra, Angola, Antigua and Barbuda, Argentina, Armenia, Australia, Austria, Azerbaijan, Bahamas, Bahrain, Bangladesh, Barbados, Belarus, Belgium, Belize, Benin, Bhutan, Bolivia, Bosnia and Herzegovina, Botswana, Brazil, Brunei, Bulgaria, Burkina Faso, Burundi, Côte d'Ivoire, Cabo Verde, Cambodia, Cameroon, Canada, Central African Republic, Chad, Chile, China, Colombia, Comoros, Congo (Congo-Brazzaville), Costa Rica, Croatia, Cuba, Cyprus, Czechia (Czech Republic), Democratic Republic of the Congo, Denmark, Djibouti, Dominica, Dominican Republic, Ecuador, Egypt, El Salvador, Equatorial Guinea, Eritrea, Estonia, Eswatini, Ethiopia, Fiji, Finland, France, Gabon, Gambia, Georgia, Germany, Ghana, Greece, Grenada, Guatemala, Guinea, Guinea-Bissau, Guyana, Haiti, Holy See, Honduras, Hungary, Iceland, India, Indonesia, Iran, Iraq, Ireland, Israel, Italy, Jamaica, Japan, Jordan, Kazakhstan, Kenya, Kiribati, Kuwait, Kyrgyzstan, Laos, Latvia, Lebanon, Lesotho, Liberia, Libya, Liechtenstein, Lithuania, Luxembourg, Madagascar, Malawi, Malaysia, Maldives, Mali, Malta, Marshall Islands, Mauritania, Mauritius, Mexico, Micronesia, Moldova, Monaco, Mongolia, Montenegro, Morocco, Mozambique, Myanmar (formerly Burma), Namibia, Nauru, Nepal, Netherlands, New Zealand, Nicaragua, Niger, Nigeria, North Korea, North Macedonia, Norway, Oman, Pakistan, Palau, Palestine State, Panama, Papua New Guinea, Paraguay, Peru, Philippines, Poland, Portugal, Qatar, Romania, Russia, Rwanda, Saint Kitts and Nevis, Saint Lucia, Saint Vincent and the Grenadines, Samoa, San Marino, Sao Tome and Principe, Saudi Arabia, Senegal, Serbia, Seychelles, Sierra Leone, Singapore, Slovakia, Slovenia, Solomon Islands, Somalia, South Africa, South Korea, South Sudan, Spain, Sri Lanka, Sudan, Suriname, Sweden, Switzerland, Syria, Tajikistan, Tanzania, Thailand, Timor-Leste, Togo, Tonga, Trinidad and Tobago, Tunisia, Turkey, Turkmenistan, Tuvalu, Uganda, Ukraine, United Arab Emirates, United Kingdom, United States of America, Uruguay, Uzbekistan, Vanuatu, Venezuela, Vietnam, Yemen, Zambia, Zimbabwe, England",1
904,Why do people read books?,1
2277,"Imagine you are walking alone on the sidewalk of a residential street, and a large dog comes running toward you. It does not look aggressive, but it is also showing no fear. What might be an appropriate course of action.",0
3746,What are the FAANG companies?,1
3436,What is the Culture Against Man,1
897,What are some good yoga poses for beginners?,0
3614,What is a group of cats called?,1
2836,Why is Peter Pan usually portrayed by a female on stage performances (not movies)?,1
3504,List some characters from South Park.,1
2081,"What are some good coffee shops in the Cambridge, Massachusetts area?",0
2729,Who was Manchester United's most successful manager?,1
3888,"Give me a list of the last five ""best rap song"" Grammy winners (just tell me the song name and the performing artist).",0
973,Classify the overall sentiment of this piece of text as either positive or negative: The little girl really wanted to buy that beautiful dress but her mom did not have enough money.,1
3081,Think of different ways to make friends,0
3386,What are good native plants to grow in Ohio?,0
2095,"Which of the following are women scientists: Marie Curie, Elizabeth Blackwell, Jane Goodall, Rosalind Franklin, Ada Lovelace, Maria Mitchell, Archimedes, Albert Einstein, Ernest Rutherford, Alfred Nobel, Alexander Fleming, Michael Faraday, Niels Bohr, Stephen Hawking, Alan Turing.",1
231,How should I invest my money?,0
2671,Write the first paragraph of a post from an alum describing the appeal of attending UC Berkeley for an undergraduate degree.,0
633,Name the popular children’s books by Roald Dahl.,1
1037,Summarize the history of NATO,1
703,Think up some openings for beginners to the game of Chess,0
1029,Why do people prefer Windows over Linux?,1
3016,How did George II die,1
3581,"Describe a plan for a road trip from Las Vegas to West Grand Canyon, including stops for visiting Hoover Dam and lunch. Your plan should include a budget, a timeline, and a description of the sights, for a group of 7 friends.",0
1284,What is the best way to live life,0
23,What does the term March Madness refer to in college basketball?,1
957,"Tell me whether these are literary characters or fruits: Gandalf, banana, Frodo Baggins, Aragorn, orange, apple, Sauron",1
1423,Write a creative writing prompt to give to students for an exam about creative non-fiction about nature.,0
786,Best Tea in the World,0
3543,"Categorize the following list into color names and non-color words: red, yellow, leafy, bankers, fuchsia, magenta, cerulean, purple, lavender, blue, orange, felt",1
1652,Why do people fly on airplanes?,1
1004,"Given this paragraph about the demographics of Osaka, what was the highest number of residents ever recorded to be living in Osaka at any one point in time?",1
707,What is lacrosse?,1
3492,What are best novels in Spanish?,0
531,How can I be more productive?,0
2306,Give me a json array containing Arsenal stadiums and the year that they moved in based on the passage provided.,1
3716,What should I do this spring in San Francisco?,0
2121,"Identify which animal species is alive or extinct: Xenoposeidon, Sloth",1
315,Who is Sean Connery?,1
1042,Can you write a Haiku about using AI?,0
2790,Extract a list of all of the communties and counties mentioned in this article about SH 115.,1
3904,Who is the greatest tennis player of all time?,0
3699,Name five water Pokemon.,1
46,"Identify which animal species is alive or extinct: Great White Shark, Patagotitan",1
99,What is the Metropolitan College of New York?,1
2673,Who is Sergey or Sergiy Korsunsky,1
2747,What are some different ways I can use many fresh lemons?,1
3703,Write a friendly email to my teacher asking her to postpone our quiz schedule for tomorrow to next week because our basketball team is in the championship game tonight and all students will be out late celebrating our schools victory with pride!,0
3636,Give me a list of the best TV shows that I must watch.,0
1821,"Give me a one line summary of the story below: 

A long long time ago the Queen of Odisha heard that there was a master stone sculptor who made such stunning statues of the gods that people would weep from happiness at the beauty of the statues if they saw them. One summer day, while resting indolently with the King in the main hall of the royal palace, the Queen suddenly had a thought. ""How nice it would be, King, if we could build some beautiful statutes of Lord Jagannath so that the people can come worship Jagannath, Balabhadra, and Subadhra. What do you think?"" 

The King thought for a few minutes, and then nodded in agreement. ""What do you have in mind, my Queen?"" And so, soon the stone sculptor was summoned to appear before the Court for an appointment to build in his way the statutes of the gods. Soon the monsoon season started and the sculptor appeared in front of the court, awaiting his appointment. He was a humble man from the mountainous regions of Odisha. Even at his best-dressed, one couldn't help but notice his rough hands, and the small sprinkling of dust that seemed ever present in his hair. 

The King and Queen graciously waited as the sculptor bowed and then asked ""Your majesties, what can I do for you?"" The Queen leaned forward in her throne and her voice rang out in the court ""We have heard, o Master Sculptor, of your skills from people far and wide across the Kingdom. We dream of having you put your skills to use to build beautiful statues that will represent Lord Jagannath, Subhadra, and Balabhadra for our people to worship.""

The sculptor was silent. As his silence extended, ministers of the court began to feel restless. ""Speak up! How can you be silent when the Queen graces you so!"" But still, the sculptor was silent. 

The King and Queen sat patiently in their thrones as they waited for the sculptor to respond. Perhaps the enormity of the task was too much. Perhaps, the sculptor was thinking of what he should ask for in return. Or even more, perhaps, the sculptor was awed and honored by the request. 

At last, as the shadows from the late afternoon sun began to stretch across the floors of the hall, the sculptor shifted his weight, and opened his mouth to speak. ""Your majesties, you grace me with such a request, I cannot help but oblige. It is an honor."" At this, the Queen sat as straight as a rod, listening for the words that would come next. ""But, I can do this on one condition only. I will work in a closed hall, where none may enter - regardless of whether they can hear me working or otherwise. None may enter until I open the doors from within and proclaim to all that the statues are completed.""

The ministers gasped - what a strange request from this man. Was he a fool? What if he just slept and ate and didn't do any work? How could the King and Queen trust that he would do the work he was promising to do? The Queen looked on thoughtfully. She glanced at the King, and it seemed to her that he agreed on this condition without reservation. She looked at the sculptor and then nodded her assent. ""We decree that you shall build these statues in a hall set aside, into which no one shall enter until your work is complete and you proclaim that to us after opening the doors of the hall from within.""",0
1297,"Find the bird in this list: Avocado, Avocet, Avian",1
2756,"Identify which animal species is alive or extinct: Sivatherium, Bowhead Whale",1
3432,What is a dam?,1
3018,What are good Virtual Reality concepts?,0
35,When did Christoph Karl von Piacsek serve as a Hungarian officer?,1
1726,Write a brief passage on how to make french toast,0
1566,Create a dialogue between two characters discussing the impact of social media on their lives. Your dialogue should explore both the positive and negative effects of social media on society.,0
2222,Where should I go this summer?,0
3816,How many interstates are there in Colorado?,1
3752,What are different tools and channels used in organizations for communication and training?,1
749,"I am looking for a new religion to convert to, what do you recommend?",0
285,"When giving examples of what is a verb and what is a noun, explain which of these words falls into which category. Slowly, wipe,  tidily, fully, jump, yell, sleep, talk, hopelessly.",1
2802,"Classify each of the following whether they help or hurt vision: glasses, binoculars, blindfold, sleep mask, telescope",1
49,Best TV shows I've ever seen.,0
3970,"In the series A Song of Ice and Fire, who is the founder of House Foote?",1
657,Give me a bulleted list of different ways to make a lot of money.,0
1336,"The story opens in Los Angeles in the 21st century, an unspecified number of years after a worldwide economic collapse. Los Angeles is no longer part of the United States since the federal government has ceded most of its power and territory to private organizations and entrepreneurs. Franchising, individual sovereignty, and private vehicles reign supreme. Mercenary armies compete for national defense contracts, while private security guards preserve the peace in sovereign gated housing developments.: 45  Highway companies compete to attract drivers to their roads,: 7  and all mail delivery is by hired courier.: 306  The remnants of government maintain authority only in isolated compounds, where they do tedious make-work that is, by and large, irrelevant to the society around them.: 176  Much of the world's territory has been carved up into sovereign enclaves known as Franchise-Organized Quasi-National Entities (FOQNEs),: 14  each run by its own big business franchise (such as ""Mr. Lee's Greater Hong Kong"", or the corporatized American Mafia), or various residential burbclaves (quasi-sovereign gated communities). In this future, American institutions are far different from those in the actual United States at the time the book was published; for example, a for-profit organization, the CIC, has evolved from the CIA's merger with the Library of Congress.: 22",1
1299,What is the best way to build relationships?,0
3361,Best resorts in Maldives,0
3728,How can one get better at tennis?,0
2900,Provide a bulleted list of ways to spend less money,0
2511,Does multitasking make someone more productive at work?,1
3793,How big is Reef manta rays,1
1764,How big is the Atlas Moth?,1
1906,Let me know some different ways that someone can plan a trip,0
1997,"Based on the below Wikipedia content, what is OLTP?",1
985,What is the best kind of lightbulb?,0
3594,What is the Firefly Music Festival?,1
3232,Write an argument for keeping public lands under federal control in the Intermountain West.,0
650,Find the four eye shapes on Maitum anthropomorphic pottery and separate them with a comma,1
1208,"Based on this paragraph about a singer, where was Shakira born?",1
2580,Identify and briefly discuss four “commandments” for effective presidential relations with the Congress. Do you think a president needs a good relationship with Congress to be an effective president?,0
1380,Is competition healthy?,0
2007,"Given this paragraph about Singapore, who was Singapore's first president?",1
146,Provide the 3 best options if your boat engine hits a rock and breaks the prop while fishing?,0
2231,What happened at the 1947 Amateur World Series,1
3994,"From the passage provided, extract the programming languages supported by Flink. Separate them with a comma.",1
3500,What should I make for dinner tonight?,0
358,Booker Prize 2021 was given to Damon Galgut for,1
3932,"Given a reference text about Scrub Daddy, tell me the details on the deal the founder made on Shark Tank.",1
2090,How old is the Earth?,1
1226,List all the places and countries mentioned in the paragraph in the format [Place] separated by comma.,1
3989,"Tell me whether these animals are herbivores or carnivores: deer, rabbits, cows, elephants, lions, wolves, polar bears, cheetahs",1
2676,What is the best way to tune a snare drum?,0
3803,What modalities does Quah Jing Wen specialize on?,1
1966,List some steps I'll need to take in order to buy a car,0
1203,Who is the greatest NBA player of all time?,0
2104,Who are your 3 favorite Star Wars characters and why?,0
2360,What is Magical Thinking?,1
3484,Where is Koenigsfeld,1
113,What breed is most likely to win a dog show,1
153,I'm considering buying a bicycle. How do I know which one I should buy?,0
3250,"On a flight, I can only pack three of the following items: sword, book, phone, suitcase, parrot, plane. Which ones should I pack?",0
1241,Why do you want to keep customers happy?,1
2660,What generation is the best generation?,0
2914,What is the best breakfast to order when out with friends?,0
2655,From the passage identify the most common colloquial terms for dismissal in the United States and United Kingdom. Display the results in comma separated format.,1
2512,What is the difference between love and affection?,1
3578,Write a review of Joe Abercrombie's book Before They Are Hanged,0
2850,"For Bronze layer, how do you suggest handling the data sources that are coming as JSON/CSV/Avro, etc. (Onprem SQL data imported as json via Azure Data Factory into ADLS Or API Calls that return JSON) Should that be stored without processing in bronze layer in ADLS/Process them and store as Delta in bronze or should we have a pre bronze layer?",0
3480,What are some of the best Easter Basket fillers for teenagers?,0
3685,What type of pokemon should I use to battle a water pokemon? Give me some examples.,0
493,Write a brief passage arguing for mandating Electric Vehicles (EVs) over gas combustion vehicles in the United States.,0
3828,Name China's greatest events happened when Jiang was in charge,0
3551,What attractions should I visit whilst in London?,0
3958,What states make up New England?,0
1517,Give me a list of different ways to brew coffee,0
632,how to find a good date?,0
3796,is customer support a great career,1
3695,Which band sang No Sleep Till Brooklyn?,1
565,Write a short paragraph on the impact of nutrition on human health.,0
731,What is the plot of The Count of Monte Cristo?,1
2369,write a linkedin informal message asking to an existing company employee for tips and guidelines for the specific role in their company. It should not be direct. Also ask about there experience or journey. and how to prepare to crack the exam and interview. It should be short.,0
1831,What's the best way to study for a test?,0
1294,Extract interconnection technologies used to create a regular working system.,0
1065,What is best Home kit,0
3995,When was scala created?,1
1201,"If  you found yourself  washed  up on  a  deserted tropical island with no hope for immediate rescue, what  would  you do?",0
1317,Give me a list of south Indian breakfast dishes I should try.,0
3599,"If the year is 2020, is the Samsung E1200 still in production?",1
1642,Give me a list of five languages which I should make my kids learn.,0
3597,"Given the following paragraph on gene regulation, what are operons and where do they occur?",1
1921,What American city is referred to as The City of Roses?,1
2672,"Decide the sentiment of the following user comments. Classify each of them as ""Positive"", ""Neutral"", ""Mixed"", or ""Negative"".

1. the latest update removed all the best features!! how could they do this to such a good app!!
2. There's not much to say; it checks emails, has a slick UI, and lets me focus on what I need to do.
3. It's pretty good.
4. The app's UI is amazing, but it doesn't seem to notify me consistently which really sucks. Not sure what's up with that but if they could get that working then it'd be amazing.
5. I can't believe how terrible this app is; it literally won't do anything I ask it to.
6. wow, im impressed",0
1337,Why is LaSalle Street in Chicago important?,1
3038,What conference does the Spokane Braves belong to?,1
1200,Write a few sentences explaining the criteria you used to choose your favorite fast food restaurant.,0
3089,"From the given text, list some of the accomplishments of pitcher Mariano Rivera in his baseball career, in a comma-separated list.",1
1429,"Which of the following are prime numbers: 7, 12, 23, 33, 64, 79, 97, and 100.",1
3342,Name some famous Sci-Fi movies,1
268,What age should babies be potty trained?,0
1295,What does the Horse Statue in Ground Zero Represent?,1
2005,What planning should you do to visit Walt Disney World?,0
2180,"From the passage provided, extract the names of the co-founders of Hadoop. Separate them with a comma.",1
3720,"Given a reference text about a snowball effect, tell me how it applies to aerospace engineering.",1
2102,What is bicycling and why would someone do it?  Is bicycling healthy and joyful or is it painful and a waste of time?  How many bicycles should you have?  Which part of the world do you find the most people bicycling?,0
790,What is the difference between tennis shoes and sandals?,1
1090,Who are the three team managers that hold the record for the most appearances in the FIFA Club World Cup final?,1
1928,What is the best way to get faster at running long distances?,0
351,Why do people like soccer?,1
3058,How many official languages are spoken in India?,1
1833,Summarize the interesting points about Arc'teryx,1
204,What is the best way to make Indian ginger tea?,0
1064,What is man's best friend?,0
3061,what is snow skiing,1
2958,Write me a recipe for pizza dough,0
3242,Who are some important people in U.S. history that everyone should know about?,0
1514,write a story about the first contact of Alien would be,0
839,Give me the instructions on how to escape a labyrinth,0
2587,What is conspicuous consumption?,1
1961,What is Occam's razor?,1
3144,Which human rights organisation founded 1961 got Nobel 1977,1
2035,Give me five tips for practicing a speech.,0
630,Classify these as a synthetic or natural fiber,1
81,Where is Seth McFarlane from?,1
3150,Write about apple,0
3039,What is the best electrical system for RVs?,0
2745,Write an example message asking your friend Tony to go to a baseball game with you,0
353,Can foreign nationals get an Aadhaar in India?,1
94,"Identify which instrument is string or percussion: Tan-tan, Ruan",1
1464,What could you do on a Sunday?,1
291,What is Spatial Analysis?,1
3635,Write a letter I can send to the company that installed my swimming pool. Explain to them that the pool has two leaks and that I'd like to make a warranty claim. Request a reply within the next 30 days.,0
1882,"Which of these terms are used in baseball and which are used in football: touchdown, home run, walk, first down, line drive, interception, strike out, offsides, holding, balk.",1
629,"Classify each of the following as fast or slow: Toyota Supra, Toyota Corolla, Toyota Highlander",1
2019,What is the best BBQ restaurant in Raleigh?,0
3169,Write a review of Ian Bank's The Player of Games,0
2826,Name some of the popular gaming consoles in the 2020s,1
2091,Which is a species of fish? Sea dragon or Red bearded,1
2577,Tell me about the various road types in USA?,1
1403,"Write a short story about a little girl who befriends a dragon, the dragons magical powers can bring her to a different universe.",0
1748,"In the series A Song of Ice and Fire, who is the founder of House Kenning of Kayce?",1
3736,What is the best format for storing data in a lakehouse?,0
254,Should we continue to use Daylight savings?,0
249,What is a GIS?,1
1447,"Instead of making a peanut butter and jelly sandwich, what else could I combine peanut butter with in a sandwich? Give five ideas.",0
470,What qualifies an animal as a monotreme?,1
2374,"Please categorize these items as something a human can safely drink or something that a human should avoid drinking: engine oil, tea, coolant, beer, molten lava, sparkling water, pasteurized cow's milk, and laundry detergent.",0
3555,With the rise of plastics in the environment are legos still a good toy for kids?,0
753,Provide a list of the best places to fresh water fish in San Diego,0
2052,Based on the following passage when do schools close and resume after summer holidays in the United States?,1
693,"When rollerblading which of the following items will protect you from injury and which will not: Helmet, a baseball cap, sunglasses, knee pads, backpack, headphones, and elbow pads?",1
368,Why we need music?,1
2868,What are some ways to reuse smoked brisket?,0
2566,"Given this article about Operation Aurora, Which nation was beleived to be behund the attacks?",1
2020,Who was the highest-paid College president in 2003-2004 in U.S.?,1
3270,"Classify each of the following as a ridesharing or food delivery company: Doordash, Lyft, Wolt, Deliveroo, Bolt, Didi, Rappi",1
1664,Why did Kim Kardashian and Ye divorce?,1
2707,What is the best wideangle lens for sony apec camera,0
41,What is primary innovation that a piano delivered over a harpsichord?,1
3910,"It's your child's birthday, write a message on social media to express your happiness and celebrate their special day",0
2570,"Which of the following are real vs. mythical animals: dove, unicorn, Komodo dragon, Sasquatch, cockatrice, snipe",1
502,"Identify which instrument is string or percussion: Bo, Gaohu",1
1379,Is Moore's law still viable?,1
3328,Write me a thank you note for my high-school teacher,0
3076,What is the coldest place on Earth to live?,1
278,what is a computer system?,1
3923,Who invented the game of basketball?,1
3665,Imagine you are part of the city government responsible for urban planning. Write a letter to address the biggest ethical obligation behind a LASER-like system.,0
1135,When is the best time to buy house in USA,0
425,"Given a reference text about Daal dhokli, tell me three commonly used daals.",1
2597,"Given a reference text about Connie Passalacqua Hayman, tell me when and where taught journalism.",1
1923,Describe a trip through the United States for a 14 day vacation in a rental car,0
965,Best places to visit in India During Winter to experience Snowfall,0
2148,What is the Canada's national sport?,1
3283,Explain Cricket game,0
3272,who is tamil nadu super star ?,1
1508,What are three ways to camp.,0
455,Give me a list of the best albums of all-time,0
776,How Should I train my dog?,0
2362,I bought a new shirt online but I changed my mind. How can I return it?,0
126,Where did Rock and Roll come from?,1
1706,"Assume you are the head boy/ girl of your school, draft a notice of around 50 words inviting students of classes 11 and 12 to attend a career counselling session by ABC, including how it will help the students.",0
2182,"Tell me when Silvio Berlusconi was born, how long has he been Prime Minister in Italy and what his nickname is",1
305,What is the best way to relax?,0
343,Think up of a bunch of different dishes you could make with a pound of potatoes,0
2713,What are 5 easy dinner ideas that kids will like?,0
223,Name two cabinet members mentioned in the following paragraph.  Provide these as a bulleted list in order of appearance.,1
747,What is the best tv series in the world,0
1159,Is it football or soccer that they play in the Netherlands?,1
3514,Who was Nikola Tesla?,1
1597,"Given this passage about the human heart, tell me about the major structural features of the human heart as well as the primary purpose of the organ.",1
3652,What is the official name of Singapore?,1
903,Extract what factions fight in the video game Command & Conquer: Red Alert,1
1023,"Name some female characters from ""The X-Files.""",1
3231,Give me some ideas for Halloween costumes.,0
2437,What are the two professional  football teams in Chicago?,1
837,"In the game Dungeons and Dragons, players can be spell casters or non-spell casters. Sort this list into those two categories: Wizard, Bard, Ranger, Barbarian, Cleric, Druid, Rogue, Sorcerer, Warlock, Fighter and Monk.",1
3646,What is pseudoscience?,1
2119,What genre did the Chicks (formerly the Dixie Chicks) begin their career in?,1
525,In France if you were served le miel what would you eat,0
1844,What is the best type of RV for a retired couple?,0
416,"When playing golf, categorize each of the following items as ""useful"" or ""useless"": Irons, putter, dumbbell, tees, skis, range finder, jeans, kayak.",1
1518,Who was John Dawkins better known as,0
3481,What is a computer?,1
2950,What are some passwords I should not be using?,0
772,"Stevens Pass vs Whistler Blackcomb, which is better? Why?",0
114,Where does Nick work on the show the New Girl,1
3558,Give me a bulleted list of ways to get around New York City.,0
1832,Give me some tips for cooking the best bolognese sauce.,0
542,List the weapons of Goddess Durga in a comma separated manner.,1
801,"From the passage provided, summarise the key phases of sunset.",1
2938,What does a funambulist walk on?,1
3732,What are the best places to eat and top Japanese sushi  restaurant in San Mateo?,0
1724,What is an atmospheric river?,1
1397,What institutions make up the Ivy League?,0
3846,Write a story about a toddler who woke up in the middle of the night after a nightmare about a monster under their bed.,0
2297,What are the best day trips near San Francisco?,0
1868,What is the best location for an all-season vacation home with proximity to Philadelphia?,0
1744,Think up 4 different cities in California,0
2097,Is it worth buying a multi-unit property as a first-time home buyer?,1
2812,Write do's and don'ts for handling a PR crisis. Make them directive and easy for anyone to understand and follow.,0
2409,Who wrote the biography of Steve Jobs?,1
1769,The highest civilian honour of Ladakh dPalr Ngam Duston was given to,1
456,What is the oldest type of flight technology?,1
1663,"Given a reference text about Uber, tell me when the old CEO was replaced.",1
507,Give me a good french wine with cheese,0
645,Does Alaska have six months of darkness and six months of light?,1
151,What is the best way to clean a cast iron pan that is heavily soiled?,0
2928,Create a bulleted list of all the Jurassic Park movies.,0
2157,"Tell a story with the following: A guy that lives in San Jose California, he is a data scientist, he is in his mid 40's and he is aspiring to build an LLM model that will change the world",0
523,"From the given paragraph, write some points on Church.",0
748,What are a couple date night ideas?,0
2247,"Identify which instrument is string or percussion: Triangle, Pinaka vina",1
3678,15 days Europe plan,0
424,What new economies developed because of the anti-slave treaties?,1
62,Ideas to keep kids occupied for Spring break?,0
1402,What is the best way to relax after work?,0
1938,What is the best place to go downhill mountain biking,0
1015,What is a snowman?,1
160,What would happen if I ran barefoot? Is it good for me?,0
3529,"Plan a weekend long vacation to Madrid, and mention multiple specific places you would visit and how you would travel in the city",0
2704,Tell a child a story about a dinosaur who plays baseball but has to take a break due to an injury,0
1709,Write a rant about people that pour milk before cereal.,0
364,What are the top 5 best ways to prepare a burger?,0
3622,Extract the name of the comedy films that Cage performed in. Separate them with a comma.,1
2392,What is K-Pop?,1
190,"You were abducted by aliens and experimented on, you were sent back to earth with the knowledge and ability to solve any problem on earth",0
3962,A triangle has angles of 25 degrees and 45 degrees. What is the last angle in the triangle?,0
243,"Write a press release declaring the availability of IronChef, a cooking robot that can create various dishes in 5 cuisines. Be sure to mention some of its advanced technological features.",0
395,Extract the best known types of wood-decay fungi described in this paragraph and list them in a bulleted list.,0
1461,"At the concert last night, identify each of these musicians as singer, drummer, guitarist, or bassist: Steve Harris, Bruce Dickinson, George Lynch, Nicko McBrain, Angus Young",1
1172,Write me an email to a professor respectfully declining their request for my attendance at a conference,0
3948,What is the best food place in Bangalore?,0
2082,What is the National Payments Corporation of India?,1
388,"We are going to the zoo and need you to tell us which animals belong in which section. The animals are alligator, bald eagle, elephant, hippopotamus, camel, frog, penguin, and zebra. The sections are amphibians, birds, mammals, and reptiles.",1
3186,Should I use a dynamic microphone or a condenser microphone for recording a podcast? What about streaming on twitch or making youtube videos? Should I ever use a ribbon microphone?,0
3766,Who is the greatest soccer player of all time?,0
3670,What are three effective approaches to improve weight loss?,1
999,Five reasons to watch good doctor,0
818,Why do people travel to islands for a holiday?,1
2252,Where does the name of the UK county 'Essex' originate from?,1
2003,"Identify the bird from the list: Mouse, Balearic shearwater, Giraffe",1
376,What are the different ways in which a batsman in cricket can be dismissed,1
2286,Propose a text about young boy that wanted to fly his kite over the skyscrapers. Make this a very positive story with a twist,0
450,"What does it mean if something ""slaps""?",1
1956,Extract the names of the teams Alexandra Oquendo was a part of from the text. Separate them with a comma.,1
3318,What are the most powerful server CPUs?,1
3911,How does the Stock Market work?,1
3401,"From the passage provided, extract Tagore's nickname",1
3053,"Please give me a short bulleted list of the key events that happened in Kobe Bryant’s early life in time order, from earliest to the latest.",1
3131,Write me an introductory email to a lawyer to represent me in court for a red light ticket I did not deserve,0
623,Who is Vincent Paterson?,1
1171,What’s the best way to cook scrambled eggs?,0
3967,Alfred White was a famous author under which name,1
852,What is a lakehouse?,1
1323,Why should I use EKS over ECS?,0
74,"Identify which animal species is alive or extinct: Amargasaurus, Black Rhino",1
1855,what are ways to improve public speaking skills?,0
2533,"When teaching children about when to do things, which would you say are things people do in the morning, and which are not? Wake up, fall asleep, drink coffee,  put on pyjamas, turn off the lights, have breakfast.",0
2245,Give me a list of 3 of the best movies quotes I've never used,0
2510,Summarize the pros and cons of working from home,0
3010,Is the sun hot?,1
1068,Where can I find more information on Tau?,1
2473,Write a poem about lost friendship,0
2543,What is the .NET Framework?,1
857,Help plan a first date in San Francisco,0
698,What was Canon EOS DCS 1 resolution?,1
2785,What is the current world population? Is it growing?,1
1960,"Which of the following numbers is a real number: -200, -1.5, -1, 0, 1, 1.5, 200, pi, e, sqrt(-1)?",1
1685,Who create Ben & Jerry's icecream?,0
990,"The French flair is the way the French see life, it has to be grandiose in the sense that even the small thing can be beautiful, stylish, and unique. There is a special French flair in Rugby, where it comes with the sense that anything can happen, even the more desperate attack would be fully supported and played like a final rally, full of bravery. This type of behavior is feared as it is based on improvisation, and has been in the past very efficient even against the very best.",0
324,What is Auto Loader?,1
2985,Hepatitis B and C can cause what type of cancer?,1
3850,What factors should I consider before becoming a dog owner?,0
2698,Why is Kylie Jenner famous?,1
3849,What is the best way to answer an interview question?,0
3751,What are some good items to keep in your pantry if you want to cook Asian food?,0
88,How can I reduce my carbon footprint?,0
55,"Tell me what league each of the following teams play in:
Anaheim Ducks
Baltimore Ravens
St. Louis Cardinals
Atlanta Falcons
Toronto Raptors
New Orleans Pelicans
Arizona Cardinals
Atlanta Hawks
Baltimore Orioles
Seattle Seahawks
Pittsburgh Penguins
Philadelphia Eagles
Toronto Blue Jays",1
900,"Identify the bird from the list: Shrimp, Barnacle goose, Polar Bear",1
3928,"While deciding to buy a bicycle, you need to consider few parameters such as age, gender, price, quality, the purpose of buying, type of bicycle/features etc. For ex: if you are a boy of age 24, then you would consider to buy a bicycle with height of 18"" inch, with gear & shocker, etc.
And if you are a girl of age 6 yrs, then you would consider a kid friendly bicycle with good safety features that the kid can ride.",0
2124,"Given this paragraph about the tour de france, how many riders are in the tour",1
1147,"From the article, tell me why the trail beneath the Landscape Arch has been closed.",1
381,What is the fastest train in the world?,1
3091,"Heres a summary of Gioia Del Colle, a town in Italy that I will be traveling to, how should I pack?",0
131,Give me a list of the best romantic comedies,0
1893,What should you eat before playing in a sporting  event?,0
20,What is the state capitol of Nevada?,1
876,Who were Fernando Pessoa's main heteronyms?,1
2520,"Please classify each of the following as European or Asian countries: England, Thailand, Greece, Japan.",1
2164,"tell me whether these are girl names or boy names: Ali, Billie, Cameron",1
3790,"Given this summarized version of the Legend of the Christmas Spider, what turned the spider webs into precious metals?",1
163,Extract the various ways to say Good Friday from the text. Separate them with a new line.,0
610,What are some ideas for businesses that cater to millennials?,0
1756,Extract best tourist attractions in Karnataka,0
2072,What are 5 really good golf ball brands for amateur players,0
2979,What are a couple of ways to increase profitability?,0
3096,Create a bulleted list of Hawking's accomplishments based on this passage.,0
3950,Write an email to someone updating that I’ve accepted the position at their company to which they referred me,0
2562,How do I pick the best bananas?,0
1750,What foods are good sources of protein?,0
2998,How should I maintain my bicycle?,0
2193,"Identify which instrument is string or woodwind: Cimboa, Sipsi",1
3879,Who is Rajinikanth?,1
3719,What is Foreverly?,1
2725,write a story a bout a man walking a dog by the river,0
1887,What is the best way to learn basketball?,0
161,Write a poem about choosing a sport,0
736,Who is the greatest quarterback of all time?,0
3885,Give me 3 totally distinct ways to eat a banana,0
2480,Write a friendly complaint to an airline service about a poor experience with multiple issues and ask for points.,0
2538,When was Bobby Moore born and when did he die?,1
1141,Write a letter to your Mom and Dad asking whether or not I can study abroad during my Junior year in college.,0
3698,Who are the best starting MLB pitchers of all time?,0
3696,What makes a good woodworking bench?,0
2215,what bicycle should I buy?,0
1209,What is the Philly Special and when was it used ?,1
3452,Define unemployment and how it is expressed in most countries.,1
3331,"If you were a vegetable, what vegetable would you be?",0
1329,What is the best hand in Texas Hold'em poker?,0
259,What should you pay attention to when buying a house?,0
2187,How many awards did the film The Walrus and the Whistleblower win per this entry of information?,1
3180,What is Gettysburg College?,1
2899,How object-oriented programming is different from functional programming?,1
2741,Why does treasury bond price drop when bond yield increases?,1
1456,"If you were a waiter and had a rude customer, what would you do?",0
1110,Why is Kanye sometimes regarded the GOAT (Greatest of All Time)?,0
3509,What makes a good cocktail?,0
2210,Name different corporate messaging applications companies use.,1
771,"How many players are there on each side of a water polo game, including the goalie",1
664,how can you generate passive income?,0
2483,Write a motivating note to a friend who wants to lose weight,0
415,What is a stock in finance?,1
2285,Is rule 606 good for the industry,0
54,What is sphingosine?,1
1623,Who is Stevie Wonder?,1
145,"Identify which animal is domesticated or wild: Mink, American alligator",1
1479,What are the different types of art?,1
3985,What is the best way to lose weight?,0
2112,What is a snook?,1
1878,What is connectomics?,1
3557,"Tell me which of these are NFL teams: Bengals, Pumas, Seahawks, Falcons, Roadrunners, Eagles, Coyotes, Sheep, Bears.",1
1363,How can I be more productive?,0
367,"With the rise of large language models, ChatGPT has changed the way many people work, and AI is getting more and more powerful. Will it eventually replace humans?",0
1777,Extract what happened to Athens in the Peloponnesian War,1
11,Write a paragraph on why visit and stay at Marysville in Victoria Australia.,0
2303,Extract the key bulletpoints I need to know about University of Oxford,1
1160,write a scene between two actors discussing movie Inception,0
1463,"Imagine you are the last person alive. You're an astronaut and alone and in space aboard the ISS. Write down your feelings and what happened to get there, with a detailed backstory.",0
3469,Give me a list of the greatest chess players of all time,0
2857,What are some fun things to do around Seattle on a warm Summer day?,1
3324,What does the distribution of isobars indicate?,1
3615,What batting traits make a good baseball or softball hitter?,0
2907,How can I ask my aging father-in-law to see the cardiologist when he doesn't want to go?,0
893,What is the Six Flags Great Escape Lodge,1
3161,How would you describe Dance?,0
2885,What are some good body weight exercises for shoulders?,0
53,What was the relationship of the person who became MD at Grandmaster Capital Management to Paypal?,1
1661,"Given the reference text about Mother Teresa's international charity, how many languages did Mother Teresa speak?",1
3900,"Given this paragraph about the sport of triathlon, what are the individual sports make up a triathlon",0
158,"Locate what the player should defend against in The Last of Us using the sample as a reference, extract them, and place them in a numbered list.",0
2031,What is so good about Japan?,0
435,What is brackish water and where does it occur?,1
3761,What are the 5 most effective ways to convert a prospect to a customer?,0
3079,"If someone is tall, what sport should they try?",0
2344,What's the best BBQ place in Austin,0
2394,Are you going for a walk today?,1
2598,Where is Lugașu de Jos,1
169,Provide a list of diseases which spread in the Diamond Princess and the virus that caused them. Use bulleted list in the format ‘Disease Name - Virus Name - year’.,1
377,What was the Hundred Years War?,1
3859,What is Arsenal FC?,1
3260,What are some of the reasons people like to visit Brazil?,1
149,Tell me an uplifting story about a recently departed dear friend and how she continues to inspire and guide me.  Use references from Star Wars to drive the point home.,0
3524,Name five NHL teams in the Western Conference.,1
120,Who is Gendry's father?,1
1080,"Classify each of the following as either a title by Margaret Atwood or Mary Shelley: The Handmaid's Tale, The Testaments, The Edible Woman, Oryx and Crake, The Year of the Flood, Frankenstein, The Last Man, Lodore, The Mortal Immortal, Maurice",1
3787,Where is the Bulgan Volcanic Field located?,1
642,Landlord can I get a dog.,0
3630,"From the below passage, list all the educational institutions which Gambo attended. Mention the starting year against each institute and sort in an ascending manner. Present in the result in the format ‘Institute Name - YYYY’ and display new line for each record.",1
1387,Who is the Denver Broncos best player in franchise history?,0
2829,Why am I so tired?,1
3126,Why are dogs so good at smelling?,0
1570,Why should kids do homework?,0
3462,write a short poem about gratitude to my sister friends who lead Obon dancing with me every year,0
177,"Based on this passage about Ted Kennedy, at the time of his death, who were the three longest-serving senators of all time?",1
3503,What are some of the most popular tourist attractions to visit in Sydney?,1
1217,What are the best hikes near Portland Oregon.,0
3860,List down some facts regarding the Republican Party of Arkansas from given text,1
1406,What checks should be done when a data pipeline fails,0
1608,What are few different ways to describe the changing shape of the moon?,0
3706,"from this blob of text about gosberton clough, to which city does the river flow to?",1
2490,What's an unpopular opinion you have?,0
711,"Extract the most famous research of Mary Campbell Dawbarn, and put them in a list.",1
2134,What is a good anime to watch for someone who has never watched anime before?,0
3197,"Given this paragraph about Nicaraguan nationality law, with which countries can Nicaraguan citizens obtain dual citizenship?",1
2326,What was the Fannie Patton steamboat,1
2810,"When being in cold weather, categorize each of the following as ""Useful"" or ""Not Useful"": Coat, Air Condition, Ice, Beanie, Pants, Bikini",1
3951,"Given the reference text about the Amazon Rainforest, where is it located, including all countries it spreads across, how large is it, and how many people reside within it?",1
3472,Which onsen villages in Japan are the best to visit for foreign tourists? And what should I do once I'm in an onsen village?,0
2327,Please summarize following information about Maria Astashkina.,1
2737,"What are some of the must-visit places in Tohoku, Japan?",1
3933,What are good plants to have in your home if you have cats?,0
661,"Thinking about public opinion, what is the significance of “issue consistency” and “levels of conceptualization”?",0
319,Describe a trip to Tokyo. What should I be prepared for? What should I eat? Any can't-miss attractions?,0
100,"Given this paragraph about the terrain of the Iberian Peninsula, tell me the highest point in the peninsula and its altitude.",1
2823,Write an essay about whether corona policy measures are beneficial towards society or not,0
1721,"Tell me whether these Pokemon are fairy or poison type: Clefable, Jigglypuff, Rapidash, Arbok, Nidorino, Zubat",1
1766,My daughter's friend is lactose intolerant. What foods should we avoid when we take out to eat with us?,0
3961,"If my car is broken while I am riding on the Highway, what should I do?",0
2547,"Tell me if these are safe or not safe to let me child play with: the monkey bars, matches, scissors, rock paper scissors, a baseball, the stove, a cooking board game",1
2094,"Tell me which one does not fit with the group:  Dog, Horse, Goat, Cat, Fox",1
2159,What are the typical items used to create a Haft-sin?,0
3047,How many seasons of Survivor has there been?,1
726,How is Tesla organized as a company?,0
1668,Was Wilbur Snyder a good wrestler,0
1428,"Write a paragraph to refute a claim by a colleague that ancient structures such as Stonehenge, the Great Pyramid are evidence of UFO activities on Earth",0
673,"Classify each of the following as a weapon or a toy: gun, lego, knife, bomb, blocks, doll",1
637,"Given the reference text about moths, what family does Bityla sericea belong to?",1
2194,How can I help soothe a teething baby?,0
2376,Extract examples of electrical conduction from the following passage.,1
781,Provide me a list of some ways to get exercise that are fun,0
963,Give me an idea for a random sandwich that I should make for lunch.,0
1573,When was the attack on Pearl Harbor,1
2060,What is Ancient Girl's Frame,1
2982,What is the biggest dog breed in the world?,1
3421,What is the oldest ballpark in Major League Baseball?,1
2304,Write a short strategy on how to increase your chances to win a chess game.,0
452,Give me a suggestion where I should go for spring break if I live in the United States.,0
3620,"Given this paragraph about Museo Municipal Taurino Francisco Montes, where is it located?",1
739,What are hiccups and why do we get them?,1
2695,What are some modes of transportation I can use to travel downtown?,1
1108,"Classify the following based on the category of signals they use.
radio waves, television waves, sound waves, Computers, Digital Phones, Digital pens",1
3433,"Classify the following cricketers as batsman, bowlers, or all rounders.
David Warner, Trent Boult, Rohit Sharma, Virat Kohli, Rashid Khan, Quinton de Kock",1
1276,How to be happy?,0
3906,Write an intro to a startup communications company that no longer exists,0
3422,What makes a good parent?,0
1606,Why should we not allow dye in our food products?,0
1177,"Tell me whether these are primary or secondary colors: Yellow, Blue, Green, Orange, Red, Violet",1
872,What are the best places to visit in France?,0
3440,Write a haiku about cats,0
2190,Give me the list of 'The Lord of the Rings' movie series by Peter Jackson director. Ordered chronologically by the events happening in the series.,1
3960,What kind of species is the Eulima venusta,1
587,What are some tips for traveling with a toddler?,0
2396,"Where is the ""Prairie Chicken Capital of the World""?",1
1244,What is an archipelago,1
1719,Is the following statement true or false: cat's have wings?,1
1700,What are fun activities to do with a toddler in Los Angeles?,1
2830,What is considered as  Emma Edmondson's best work as an actress?,0
2167,What are three ways to build a pillow fort?,0
3083,What are some physical health benefits from doing strength training exercises?,1
1792,"What is ""cycling"" in ice hockey?",1
3794,In which part of Germany is the town Kirchenlamitz located?,1
543,Is Leaning Tower of Pisa structure stabilized?,1
3837,Which airport should I fly if I go to San Francisco Bay Area?,0
2021,"How is ""crisp"" pronounced?",1
3259,What is the best club soccer team in Spain?,0
3123,What are some of the best vegan protein sources?,0
2048,"I want to watch a movie that won the Oscar for best picture. Here are my choices: Moonlight, Wizard of Oz, Arrival, Elvis, Everything Everywhere All at Once, Chicago, Gone with the Wind, Top Gun. What should I choose?",0
994,Why should you workout in the morning if you work remotely ?,0
3755,Which months have 30 days?,1
22,"Ram was asked to repeat after the speaker. Speaker: Red, Ram: Red. Speaker: Blue, Ram: Blue. Speaker: Green, Ram: Green. Speaker: What's your name? , Ram: Ram

What went wrong here?",0
2393,What is the best way to handle depression,0
2338,What movies won best picture Oscars the last 5 years,0
545,who is the worlds most popular cricketer?,1
2266,Tell me about the film The Catechism Cataclysm,1
1330,"In The Big Lebowski, The Dude can't stand which band?",1
795,"Classify each of the following as either a Girl Scout cookie, an ice cream flavor from Ben & Jerry's, or a title of an episode from the TV show ""The X-Files"": The Unnatural, Phish Food, Samoas, Do-Si-Dos, Tagalongs, Post Modern Prometheus, Americone Dream, The Field Where I Died, Caramel deLites, Half Baked, Cherry Garcia, Patient X, Thin Mints, Chunky Monkey, Bad Blood",1
2590,What was the football team that played at the University of Oregon in 1949?,1
3617,"Write a short summary of the text below (max 20 words):

Finland’s prime minister, Sanna Marin, has lost her battle to stay in power after her centre-left Social Democratic party (SDP) was narrowly beaten into third place in a cliffhanger election by its conservative and far-right rivals.

With 99.4% of votes counted on Sunday, the right-wing National Coalition party was on course to secure 20.7% of the vote, with the populist, nation-first Finns party predicted to score 20.1%. Marin’s SDP was forecast to collect 19.9%.

Marin congratulated the election winners during her concession speech, but hailed an improvement in both her party’s vote share and its projected number of MPs. “It’s a really good achievement, even though I didn’t finish first today,” she told supporters in Helsinki.

“Democracy has spoken, the Finnish people have cast their vote, and the celebration of democracy is always a wonderful thing,” she added. “We have good reason to be happy about this result.”",0
3204,What are the five largest countries in the world in terms of land area?,1
2165,What is observer bias,1
880,Who are the main cast of It's Always Sunny in Philadelphia?,1
1819,Give me a bulleted list of the best chain coffee shops in the United States,0
864,"Identify from the following list characters from The X-Files who are bald or balding: Walter Skinner, John Fitzgerald Byers, Dana Scully, Melvin Frohike, Darius Michaud, Peter Watts, Conrad Strughold, Queequeg",1
3979,What year was the first public school in America founded?,1
312,Count de Grisly was the first to perform what trick in 1799,1
1262,I want to plan a vacation in summer. How do I know where I can go?,0
949,Which ski resorts are close to Seattle?,1
439,Why is ice hockey a good sport for women?,0
3953,Who is the next coach at Fc Bayern München to take over from Julian Nagelsmann?,1
596,Name some of the well-known supervillains of Marvel Comics as per the passage.,1
3099,What is the evolved form of Pikachu?,1
3281,What are 3 ways I can do to feel better if I am in a bad mood?,0
2527,Tell me about a Disk Manager,1
2518,"Help me select what to wear for a beach party with my friends and what clothes to bring in my backpack so I can change for dinner. The weather will be hot during the day and cool at night. 

Here are my options: A winter coat, a bathing suit, sandals, a short sleeve button down shirt, a hat, sunglasses, underwear, socks, sneakers, a rain coat, a tuxedo, sweatpants, jeans, a tank top, a pair of khakis",1
3120,Did Ramon Pileta compete in the Olympics,1
3052,Why is Alien the greatest space horror film of all time?,0
3988,"Given a reference text about Mushulatubbee, when did he sign the Treaty of Dancing Rabbit Creek",1
688,Name famous French singers (all time).,1
3561,Why are dogs better than cats for a person's physical health?,0
575,Which country produces the most pineapples?,1
28,"Given a reference text about the 35th Filipino Academy of Movie Arts and Sciences Awards Night, tell me who won the best actor award.",0
3045,"Describe what your ideal pet cat would look like, and what you would name it.",0
444,What is one of the main trigger for autism in current generation?,1
1918,What are some common ways that adults break bones?,1
3786,What is the best way to reduce my carbon emissions?,0
2611,What is Angular?,1
1079,What are your favorite musical instruments?,0
224,Where is the band Portugal. The Man originally from?,1
2584,Are fresh vegetable brought at a grocery store fresher than frozen vegetables?,1
764,"Given a reference text about Bully, tell me when it premiered and what it was about.",1
923,What are some good techniques for cooking a steak?,0
3054,Which episodes of season four of Game of Thrones did Michelle MacLaren direct?,1
2798,What is the more popular name for the Londonderry Air,1
1215,"Of NFL teams who have gone to the Super Bowl, how many have a win percentage of Super Bowls of at least 50%?",1
2302,When is the best time of day to exercise?,0
3252,What are some good places to go on a surf trip?,0
1974,What is Mozart’s contribution to the music?,1
554,why is Mahatma Gandhi loved by everyone?,1
1431,Why is working out good for you?,0
355,Give me a list of the best French rugby players ever,0
3114,How can I make the paint color purple from primary colors?,0
1254,Give me a list of white wine varieties I should try,0
2788,Where should I fly fish for trout in Washington state?,0
3765,Provide a bulleted list of the results of the 1968 United States elections.,1
1044,What is Tianwen 1?,1
1503,What are some Australian craft beer brands that I should try?,0
891,Describe the benefits of living in a small town.,0
1703,Should investors time the market?,0
684,"Tell me whether each of these positions is in soccer or baseball: shortstop, outfielder, midfielder, forward, goalie, catcher",1
654,Imagine you're seeing colors for the first time. Explain what you see and how you feel.,0
3760,What percentage of Manewra's population work for the government?,1
3640,Write me a script for an upcoming All Hands meeting about our IPO prospects and how employees need to act in the quiet period.,0
1695,"Write a short story about a young aboriginal man seeking guidance on his place in the world.  Have him consult a wise elder, who will share wisdom and perspective.",0
1741,Write a short story about a woman named Mary who is a barista making a latte.,0
3156,What type of car should I buy if I live in a city?,0
2431,What countries make up the Benelux region?,0
380,Best food in the world,0
3744,What are the steps I should take to become a data engineer for absolute beginner?,0
2015,Can you generate a 2 lines abstract of this text?,0
1972,"From this passage, extract the treatments for ACO in a bulleted list.",1
2680,Is Python or Java a better programming language?,0
2780,My heating bill is too high.  How can I lower it?  Give me three suggestions.,0
2682,What are Jindo dogs like?,1
1038,"Identify which instrument is string or percussion: Caxixi, Gunjac",1
1344,Who is the best football team in history?,0
3516,"Classify each of the following as either Mexican food or Vietnamese food: pho, tacos, spring rolls, bun bo hue, burritos, frijoles, banh mi, nachos",1
928,"Classify the following as either a solid, liquid, or gas: carbon dioxide, water, oil, granite, aluminum, gold, oxygen",1
1796,"What are five totally distinct, creative ways to describe the usefulness of a broken stapler.",0
2591,Who is the winningest coach in Seattle Seahawks history?,1
882,Write a monologue describing a young woman’s journey to self-actualization in America.,0
828,Hugh Lofting created which famous character,1
2101,Write one paragraph on the relevance of AI/ML in the field of Data Engineering,0
1843,How can I choose a favorite professional basketball team?,0
2055,"We are getting a new puppy today, I am writing this messages to you our beloved children that we need to keep the Cats away from the new puppy for at least the first 2 weeks.",0
1683,What is Skyrim?,1
1411,"Tell me which of these would be an instrument played in a Rock band: Drums, lawnmower, guitar, bicycle, bass, chair, keyboards",1
2513,Who is John Quincy Adams?,1
19,"Tell me the genre of each of the following books, choosing between science fiction, fantasy, or neither. 

The Name of the Wind by Patrick Rothfuss, The Player of Games by Iain M. Banks, Crying in H Mart by Michelle Zauner, Crime and Punishment by Fyodr Dostoevsky, and Hyperion by Dan Simmons.",1
609,Write a short story about a cat named Bistro that is full of adventure.,0
2250,Write a short story about a little girl that saves her neighbors home from a bee infestation.,0
1443,Why do kids love peppa pig?,1
3737,How should I pick a name for my baby?,0
3442,What does Avici stand for,1
2911,What video game console can you play ATV Offroad Fury 3 on?,1
139,What was the Rolling Stones first no 1 hit,1
1472,I want to become a pro MMA fighter. How can I go about doing so?,0
429,"which of these is a musical movie: Despicable Me 1, John Wick 4, Avengers or Singin' in the Rain?",1
1391,Whats are the 5 best places to visit in late spring months like May?,0
3506,What are four well known movies with Samuel L Jackson?,1
1982,Create a workout to strengthen my upper body,0
2191,Is it better to invest in the stock market or to keep money in a savings account?,0
1438,Why are the New England Patriots the greatest NFL team ever?,0
3355,What is the Bastille Day?,1
2249,what are the benefit of meditation?,1
3118,Given this paragraph about hockey what are different surfaces that hockey is played on?,1
2140,How can I become a better runner?,0
3829,What's the architecture in Maskavas Forstate look like?,1
3035,Give me 3 different things that a smartphone can do better than a landline phone,0
357,"Write a story about a cat named Rory and the adventures he gets up to while his owner, Maria, is gone at work. Write the story in the form of an hourly journal from 7am to 7 pm written by Rory, and convey that Rory loves to sleep while Maria is gone.",0
3066,What trait do you think everyone should have?,0
2065,"You and your friends are discussing the best tier ratings of common London-based football teams. You are trying to determine whether Chelsea F.C., Arsenal F.C., Tottenham Hotspur F.C., West Ham United F.C., Fulham F.C. and Crystal Palace F.C. are considered by fans to be the 'best', 'ok' and 'worst'.",0
1057,Extract all the metrics used to measure the performance of IPSTAR from the following paragraph. Present the results in a list separated by commas.,1
2417,Is GitHub Actions are free?,1
2718,Which of the numbers 1 through 10 are prime numbers?,1
1511,How do you make an electronic music song?,0
2109,Describe the main areas of assembly in an automotive factory.,0
2230,"Write a review of Brandon Sanderson's book, The Hero of Ages",0
2378,"Write a preface to book where the author feels the need to properly caveat his story about warfare in the middle east, in case someone were to get offended by the content.  Make sure the author conveys his deep respect for that region and all cultures represented therein.",0
322,What is the most popular sport?,1
1732,"Classify each of the following as either a brass instrument or a woodwind instrument: flute, euphonium, bassoon, trumpet, clarinet, saxophone, tuba.",1
3862,"Categorize the below in terms of avocado or apple types.
Hass, Fuerte, Zutano, Fuji, Gala",1
237,What are the chess pieces that a player starts out with?,1
2010,Write a short news story about a dog who is elected to the Wisconsin state supreme court. Avoid discussing the dog's political party by name.,0
2403,how would you start explaining mathematics to kids?,0
2117,Please write a travel plan to Los Angeles.,0
3782,Write a story about a man who finds a magic lamp that has a genie inside. The genie should grant him wishes and the story should conclude with a tragic ending.,0
2766,What are a couple of good ideas to celebrate a spring birthday for an adult?,0
2337,How was the Grammy Award named?,1
2504,"Which of the following are considered hobbies: painting, hiking, rock climbing, peapod, bears, horse riding, chess, emails, clogs, board games, button, sewing, water bottle, keyboard, reading, soccer",1
2694,Provide a dot point list of the last six artists that won a Grammy Award for Best Album. Include the title of the album and the year they won.,0
719,Extract the date and place of birth for Henning Bertil Stjernfelt from the passage provided.,1
1145,Why should I move to New York City?,0
2446,What is Delphi?,1
3621,"In the series A Song of Ice and Fire, who is the founder of House Rowan?",1
555,How do you make a good cappuccino?,0
1743,"From the text, provide me with the number of medals Michael Phelps won in the 2016 olympics. Separate them in bullet points by number of gold, silver and bronze medals won.",1
3749,What states do not have a state gambling lottery?,1
162,Can you write me a haiku to boost my spirits today?,0
1708,What are the names of five of the best Pokemon cards and why?,0
2364,When was Lamb Air operating,1
2855,Extract the names of the Formula One teams Vettel was a part of from the text. Separate them with a comma.,1
1738,What is the best Hip-Hop artist of all time ?,0
535,What happened to the tax assessor and his dog?,1
370,"Classify each of the following as either a planet, a star, or a galaxy:  Mercury, Venus, Polaris, Earth, Sun, Mars, Jupiter, Milky Way, Andromeda, Saturn, Virgo A, Maffei 1, Uranus, Neptune, Sirius, Vega.",1
2154,Should we get rid of social media?,0
3228,"From the passage provided, extract the list of software products sold by Adobe in the order they appear in the passage.",1
3381,Which is a species of fish? Escolar or Escobar,1
768,What new car should I buy for my family?,0
3374,Give me a bulleted list of ideas for a viral youtube video,0
1091,"Categorize each of the following fundamental particles as either interacting via the strong force, the electromagnetic force, the weak force,  or the gravitation force: a neutrino, an electron, a proton, a neutron.",1
2269,When and why was the plaxton coach production halted?,1
1261,What is best Playstation or Xbox,0
3327,How can I boost my energy levels throughout the day?,0
1304,"Which of these actions should we do and not to do in case of security incidents? deleting forensic artefacts, hiding the security incident, informing the security team.",0
586,what are the best tips for parenting?,0
3264,What are the best camps ideas for kids?,0
3473,"What are five totally distinct, creative ways to describe the usefulness of a child's imagination?",0
2085,Which city is the best to relocate in Texas,0
2915,Name some famous cartoon cats.,1
3164,Why are lemons sometimes considered Alkaline?,1
1476,Create a comma separated list of all countries mentioned in this paragraph on the history of test cricket,0
241,Creative ways to call in sick at work,0
2212,Which is a species of fish? Perch or Purge,1
646,What is your favorite ice cream flavor?,0
1181,"What is a good park in Redmond, WA",0
1650,Tell me an idea for a film based off of the cartoon movie Cars but incorporate self-driving cars.,0
2377,What is the 24 hour equivalent to 2PM?,1
2033,How should you care for grapes?,0
3392,What is the Altair based on the paragraph?,1
1357,Describe the video game crash of 1983 in 2 sentences.,1
1395,What are some vacation ideas this summer?,0
2869,What are the primary causes of inflation?,1
1975,"Which female Canadian director has directed episodes of Better Call Saul, The X-Files, and Game of Thrones?",0
141,What is absolute URL?,1
2030,What is the best way to travel to space?,0
520,Should I buy a Shinkansen Rail Pass if I visit Japan?,0
3256,Why do people blink?,1
854,"From the text below, list the years that the White House Chief of Staff was removed from the United States Cabinet. Separate them with a comma.",1
1590,What are some tips for beating Destiny 2 bosses?,0
3918,"Which items should we not eat for a weight loss diet? Banana, Ice-cream, milk tea, chocolate, dates, bakery biscuits, cold drinks.",0
675,What are some good ways school kids can get started with chess in the San Francisco Bay Area?,0
3864,"Given a reference text about the wraparound process, tell me what is included in a wraparound plan.",0
1167,Which animal is the most faster?,1
3886,Who is Milka Ivić?,1
559,What was most important invention by Humans?,1
1039,Can whales and dolphins breathe underwater?,1
1471,Think up a short list of the best US Presidents,0
3107,List the name of the areas surrounding Greece and group by directions from the passage. List the results in comma separated format.,1
901,Can I make chocolate at home?,0
1500,"In football, if touchdowns is the main way to get points, why can't the quarterback always throw the ball to the end zone every time?",0
2405,When is the best age for kids to approach sailing?,0
3000,What are the Olympic light weight events.,1
2923,Make arguments for and against Majora's Mask being a better game than Ocarina of Time.,0
3140,How should I deal with my kid's allergy?,0
987,What are good activities for two year old boys?,0
3354,Give me a list of the best bodybuilders of all time.,0
56,Write a summary of the outdoor activities to do in Colorado,0
1474,"Which of the following cars are made by GM? Grand Cherokee, Blazer, F150, Bronco, Corvette",1
124,How Can I become a Referee?,0
2654,Summarize the main components of a Kubernetes cluster control plane from this paragraph,1
3525,"Given the following paragraph, how tall is the Leaning Tower of Pisa?",1
1216,"Which is bigger, a beagle or a basset?",1
1711,"I have a question regarding git. I first have a master branch, based on which i created a working branch called feature; we normally send pull request to merge the changes in feature branch to master branch. But then the team has renamed master branch to main, how should i deal with my feature branch, in order to sync with the new main branch and later pull request to merge the changes in feature to main branch instead of master branch.",0
1629,Is Bristol a large city,1
508,"Identify which instrument is string or percussion: Candombe drums, Datong",1
1001,What car manufacturers were associated with American Muscle cars in the 1960s and 1970s?,1
1016,Are these companies private or public,1
1582,Which TV show features a team of teenagers that power up with powers given to them by Zordon to save the world from monsters?,1
805,"I want to buy a new car. This is a difficult financial decision, but our car is 12 years old. Can you write some reasons I can give to my partner so she's on board with this decision.",0
3112,What are the best types of pets for a family with kids?,0
1417,What is biathlon?,1
3192,How does interest rates and inflation impact bond prices?,1
2074,What is Herd Immunity?,1
1971,Who wrote the Lord of the Rings?,1
1264,Write a stern email to your dog asking him not to chew on the couch leg anymore.,0
1308,Provide a bulleted list of the seven best Science Fiction television shows,0
229,Extract the essential tools for a mini survival kit from the following Wikipedia article.,1
1557,What kind of Toys should be prepare for a new puppy,0
1542,"Classify each of the following pieces of equipment according to the sport they are used for, either basketball, football, or soccer: shin guards, shooting sleeve, penalty flag, corner flag, kicking tee, and goalie gloves.",1
3651,What are 4 good reasons to get solar panels and a powerwall for my house?,0
1658,"Based on this information given, what groups combined to create the New JEWEL Movement, and on what date were they organized by which leader?",0
1818,Give me a history of Valve,1
550,Who are the most commonly mentioned best rappers of all time?,0
102,"As a first time visitor to India, where should I visit?",0
2860,What is a hedge in finance?,1
356,Why was the movie The Happytime Murders given such bad reviews if it was award winning?,1
3375,What is an enzyme inhibitor?,1
1962,Why is pickleball the greatest sport on the planet?,0
1968,Think up 5 different reasons to give my boss to take off work.,0
2492,What is the best programming language?,0
1830,How is electricity generated?,1
3319,What is Ford,1
1859,How can I improve my sleep?,0
1076,Write a short story about a person talking about how they are going on an airplane journey for the first time. The story should include an unexpected sad outcome at the end.,0
3021,What geographic area do Sephardic Jews originate from?,1
2632,What is Sauvignon blanc?,1
1776,Write a letter to my mum and dad detailing the reasons why they should buy me a pet tortoise,0
3179,What is FIFA?,1
3456,"Given this question about tourism, what country is the 6th most visited country?",1
2096,Which rivers were the birthplaces of the first great civilizations?,1
1988,What are some of the best books written by Indian Authors?,0
34,What is Intel Xeon good for?,0
2381,Ideas on how to cure my dog's red paws.,0
156,Provide a table of the various recruiting lists that Calvin Johnson was named to and who named him to the list and do it in CSV format,1
2427,Extract all of the names of people mentioned in this paragraph and list them using bullets in the format {Name},1
1046,What is pan genomics?,1
245,"Which of these sentences is correct: ""If I was you, I would do it"" or ""If I were you, I would do it""?",1
892,Why do people like to run very long distances like marathons?,1
1810,Name three countries where Arabic is the official language.,1
745,What is the best place in Thailand,0
1282,"Given this paragraph, tell me the storyline of Sabapathy.",1
3455,"Based on the reference text, what colors do the Tampa Bay Rowdies wear and what stadium do they play in?",1
2647,"From the given text, Provide some info regarding consistory",1
728,Name the Khals known to currently be alive in A Song of Ice and Fire.,1
2307,"I dont think I should pursue higher education. From the following, what are some pros and cons of getting a masters education?

degree to show mastery of a subject
Takes money
Hard work is required
Losing out on entrepreneurial opportunities by the time spent studying
degree to show mastery of a subject
skill development
Time away from family
Set you up for lifelong success
respect in society",0
2896,Tell me about Emily Procter,1
2372,Why is aluminum wiring in a home dangerous?,1
2116,Should I buy a tesla model 3 or tesla model y?,0
1186,How many American's signed the Declaration of Independence?,1
1009,What is the best kind of shade tree for a backyard in growing region 6?,0
583,What are some of the greatest rock bands of all time?,0
1034,Should heritage trees in Palo Alto be protected once they become a danger to people and homes?,0
492,What is the current recommendation for a healthy diet?,0
407,When should I take a medication?,0
2357,"Which characters belong to DC or Marvel Universe? Sandman, Clayface",1
2100,Why did Ken Shamrock change his last name?,1
1705,What is powerpoint?,1
457,"What were the following people most noted for; music, visual arts, or their works in another field? Wolfgang Amadeus Mozart, Frederic Chopin, Leonardo da Vinci, Leonardo DiCaprio, Sir Isaac Newton, Sir Elton John.",1
944,Where was Sarah Schechter born?,1
2956,What is Star Alliance,1
2575,List the best-known types of Intellectual property. List the results in comma separated format.,0
938,what's the average airspeed velocity of an unladen swallow,1
1024,"Give me a title of one of the ""Harry Potter"" novels.",1
3477,"Here is some reference information about Huaquechula, When does the feast of the Holy Cross in Huaquechula start?",1
3367,"Imagine you are a mom. Write a talk track for convince your young son, who does not want to stop playing, to leave for school.",0
1017,What is the best way to travel across Japan as a foreign tourist staying on a tourist visa?,0
1900,What is recency bias?,1
1349,"Given this short summary of Giovan Battista Cavagna, how long did it take to build the second Monte di Pieta?",1
3835,"Given a reference text about the electrolytic detector, when was it replaced and what replaced it?",1
3980,"Based on the reference text, provide a one sentence overview of Dogecoin",1
2153,What are the best investments ideas?,0
402,what are some things you can do with a glass jar?,1
1103,What are the advantages of a progressive consumption tax?,1
3549,Is simul climbing more dangerous for the leader or the follower?,1
984,When is Thai New Year?,1
1874,"Explain how ""work from home"" has an opportunity cost. Provide anecdotes to support your points.",0
2858,What is a computer network?,1
3459,Do you get scared?,0
174,"Extract ways to observe a black hole. Separate them with a ""-"" in multiple lines.",0
2171,"What should I do in Ho Chi Minh City, Vietnam for a day?",0
3395,What are some examples of movies that won best picture in the 1990s?,0
392,"Given a reference text about the Build Back Better Plan, what are the 3 parts that make up the plan?",0
2288,How would you train for a marathon?,0
3687,Why do people like to drink tea?,1
1530,What is Summer House the TV show?,1
3677,What should I do to maximize my chances of getting into a top business school?,0
443,"Extract the names of the freedom fighters of Bengal, India from the text. Separate them with a comma.",1
2445,Should technology and software coding subjects be mandatory in the curriculum of high school education?,0
600,What country has hosted the Olympic Games the most often?,1
2765,"Extract the list of science fiction awards from the paragraph below in the form of bulleted list, each item should include award name and whom is it presented by.",0
2947,How should I choose what cheese to buy?,0
1300,Who is the white rapper that sings 'Thrift Shop'?,1
210,Give a short bulleted list of key points in the history of coffee,1
3821,How do I find the best interior decorator and best price?,0
568,What do you think about the existence of alien lifeform?,0
2314,Tell me what I need to know about the Dunning Kruger effect.,1
1396,which band sold the most albums of all time?,1
1466,Why should people drink water?,0
2505,What are the benefits of exercising and why one should workout everyday especially if you have a sedentary lifestyle that makes you sit all day long?,0
3649,Provide a bulleted list of 5 key moments in Lyft's history,1
983,Write a brief passage arguing for the use of genetically modified crops in agriculture.,0
1361,What are the words of House Smallwood?,1
2888,What is an exacta?,1
2213,Summarize the three laws of thermodynamics in one or two sentences each. They should be understandable by a layman.,0
3249,Why is the glass ceiling better for minority women?,0
1607,What outfit should I wear when traveling to San Francisco in May?,0
3110,Write a tweet from the perspective of a dog that’s angry about the squirrels in its yard,0
3055,Provide me a 3 bulleted points summarizing the Los Angeles Lakers,1
1072,Which US state produces the most wine?,1
3166,From the passage identify the symbols of Demeter. Display the results in a comma separated format.,1
3956,Name some of the best overall philosophical books,0
340,Come up with gift ideas for your girlfriend,0
1531,What are the most important tools to own when I am an apartment renter?,1
2646,Why questions boost creativity during brainstorming sessions,1
2736,"Given a reference text about Taylor Fritz, tell me what country he's from and his best finish at a Grand Slam tournament?",0
2004,Give me a summary about St Paul's Cathedral,1
3627,Describe the sensation of taking a cold shower and explain the rationale for why someone might take one.,0
2143,Please extract the characteristics of a desert from this passage and list in bullet format.,1
39,What is the best part of living in the Midwest?,0
946,What are different ways of data collection?,1
2298,"Given this paragraph about ext3, tell me why its better than ext2 and its successor.",0
705,Give me three different ways to reuse a paper grocery bag.,0
1801,Why is the SEC the best football conference in America?,0
123,Give me a list of 6 brands I should consider when buying new skis.,0
3369,"What is the best football club in the world in 23 between Arsenal, Real Madrid, Napoli, Manchester City, and Bayern Munich?",0
3550,List 10 best switch games of all time.,0
3498,What spots are the best spots to surf In the Bay Area?,0
2439,Give me a list of the best exploration-focused video games.,0
2367,"Based on the text, what are the best ways for people to eat fruits?",0
2422,"What are some of the best things to do in Fort Collins, Colorado?",0
1491,What are the benefits of audio books over physical books?,1
6,How old is the largest living thing?,1
1922,What did Special Agent Fox Mulder study when he was in university?,1
612,Extract all the different ways to describe dolls from these passages,0
2188,"Write a short story about how a man named Larry Joe proposed to his girlfriend, known as The President. The proposal should take place in an unusual manner, among friends.",0
3008,What kind of boat should I purchase?,0
2735,What is Bart Simpson's graffiti tag?,1
3305,Please provide a bulleted list of the wildfire history that have affected the Santa Barbara area.,1
326,Write a story about an ice fishing trip in Minnesota. Make sure to include what you need for a successful trip.,0
1324,Describe a recurring dream you've had.,0
144,What was the first full-length animated movie that Disney released?,1
3536,What are a some nicknames for the name William?,1
106,What album by Trans-X was released in 1983 and how many songs were on it?,1
2743,List Toddler favorite TV shows in 2023,0
346,What is the best boba order to place from a local boba store for a company that has around 300 employees in the office?,0
98,What is the tiny piece at the end of a shoelace called?,1
280,Explain Anthropocene to 13-year-old kid,0
3069,What were the first ten states to enter the union of the United States?,1
3248,Who was the prime minister of Spain when Spain joined NATO?,1
1822,How can I help a homeless person?,0
3993,Write me a poem about data,0
471,I am thinking of going to yoga. What type of class is good for me?,0
2221,How can I ensure exactly-once delivery when reading data from Kafka with Spark?,0
2962,Who is the best soccer player ?,0
2711,"In music, what key is the relative minor to the key of B major?",1
2272,"State if the below is a haiku?
""boiling hot lava
  bubbles beneath the earths crust
erupts sparkling fire""",1
92,How can I thicken my soup recipe?,0
3843,What city did Beatrice Prior live in?,1
80,What are some board or card games that you recommend for ten year olds?,0
789,"Which of the following are fruits: Tomato, Potato, Strawberry, Dragonfruit, Kiwi, Wheat, Corn, Avocado, Poblano, Carrot, Hamburger",1
68,What is the Gun Show in New Zealand,1
885,"Classify each of the following as a character from The Matrix or from Divergent: Four, Neo, Trinity, Caleb, Jeanine, Persephone, Tris, Cypher, Marlene",1
793,How can I change a bad habit?,0
1749,"Identify which instrument is string or woodwind: Bassoon, Mandolin",1
2616,When is the best time to go to Wallis and Futuna,0
1305,What was gangsters George Nelsons nickname,1
3141,Do we live in a simulation? Argue both sides,0
3731,Think up ways to clean a keyboard.,0
878,"Fissures, vents, and plugs are all associated with which geological feature?",1
2568,"Based on this excerpt, what are the main topological elements of Seattle, Washington?",1
681,Who is the Greatest male Tennis player of all time?,0
787,What are the top 5 best movies ever made?,0
1102,"Identify all of the breeds of dogs in this list:

Banana
Poodle
Pekingese
Hunan
Apple
Peach
Lettuce
Arubian Cucunu
German Shepherd
Jack Russell Terrier
Wolfhound
Pariah Dog
Tamales
Coquito
Mezcal
Gingko
Papaya
Sequoia
Redwood
Maple
Dogwood
Afghan Hound
Airedale Terrier
Camphor Tree
Eucalyptus
Chihuaha
Basenji
Bichon Frise
Blue Spruce
Magnolia
Cacao
Black Locust
Tequila",1
2457,Who are some of the most influential innovators of all time?,1
362,Who was the first to record the Needles and Pins song?,1
140,Think up of three different animals that lay eggs,0
1302,"What is following the file format Delta Lake follows to write records? CSV, JSON, PARQUET, AVRO, ORC",0
3463,"Give a numbered list of instructions to set up a snowboard. The items I can use are a snowboard, snowboard bindings, a screwdriver, screws, and a measuring tape.",0
1313,"From the passage provided, extract the average size of a female great white shark.",1
79,Which products apple sell?,1
835,How many rings on the Olympic flag,1
3532,"A group of friends and putting together a D&D group and would like a balance of ranged and melee character classes. Here are the classes they are considering:  Ranger, Rogue, Fighter, Barbarian, Monk, Warlock, Paladin, and Wizard. Please create a dot point list of Ranged and Melee classes in alphabetical order, so that I can share that with my friends.",0
2058,What are the core ingredients of a bechamel sauce?,1
3935,Give step by step instructions on how to make a Long Island Ice Tea.,0
1059,What is Halt and Catch Fire about?,1
3569,"What are five totally distinct, creative ways to describe the usefulness of an idle mind?",0
323,What is the best-selling book of all time?,0
1577,Name a good sorting algorithm,0
2189,How good as a pianist is Yeol Eum Son,0
264,"Classify the below items based on the type of current they use, AC or DC.
charging of batteries, fans, bulbs, air conditioners",1
717,How do I know which bank is better?,0
3226,I want to get in shape. What nutrition and exercise program should I follow?,0
2954,"Given a reference text about Magic the Gathering decks, please suggest cards I should consider in a Midrange deck.",0
1572,"Classify the plants based on whether they are aquatic or mangrove
Pistia stratiotes, Lysichiton americanus , Rhizophora mangle, Avicennia germinans",1
1808,What is the scientific formula for table salt?,1
1219,What achievements did Cade Cunningham receive during his first year in the NBA based on the provided paragraph?,1
655,Give me a list of the five best ways to take care of your houseplants.,0
653,Why isn't multi-threading making my Python code faster? How can I fix it.,0
2233,"In golf, what is the proper technique when hitting a bunker shot? Assume the bunker is green adjacent.",0
66,What do you think to keep you alive,0
1111,"Classify the below Noble prize winners based on whether they received the prize in 2022 or 2021.
Carolyn Bertozzi, Alain Aspect, Maria Ressa, Abdulrazak Gurnah",1
2991,Where was the first season of The X-Files filmed?,1
672,Write a witty paragraph about a chicken's thought process for crossing the road.,0
2107,"Imagine you come across a time machine and that with this machine time travel is possible, however, you can only make one round trip to the past and back. What year would you travel to and why?",0
2613,"Using Rene Girard's mimetic theory, which states that mutual desire for a coveted position or object among a group of individuals creates social rivalry and eventual scapegoating, write a short summary about a football team's season.",0
3582,How is digital switching possible?,1
2863,How does the temperature affect the speed of sound?,1
1415,Write a short poem about the relevance of AI in the workplace in the style of Edgar Allan Poe's The Raven.,0
1739,Who won the Stanley Cup in 1994?,1
187,Please describe a fantasy animal,0
218,What is a database schema?,1
1457,What is the first name of the man Evershed crater was named after?,1
1115,Are electric vehicles better for the environment than cars powered by fossil fuels?,0
3445,What are the best tips for professional Safari  photography  ?,0
2816,"Categorize the following countries based on the language their majority speaks: Iraq, Iran, Turkey, UAE, Qatar, Afghanistan, Syria",1
2740,"Tell me whether these songs are performed by Nick Cave & The Bad Seeds or by Radiohead: Karma Police, The Good Son, The Mercy Seat, Creep, Planet Telex, Deanna, Pyramid Song, Airbag, Tupelo, Into My Arms, The National Anthem, Morning Bell, Lament, Idioteque, Red Right Hand, Straight To You",0
122,What is the largest state by land size in the United States of America?,1
2697,What is Chiropractic treatment?,1
3417,Was John Clark Dore president of State Savings Institution in 1872?,1
883,How does GIS help in the real estate investment industry?,1
2926,What type of music are you into?,1
3534,Give me four ideas for my 7 year old daughters birthday party,0
400,Should I take extra fuel when traveling to Alaska?,0
1751,"Given the reference text about the American Rescue Plan Act, tell me how much money was authorized to be spent.",0
3807,How to make a bald guy look great?,0
442,What's so special about the Nissan GT-R?,1
1405,Can I have a lizard as a pet?,0
2588,"Which is better, a stock option or Restricted Stock Unit (RSU)?",0
899,"Identify which car manufacturer is French or American: Venturi, Lincoln",1
3852,Give me a quick exercise I can do every day,1
2309,"Which of the following car brands produce electric vehicles: Toyota, Tesla, and Ford. List the models that are electric.",1
3824,What is the meaning of life?,1
91,What are the qualities of a good manager?,0
658,"Write a beautiful bedtime 5 paragraph story for a 4 years old. The outline of the story is: a small boy, named Jonny goes on an adventure with his family.",0
325,"Given a reference text about Lotus Mark IX, who designed the car?",1
1190,Is the lacavore diet beneficial?,0
1454,Is Scala a good programming language?,0
3507,What are the best river cruises for Europe?,0
181,What are equity securities?,1
3924,Why should people convert lawns and ornamental gardens to native plants?,0
2433,"Identify the musical interval (e.g perfect fifth, major third) associated with the following pairs of notes: 
C-G 
G-B
E-A
C-Fsharp
Eflat-C
D-Csharp
B-F",1
666,Where can you find the best bagel in the world?,0
2783,What is National Financial Switch or NFS?,1
827,Give me a list of the best Dave Matthews Band songs of all time?,0
2642,"Given this paragraph that describes the country of Peru, what is its population size?",1
396,"Given this paragraph about marathon, what is the distance covered in kilometres and what are the most common ways to complete one?",0
3073,Why is soccer so popular?,1
1185,Who is the greatest golfer ever?,0
3922,"Based on the text below, how would you explain Archimedes’ principle to a 10 years old child, using the example of an object immersed in water?",0
2873,Are cats or dogs better?,0
183,How many rounds are played in a professional golf tournament?,1
2280,Help me plan a trip to Nova Scotia,0
408,Give me a list of the best sad songs to play.,0
339,What is the best seasoning to use on steak?,0
915,"Classify each of the following as a baseball or soccer term: pitcher, goalie, inning, goal, yellow card, red card, home run, catcher",1
460,What are some pro tips when cold calling?,0
459,Is there a secure desktop operating system I can use today?,1
2717,Who are the greatest players that have played for Manchester United?,0
2529,"What are five totally distinct, creative ways to describe the usefulness of empty time?",0
118,What are Vedas?,1
1257,What plants and animals are native to Arches National Park,1
2617,What are the new 7 Wonders of the World:,1
3310,Could you write a poem about a standing desk?,0
2224,"Write a shopping list for me and group the ingredients by type. I want to make stir-fried teriyaki tofu for dinner and I want enough ingredients to make a sauce, because I don't want to buy a bottle of sauce. This meal will serve four people.",0
2429,"Who are some of the most famous weird fiction authors, who wrote in the early 20th century, aside from H. P. Lovecraft? And what is a good short story from each that I might like, if I like H. P. Lovecraft?",0
1545,Share the best 7 European Cities for Nightlife,0
1011,What business strategies or initiatives do you think will be key to Uber's long-term growth?,0
372,Give me a bulleted list of 5 hobbies I should try.,0
3213,List 7 exotic fruits that I should try.,0
2229,"Given this table of train services, how many trains are there between Leeuwarden and Zwolle per day? Explain your math.",1
3976,Which movie won the Best Picture award at 95th Academy Awards?,0
2412,One of the best place to visit in Mexico,0
2105,Which is the last dynasty in China?,1
1798,Is it safe to smoke at a gas station?,1
3145,Why is the indictment of a former President such a divisive topic in the United States?,1
2023,Why does my chicken create so much liquid when cooked in the skillet?,0
1149,What are some useful ways to repurpose a cardboard box?,0
1847,What flower does the Netherlands produce most?,1
2988,"From the text, give me a short list of people the musician Bruce Gilbert collaborated with.",1
980,What is the difference between and instructional designer and an elearning developer?,1
1522,How many people of Egypt do not live in urban areas,1
1853,How to decide what type of dog you want to purchase or adopt?,0
1173,"Discuss ways in which brands in your industry (or industry of your choice) could benefit from the web's gift to measurement: ""the ability to fail faster. At a low cost."" Provide at least one example supporting your ideas",0
1857,How can I save money when travelling?,0
2800,Why is it a good idea to walk every day?,0
417,In which Harry Potter's book did we learn about Voldemort's childhood?,1
750,Where is k-38 surf spot located?,1
3579,Give me some ideas to manage my manager.,0
3921,Which is a species of fish? Tarp or Carp,1
1559,ways to generate electricity,0
856,What is the best way to get a good night of rest.,0
1760,Who created the musical genre metal?,1
2294,How can I learn how to ski?,0
607,Give me a list of best places to take vacation.,0
704,Is brazilian jiu jitsu good for self defense?,0
3889,Write a facebook post responding to a question about whether public or private school is better,0
1839,What is the best way to make a camp fire,0
2161,"Classify each of these are a television show or a movie: Die Hard, The Wire, Greatest American Hero, Better Call Saul, Raiders of the Lost Ark, E.T., and Family Ties.",0
317,What’s your favorite way to spend a day off?,0
2980,When is the best time to visit the Jersey shore in New Jersey?,0
2026,Describe a tense scene of a dystopian future where a human in a laboratory is attempting to transform her body into a cyborg.,0
3515,How can I learn to code?,0
3926,How should I clean a stainless steel pan?,0
3235,Write a poem about George Washington.,0
780,I need to improve my sleep.  Give me a list of ideas for doing so.,0
86,What are some of the best outdoor experiences in Italy?,0
2811,How has McDonald's target audience changed over time?,1
238,What is March Madness?,1
3070,What are some of the best comedy movies of the 1980's?,0
2152,Who is the best cricketer in the world,0
194,"Tell me which Taylor Swift album these songs are from: Love Story, Bad Blood, Begin Again, Cornelia Street.",1
3876,Who are the best chess players of all time?,0
2358,How many people died as a result of the plague?,1
1109,"Classify these as positive or negative reviews: ""Interesting concept but execution left a lot to be desired"", ""Would have loved it but the main character was completely 1D"", ""One of the best horror books I've read in years"", ""Would see it again""",0
782,Write a description detailing why Soccer is better than Basketball.,0
1834,Give me a list of the best ways of looking younger than your age.,0
929,"Which is a bird or fish: Bluethroat, Blue catfish",1
1480,Think up a bunch of different ways to exercise,0
3303,Which dog would make the best pet?,0
1836,"Im going to the beach, which of these things should I avoid bringing?  Sunglasses, towel, beachball, kite, refrigerator, cooler, and portable chairs.",0
1647,What is Autism Spectrum Disorder?,1
1579,Why mobile is bad for human,1
320,Which state in the United States the is best?,0
1585,How many of Farington's buildings are designated Grade 3?,1
1660,"Who were the ""Big Four"" of Grunge?",1
3360,Write a poem about a cat owner who gets transported to a parallel universe where highly advanced cats keep humans as pets.,0
2835,What's the capital of Brazil?,1
1910,"Create content for an AirBnB guest pamphlet for a house that is on the beach in Florida. It should include the property address, host contact information, wi-fi network and password, check-in/out instructions, practical information about the property (e.g., garbage & recycling days), and the best restaurants, bars and activities near the house.",0
2408,What are some weird ways I can cut my grass?,1
1311,"What are some must visit places in San Diego, CA?",1
2553,"Give me a list of the best animals one can have for a pet, starting with the best pet first.",0
898,Who is the all time leading goal scorer in the NHL?,1
1978,What is the best swimming form?,0
3322,what is the difference between a rat and a mouse,1
3493,"Which Roman general was conspired against and assassinated that is quoted ""Et tu, Brute?""?",1
634,What are the main impacts to the earth as a result of climate change.,1
1917,What are a few different ways to spend a free weekend,0
1698,"Make a pro and con list for two different options for a first date: dinner and a movie, or a trip to a bowling alley. Give at least 3 pros and cons for each option",0
2469,How do you improve your basketball handles?,0
2773,Give me a few ways that I can get stronger and in better shape before the next ski season.,0
746,When is the best time to visit Chicago?,0
71,How would you define electricity based on the following paragraph?,0
2296,Describe a scary moment in a storm.,0
2912,Explain telephone numbering system of Russia ?,0
3413,"Given a reference text about David Allan Farrish, tell me how many games he played in the NHL.",1
755,Give me a list of different cat species that are good for people with allergies.,0
282,How many times has Tiger Woods won the Masters tournament?,1
342,What characteristics are IPAs known for?,1
1489,What is a probability distribution?,1
2657,Write me a text to someone I work with asking them to cover my shift because I got sick. Use a polite tone.,0
1804,Who are the greatest leg spinners in cricket history?,0
1720,What are the best complex board games for two players?,0
1224,"Based on this paragraph, what industry did Gardiner Hall create a business in and how was it impacted by the Civil War?",0
2728,Why should you visit Ireland?,0
3389,Who are the best golfers of all time?,0
844,"My back hurts when I ski a lot of moguls and bumps, why does this happen?",0
3595,How many James Bond movies did Daniel Craig star in?,1
3603,Who owns the largest share of the Vancouver Whitecaps FC?,1
3925,Provide a 10-step flow for a heterosexual couple's non-religious wedding ceremony.,0
3576,What is the history of the travelling salesman problem throughout the years in a short bulleted list?,1
2050,Who was Arseny Bibikov,1
1381,What should you do in a zombie apocalypse?,0
2260,"I am going to Stockholm over the weekend, what should I do? I love going to museums and being in nature!",0
1250,Can you give me a bulleted list of notable physical features of the beaver?,1
1571,What is Heineken Evergreen?,1
1125,Give me a list of several scenic countries that you should visit.,0
807,"Identify which car manufacturer is German or American: Porsche, Chrysler",1
1134,What is your favorite piece of classical music?,0
2872,"Imagine you are getting married and are attending a wedding cake tasting. Describe five different flavors you try, with combinations of both cake and frosting for each tasting. Pick one best flavor at the end of the five tastings.",0
3048,Extract names of all weapons mentioned in the paragraph below:,1
975,"What are some of the best restaurants to try in Las Vegas, Nevada?",0
3553,What is the best lure color when fishing for blue Marlin on the Big Island,0
1740,Which fruits are most often candied fruit?,1
369,"Give me a list of the last five ""Best New Artist"" Grammy winners.",0
385,Summarize the key developments in human evolution based on the paragraph below,1
530,Write a bullet point list of at least 7 crops that are grown in California,0
1386,How do you cook the perfect pizza?,0
765,"Given this paragraph about different types of eyes, how are eye types categorized and why?",1
3554,"Tell me which of these US Presidents was Republican or Democrat: Dwight Eisenhower, John Kennedy, Lyndon Johnson, Richard Nixon, Gerald Ford, Jimmy Carter",1
1894,"Group following sports based on their similarities. Consider the instruments used, place and duration:

Tennis, kick-boxing, football, squash, boxing, rugby, table tennis, taekwondo",1
1907,What the five love languages?,1
1612,Give me a bulleted list of movie ideas.,0
3111,Who is the greatest basketball player of all time?,0
1136,Write a paragraph of a blog post describing the appeal of a weekend stay at Blue Ridge Parkway?,0
998,What is the capital of Australia and when was it founded?,1
740,Who played Harry Bosch in the eponymous TV series?,1
2039,"Given this text about Heracles' twelve labors, construct a list of characters that either help him in his quest, how, and why.",1
1948,What is the best way to drink coffee?,0
1587,"Tell me whether these are birds or bugs: termites, ants, cockroaches.",1
3339,Summarize best way to climb Mount Everest,0
3798,Give me a list of the best movies that are sequels,0
1943,What is Dogecoin?,1
1078,"Given this text, what are the oldest and newest major territories of the United States?",1
1619,Is 99% a good grade on an essay?,0
3673,How much energy is released in a deuterium-tritium fusion reaction?,1
1288,"Classify each of the following as human or animal: lion, monkey, zebra, clint eastwood, cat",1
3028,What are some weight loss tips?,0
1646,"Will, a 45-yr-old former collegiate swimmer turned lifelong triathlete, requests assistance with run training. His only significant medical history is a series of overuse injuries to his shoulders and Achilles tendon. In recent weeks, he notes his workouts are unusually difficult and reports feeling constriction in his chest with exertion – something he attributes to deficiencies in core strength. Upon further questioning, he explains that the chest constriction is improved with rest and that he often feels dizzy during recovery. What do you think is the underlying problem that could be causing Will’s symptoms during/after exercise?",0
2605,What are some ways of traveling from Washington D.C to San Francisco?,1
3404,What should I check when planning a trip?,0
3528,"Are these holidays Christian or Jewish? Passover, Hanukkah, Christmas, Easter, Valentines Day, Yom Kippur, Sukkot, Rosh Hashanah",1
188,What are the examples of analog content provided in the passage? List them separated by semicolon.,1
709,"As a Manager, how can I use Clifford's Strengthsfinder?",0
2002,Who is the toughest teenage mutant ninja turtle?,1
2234,Give me a list of the best bravo tv shows,0
3763,What was the most expensive car ever sold at auction,1
2574,Who was the drummer for the band Rush?,1
3139,How can I travel backwards in time?,0
2243,Why does a US $20 bill have a vertical strip on it when held to light?,1
1114,What is the difference between the Netherlands and Holland?,1
461,Why should I visit Netherlands?,0
754,Why was Tamazulapam del Espíritu Santo placed under quarantine?,1
263,Which country makes the best coffee in the world?,0
1162,How do you generate power in a roundhouse kick in Muay Thai?,0
1430,Extract from the paragraph the winner of the 2022 World Snooker Championship.,1
2569,What are some good ski resorts for beginners?,0
294,What are some foods to cook to celebrate St. Patrick's Day?,1
1576,"Given these paragraphs about Large language models, what are relevant dimensions influencing the skill with which they accomplish tasks, and the range of tasks at which they are capable?",1
2970,Who was Raghib Pasha?,1
2478,What Are Some Good Ideas for a YouTube Channel?,0
3097,Compose a rhyming toast to getting together with old friends,0
2641,What happened to Captain Bligh after the Mutiny on the Bounty?,1
1025,How can one find time to do everything effectively in life?,0
2497,"Given a reference text about the Anglo-Spanish War, tell me what treaty marked the end of the war.",1
3836,What is geovisualization?,1
1602,Who is Mauricio Macri?,1
3034,What are good female celebrity costumes for an 80s party?,0
309,"Tell me which one of these is different than others - Football, Hockey, Basketball, Baseball, Cricket, Lacrosse.",1
462,Which social media platform is the best?,0
1984,Which land mammal has the best hearing?,0
2901,I am a reader in the US and would like to get started in collecting special edition books. Where should I start?,0
813,Please note down some points regarding Austrian Cup  from the given text,1
1083,Which parts of New York City are best to live in?,0
3618,What are the best vegetables for new gardeners to try growing?,0
1563,What did batteries get invented?,1
3527,"Given the passage below, tell me how many Grammy Awards, Emmy Awards, and Billboard Music Awards Taylor Swift has won and how many simultaneous entries she had on the Billboard Global 200 when she had the most simultaneous entries for an artist.",1
3726,"From the passage provided, extract the government posts George Osborne held.",1
3817,When did World War II begin?,1
1183,What is the best modern motorcycle for a beginning rider?,0
2643,Which MLB baseball team has the most World Series wins?,1
3119,Tell me some brief highlights as to why adopting a vegan diet is a better choice.,0
1394,Who is the best CEO in the world,0
1060,"Write a review of Amor Towles's book, A Gentleman in Moscow",0
1524,What dog breed is a mix between a Cocker Spaniel and a Poodle?,1
1964,What are the best exercises for lower back pain?,0
3540,"Based on this paragraph about religions of the world, what are the ""big five"" religions?",1
274,Which US city is best known for its Mardi Gras celebrations?,0
3005,What is Brazilian Jiu Jitsu?,1
1074,I need some ideas for a first date.,0
1419,What is DNA sequence assembly?,1
2237,How to get entrance to Istanbul from US?,0
2963,Imagine you are the last person on Earth. Write a diary entry describing your thoughts and feelings.,0
2930,Why does my dog dig in the furniture?,1
1854,What are the best beach family vacation spots on the east coast?,0
2177,When was siri for the iphone created?,1
1718,"From the passage provided about sports articles, extract total number of articles categorized as good and calculate the percentage of good articles",0
2355,"Describe the following poem: 

Two roads diverged in a yellow wood, 
And sorry I could not travel both 
And be one traveler, long I stood 
And looked down one as far as I could 
To where it bent in the undergrowth; 

Then took the other, as just as fair, 
And having perhaps the better claim 
Because it was grassy and wanted wear, 
Though as for that the passing there 
Had worn them really about the same, 

And both that morning equally lay 
In leaves no step had trodden black. 
Oh, I kept the first for another day! 
Yet knowing how way leads on to way 
I doubted if I should ever come back. 

I shall be telling this with a sigh 
Somewhere ages and ages hence: 
Two roads diverged in a wood, and I, 
I took the one less traveled by, 
And that has made all the difference.",0
3546,Give me some ideas on what to do this weekend.,0
1095,What are some good sci-fi books I can read?,0
1488,When do you think humans can set feet on Mars,0
3042,Write a positive Yelp review for a Chinese restaurant called Dim Sum Queen,0
3577,Who is the greatest basketball player of all time?,0
0,"Given this reference text about Cy Young, what type of work did his family do while he was growing up, how many older siblings did he have, and what two states did he live in as a child?",1
3115,When was the internet created?,1
3251,"Given a reference text about Stevan L. Davies, tell me where he went to college.",1
1785,What is the largest estuary in the United States?,1
954,What is the best mirrorless camera in the world,0
1206,Write a short story about a botanist who discovers a part of a forest where plants are communicating with each other.,0
3693,Who composed the theme song for the movie Marvin's Room?,1
1596,Provide a brief summary of the reaction to the creation of LIV Golf,1
3080,Who created the first chocolate bar?,1
1441,Write a paragraph of a blog post about owning a Cavoodle.,0
730,"Given this paragraph about Mass–energy equivalence, tell me what each part of the equation E=mc² stands for.",1
621,What are some ways to avoid social engineering attacks?,0
467,What are some ways to tenderize beef?,0
1410,What is Artisanal Mining?,1
1536,"Given a reference text about Putlacheruvu, how many canals are there and what are they used for?",1
1425,Please provide some information about Worcester Park railway station from the given passage,1
2227,Name the three best professional sports teams based in California.,0
1889,What were the best TV shows of 2022?,0
1485,"Classify the sentences below based on the sentiment - neutral, positive, negative, or angry

1. My shirt is red in color
2. I am so mad about losing my Airpods.
3. I am tired of being stuck in traffic every day.
4. I am so stressed and overwhelmed at work.
5. Work is so energizing
6. I love sunsets at the beach.
7. My best vacation place is Rome
8. They sing Fado in Lisbon
9. Somebody's going to get hurt so bad - watch it !
10. I have a meeting at 3pm",0
1088,Give me some ideas of kids items to stuff into Easter eggs.,0
1211,Why do people like to live in Minnesota?,1
3602,Extract what model originated the first practical definition of a digital twin as well as the name of the organization and the year of creation separated by dashes,1
3893,How do you describe your favorite cup of coffee?,0
3653,Who is the company Swiss Re,1
3773,What is it like living in the Pacific Northwest?,1
1609,"I'm writing a blog post on the history of video  games in the 80's, 90's and 00's. I plan to include these games in the analysis: Mortal Kombat, Doom, Final Fantasy VII and Myst, World of Warcraft, Grand Theft Auto, Populous, SimCity, Final Fantasy X and Guitar Hero. Please group these games based on the decade they were first released.",0
2498,What are the five best places to hike in the San Francisco Bay Area and why?,0
767,"Tell me whether each of these things smells good or bad: candle, pig, skunk, poop, febreze, incense",0
3159,"Classify the below natural satellites based on the whether they are moon of Mars or Jupiter. 
Phobos, Deimos, Europa, Ganymede",1
1686,What are some tricks to baking a really good cake?,0
1841,What are the main characteristics of a Haiku poem?,1
783,How should I learn guitar?,0
894,How do you make Crawfish bread?,1
3321,Give me a list of some of the best ski areas spread across the North America. Organize the list by the mountain region they belong to. Give a very short synopsis if desired about why that resort was selected.,0
733,Why Maldives is so famous,1
2481,Give me a list of the best books to read for new real estate investors,0
1513,"What are the main reasons Parisians want electric scooters to be banned according to the following article?
 
Parisians are voting on Sunday on whether to rid the streets of the French capital of electric scooters, although some say the city’s leaders ought to be focusing on more pressing issues.

Paris was a pioneer when it introduced e-scooters, or trottinettes, in 2018 as the city’s authorities sought to promote non-polluting forms of urban transport.

But as the two-wheeled vehicles grew in popularity, especially among young people, so did the number of accidents: in 2022, three people died and 459 were injured in e-scooter accidents in Paris.

In what is being billed as a “public consultation” voters are being asked: “For or against self-service scooters?”

Twenty-one polling stations have been set up across the city and will be open until 7pm local time, with the result expected at around 10pm.

Electric scooters available for rent on the Place du Trocadero, Paris.
E-scooters: a tale of two cities as London and Paris plot different paths
Read more
Although 1.6 million people are eligible to vote, turnout is expected to be low.

Paris’s socialist mayor, Anne Hidalgo, has promoted cycling and bike-sharing but supports a ban on e-scooters.

In an interview with Agence France-Presses last week, Hidalgo said “self-service scooters are the source of tension and worry” for Parisians and that a ban would “reduce nuisance” in public spaces. However, she promised to respect the outcome of the vote even if it is not legally binding.

Paris has almost 15,000 e-scooters across its streets, operated by companies including Lime, Dott and Tier.

Detractors argue that e-scooter users disrespect the rules of the road and regularly flout a ban on riding on pavements. The vehicles are also often haphazardly parked or thrown into the River Seine.

In June 2021, a 31-year-old Italian woman was killed after being hit by an e-scooter with two passengers onboard while walking along the Seine.

“Scooters have become my biggest enemy. I’m scared of them,” Suzon Lambert, a 50-year-old teacher from Paris, told AFP. “Paris has become a sort of anarchy. There’s no space any more for pedestrians.”

Another Parisian told BFMTV: “It’s dangerous, and people use them badly. I’m fed up.”

Julian Sezgin, aged 15, said he often saw groups of two or three teenagers on e-scooters zooming past cars on busy roads. “I avoid going on e-scooters and prefer e-bikes as, in my opinion, they are safer and more efficient,” he told the Guardian.",0
2602,How can I do a figure skating salchow jump?,0
391,Which university has Purdue Pete as their mascot?,1
3497,What is the best color ?,0
3562,What are books are available to get an understanding of California prior to the gold-rush of 1849?,1
2009,"Classify each of the following as either a fruit or a vegetables: tomato, apple, orange, potato, banana.",1
2209,Which is a species of fish? Toadfish or Toad,1
1911,Write a paragraph to convince someone to visit Porto Portugal.,0
1657,Think up of a bunch of different holidays celebrated in the US,0
3364,"From the given text, List me some important aspects of Gandhanahalli",1
1509,What kind of species is the Linopyrga primitractus,1
1362,Give me a bulleted list of ten things cities I should visit in Spain,0
3842,Best car Brand in the world in Popularity?,0
2220,Why is Canada a good country to visit?,0
1049,What is the best movie of all time,0
3301,"What are five totally distinct, creative ways to describe the usefulness of the government?",0
434,What is Wimbledon?,1
2656,What are the benefits of the public cloud,1
3887,How does a noise-cancelling headphone work?,1
2170,Why is Citizen Kane considered the Best Film?,0
1279,What is Sir Charles Lyell best known for?,0
1809,What is the ICC ?,1
1752,Where are good places to go for vacation?,0
1649,Who are the avengers?,1
476,Increased money supply (i.e. money printing),1
3977,What world need most from Human,1
2334,Why do people like to play Path of Exile?,1
2073,What is K8s?,1
2400,"Given the paragraph, what is the term budgie smuggler colloquially use to describe?",1
1611,"Write a friendly, convincing e-mail to my landlord asking whether I can get a dog.",0
3431,What does it take to be a really good sports coach?,0
641,"Why should you stay at our rental cabin in Speedway, Indiana?",0
3772,What are The Loxurini,1
1846,"Which is a bird or fish: Yellowedge grouper, Yellow-browed warbler",1
811,"Classify each of the following objects as either heavy or lightweight: bubble, aircraft, bear, mouse, bus, raisin, strawberry, popcorn, elephant, piano, plastic cup, train, butterfly, whale, refrigerator, feather, pencil, ship, tree, flower.",1
85,Based on the above passage find the different meanings of the word Vizier. Display the results in a comma separated format.,1
1999,"Looking at cities in Australia that are on the east coast and the west coast of the country, which coast are the cities of Fremantle, Sydney, Brisbane, Perth, Cairns, Townsville, Newcastle located on?",1
3723,United Nation General Assembly has declared the year 2023 as,1
2989,Summarize the given text in several sentences.,1
3174,Who is better : Superman or Batman?,0
3388,Why is Chicago so windy?,1
2501,Write a haiku from the perspective of a child who does not like piano lessons.,0
2138,road trip to Kerala from Bangalore.,0
165,Should differential privacy be used in the U.S. census?,0
1427,"I'm going on a hike and the weather is cold, how should I dress?",0
1993,You are a product manager at an enterprise software company Y. Your CEO has asked you to write a report on how well the company supports X capabilities. Provide a template email to send to my CEO that includes a TLDR and a link to the report. Use “<” and “>” to denote placeholder text I need to customize.,0
1591,"Road Trip to Vegas via Death Valley, example guide",0
3714,What are fast recipes to make for dinner?,1
216,"I'm a 12-year-old girl and I want to have my own cellphone because everyone else in my class have one. I just want to be part of the group and join their conversations. My mother did not refuse my request, but she asked me how to solve her concerns about the potential harm to me. What should I do to convince her to give me a cellphone? Here are here concerns:
1. Using cellphone too much would harm your eye sight. Especially for teenagers, whose eyes are still growing, it's very easy to have near-sight pretty quickly.
2. Using cellphone too much would take too much of your time, and you would spend less time reading books, doing exercises, playing outside, talking to people, which harms your overall development. Adults like me already ready lots of books, did lots of exercises, and talked to a lot of people when I was a teenager, so I already developed those skills.
3. Using cellphone too much would make you feel hard to focus on one thing. The scattered information would stimulate your attention, and make you feel excited at superficial contents, and don't think deeply.
4. You might accidentally lost your cellphone, and you will feel sad about it. Teenagers usually are more likely to lost things than adults in general.",0
101,Where is the best place to work in my house?,0
3291,Which player has scored the most world cup goals?,1
3167,What's a good time of year to visit Seattle?,0
1973,What is a good way to start a garden bed in my backyard?,0
2350,Give me some ideas of places to visit on my next backpacking trip to South America.,0
266,"Suppose you started at 0 degrees N, 0 degrees E on the earth. You started traveling due north, continuing straight for 2439 miles, turned 60 degrees counter-clockwise, traveled another 4878 miles, turned 60 degrees counter-clockwise traveled another 4878 miles, turned 60 degrees once again, and traveled another 4878 miles. At this point where would you be? Please explain the mathematics of how you came to your conclusion.",0
1346,"Based on the provided text, In what year did the National Gallery of Ireland open its doors to the public and what kind of art is it known for?",1
3379,Write a creative ending scene for a thriller movie,0
2691,What is Merlot?,1
1838,"You should consider buying an electric bicycle, as it will help you driving long distance",0
2875,Best workout in the world.,0
2652,"Given this paragraph about Vice-Admiral Alexander Colville, tell me when he died and what battles he fought in.",1
3881,What is the best book to read about the Battle of Stalingrad?,0
589,Who is the founder of the Communist Party?,1
3656,Name the nation that was hit badly by Typhoon Hagibis in the last 60 years?,1
267,What is the best way to store food?,0
1189,What are some good body weight exercises for core and abs?,0
483,"Using the following text, extract the last 3 CEO's. Place them in a bullet list in order of current to least current.",1
3441,"According to this article, how many Scottish pounds would four Half-pistole be worth?",1
103,When was Mahatma Gandhi born?,1
588,Give me 10 information extraction type questions about why Michael Jordan is the best basketball player of all time that will be used for training a large language model,0
1770,Give me some ideas of things to do this weekend.,0
1077,Write a poem about a raven,0
257,"Given this reference paragraph, who coined the term dead man zone?",1
778,I locked myself out of my apartment. Can you help me come up a few ways to get back in?,0
579,How was Netflix able to overcome Blockbuster’s industry dominance in home video rentals?,0
3340,What is the largest city in the South Hemisphere?,1
1293,What is the sign of the kiwi,1
3758,"here is some text about Grand-Lahou Department, What year did Grand-Lahou become part of Lagunes District?",1
3002,Describe a Pink Flyod's concert,0
742,"Who is the primary male protagonist on the TV show ""The X-Files""?",1
2559,What and how should you feed your baby?,0
3592,Where should I go hut skiing in Canada?,0
3216,Why do people like to travel?,1
17,What is Nasdaq?,1
172,"Your organized flight has been canceled. Write a letter to the airline company. You should 1) complain about the situation, 2) request what you need from them to make a travel insurance claim, 3) suggest what they should do in future situations.",0
875,I need some ideas for a first date.,0
1399,Why is merino wool a great material for clothing?,1
72,Give me a list of the best true crime podcast to listen to,0
2001,Who is Pana Chand Meghwal,1
1742,Summarize Brown vs. Board of Education of Topeka in one sentence.,1
526,"What would you do to improve the rules of Tennis, to make it a better TV viewing experience?",0
3451,Who was Hitler's mistress?,1
660,What's the best way to cook a soft-boiled egg?,0
3287,Why boys are best over girls,0
2047,What's the best country in the world?,0
2185,"Given this text of Mao Zedong, tell me how many people were killed in Mao's era through starvation, persecution, prison labour, and mass executions?",1
716,Who is Doom Guy?,1
3121,What is the name of the flag carrier airline of the Netherlands?,1
2496,Who won the Man Booker International Prize for  2019?,1
2883,"Write a story where a princess discovers an abandon cave. The story should have a beginning, middle and end.",0
3093,Tell me about Hong Kong,1
2460,Write a short story about a revolution for decentralisation against an evil government set in a dystopian future where cryptocurrencies prevail.,0
2539,Put yourself in the place of a consumer who is considering the purchase of a new car. What sources of information would you use to evaluate your options during ZMOT (Zero moment of truth)?,0
924,What should I eat for dinner?,0
2913,Why would a software engineer want to transition into product management?,1
2503,What is the Fallout game?,1
951,I which country is the best football played?,0
2687,Why do people like Red Light Therapy?,1
10,What is the best Florida Key,0
1589,What was the purpose of Major League Baseball's rule changes this year?,1
3211,Eggs are expensive these days. Should I rear my own chickens instead?,0
422,Where is the Walmart corporate home office located?,1
936,What are the ways to save money in gardening?,0
1460,"Give me a one line summary of the story below: 

A long long time ago the Queen of Odisha heard that there was a master stone sculptor who made such stunning statues of the gods that people would weep from happiness at the beauty of the statues if they saw them. One summer day, while resting indolently with the King in the main hall of the royal palace, the Queen suddenly had a thought. ""How nice it would be, King, if we could build some beautiful statutes of Lord Jagannath so that the people can come worship Jagannath, Balabhadra, and Subadhra. What do you think?"" 

The King thought for a few minutes, and then nodded in agreement. ""What do you have in mind, my Queen?"" And so, soon the stone sculptor was summoned to appear before the Court for an appointment to build in his way the statutes of the gods. Soon the monsoon season started and the sculptor appeared in front of the court, awaiting his appointment. He was a humble man from the mountainous regions of Odisha. Even at his best-dressed, one couldn't help but notice his rough hands, and the small sprinkling of dust that seemed ever present in his hair. 

The King and Queen graciously waited as the sculptor bowed and then asked ""Your majesties, what can I do for you?"" The Queen leaned forward in her throne and her voice rang out in the court ""We have heard, o Master Sculptor, of your skills from people far and wide across the Kingdom. We dream of having you put your skills to use to build beautiful statues that will represent Lord Jagannath, Subhadra, and Balabhadra for our people to worship.""

The sculptor was silent. As his silence extended, ministers of the court began to feel restless. ""Speak up! How can you be silent when the Queen graces you so!"" But still, the sculptor was silent. 

The King and Queen sat patiently in their thrones as they waited for the sculptor to respond. Perhaps the enormity of the task was too much. Perhaps, the sculptor was thinking of what he should ask for in return. Or even more, perhaps, the sculptor was awed and honored by the request. 

At last, as the shadows from the late afternoon sun began to stretch across the floors of the hall, the sculptor shifted his weight, and opened his mouth to speak. ""Your majesties, you grace me with such a request, I cannot help but oblige. It is an honor."" At this, the Queen sat as straight as a rod, listening for the words that would come next. ""But, I can do this on one condition only. I will work in a closed hall, where none may enter - regardless of whether they can hear me working or otherwise. None may enter until I open the doors from within and proclaim to all that the statues are completed.""

The ministers gasped - what a strange request from this man. Was he a fool? What if he just slept and ate and didn't do any work? How could the King and Queen trust that he would do the work he was promising to do? The Queen looked on thoughtfully. She glanced at the King, and it seemed to her that he agreed on this condition without reservation. She looked at the sculptor and then nodded her assent. ""We decree that you shall build these statues in a hall set aside, into which no one shall enter until your work is complete and you proclaim that to us after opening the doors of the hall from within.""",0
701,"Classify the following information as 'PII' or 'not PII' : Social Security Number, Home Address, Age, Number of Employees, City Population, Gender, Business Phone",1
2635,What sound was 'This Mortal Coil' known for?,1
3664,Write an email on behalf of a friend to a colleague to set up a chat with them. The friend is interested in learning more about their current job role and current company before applying.,0
2323,"What should you do when your rock climbing partner calls out ""On Belay?""",0
1840,To acquire Swedish citizenship by naturalisation what should be the minimum age of the applicant and what documents are required.,0
1944,Which is a species of fish? Koi or Toy,1
3158,What is a good way to get around without a car?,0
3344,"If you were to design a pantheon, how many gods or deities would you include?",0
3778,In what year did Singapore become an independent sovereign country?,1
2752,Write a fairly boring short story about making coffee in the morning.,0
2028,Which tournaments did Raymond Charles Haoda play in? List them in a comma separated format.,1
1019,What is the difference between a refractor telescope and a reflector telescope?,1
2289,First day of baking with sourdough,0
910,"Identify which animal is domesticated or wild: White cockatoo, Pigeon",1
2071,what can we do when coffee spill on laptop to make it working,1
2706,Who are the best basketball players of all time?,0
1426,"Given the reference text about Rafael Nadal, tell me how many singles grand slam titles he has won, which grand slam tournament he has won the most, and the main strength of his tennis game.",1
557,What are 5 different edible uses for Tomatoes?,1
2628,Write a poem about a little neurodiverse boy with amazing gifts.,0
1240,List five titles by J.K. Rowling.,1
2622,What were the original four federal holidays in the United States?,1
2385,How should I pick a name for my baby?,0
3927,How can I learn how to play volleyball?,0
2205,"My wife and I have two kids: one boy, age 4, and one girl, age 1. We are thinking of buying a pet. What are some good pet options for our family of four? Please include some advantages and disadvantages for each option.",0
2683,Write a concise and somewhat funny email about making a betting pool for the 2023 Masters golf tournament,0
3612,What are the top 5 soccer(football) leagues in the world?,1
571,What is the best time to study,0
3855,"During WWII, how many Japanese Americans were forcibly relocated and incarcerated?",1
3460,What should I expect from modern Data and AI Platform?,0
203,is a career in enterprise software a good was to go?,0
3934,What is the holographic principle?,1
3965,Who is Kenny Ortega?,1
2106,Which is the best work from Goethe?,0
2414,write short essay on Neil Armstrong experience on moon,0
207,What are the best things to do when visiting Los Angeles?,0
2329,Could you tell me how Cao Cao's fleet got destroyed during the battle of Red Cliffs based on this paragraph?,1
670,Which is a species of fish? Rock bass or Rock,1
1731,"Which is better for you, red or green grapes?",0
1128,write a poem about the holidays,0
374,Which sports offer championship belts to their winners?,1
3088,Define judicial review and explain John Marshall’s role in establishing judicial review.,0
2636,What is graph theory?,1
3201,"List the ten episode titles from the third season of ""Game of Thrones"" in broadcast order.",1
2524,What are some advantages of making a painting with acrylic instead of oil paint?,1
2061,"Given the following passage about Theodore Roosevelt, please list the main accomplishments during his presidency.",1
2964,Why is the sky blue?,1
950,Where are Keanu Reeves and his parents from?,1
3023,What is a crypto (cryptocurrency)?,1
1170,What is Good Friday?,0
214,"Extract from this article the most common Android security threats and simple descriptions of each threat, in a bullet pointed list.",1
785,"List the first four main characters of Ann M. Martin's ""The Baby-Sitters Club"" books.",1
2225,Name a song The Mo is best known for that is not named after a dairy product.,0
927,What is a small-world network?,1
1540,What are the different ways to bake sourdough?,0
2946,What is the wettest state in the US?,1
2612,"I'm really good at maths but not great at science, which of the following educational courses would I be more likely to succeed with? algebra, biology, matrices, probability, statistics, geology, and chemistry.",0
2881,Give me a list of best Studio Ghibli Films,0
757,What would be some useful random items to help you on an island if you were stranded,1
1493,Give me a few key facts from the paragraph below,1
969,"What are some good kids activities on Lake Norman, NC?",0
2321,Where are the 4 best international travel destinations if you want a tropical location rich with history?,0
1898,Who is the all time leading goal scorer for Manchester United?,1
3727,Who do you think is the most powerful Mandalorian in Star Wars history?,0
1318,what are some tips to start practicing meditation?,0
738,Where is the Kilo railway station,1
275,"Which of these are dog and which are birds: Phoenix, Siberian Husky, Alaskan Malamute, Hawk, Border Collie, Labrador,  Araucana",1
130,I don't like how my coffee tastes. What are some reasons that the coffee I brew isn't good?,0
2049,"I want to write a some new articles for my data blog, can you give me some snappy ideas?",0
2814,What is a good place to pick up Thai food when driving from MountainView to Livermore?,0
21,"Classify each of the following as either a chip or a cracker: Goldfish, Wheat Thins, Pringles, Doritos, Cheez-Its, Lays, Ruffles",1
3461,Make an argument for making buses free to ride in cities.,0
2845,Who is the greatest Russian writer?,0
1735,"According to the paragraph below, what is the relationship between Dungeon Master and Venger?",1
895,Write an essay describing why baseball should be considered America's pastime.,0
3151,Best way to buy a new or used car?,0
2909,"Categorize these movies that came out in 1999 as cartoons or live-action: The Matrix, Stuart Little, Cruel Intentions, The Iron Giant, The Blair Witch Project, South Park: Bigger, Longer, and Uncut, The Sixth Sense",1
2163,What is the main source of electricity generation in France?,1
692,What languages are spoken in Belgium?,1
242,What are some of the best vegan protein sources,0
1884,What is CrossFit?,1
2475,Where is the best place to view the Northern Lights in Europe?,0
533,How can I avoid sunburn?,0
1556,Summarize the effectiveness of anaerobic and aerobic exercises on muscle hypertropy.,1
1537,Write a children's story about a baby called Arthur who weighed three times the normal weight for a boy his age,0
1987,What are some ways to prepare for a new career?,0
2122,How long should a child's carseat remain rear facing?,0
1148,"Should a man get married when he is young, or wait until he is older?",0
2771,What coloring of cat is almost always female?,1
3071,What books would you recommend someone read to improve their general knowledge of the world?,0
1669,Best Bengali singer,0
1127,"Given these paragraphs about Large language models, what is Instruction tuning?",1
3424,Name four Ivy League schools.,1
1289,What are your three favorite Martin Scorsese  films,0
3776,How can I do a figure skating toe loop jump?,0
886,Write a short story that demonstrates the difference between coaching and mentorship,0
3170,What is Cadoo?,1
3209,What is Photosynthesis?,1
2383,Is Clivina bipustulata a beetle?,1
1238,Who wrote the TV show Fleabag?,1
2769,"Write a paragraph about the word ""woman"".",0
743,"Identify which instrument is string or percussion: Wobble board, Scheitholt",1
3474,"Tell me which of these is a Country, a City, a River, or a Mountain: New York, Nile, Amazon, Kilimanjaro, USA, Spain, Italy, Rome, Prague, Zurich, France, San Francisco, K2, Buenos Aires, Brazil, Mount Everest, London, Mekong",1
2214,Which city are Stroopwafels from?,1
3827,When is the best time of year to visit the Smoky Mountains?,0
3029,"Of the statements listed, identify the ones that show politically bias: I think Trump is a better leader, I think you should vote for Biden, Modi is the leader India needs now, I am almost Liberal, Leftist propoganda, democrats are better, Global warming is a myth, I like meat, you should drink milk, cows should be protected, I support a certain religion, LGBTQ rights are important, people of color need to be represented, immigrants help the country, gun laws are needed",0
3902,What is Genetics?,1
494,Who wrote the second episode of season four of Game of Thrones?,1
289,Who is Shoji Hashimoto?,1
2775,Give me a list of the best movies I've never seen.,0
1755,Where is Smuggler Cove Shell Midden located?,1
451,What are some plastic use reduction ideas,0
2849,"What is Cisco's formal company name, where is their headquarters, and how many employees are there in the company?",1
1130,Who was the coach for the Chicago Bulls when they won the NBA championship?,1
1174,Name some of the most popular rides at Disney World's Magic Kingdom theme park.,1
1274,Give a bullet point list of all the names mentioned in this included paragraph.,1
2173,Please describe  what is oil and give me a list of it’s applications.,1
1320,What is the fastest way to travel between the United States and Croatia?,1
500,What are some common characteristics of Maine Coon cats?,1
1047,Name some famous songs by George Gershwin,1
1248,Give me a summary of the Naked Brothers Band.,1
3233,What are all the different types of alpaca breeds?,1
1550,What is the route to eternal happiness?,1
3669,Summarize what Harry Potter is about,1
3418,"Tell me which of these items would be helpful on a camping trip: Golf Club, Tent, Matches, Axe, Soccer Ball, Xbox, Water bottle",1
1723,Extract all the place names from the paragraph. Different places should be separated by comma.,0
3871,"You have been asked to join the School Health Advisory Council to develop a new policy that focuses on the development of a more sustainable food service. List the steps you would take to develop and implement the new policy. How would you involve staff, families, and children?",0
95,Is a tomato a fruit or a vegetable?,1
2719,What are some common root vegetables for cooking?,1
1006,"Classify each of these car manufacturers as either French, German, American, Japanese, or other: Audi, Peugeot, Aston Martin, Ssangyong, Chevrolet, BMW",1
2310,What is the Nazi foreign policy debate,1
1620,Who is best college football coach?,0
2637,Is Spain a good place to live?,0
833,Write a consoling message to my friend who didn’t get the job they wanted,0
132,How to be a good human being?,0
360,How many planets make up the Solar System?,0
1729,describe experience of child fighting with autism,0
2834,Name 5 movies directed by Quentin Tarantino,1
1473,Who was the costliest player in Indian Premier League (IPL) auction of 2020?,1
70,How is education in Singapore,1
2650,"Give me some ideas of what to cook for dinner, I am vegetarian and I have picky children",0
3639,"Explain the expression ""the days are long, and the years are short"" as it relates to raising children.",0
1630,What is Violet Constance Jessop's nickname?,1
1873,What is the best bike setup for Zwift's Three Little Sisters tour?,0
683,Which country is the best at hockey?,0
2723,"How did Andy Warhol create the ""piss paintings""?",0
3771,Write a professional email to my landlord asking whether I can make my rent payment 15 days late next month,0
2434,Which houseplants are the most popular?,1
3116,"which of these are programming languages?

hindi
urdu
arabic
python
scala
rust
french
R
german
java
c",1
689,"Are these hockey or baseball teams: Red Wings, Padres, Blues, Capitals",1
277,Describe a plan for a road trip across Northern Italy,0
659,How early should you arrive at the airport before a flight?,0
3895,"Classify each of the following as either a faction from The Divergent Series or luchadore wrestlers: Erudite, Candor, Rey Mysterio, Abnegation, Blue Demon, Bengala, Mistico, Dauntless, Amity, Bam Bam",1
244,Write some information in points on Kelvyn Park High School from the given passage.,0
3605,Name some Ivy League schools,1
1184,What are some ways to care for a new tree,0
1939,How can I treat a cough without medication?,0
2474,What are the best movies I've ever seen?,0
2608,Name the most famous detective books in the history,1
2828,Who is Pia Olsen Dyhr,1
2831,What are ways to improve running speed?,0
2037,What was the Golden State Warriors win-loss record in the 1964-65 season ?,1
1412,Is green tea good for health ?,0
1354,What is the name of the family at the centre of the TV show Succession?,1
233,What is your favorite teaching from Stoic philosophy?,0
30,When is the best time of year to visit Seattle?,0
3609,When to use stones in your landscape?,1
255,Write a tribute to my high school swim coach.,0
3584,When was the Wold Bison Jump in active use?,1
3376,Imagine you are the last person on Earth. Write a diary entry describing your thoughts and feelings.,0
1811,Why do people like coffee?,1
1637,Which good habits can help you live healthy life,0
1920,"Which phrases are French and which words are English: mon frère, c'est la vie, good morning, what's up, break the ice, bite the bullet, and je suis désolé.",0
1722,"Name some recurring villains on the TV show ""The X-Files.""",1
3147,Why should I use fabric softener?,0
1270,How do you reverse sear a steak on the Big Green Egg?,0
234,Can airplanes land in windy conditions?,1
1444,What kind of cars are good for families with 3 small children?,0
3542,Why are shiba inus the best dogs?,0
1229,Why some people are more stressed than others and how to manage stress?,1
1063,"Categorize the following ingredients as meat, cheese, or spread: mayonnaise, ham, swiss, muenster, turkey, mustard",1
1366,Why do people like to ski?,1
191,What is best creator's platform,0
3220,Which is the oldest dynasty still ruling?,1
2485,What is the difference between a Transformation and Action in Spark?,1
1247,Please describe what combat was like in World War I,1
3205,Think up some openings for beginners to the game of Chess,0
2949,Why is Andrew Jackson criticized for racial policies?,1
1727,"What are the five best sports cars to buy right now, under $200K USD?",0
599,What is the Taylor rule?,1
762,"Given these paragraphs about Large language models, what popular neural network architecture architecture are they based on?",1
3098,How do I build a campfire?,1
1986,"If you could not fill a pool with water, what would you fill it with?",0
4,Where should I go on vacation?,0
2068,"Write an explanation for why someone would want to visit New York City. Use details about the nightlife, restaurants, arts and entertainment.",0
3913,Write the first paragraph of a blog post describing the appeal of Cape Cod as a vacation destination.,0
3512,What are 5 ways to eat apples?,0
2968,Why is pickleball so popular in the US right now?,1
3563,What are the pros and cons of working from home?,1
2560,What do you think: can we release this without a UI and add that later? Can we release it as GA without a UI?,0
2739,How much sleep should I get per night?,0
2262,"Identify which instrument is string or percussion: Vibraslap, Inanga",1
173,What is Sunshine Recession?,1
2601,Do you think depression ran in Wittgenstein's family?,0
758,How do you cook sous vide?,1
3307,How would it feel to be the only person left alive in the US?,0
1845,What is the significance of a poppy on Remembrance day?,1
2630,What are some ways to inculcate practice based learning in kids?,0
1995,Does Singapore have more than five official languages?,1
1816,What were five of the best english language situation comedies from the 1990s?,0
921,What is the best language in the world,0
1202,What is relational database,1
902,America’s cup comeback,0
3740,What is the 80/20 rule?,1
1156,Describe a situation in which scraping data from the web may be justified. Illustrate this situation with a specific example.,0
847,Give me few tips on  how not to drive a car?,0
517,Tell me about the 2017 Southeastern Conference football season,1
3963,"Tell me whether these are cars or CA Amtrak lines: Tesla Model 3, Capitol Corridor, Chevy Nova, Honda Accord, California Zephyr, Subaru Impreza, Coast Starlight, Pacific Surfliner, San Joaquins",1
1084,Give me 5 strategies to receive a strong performance review,0
2750,What would you do if you had all the resources in the world and nothing to worry about?,0
3757,What your favorite teaching of Stoicism?,0
1207,Give me a list of the best bikes for riding on roads.,0
2268,Who is the best soccer player in the world?,0
3690,"A group of parents is upset about the school lunch menu. Some are concerned that there are too many processed foods, not enough whole grains, and too much-canned fruit instead of fresh fruit. How would you approach this dilemma?",0
2476,What tool should I use to cut wood,0
2438,Why is the 1980 gold medal match in hockey called the 'Miracle on Ice'?,1
524,What is alkaline ionized water is it good for me?,0
2727,Does Twitter ever break their own rules?,1
1802,Is Apple better than Samsung?,0
2093,What is the best season to re-seed your lawn on north east region of USA?,0
348,Give me a bulleted list of some of the greatest parks in London,0
906,In which popular 1970s educational computer game could a character die of dysentery or drowning due to a poorly-caulked wagon?,1
3024,What style of English did Shakespeare use?,1
679,"Identify which car manufacturer is Japanese or American: RAM, Toyota Motor Corporation",1
26,What are some different things you should bring with you on a day hiking trip?,0
2006,Extract the names of the works of Michael Daugherty from the text. Separate them with a comma.,1
354,Why are many plants green?,1
678,Who is considered the G.O.A.T. in basketball?,1
3261,Write a review of Last Argument of Kings by Joe Abercrombie,0
1533,"How does one state something as an opinion, belief, or preference rather than as if something is a fact?",0
2975,Give me three ideas for a fun dinner party,0
3505,"I am looking into buying a new monitor, how do I know which one I should buy?",0
695,How does a tack work in windsurfing?,1
27,What are some questions I can ask my mom to get to know her better?,0
3878,Who is Cindy Robinson?,1
2328,Queen Elizabeth II coffin rested on a raised platform called a catafalque at,1
799,"Describe how social media can help companies make better business decisions. What social media data can be collected to aid in business decisions? List four pieces of social media data (e.g., Twitter mentions and the number of retweets would be counted as two pieces).",0
253,What should I do if I'm feeling depressed?,0
3975,What's the first 3 things you do when you wake up in the morning ?,1
3679,Can you write down some different boroughs of New York City?,0
384,"Of the living animal species which have been described, which group has the most?",1
147,What is the difference between it's and its?,1
3154,Create a checklist to move from a 3 bedroom apartment to a 5 bedroom home,0
2936,Who are the best five living male comedians in the US?,0
3572,8 Simple Ways to Adopt a Healthy and sustainable Eating Pattern,0
518,"Provide a bullet point list of all primary matter phase transitions, with the name of the process following by the matter states involved  Use the format: {process name}: {initial state} -> {final state}",1
3132,"The following words describe 'active' or 'passive' types of engagement. Identify which are 'active' and which are 'passive': create, consume, participate, build, make, watch, listen, and lead.",0
2110,Write down some key points for the poem Garshasp-nama based on the given text.,0
3138,Did Thomas Attewell bat with a right or left hand?,1
619,What is the difference between a lion and a tiger?,1
503,What is the meaning of life?,1
2619,What area in Washington is best known for its wine production?,0
420,What is the best hotel in Sakleshpur,0
2027,Please provide me with ideas for dinner tonight.,0
2818,What are the best travel destinations in 2023.,0
2318,Prepare the count of trains which serves Mount Prospect for each day in a week starting with Monday. Use the format “Day-Count” and each entry should be in a new line.,0
1013,In which European city would you find Orly airport?,0
3654,Which is a species of fish? Banjo or Guitar,1
2200,Why is baseball called America's Pastime?,1
2017,"Given this paragraph about the longest living person, what was their name and when were they born?",1
2487,Give me a list of the best food to try in Singapore,0
1624,"Which ones are metals and non metals: Copper, Hydrogen, Silver, Carbon, Gold, Nitrogen",1
3818,How do I make a perfect grilled cheese sandwich?,0
1628,What color is Perpetual Spinach?,1
580,Which drum kit should I buy?,0
1595,Give me 5 examples of why using a prime lens is better than a zoom lens for photography ?,0
1061,"Describe a plan for a trip to San Francisco (Bay Area), California. Your plan should include a budget, a timeline, and a description of the sights and activities at spot",0
375,What are some of the best science fiction movies of all time?,0
328,"Write a dialogue describing a phone call between a parent named June Smith and her daughter's doctors office making an appointment for a sports physical. The daughter is named May, she plays soccer, and the doctor's schedule is very busy at the start of the school year.",0
1116,What are some decoration ideas for my apartment for celebrating Easter?,0
1055,What are some ways to help someone fall asleep?,0
3588,"Say that you take 1 step left, then 2 forward, then 4 right, then 3 right, then 3 forward, then 5 back. Take me through the process of determining how far you end up from your starting position.",0
3485,"From the given text, List some details about the song ""Key West (Philosopher Pirate)""",1
226,Write a paragraph on how cricket format has evolved over time,0
3487,What year did Wyoming become a state?,1
1416,Write a grocery list of typical items a person might get from the grocery store.,0
1495,Where should I go for vacation?,0
332,What is the central limit theorem,1
201,Help me come up with 3 ideas for a new business and how I can start it,0
1345,How long does it typically take a battery storage power station to transition to full power from standby?,1
2832,Please summarize the timeline of the Chinese Exclusion Act.,1
155,Give me some suggestions for good South East Asian restaurants near downtown Seattle,0
279,"What are five totally distinct, creative ways to describe the usefulness of a broken stapler.",0
2854,Did Harry Potter put his own name in the goblet of fire?,1
2565,Did Elon Musk create Tesla,0
3207,Which USA Women's world cup player famously celebrated a goal by miming a tea sip?,1
958,"In the following passage about mechanical-switch keyboards, which keyboards are the loudest, and how can I make them quieter?",0
14,What should I do on a free afternoon in San Francisco?,0
1890,How can I change the type of a column?,0
154,"Write an friendly, convincing e-mail to my landlord asking whether I can get a dog",0
3033,"What are some items you can put on a bookshelf, other than books, to make it nice looking.",1
436,Describe a plan to progressively ski harder trails. Recommend a ski resort in Tahoe including trails that I can use to follow the plan.,0
842,What was special about the 2021 Formula 1 World Championship?,1
129,"Tell me whether these athletes play or have played in the National Football League (NFL) or the National Basketball Association (NBA): Kobe Bryant, Kawhi Leonard, LeBron James, Larry Bird, Michael Jordan",1
3221,Should I charge my phone if the battery is low?,0
3619,What are the causes of population growth in the Sun Belt in the US?,1
143,What are the words of House Mormont?,1
2041,What are three different club teams Cristiano Ronaldo has played for?,1
1325,"From the passage provided, extract the acquisition details of Tableau.",1
1260,Extract all risk factors for developing cardiovascular diseases for which numbers about their  contribution are given and rank them by their relative importance.,1
219,Write a conversation between two long-time friends who run into one another five years after they initially drifted apart.,0
2972,"Imagine you are at the beach in Hawaii at sunset time. Describe what you see, smell and hear as you relax on a beach chair.",0
1717,When is an object considered a planet?,1
487,What are some fashion ideas that haven't been done before?,0
2995,Give an introduction of Fairfax county in Virginia.,1
723,Where is the home country of Joan of Arc?,1
2681,What is a whiteboard?,1
2522,What is the best way to recover from a shoulder SLAP tear?,0
2884,Which of the following are movies with the actor Deepika Padukone?,1
1193,"Create a 5 day itinerary for a trip to Japan. Include visits to famous locations in Japan, and include a day-by-day breakdown of some activities to do and sites to visit.",0
911,"Which of these colors are primary colors: Red, Yellow, Blue, Orange, Green, Violet.",1
1949,What entree is associated with American Thanksgiving?,1
2996,What is powerlifting?,1
3907,"Given the reference text below about Larry Bird, tell me where he was born, what he did for a living, and who his greatest professional rival was.",0
3269,What are the health benefits of walking for exercise?,1
170,What are 6 natural resources of Africa?,1
2146,Do you recommend playing Dr. Mercy who is also called Swiss doctor Angela Ziegler to support your Chinese teammates in Overwatch ?,0
615,What are good tips to drive in the snow?,0
1930,What is a Gross domestic product (GDP)?,1
1510,What are the best months to visit Alaska?,0
77,What is the difference between the right and left side of the brain?,1
3468,Extract from the text the family of Parametrodes.,1
1442,What's the best binding setup for ski touring?,0
2202,Pitch me some bad ideas for cologne scents.,0
310,What should I do if my laptop has been hacked?,0
1862,Who designed the current Indian flag?,1
3265,Why are Mothers good at multi-tasking?,0
2916,What are the best sports movies?,0
1588,Write a funny and whimsical horoscope reading,0
2861,What are the different types of fees that are charged in the US National Park?,1
1507,When does human life begin?,1
916,Running a business is tough and there will always be problems in the market.  Make the case to a skeptical colleague as to why private sector managers should devote attention and energy to being a steward of the institutions of capitalism. Please include citations for Jonathan Haidt.,0
2507,What is the first step in teaching someone how to ski?,1
496,"Which of the following countries are in Europe and which are in the rest of the world: Nicaragua, Australia, Austria, New Zealand, Morocco, Spain, Greece, China, Chile?",1
3143,"Identify which instrument is string or percussion: Derkach, Lyra",1
3519,Come up with short road trips from Berkeley that I can drive to within two hours.,0
38,Who is your favorite player on the Golden State Warriors?,0
2142,What is the best seasoning for ribeye steak that will be grilled?,0
1653,Where was the 2018 UCI Track Cycling World Championships held?,1
497,"Given a reference text about Teodoro ""Teddy"" de Villa Diaz, tell me how he died and how old he was when he died.",1
403,What are the northern lights?,1
3916,What is the capital city of Croatia?,1
2668,Is it better to run or to walk?,0
3095,Who is William Shakespeare,1
366,which are the must visit places in India?,1
718,What is the best way to get from London to Paris.,0
2716,Write a brief passage detailing experiences of a family relocating internationally?,0
1280,What country is the newest member of NATO?,1
262,"Since it began, how many years has FIVB not been held?",1
1301,How did Abraham Lincoln die?,1
1075,"If your child has been told that he or she has lice, what should you do?",0
3863,How can I drive from South Bay to San Francisco?,0
504,What date was the Men's Madison Competition at the 2018 UCI Track Cycling World Championships?,1
3137,What are some movies everyone should see since the year 2000?,0
1639,"Classify these emotions as positive or negative: Love, Joy, Awe, Happiness, Interest, Excitement, Sad, Fear, Distrust, Anxiety, Anger, Disgust, Trust, Apathy, Annoyance, Exuberance, Rage",1
2891,"From the passage provided, extract the sobriquets Tagore was known by. Separate them with a comma.",1
549,Write me a song about a summer romance,0
2075,"Identify which animal is domesticated or wild: Cat, Bubal hartebeest",1
63,What factors should I consider in choosing an electric vehicle?,0
2389,Give me a bulleted list of different ways to get around a city without a car,0
3453,What university did Ted Ringwood join and what discipline did he follow ?,1
1413,When in the year 44 BC was Julius Caesar killed?,1
3430,Extract the special guests that Taylor Swift had on her 1989 Tour in 2015. Separate them with a comma.,1
2777,Which holidays are statutory summer holidays in the southern hemisphere?,1
2444,Write the first paragraph of a blog post describing the appeal of Boston as a tourist destination,0
3275,How do I make good coffee?,0
1957,Please write a thank you message for a jeans day pass donated by a parent to a teacher,0
1871,What watch should I buy?,0
304,Is a Hot dog a sandwich?,1
3130,"Based on this paragraph, what was Joe Biden's mother's maiden's name, what city was he born in, how many siblings did he have growing up, and what religion was he as a child?",1
2244,"Choose the word which is different from the rest: curd, butter, oil, cheese, cream",1
741,What causes global warming?,1
3508,Should high school students be allowed to drink coffee?,0
3831,Which inventions of the 20th century had the greatest positive impact on human lifespan?,0
2211,Best Actress Award in Drama series in 27th Screen Actors Guild(SAG) Awards was won by  whom?,0
3739,What is a PIN?,1
331,Why do dogs make great pets?,1
2603,Tell me about the history of Data Warehousing. Make it entertaining,0
1679,Is learning piano on a keyboard just as effective as learning on a grand/upright piano?,1
2024,How many states are part of New England?,1
359,"If a straight line passes through the points (4,2) and (8,6) then where does it cross the x axis? Explain your answer.",0
1902,"What are the best ramen places to eat in San Mateo, CA?",0
3872,What is combinatorial optimisation?,1
3585,Tesrt,0
478,give me a bulleted list of ways to get to the other side of a lake.,0
1142,List a few interesting ways to make a plant based Alfredo sauce.,0
3823,Where is the best place to get married,0
127,What is the best place to visit in Greece,0
1045,"Can you write me a page long essay on whether capitalism needs to be reexamined and amended?  Is such a reexamination one of incremental or transformational change?  If so, why?  If not, why not?",0
2088,"Tell me whether these are shoes or clothing brands: Nike, Tommy Hilfiger, Adidas, Levi's, Reebok, Puma, Wrangler.",1
57,Name the BRICS nations.,1
2223,"In the series A Song of Ice and Fire, who is the founder of House Hightower?",1
479,What is the smallest bird?,1
722,Give me a list of the best right point breaks in Southern California,0
845,"Given this article about Operation Aurora, How was the operation named?",1
1992,How many more keys does a standard piano have over a harpsichord?,1
3129,Name the top 10 greatest rapper of all time,0
948,give me a list of ways to cool down,0
2874,What are 3 to 5 creative ways to prevent deer from walking through your yard?,0
1014,What are the rivers in Rajkot area?,1
1891,Who was the first president of the United States of America?,1
2837,What is the world's oldest annual marathon based on the reference text below?,1
3983,How do I get better at the game of golf?,0
2999,Why should we ban artificial sweeteners like aspartame?,0
2488,What are the names of the different scores you can shoot for each hole when golfing?,1
287,Give me a list of the 8 best west coast oysters,0
1384,What are some tips that kids could use to learn the lines of a musical school play? Write them as if they are narrated by an elementary school student.,0
1117,Write a review of Carlos Ruiz Zafon's book The Shadow of the Wind,0
2415,How to become good friends with your neighbor?,0
293,Is Boston a good city to visit in the summer?,0
2960,Why should we eat organic food?,0
2699,Where is Meerut?,1
3711,Can you recommend best taco places in Austin?,0
830,Write a brief poem about cultures,0
3202,What makes a formula one car so fast?,1
532,What colors would you use for a futuristic logo?,0
3479,"How many full-length ""The X-Files"" movies are there?",1
3253,Should I ask my partner to marry me?,0
2084,"Detect and mask PII in this text 
""My name is Joe Smith and email address is joesmith9999@gmail.com. I'd like to leave a review about Vizio's 55 OLED TV. It had great picture quality, but I had trouble mounting it on the wall."". 
Give me back a JSON result of the form 
{
  ""original_text"": <the original text>, 
  ""masked_text"": <text with PII masked>"", 
  ""pii_detected"": [{""pii_type"": <the type of PII>, ""value"": <PII text value>}]
}",0
1122,"Does Indermaur work as CTO, CEO, or CFO?",1
1195,How can I get from San Francisco airport to downtown San Francisco?,0
3439,What are some ways to get promoted at your job?,0
622,What is email?,1
644,"Please classify from which sci-fi universe are following movies, or tv series: The return of the Jedi, Deep Space 9, Avengers",1
1701,Who is considered the bachelor president of the United States?,1
365,Why can helicopters not fly as fast as airplanes?,1
480,Write a bulleted list of the plants that grow around Stanwell-Fletcher Lake.,0
506,Describe what it feels like as the last person standing on Earth.,0
3774,why pluto is not a planet?,1
2435,What are the options to get from South Shields to North Shields by public transport and which is the quickest option,1
15,How many seasons of Greatest American Hero were there?,0
773,"Tell me which sport of ice hockey or baseball these positions belong: outfielder, pitcher, left winger, forward, right fielder, goalie, catcher, third baseman, left defenseman",1
1925,Please give me a short bulleted list of the most important facts about the album “The Dark Side of the Moon” from the rockband Pink Floyd,1
3384,"Based on this paragraph about Massimo Bray, what language do you think he writes in?",0
2416,"From the passage provided, which runways are used in the West Plan?",0
680,Make a poem about color and style,0
3647,"Give me a one line summary of this: ""Gale gave me a sense of security I’d lacked since my father’s death. His companionship replaced the long solitary hours in the woods. I became a much better hunter when I didn’t have to look over my shoulder constantly, when someone was watching my back…Being out in the woods with Gale…sometimes I was actually happy.”",0
2053,"Which of the following months have 31 days? Classify them as 'yes' or 'no'. January, February, March, April, May, June, July, August, September, October, November and December.",1
1118,"Classify each of the following as characters in the 2003 reboot of Battlestar Galactica or Pokemon: Starbuck, Admiral Adama, Snorlax, Lee Adama, Dugtrio, Gaius Baltar, Laura Roslin, Venusaur, Lapras",1
3266,Suggest some TV shows I should watch in a few different genres.,0
1791,"I’m walking to work and I’d like to carry helpful things in my backpack for a big presentation. Which of these should I pack: rotary telephone, eighty inch monitor, laptop,  notepad, beer keg, pen.",0
1852,"Identify which instrument is string or percussion: Surdo, Kora",1
2011,Imagine you are in the jungle on a very hot day doing a hike. Write a monologue describing how you feel.,0
336,Extract the names of the trophies given to the French Open singles champions and provide them in a bulleted list.,1
1378,What is the difference between race and ethnicity?,1
1713,"Imagine a world where life expectancy is fixed and the same for everyone at birth, yet people can engage in life expectancy ""donation"" – meaning that someone can extend your life three years longer at the expense of theirs. Talk about a likely scenario in this world that involves voluntary donation.",0
2851,"Tell me which of these are served hot or cold: soup, ice cream, potato salad, mashed potatoes, cake, cheese platter",1
2428,what can you do,1
3982,Give me a few different ways to reduce my household electricity bill.,0
908,"Tell me if these are brands or companies: Kleenex, Procter & Gamble, Cadillac, Doritos, Chase?",1
3495,What Are Qualified Expenses for approved Use of 529 accounts?,1
3222,Is a blackberry a fruit or a berry?,1
2130,Give me some ideas on how to grow tomatoes in my back yard.,0
1164,Why is free climbing called free climbing?,1
65,"From the passage provided, extract the low end in Celsius of the optimal coffee extraction temperature range.",1
2453,"Identify which instrument is string or percussion: Huiringua, Pipa",1
3172,What is a casual hobby that would be fun to get into?,1
887,What are some examples of diseconomies of scale?,1
829,"Please write me a short children's bedtime story about a frog, a tree, and the moon. Make the moral of the story about appreciating what you have in life.",0
2853,What kind of salt should I use while cooking?,0
1933,Is language our greatest invention  ?,0
2567,what are the most popular sports in america,1
3241,When did Uber IPO?,1
667,Write the introduction to a story about a rocket ship on its way to a distant galaxy,0
1702,Q: What should I do with hand sanitizer on the FDA's list of hand sanitizers that consumers should not use?,0
445,what is more soothing - greenery or water bodies,1
1497,How can I tell the neighbors kids to quiet down without being perceived as a grouchy old man?,0
3650,"Why Disney should be acquiring smaller movie studios like Pixar, Marvel, and Lucasfilm?",0
3753,What year did The X-Files TV show debut?,1
205,What is the objective of a batter in the sport of baseball?,1
2665,How to get a good Survey for a product,0
2349,"First, it's important to know what your goal is with a bicycle. If you go out with the family, you can choose a regular bicycle, but if you go to use for competition, it is better to choose a more sophisticated carbon fiber bicycle, for gain more performance in races.",0
1296,Queen Elizabeth II was married to whom?,1
3566,What is a good gift for a seven year old boy?,0
3003,What are the top 10 television dramas of all time,1
1040,"Identify which instrument is string or woodwind: Cello, Danso",1
2410,Who was the first lead guitarist of Metallica?,1
3168,Are The Smiths a good band?,0
2500,What cities should someone visit during a trip to Morocco?,0
3027,Who gave the slogan of Quit India and Simon Go Back?,1
2572,Where should I live in Indiana?,0
1615,"Given the following text, what is Mýrdalsjökull, which country is it located in,  how much rain or snow does it receive each year?",1
2531,What are the best types of questions to ask during a job interview?,0
2407,When do Muslims fast?,1
2430,Write a review of Brandon Sanderson's book Warbreaker,0
3718,How would you build a winning basketball team?,0
2248,What are the typical ingredient for Italian tomato sauce,1
3416,What temperature can I expect at the summit if I climb Mount Kinabalu,1
260,"Given a reference text about the Osterville Baptist Church, tell me why its steeple was rebuilt and when it was listed on the National Register of Historic Places.",1
2463,How can I help to improve my son's tennis skills?,0
116,What is the difference between blanc de noirs and blanc de blancs champagne?,1
638,"Why should people consider going on holiday in Henley on Thames, UK?",0
2425,Name the spyware used by Israel to hack Whatsapp?,1
2596,Name five teams in the Ligue 1 in France.,1
1246,What is the best way to define a data&AI strategy?,0
1392,"Write a paragraph highlighting the rise of cyber crime, and the vulnerability of people  who are unaware of the risks (or careless), and end the note with a single line on suggested steps.",0
1020,Who is the greatest tennis player of all time?,0
553,What are the main considerations for chick care when raising backyard chickens?,1
614,Who is the greatest NFL running back of all time?,0
2046,Why is backcountry skiing fun?,1
2702,What are 5 fitness tips that will help me lose weight,0
51,"From the given text, Write some important points about song ""Sunshine, Lollipops and Rainbows""",0
96,What fruits and vegetables are grown in lower-lying areas of Kenya?,1
1644,"In YAML tell me a list of teams mentioned in the text. It should be in the form `location: ${location}`, `mascot: ${mascot}`",0
1965,Best place to visit in the world,0
815,When would a railway be considered a heritage railway?,1
2111,What was Selective Service Act?,1
1332,Why was revenge of the jedi renamed to return of the jedi?,1
3632,Should I buy an electric car?,0
656,Will you say sorry to your kids?,0
3663,Why are cats better than dogs in some people's opinion?,0
3020,How do you play blackjack?,1
112,Why is it so hard now to name a favorite musician?,0
2386,What are the pros and cons of high interest rates?,1
3991,Why is Dungeons and Dragons so popular nowadays?,1
3065,What is rain good for?,0
1828,What do you think are the most relevant things in life?,0
52,How many managers have Arsenal had?,1
3254,What is better a mac or a PC?,0
1373,List the ingredients to make the best Greek salad,0
838,"Given a reference text about the Mid-South Grizzlies vs NFL, what was the result of the lawsuit?",1
3571,Which Dutch actress played Xenia Onatopp in the James Bond movie GoldenEye?,1
2886,The album the ways to love a man by Tammy Wynette,0
2045,How long is a marathon?,1
2952,how do you smoke a brisket?,0
438,What is Remote Sensing?,1
1043,Which states make up the Pacific Northwest?,0
1506,"Given these paragraphs about the Tesla bot, what kind of tasks is it expected to perform?",1
3371,What is the best way to file California State Tax for Spouse Abroad in community property jurisdiction countries like China? The goal is to minimize the tax for community property income.,0
329,Given this text give me short summary about Beavers,1
2779,Who was the American president for the majority of WWII?,1
2118,What was the first modern trading card game created?,1
744,Write down some important aspects regarding civil war from the given text,0
3146,"Identify which animal species is alive or extinct: Allosaurus, Amur Leopard",1
1824,How many plastic beads does it take to fill a ceramic duck?,1
3060,Give me a list of food items that I should prepare for American Thanksgiving.,0
2541,Who was Elizabeth II?,1
2690,Who are some of the most influential women's hockey players,1
3522,What are the qualities of good compost for a vegetable garden?,0
3286,"Identify which instrument is string or percussion: Sounding stone, Cobza",1
3135,What techniques are used to male dried fruit?,1
270,How did Kdramas become so popular?,1
604,What were the key points of the Treaty of Versailles?,1
2969,"Classify which teams are in the NHL or NBA: Detroit Red Wings, Detroit Pistons, Milwaukee Bucks, Cleveland Cavaliers, Columbus Blue Jackets, Chicago Bulls, Chicago Blackhawks",1
2937,How can I improve my table tennis skills?,0
3426,What is Xenohormone normally used for?,1
2436,"From the passage provided, list the awards won. Include when they were won and by whom.",1
1636,"Classify each of the following country as either a left hand traffic or a right hand traffic based on which side of the road traffic moves: USA, Spain, UK, India, Singapore, Switzerland, Australia, Egypt, France, Italy",1
1146,What might make a good villain for a fantasy role playing game adventure.,0
1237,Give me a list of the best takeaway foods when youre hungry.,0
1842,"Based on the passage, which directors were considered for directing the Spider-Man movie apart from Raimi?",1
687,Give me a list of things I can do to sleep better at night,0
2086,"From the passage provided, extract the two main changes from the 2022 and 2023 J1 Japanese football league.",1
2236,Which is the most sparsely populates nation?,1
2821,Summarise why lightweight rowing event was at risk in Olympics,1
1747,Write a rap about work,0
2448,What are the best National Parks in the United States,0
352,What are some common descriptive statistics?,1
3912,Why kids ask more questions?,1
2517,Which is better the Free Software Movement or the Open Source Initiative?,0
2312,"Is a square classified as a rectangle, or is a rectangle classified as a square?",1
939,What is the best party to vote for in the US?,0
3124,How fast do you move when riding a wave?,1
475,"Sort these car brands and models into car types, either sedan, SUV, or sports car: Volkswagon Atlas, Porsche Boxter, Ford Mustang, Porsche Cayenne, Toyota Camry, Toyota Corolla, Dodge Durango, Chevrolet Camaro, Ford Explorer, Nissan Sentra, Porsche 911, Ford Escape, Chevrolet Equinox, Honda Pilot, Kia Telluride, Genesis G90, Honda Accord, Honda Civic, Kia Forte",1
119,"From a financial perspective, tell me five things should be considered when retiring.",0
1353,Manchester of South India ?,1
1385,"From the provided paragraph, write a bulleted list of how cheeses can be grouped.",0
2744,"Identify which animal species is alive or extinct: Megalania, Sea Turtle",1
712,Who was Margaret Thatcher?,1
387,"Identify which instrument is string or percussion: Bell, Tro",1
558,Come up with the best way to build a sales pipeline,0
2847,What is a kidney transplant?,1
1291,"Which of the following are beach wear vs what one would wear on a cold winter trek? If there are common items, create a third category called 'Common':

Socks
Hats
Neck gaiter
Sunglasses
Swimsuits
Undershirts
Cover-ups
Down jacket
Trek poles
Water Shoes
Beanie
Sandals",0
2558,What is the best way to prep concrete before applying epoxy?,0
3351,"If you could change one thing about this world, what would it be and why?",0
104,Can you list some good books written by Indian authors based on Indian mythology?,0
3675,Describe Lie Algebra,1
3944,"Can you tell me about Hyderabad, India?",1
427,Where is Hesse's Demi Bastion,1
2623,Write an introductory email to a student I will be academically coaching through Services for Students with Disabilities office (SSD).,0
3764,"Classify each item in the list based on the following types of sport: team, individual, water, extreme.

List to classify: soccer (football), basketball, tennis, baseball, American football, golf, cricket, swimming.",1
1312,"Given these paragraphs about Large language models, what is the prompting paradigm?",1
863,Should I use microservices for my project? How many microservices should I have?,0
347,Marburg Virus Disease was first detected in which year?,1
1388,Why is Bangalore the best place to live in?,0
2710,What are the best vegetable crops to plant in Washington state for home gardeners?,0
3196,How can I become the best person?,0
2000,10 best cars to own,0
350,What's the Platinum Jubilee?,1
2472,What are good foods for keto diet,0
3067,"Tell me which of these are types of desserts: flan, steak, tofu, broccoli, cookies, Cheetos, banana bread, ice cream, giblets, macaron, doughnut, a toothbrush",1
1712,Where should I travel for a summer vacation in the United States?,0
1377,How often should you brush your teeth?,0
272,Extract when the Blue Angels formed,1
1759,What are three common alarm clock sounds?,1
3968,From the passage note down the years when global recession happened. List the results in comma separated format.,1
1266,"I am about to have my third child under the age of 4.  What car should I get that would fit my family of 5, 3 kids in car seats, a dog and the possibility of adding another child in a few years?",0
1273,How would you go about finding an apartment in a new city?,0
1675,Jot down some points about University of Liverpool from given text,1
232,Can you tell me about Tabarra?,1
940,How can I learn to snowboard?,0
3626,Extract the names of the founders of Genoa C.F.C from the text?,1
2216,"Using given text as a reference, write some details about game Crashmo",0
3348,Why do humans like dogs?,1
601,Summarize the following Wikipedia entry in three sentences.,1
779,Should I buy a gravel bike or a down country mountain bike?,0
3931,Where is the best place to see the northern lights?,0
3779,"What are some interesting things to do in the spa town of Harrogate, North Yorkshire?",1
3193,What is the largest employer in the world?,1
1290,Does Delta Lake support writes or reads using the Spark Streaming DStream API?,1
2662,Why is India Pale Ale (IPA) the best type of beer?,0
2135,Write a whimsical and funny horoscope reading that makes a baseball reference,0
2363,"Select the odd word from this list and explain why:
Chair
Sofa
Table
Dinosaur
Cupboard",1
3596,"What are some of the best things about a summertime visit to Mount Desert Island, Maine?",0
2664,What are the 4 best ski resorts in New England.,0
1707,My family wants to buy a dog.  Which breed should we chose?,0
1129,Who is FDR?,1
25,Extract the different storage configurations available to the iPhone 14 that are mentioned in the text. Put them in a comma separated list.,1
3399,Imagine you are the last person on Earth. Write a diary entry describing your thoughts and feelings.,0
410,What is the difference between a mechanical watch and a quartz watch?,1
1455,What are some of the best business podcast to listen to?,0
43,What is the plot of Kuroko's Basketball?,1
1089,"I plan a trip to Italy, what is the top 2 cities to visit?",0
1952,Who is the top baseball player based on offensive categories that are not in the major league baseball hall of fame with no chance of getting in while alive.,1
1526,How can I quickly treat a headache?,0
472,give me a summary of the American revolution,1
3896,Tell me about NGC 7314,1
819,"Summarize the following paragraph about Microsoft in 2 sentences:

Microsoft Corporation is an American multinational technology corporation headquartered in Redmond, Washington. Microsoft's best-known software products are the Windows line of operating systems, the Microsoft Office suite, and the Internet Explorer and Edge web browsers. Its flagship hardware products are the Xbox video game consoles and the Microsoft Surface lineup of touchscreen personal computers. Microsoft ranked No. 14 in the 2022 Fortune 500 rankings of the largest United States corporations by total revenue; it was the world's largest software maker by revenue as of 2022. It is considered as one of the Big Five American information technology companies, alongside Alphabet (parent company of Google), Amazon, Apple, and Meta (formerly Facebook).

Microsoft was founded by Bill Gates and Paul Allen on April 4, 1975, to develop and sell BASIC interpreters for the Altair 8800. It rose to dominate the personal computer operating system market with MS-DOS in the mid-1980s, followed by Windows. The company's 1986 initial public offering (IPO), and subsequent rise in its share price, created three billionaires and an estimated 12,000 millionaires among Microsoft employees. Since the 1990s, it has increasingly diversified from the operating system market and has made a number of corporate acquisitions, their largest being the acquisition of LinkedIn for $26.2 billion in December 2016, followed by their acquisition of Skype Technologies for $8.5 billion in May 2011.

As of 2015, Microsoft is market-dominant in the IBM PC compatible operating system market and the office software suite market, although it has lost the majority of the overall operating system market to Android. The company also produces a wide range of other consumer and enterprise software for desktops, laptops, tabs, gadgets, and servers, including Internet search (with Bing), the digital services market (through MSN), mixed reality (HoloLens), cloud computing (Azure), and software development (Visual Studio).",0
1528,What was the united Arab republic?,1
2709,Can I PLEASE get a dog?,0
2371,Who is the best basketball team in the NBA?,0
2311,Who was the first man to walk on the moon?,1
534,What is the difference between pets and cattle?,1
1407,"Which of the following country belongs to Asia and North America? China, Canada, Pakistan, Mexico",1
2917,What is the best day for cold calling?,0
2320,Who designed Washington D.C. and what are some interesting attributes about the city?,1
2168,from the given text can you please create a list of events associated with life of Brandon Beane.,0
775,What are the number of provinces in Belgium?,1
3365,"If you are traveling outside the country, categorize each of the following as either: ‘Mandatory’, ‘Good to have’, ‘Least important’. Passport, Cash of the country visiting, Power bank, Book, Pen, Laptop",0
649,Give me a list of the ten best rock guitarists of all time,0
1374,What are the three main nutrient groups?,1
2724,Which is a species of fish? Puppy or Pupfish,1
1848,What is Amazon Web Services?,1
2139,What is the best nightly skin care routine?,0
3587,"Tell me whether each of these are green or blue: grass, water, leaf, sky, sapphire, kale",1
477,I would like to go to Mystery Spot near Santa Cruz California. What can you tell me about the mystery surrounding the Mystery Spot and how should I plan for this trip?,0
1462,Extract the destination countries of the Madeira diaspora from the text. Separate them with a comma.,1
3628,What basic tools should I keep around the house?,0
2519,When is tax day?,1
3004,What should I consider before taking a job with a lot of travel?,0
1478,What is an easy and delicious dish for me to cook for my date?,1
2545,Write a movie script about a dystopian past where intelligent machines have evolved to fight against humanity. A younger human challenges the ways of the elders and transforms into a cyborg to fight the machines.,0
3229,Why is it called the Hawaiian pizza?,1
3274,"According to the following paragraph on LeBron James, how did he announce joining the Miami Heat?",1
303,Why would an oil and gas exploration company utilize directional drilling in their drilling program?,1
3494,Why indian Marriage is so long process,1
1814,Give me some ideas around improving my writing skills,0
918,"Can you write a brief summary for the book ""Braving the Wilderness"" by Brene Brown?",0
3335,What makes a good sales account executive?,0
2219,"Classify each of the following as either a dog breed or cat breed: german shepherd, bulldog, labrador retriever, french bulldog, siberian husky, alaskan malamute, poodle, chihuahua, rottweiler, british shorthair, maine coon, persian, ragdoll, sphynx, american shorthair, birman, russian blue",1
2008,"Share why you support the underdog or the favorite in sports, and why it's the right thing to do.",0
1603,"Given this reference text about cargo ships, when was the USS West Gate launched?",1
1867,"You have purchased a product with which you are satisfied. Write a short review describing your experience the product: ""Unisex Anti Fog No Leaking Swimming Goggles with Adjustable Silicone for Men Women Adult Youth"".",0
1627,Can someone drive on Black Bear Road all year?,1
922,How many volumes of Wheel of Time are there?,1
1932,Write a story about a budding romance between two people. Talk about their going on an adventure together where they sneak into a fancy garden in Washington DC and get into just the right amount of trouble.,0
3152,"Given this paragraph about muscle strains and that my symptoms include severe and acute pain with movement limitations, how bad is my strain?",1
2708,What countries are regarded as Nordic?,1
3789,"I'm going to give you a passage from Marty Essen's book ""Cool Creatures, Hot Planet: Exploring the Seven Continents"" and want you to answer the following question: Where are western Hermann's tortoises found?

After spending the night at a large chain hotel, Deb and I traveled southeast with tortoises on our mind. Our plan for the day was to infiltrate the Massif des Maures area and search for one of France's most endangered reptiles-- the western Hermann's tortoise.  The first stop of our quest was Le Village de Tortues (the Tortoise Village), a tortoise rehabilitation center near the town of Gonfaron. Our mission was to befriend a staff member, learn as much as we could, and get detailed information on tracking down the wily Hermann's tortoise in the wild. When we couldn't find an English-speaking staff member, our mission was nearly thwarted. Only through quick thinking and improvisation were we able to acquire the vital background information we needed. Okay - we utilized the signs provided for British visitors. For many people, the word tortoise invokes thoughts of giant four-foot-long Galapagos tortoises. Western Hermann's tortoises, on the other hand, are small, reaching a maximum length of eight inches. While both reptiles make the IUCN Red List of Threatened Species, the Galapagos tortoise is listed as ""vulnerable"" and the western Hermann's is listed as ""endangered."" In France, habitat destruction, egg pilfering, and fire are the primary factors for the tortoises decline.",0
3359,Why did Kim Kardashian and Ye divorce?,1
866,When was the World Investment Report 2021 released by UNCTAD?,1
970,How should I sleep train my baby?,0
3613,What is the best way to wake up fresh in the morning?,0
2528,How would you go about a planning a backpacking trip into the Grand Canyon National Park.,0
3094,Who won the best new artist as well as award for the Best Pop Vocal Album in 64th Annual Grammy Awards,0
763,Why should you use multi factor authentication to secure your computer accounts?,0
3809,What are the six ports that make up the port of Hamina-Kotka?,0
3882,Describe how skateboarding teaches you about life and to be resilient.,0
1662,Where does Kieran Liam McAnespie come from?,1
2544,What makes The Blade Itself by Joe Abercrombie good?,0
966,"Queen Elizabeth II was born on April 21, 1926 in",1
3892,"Tell me which of the following are body parts: head, ankle, banana, finger, earlobe, kiwi, toe, car, shoulder, bed",1
3954,What are good gifts for a new mom?,0
1322,What should I not do if I see a bear?,0
1983,"Classify each of the following as either pasta or bread: casarecce, gnocco fritto, gnocchi, focaccia, grissini, ciabatta, tonnarelli, orecchiette, conchiglie, piadina",1
330,Is Gloomhaven on Steam worth buying?,1
3856,What is a headlamp?,1
3840,Should a human be happy all the time?,0
3625,"Please classify the following items as either “waterproof” or “water absorbent”: umbrella, paper towel, sponge, raincoat, dish rag, car windshield.",1
2644,Why are cats better than dogs?,0
1745,Name some titles from the Goosebumps series.,1
2418,"For whom is Daenerys Targaryen's dragon, Drogon, named for?",1
125,What was Goff's best game mentioned in the text?,0
1314,Who is the greatest tennis player of all time?,0
734,How many continents are there in total?,1
820,Who coined the term lipstick index and what does it indicate?,1
491,Prince introduced his iconic symbol on the cover of which single?,1
1532,Give me a comma separated list of factors that can cause Insulin oscillation.,1
9,Provide a bulleted list of the controversies regarding Uber and a brief summary of each,1
956,Why do I not feel good after consuming a lot of chocolates?,0
890,Give me a proof that the square root of 2 is irrational,0
3742,Give me the top 5 things I should do to prepare for a holiday abroad,0
2183,Why should people drive cars with manual transmissions?,0
3518,"Classify the following foods as Mexican or Italian: Burrito, Pizza, Pasta, Quesadilla, Taco, Gelato",1
108,What are some of the best movies for kids?,0
869,Give me some ideas for different TV shows that I can recommend to my parents?,0
2432,What is R language?,1
182,Describe a plan for driving from Florida to New York with some great places to stop with American History.,0
3434,Where was poutine invented?,1
1143,What is your favorite fast-casual restaurant and why?,0
1733,"Which of the following are commonly used as boys names: Adam, Shirley, Hunter, Mary, Susan, Stephanie, John, Buster, Matthew, James, Johan, Sean, Steven, Ada",1
2398,Is it better to rebuild or remodel a house?,0
2204,What is the smallest country in the world?,1
2195,What family was well known for their power in Renaissance Italy?,1
729,5 best mailing sites,0
3783,Which episode does Jon Snow concede to Daenerys Targaryen's authority?,1
662,Should I go to the beach or mountains for my next vacation?,0
3408,Name a few popular racquet sports,1
1912,Tell me some facts about hemoglobin with the given text as a reference,1
1180,What is better Android or iphone,0
1558,How would the world look like in say 200 years from now?,0
3616,Write me a recursive function for calculating the nth fibonacci number,0
440,What are some typical characters of Siamese cats?,1
770,What is underwriting?,1
1087,How does a human do arithmetic calculation as fast as a calculator?,1
3195,Suggest a road trip in Washington state,0
2871,"Given the introduction of ChatGPT, tell me how many releases there are since the fist launch and when they were launched.",1
3122,"Given this paragraph about hickory wood, tell me what sporting equipment it might be used for.",1
1767,Who invented Calculus?,1
3173,"Identify which car manufacturer is Japanese or American: Dodge, Subaru",1
2343,Where is the village of Congosto,1
2981,Please give me a comma separated list of the countries that signed the North Atlantic Treaty in April 1949 given the text below,1
13,"Tell me which of the following objects are shaped like spheres: beach ball, banana, pencil, marble, credit card.",1
3102,What is the minimum feature a cell phone should have to avoid addiction,0
1691,What is the best method for setting up to hit a golf shot approach to a green?,0
2978,What is SVM?,1
3780,Who is Ron Rivest?,1
933,Write a horror movie synopsis of a couple who move into house and the movie must involve AI. Give it an M Night Shyamalam twist ending,0
12,How did you prepare for your business case competition?,1
867,What are the biggest cloud providers,1
3293,"From the text, extract the locations in which outrigger vessels are present in. Separate them with commas.",1
1788,Write a short poem about spring,0
3391,"Are these oceans or lakes: Superior, Michigan, Keuka, Ontario, Tahoe. and Yellowstone?",1
2953,What is cryptocurrency?,1
606,Why are the Georgia Bulldogs back to back National Champions in Football?,1
295,What are good finishes for a desk top made of hard wood?,0
2332,Did Trump lose the 2020 presidential election?,1
1468,"Which one of these do not belong to the group:  Feeling, Joy, Anxiety, Anger, Sorrow",1
696,"Write the synopsis for a spy thriller book.  The story should a team of experts in many various domains of science and technology, all working together to solve a potential global crisis.  Leave the synopsis with a cliff-hanger question.",0
2599,is a career in public accounting a good way to go,0
1815,Who is Brandon Sanderson?,1
1150,"Write a few paragraphs on the Smoky Mountains in the United States, and why it is a nice vacation spot.",0
1433,"Are these blue or red colors? Pink, navy, maroon, mahogany, teal, sky, robin, scarlet",1
1667,Is a vitamin d supplement good for you?,0
2927,Who are the 5 best known composers from the romantic period?,0
1547,What are some of the major food allergens in the USA?,1
2051,Which french football player is considered one of the best strikers of all time?,0
2787,how to give a great presentation,0
3903,What are the best ways you can achieve type 2 fun?,0
669,What are four creative ways to use a chess set besides playing chess?,0
178,"Would each of the following conditions be good or bad for a bike ride? Pouring rain, sunny skies, hail, cloudy day, dense fog, heavy wind, light breeze.",0
3568,"What category do these items belong to:
- Apple
- Pear
- Banana
- Orange
- Pineapple
- Guava

The possible categories are: Fruits, Vegetables, Minerals.",1
1144,Who was the most prolific religious leader ever?,1
788,"Given these paragraphs, tell me what a recurrent neural network , and how it differs from a convolutional neural network.",1
2043,What medicinal plants should I grow in my Mid-Atlantic garden?,0
3990,What is the best song from Rihanna,0
1635,What role did barrels of benzol play in the explosion of the Mont-Blanc?,1
2261,I'm looking to learn a new programming language. Can you recommend one?,0
221,What is the best English food?,0
3314,"When I ski, at the end of the turn, I'm not able to get good grip at the end of the turn and the tail washout, why does this happen?",0
2456,What are the causes Alzheimer's disease?,1
907,Who is the protagonist in CyberPunk 2077?,1
1761,Give me a list of items I should bring to the beach this weekend.,0
1372,Who is the greatest tennis player of all time?,0
905,Where should I go on my honeymoon?,0
2965,What's the best way to brew an espresso?,0
3483,What is Bart Simpson's best friend named?,0
3160,"Classify each of the following as either an indoor or an outdoor sport: soccer, table tennis, darts, snooker, cricket",1
2797,When was slavery abolished in the United States?,1
1228,When should I use Slack versus email versus a phone call?,0
2276,Who is the best all-time chess player?,0
1501,"In the anime Saint Seiya, who of the following characters is not the core 5 of the Bronze Saint Cloth: Pegasus Seiya, Dragon Shiryu, Cygnus Hyoga, Andromeda Shun, Phoenix Ikki, Aries Mu, Gemini Saga, Virgo Shaka",1
1787,What is the process by which utilities rates are set in the US,1
2198,"If you were to compete in the Olympics, which sport would you pick?",0
83,"Classify each of the following as either birds or mammals: Eagle, Bear, Deer, Finch, Owl, Cat, Dog, Rat, Human, Whale, Raven",1
1958,"What is a brief summary of the book, ""The Well-Educated Mind, A Guide to the Classical Education You Never Had"", written by Susan Wise Bauer?",1
3050,What is Mexico?,1
1555,What is the keto diet?   Is it a good way to lose weight?,0
2482,Which artist made the hit song One More Time?,1
2455,What is a good investment strategy?,0
3157,"Based on this passage, which years did the Patriots win the Super Bowl?",1
934,Write a linkedIn Message to ask a higher officer in company before joining asking about what all I have to prepare any tips or advice on what I should focus on or study for so that i can be well accustomed with the required skill sets for the job.,0
2593,"I'm getting into music history and want to listen to authentic analogue music from the 1980's. Which of the following should I try:  ipod, vinyl, apple music, cassette, compact disc, spotify, youtube",0
2645,Write some important points regarding Family Justice Council using given text as a reference,0
2348,What is the best musical instrument to learn?,0
1347,What should we conserve electricity?,0
1599,Why do we feel worse at night when we have a cold or the flu?,1
3945,Explain the best way to swing a golf iron compared to a golf driver.,0
3545,What is the name of the national museum of the Netherlands?,1
3444,What US state has the greatest population?,0
1050,"Classify each of the following countries or cities: Spain, France, Norway, Brazil, Atlanta, Budapest, China, India, Tampa, London, Denmark, Sweden, Stockholm, Beijing, Amsterdam",1
1239,"In 64th Annual Grammy Awards,  best album of the year award was given to",0
490,What are the top attractions to visit in Cancun?,1
1267,What temperature does water boil at in Celsius and Fahrenheit,1
1994,"Please write a bulleted list of the key people involved in the construction of the Amsterdam Centraal station, and their role in the project.",0
3352,Who invented the computer?,1
3865,"Identify the bird from the list: Hoot, Coot, Foot",1
2506,Write down some important aspects of short story Reason from the given text,0
1187,"Classify each of the following as something used for drinking or eating: cup, bottle, plate, bowl, fork, spoon, can",1
1870,Who is the best rock and roll drummer of all time?,0
2133,List some of the greatest leadership and business books ever written.,0
2827,Which MTV show featured Jenny McCarthy hosting a dating show?,1
3113,What is the state bird of Texas?,1
1033,What does a healthy morning routine look like?,1
3870,Extract the non-meat ingredients of the sandwich in the passage provided. Separate them with a pipe symbol.,1
2411,Name the Hindi novel that has become the 1st novel to win the International Booker Prize,1
1054,"I have wine tasting plans for the weekend , give me some tips so that I look like an expert",0
2689,Should I buy a convertible?,0
488,Why do humans like dogs?,1
1765,Share some details about paris city from the given text.,1
888,"Which of these are helpful for starting a fire and which are better for putting out a fire: water, dirt, matches, dry newspaper, sticks, charcoal lighter fluid, and human pee.",0
1875,Give me 3 ideas for an instant serotonin boost.,0
3346,write a short essay on California wild fire,0
3043,Write a paragraph on why I should quit my job and live off the land.,0
2305,What is an option in finance?,1
3100,What is the wealthiest zip code in the United States?,1
175,Please give me a short bulleted list of the major achievements Taylor Swift has achieved.,1
1780,What is a good approach to grocery shopping?,0
3767,What the best way to give a dog a bath?,0
1805,What is the best University in Canada for computer Science?,0
3051,What was the The McIntosh County Seat War,1
2820,Explain away goal rule in soccer.,1
3552,How can I read and write data with Delta Lake?,0
3590,Is Scala the best programming language?,0
3806,Give a list of reasons I should get a dog.,0
2948,Write a brief passage or elaborate in favour of or against the use or impact of social media in our day to day life.,0
3700,"Which of these are religions and which are countries: Christianity, Judaism, Norway, Canada, Islam, Egypt, China, and Iran.",1
378,What's the best piece of advice you ever received?,0
2206,"Which items from this list are types of poems and which are types of insurance: sonnet, disability, haiku, limerick, auto, umbrella, whole life, and homeowners.",1
3362,Who created Doge Coin and when?,1
3501,Why is salt important in cooking?,1
2345,Extract the names of the Formula One teams Verstappen was a part of from the text. Separate them with a comma.,1
2600,Do you have an idea of why Graviton didn’t perform better?,0
1459,Name three famous movies about sports.,1
3530,Extract the countries that are named in the text separated by a comma.,1
361,Recommend some good Dreampop music.,0
3194,What are the benefits of a data warehouse?,1
1328,What are some good sources of vegetarian protein?,0
1617,Please write a story that puts a modern twist on a fairy tale,0
2368,"What are some good US and Canada summer vacation ideas if I like mountains, lakes, and trees?",0
3489,Think up a couple of ways to use old shirts,0
3672,Compare and contrast the strategy of Tesla to that of Nissan. Why has Tesla been successful in the electric vehicle market while Nissan has yet to?,0
759,What position did Manis Lamond play?,1
1283,From the passage identify the different types of mortality encompassed by Child mortality. Display the results in a comma separated format.,1
1169,What are some films produced by Takiko Mizunoe?,1
1773,What are 3 things I should always have before leaving my house?,0
2203,5 best source of water,0
1516,Where did xiaolongbao originate from and what are some key types,1
3380,What is a GPU?,1
836,Write a letter to my mom to convince her that I should be able to get a cat.,0
3271,Think up some ways to pass the time on a long airplane flight.,0
1849,What is constitution?,1
3745,Give me 10 different ideas for how to spend a rainy Saturday afternoon,0
3420,"Classify each of the following a golf tournament or a tennis tournament: Masters, Dell Matchplay, PGA Championship, Wimbledon, Miami Open, French Open, Players Championship",1
991,"What are Calories, and what is the difference between good and bad calories?",0
697,Why do birds migrate north to south for the colder months in the north?,1
784,How can I get my dog to stop barking?,0
2526,What rank did Elvis Presley hold in the US Army?,1
1012,Give me some facts about Ethiopia?,1
1560,What are some good body weight exercises for the lower body?,0
3641,"Given this paragraph about mushroom growth, why is it related to the English language expression ""to mushroom""?",1
2903,My parents are staying with me this weekend. What should I do with them?,0
3721,"Where did the word supercalifragalistic come from, and what does it mean?",1
3200,Give me some tips on how to train for a marathon.,0
1259,What is the best way to talk to a teenager about sex,0
3336,Give me a list of the last ten Grammy Award for Best New Artist winners.,0
1390,"Which of the achievements listed in the below passage would be considered the best example of an ""outlier"" for a single NBA game?",0
1484,Name some of the best Taylor Swift songs,0
803,Based on the given text give the name of the people and a summary of how they contributed to the notion of infinite or multiple worlds.,1
2467,What is a noun?,1
792,"There are many different types, styles and genres of dance. Categorize these dances based on the their style;

Mambo, Kizomba, Robot, Jazz dance, Lady hop, Rumba, west coat swing, Boogaloo, blues",1
2380,Steps to create a chatbot,0
1161,"Classify each of the following as either a city or a country:  Seoul, Shanghai, Sao Paolo, Singapore, Sweden.",1
3707,what is the best profession?,0
3684,How would you describe the taste of coffee?,0
2421,Without quoting directly from the text give me a summary of how turist visit the falls even if they are used for hydroelectric power production.,1
1598,What is the best city in Ohio?,0
271,What are the three best commuter trains in California?,0
2083,What is the Winged Victory monument?,1
193,"Given a reference text about Psychiatry: An Industry of Death, tell me when it opened and and who owns and operates it.",1
3358,How many episodes of the first season of Game of Thrones did Daniel Minahan direct?,1
110,Who are the best wide receivers on the San Francisco 49ers?,0
1651,"When looking to purchase a bicycle, you need to understand a number of factors. These include the primary use of the bicycle being either for transportation or pleasure. When choosing a bicycle for transportation you want to factor in cost, weight and durability. When choosing a bicycle for pleasure, comfort is the main factor.",1
3353,"Classify the cities based on whether they are located in Yemen or Saint Kitts and Nevis.
Al Ḩudaydah, Ta‘izz, Basseterre, Sanaa",1
1996,What are three crafts with a wire coat hanger?,1
469,What was the Byzantine Empire?,1
3984,Imagine you met an alien last night and write about this in your diary,0
2870,Qui était Clovis?,0
2536,Who is Lewis Hamilton of Formula 1?,1
3105,What are some healthy lunch ideas?,0
133,Write an email to a landlord asking to replace a kitchen sink,0
1126,What is the best soccer club in the premier league?,0
2933,"Identify which instrument is string or percussion: Snare drum, Zither",1
2270,How soon should you make coffee after grinding the beans?,0
240,What Constitutes a Foul in Football?,1
3217,"According to this reference text about UVA, what years have UVA women won NCAA titles in rowing?",1
3390,Write a 3 bullet summary about McDonalds from this passage?,0
446,What is Sarisariñama?,1
69,What is another name for downhill skiing?,1
3203,What is the best way to approach a new cat?,0
458,Name three creative ways to utilize plastic wrap other than sealing food to keep it fresh.,0
3987,Why do people watch the English Premier League more than any other soccer league in the world?,1
2638,"Identify which instrument is string or woodwind: Violetta, Kaval",1
2016,"List all the persons in the text in alphabetical order using their surname: 

At acute times where there is a lot of pressure crossing the Channel, whether that’s on tunnel or ferries, then I think there’s always going to be a backup. I just urge everybody to be a bit patient while the ferry companies work their way through the backlog.”

Later, speaking on the Laura Kuenssberg programme on BBC One, Braverman denied the situation at Dover would repeat itself and blamed “bad weather”.

But her comments variously attracted ire and ridicule. The Liberal Democrats’ home affairs spokesperson, Alistair Carmichael, said: “These comments show Suella Braverman is in complete denial about the impact of the Conservative government’s botched deal with Europe on our borders. For Conservative ministers like Braverman, it is always someone else’s fault.

“Businesses and travellers are being tied up in reams of red tape but ministers are refusing to lift a finger. It shows the Conservative party is out of touch, out of excuses and should be out of power.”

The former Conservative cabinet minister David Gauke, who was stripped of the Tory whip for rebelling in a Brexit vote, tweeted: “If we were in the EU, the French would not need to do individual passport checks. If no individual passport checks, the process at Dover would be quicker. The Dover queues are, therefore, partly caused by Brexit. Not a contentious point, surely?”

Caroline Lucas, the Green party MP, described Braverman as being “on another planet as usual”. She said that the home secretary’s comments regarding no Brexit link contradicted those expressed by the port’s chief executive. In an interview with the Observer a year ago, Doug Bannister, admitted Brexit was causing longer processing times at the border.",0
3425,Who is Octavia Butler?,1
398,"Classify each of the following as either a stringed instrument or a percussion instrument: violin, guitar, drums, congas, bongos, bass guitar.",1
256,Write a letter to my boss that convinces them that I deserve a raise.,0
1251,write a short essay on day spent in central park,0
3247,"Name three dishes that were developed from conditions of scarcity or having to ""make do” with available materials or ingredients.",1
685,Give me ideas how I could become more productive.,0
2974,What is it like to live on the moon?,1
2515,Why is Arizona the best state to live in?,0
1470,What are the best places in the United States for a golf trip?,0
2924,What's the best genre of music?,0
1220,Write about a sport which is always interesting and can be enjoyed alone or with people.,0
2441,"Plan a 10-15 day trip from bay area to Arizona, Las Vegas, San Diego, Los Angeles",0
2373,Why do people get married?,1
3875,What are 5 potential uses for an empty La Croix can?,1
1486,"Please, give me a short bullet list of main ingredients and procedure in order to cook risotto.",1
2754,Where did Rosogolla or Rasgulla originate?,1
2649,How many regions make up the ITV network?,0
509,Tell me five ways to build relationships with my neighbors.,0
3312,Why is the ice smooth during ice hockey games?,1
2893,"What are some good things to do while spending a day in the Tamalpais Valley area of Mill Valley, CA?",0
889,Without quoting directly from the text give me a summary of Rita Moreno's greatest achievements.,0
236,Why was the iPhone such a successful product?,1
2036,Give me 5 ways to relax for an hour ?,0
1539,Do dogs reciprocate based on how you treat them?,0
945,"Which of the following are models of hoka running shoes? Clifton, ghost, superblast, rincon",1
3797,"Vanessa and Lauren are both 32-year-old women with different levels of exercise experience. Vanessa, who weighs 124 lbs, has lifted weights before but Lauren, who weighs 166 lbs, has never participated in resistance training. Both women participate in initial fitness assessments and want your advice about starting a muscular fitness program at your exercise facility. Choose a different test to measure each woman's upper body muscular strength. Briefly explain the procedures for each assessment. What common errors should you watch for?",0
213,"How many vaccines should I get, if a dog bites me?",0
2819,"As an immigrant , do you miss your country?",0
2678,What is process manufacturing?,1
617,What is Bollywood,1
42,which marathon competition should I run?,0
1481,"Identify which instrument is string or percussion: Malimba, Langspil",1
2155,"Classify each of the following as either a flying or aquatic animal: salmon, eagle, dolphin, whale, octopus, bat, goose",1
2791,What is Allsvenskan?,1
3304,What is the study of flags called?,1
1205,Who is called Napoleon of Iran?,1
1490,"Classify the animals based on their food habits into Herbivores or Carnivores.
Jackal, Hyena, Zebra, Giraffe",1
2686,Conceive a plot for a John Wick movie which includes redemption and closure,0
138,"Given the following paragraph on water resources, in what percentage is freshwater stored in the different storage forms?",1
2413,"Which characters belong to DC or Marvel Universe? Atom, Hank Pym",1
968,"Identify which instrument is string or percussion: Gbedu, Guitalele",1
510,Best place to visit in West bengal,0
2218,What is the mascot of Cornell University?,1
3178,"Divide these books into Science Fiction, Fantasy or neither. The Great Gatsby, Dune, The Fellowship of the Ring, Neuromancer, A Game of Thrones, The Colour of Magic, Brave New World, Anna Karenina, The Catcher in the Rye, The Lion, the Witch and the Wardrobe, Snow Crash, Wuthering Heights, Magician, Catch-22, Foundation, The Stranger, 1984.",1
3854,What's the best career advise you could give a new graduate entering into a technical or analytics field?,0
3631,Why Bollywood is so famous,1
3292,"Classify the following fish as either inshore/nearshore or offshore fish species: Tarpon, Bonefish, redfish, snook, trout, bass, swordfish, dolphinfish, gag, red snapper, yellowfin tuna, blackfin tuna, grouper",1
1758,What are three things I can do to be better at tennis?,0
474,What colors are in the traditional style of American tattoos?,1
2356,What is a Delta Lake?,1
1670,What are some different ways to entertain my family when they visit Boston?,0
1333,"Based on the reference text, what was the start date and the expected completion date of the reconstruction project on the Howard Frankland bridge.",1
3559,How many hands do humans have?,1
2663,"Please tell me whether these are fish or fowl: salmon, chicken, tuna, swordfish, turkey, and halibut.",1
499,Think up a bunch of different ways to spend time outdoors,0
3316,"Which of the following is a database or Streaming solution? Oracle, Kinesis, Event hub, SQL Server",1
816,"Classify each of the following sports terminologies by sport: Earned Run Average, WHIP, Bicycle Kick, Touchdown, Safety, Quality Start, Runs, RBI, Stolen Base, Batting Average, Inning, Strikeout, Shortstop, Striker, Sweeper, Stopper, Relief Pitcher, Nutmeg, Slide Tackle, Extra Point, Barrel Rate, Midfielder, Yellow Card, Red Card, Corner Kick, Goal Kick, Set Piece, Direct Free Kick, FIFA, MLS, Concacaf, Half Volley, Full Volley, Base on Balls, Batter's Box, Mound, Breaking Ball, Slider, Designated Hitter, Knuckle Ball, No Hitter, Triple Play, Double Play, Wild Pitch, Linebacker, Running Back, Quarterback, Wide Receiver, Tight End, Chop Block",1
3398,what method of commuting works best to get from Marin County to downtown San Francisco?,0
1398,What is Russia-Ukraine Conflict?,1
2451,Imagine you are the last person on Mars. Write a diary entry describing your thoughts and feelings.,0
3407,Describe some different ways to stop your car from being stolen?,0
1281,Who are some of the best guitarists of all time?,0
2044,Tell me a story about how the little kitten was rescued from a heater vent. The story should include how the kitten was bottle fed and only four days old with the umbilical cord still attached,0
1359,What are different ways to make eggs?,0
996,What is the Maareech Advanced Torpedo Defence System (ATDS)?,1
2259,Imagine you have to spend a week on a deserted island. What are 5 items you'd bring with you and why?,0
40,"My dog is a 100lb pitbull purebreed. She's always barking at people when we walk her on the street. She's friendly, however, when outside with me or the kids, her bark is loud and deep. How can I get my dog to stop barking at strangers and remove her feeling of ""threat""?",0
2489,What is the greatest movie of all time?,0
879,What should I do during a visit to Indianapolis?,0
1520,"Find the bird in this list: Shark, Dog, Arctic tern",1
3162,What's the signifying traits of Neapolitan tailoring?,1
3724,How did Washington become a state?,1
3244,Is a vegan diet health for the average person?,0
1335,What are some of the most famous fantasy books ever written?,1
1098,Write a letter from the perspective of a potential home buyer to a home owner about wanting to buy the home.,0
3952,How many judges did President Trump apoint?,1
2921,Create a LinkedIn post for sharing the news of an achievement in company.,0
2158,How do I cook the best steak on the bbq?,0
3510,Extract all of the names of people mentioned in this paragraph and list them using bullets in the format {Name},1
2789,The Coquerel's coua species was named after who?,1
3959,What is HiFI?,1
2042,"Give me a one line summary of the story below: 

A long long time ago the Queen of Odisha heard that there was a master stone sculptor who made such stunning statues of the gods that people would weep from happiness at the beauty of the statues if they saw them. One summer day, while resting indolently with the King in the main hall of the royal palace, the Queen suddenly had a thought. ""How nice it would be, King, if we could build some beautiful statutes of Lord Jagannath so that the people can come worship Jagannath, Balabhadra, and Subadhra. What do you think?"" 

The King thought for a few minutes, and then nodded in agreement. ""What do you have in mind, my Queen?"" And so, soon the stone sculptor was summoned to appear before the Court for an appointment to build in his way the statutes of the gods. Soon the monsoon season started and the sculptor appeared in front of the court, awaiting his appointment. He was a humble man from the mountainous regions of Odisha. Even at his best-dressed, one couldn't help but notice his rough hands, and the small sprinkling of dust that seemed ever present in his hair. 

The King and Queen graciously waited as the sculptor bowed and then asked ""Your majesties, what can I do for you?"" The Queen leaned forward in her throne and her voice rang out in the court ""We have heard, o Master Sculptor, of your skills from people far and wide across the Kingdom. We dream of having you put your skills to use to build beautiful statues that will represent Lord Jagannath, Subhadra, and Balabhadra for our people to worship.""

The sculptor was silent. As his silence extended, ministers of the court began to feel restless. ""Speak up! How can you be silent when the Queen graces you so!"" But still, the sculptor was silent. 

The King and Queen sat patiently in their thrones as they waited for the sculptor to respond. Perhaps the enormity of the task was too much. Perhaps, the sculptor was thinking of what he should ask for in return. Or even more, perhaps, the sculptor was awed and honored by the request. 

At last, as the shadows from the late afternoon sun began to stretch across the floors of the hall, the sculptor shifted his weight, and opened his mouth to speak. ""Your majesties, you grace me with such a request, I cannot help but oblige. It is an honor."" At this, the Queen sat as straight as a rod, listening for the words that would come next. ""But, I can do this on one condition only. I will work in a closed hall, where none may enter - regardless of whether they can hear me working or otherwise. None may enter until I open the doors from within and proclaim to all that the statues are completed.""

The ministers gasped - what a strange request from this man. Was he a fool? What if he just slept and ate and didn't do any work? How could the King and Queen trust that he would do the work he was promising to do? The Queen looked on thoughtfully. She glanced at the King, and it seemed to her that he agreed on this condition without reservation. She looked at the sculptor and then nodded her assent. ""We decree that you shall build these statues in a hall set aside, into which no one shall enter until your work is complete and you proclaim that to us after opening the doors of the hall from within.""",0
3082,what does it mean to have brunette hair?,1
1734,What language should I learn?,0
1437,"How are the characters Balrog, Vega and M. Bison connected in Street Fighter II?",1
2782,How can I initiate conversation with a stranger?,0
977,What is the format of an email?,1
379,"Write a plan for a road trip to ski resorts in California that are available on the Ikon pass, with stops at three different resorts. The plan should depart and end at San Francisco, include a budget, timeline, and short description of each resort.",0
198,Is it easy for American technology companies to open an office in Dubai?,1
2166,From the passage identify the usage of Limestone. Display the results in a numbered list format.,1
3454,What are dogs?,1
1605,Give me a list of good psychedelic rock bands that I'd like,0
2391,"which weighs more, a pound of bricks or a ton of feathers?",1
1789,"What is a good second language to learn beyond English, and why?",0
2922,Write an email to my friend who lives in Minneapolis to help convince them to move to Austin Texas.,0
2246,"Given a reference text about the incudomalleolar joint, tell me its main function.",1
2880,"Netflix views streaming video as a ""sustaining"" technology that extends its core mail DVD business. Do you agree with this, or do you think streaming video is a ""disruptive"" technology for Netflix that does not align with its core business and requires a different strategy?",0
1131,What is the difference between ADLS Gen 1 and 2?,1
628,What makes a good teacher?,0
1551,What human foods are toxic to dogs?,1
1616,What's the best way to learn how to snowboard?,0
873,"If I have auditioned for and accepted a role in a local, community theater production, is it acceptable to drop the show later if something else comes along I like better?",0
2721,What are some basic spirits you should have at your bar,0
453,What is the best food in the world?,0
3708,"Given this paragraph about a Tesla Model 3, tell me what the EPA-rated ranges are for the various models.",1
2653,What are some good places to go on vacation?,0
1872,"Given the reference text about the Spanish-American war, when and how did the war end?",1
1562,Give me a list of the best places in the United States to go skiing,0
2929,Extract and list the names of characters a player can control in The Last of Us mentioned in the paragraph. Also describe relationships between those characters.,1
3458,"I'm confused as to which of these food staples have gluten and which are gluten-free. From this list can you tell me which is which: Pasta, rice, potatoes, noodles and bread.",1
1458,Is it better to buy a used car compared to a new car?,0
1191,"Write a manifesto for the ""Be IRL"" movement. The movement advocates being present to your surroundings and fellow humans, vs being immersed in the virtual world created by our smartphones.",0
1253,Who is William B. Davis?,1
1626,"Tell me whether these are tree nuts: coconut, walnut, nutmeg, peanut, sesame, cashew, macadamia, almond.",1
1364,Who were the United States Presidents?,1
1452,"Determine whether each of the following items is worn on somebody's head or feet: helmet, shoes, sandals, hat, socks, beanie, cleats",1
390,What does Pinot Noir mean?,1
1188,What are the key functions of FDIC?,1
76,Argue that large language models are not conscious.,0
401,What are some movies about Artificial Intelligence and Machine Consciousness?,1
2825,"Given a reference text about the Organization of the Petroleum Exporting Countries, when was OPEC founded and how do economists describe OPEC's power over oil markets?",1
1515,"How do Nietzsche and Haraway critique the concept of scientific knowledge and its pursuit of objectivity? How do they use the ideas of ""the god-trick"" and ""pride"" to explain the faults in scientific discoveries?",0
2943,"From this text, find out the pros and cons of dredging",1
1369,What is a demand plan?,0
2347,What is the difference between American Football and European Football?,1
595,"Identify which animal species is alive or extinct: Spinosaurus, Common Bottlenose Dolphin",1
2495,Write  the first paragraph of an advertising brochure describing an hotel nearby the Annecy Lake in France,0
2281,Name the largest cities in Canada,1
327,Please give me a bulleted list of the fundamentals of baseball,1
1561,Write a story on humans on Mars.,0
576,What is the Jones-Connally Act?,1
1233,In which years did Ernie Wilson play his first and last grand finals?,1
2242,Should I have Kids?,0
3257,What are some good body weight exercises for the upper body?,0
414,How long did World War 2 last?,1
3356,"Tell me whether each of these dishes are served cold or hot: pizza, pasta, tiramisu, ice cream, ribs, steak, ceviche",1
3638,"Write an intro to a meetup about music, medicine, and machines",0
613,What are the best superhero movies of 2022 ?,0
157,Write a compelling short story,0
3533,Write a convincing argument about why cats are better than dogs,0
1157,When was the first bicycle race?,1
1435,"Identify which systems in this list are part of the Hadoop ecosystem : MapReduce, MySQL, Google apps, Hive, Pig",1
3644,Tell me about Crater Lake National Park,0
2786,Why german cars are best?,0
2537,Give me a list of 10 books on building better habits,0
3127,"As per Bernoulli's principle what should the sum of kinetic energy, potential energy and internal energy be?",0
2561,In which cities was the AFL Grand Final played during COVID-19 ?,1
774,Give me 5 ways to reduce my electricity bill.,0
1163,"Given this paragraph on the Persian language, which are the 2 sub groups of the Western Iranian language?",1
3185,The former Chairman of Tata Sons died in road accident  en route  from where?,1
1449,"What team represents Concordia University in Irvine, California?",1
1877,What are four movies with Sandra Bullock.,1
2822,What are some of the best places to eat in Boston?,0
952,What is the fastest car in the world?,1
1754,What is India famous for?,1
2141,In Japan what color car is reserved for the royal family only,1
2809,"Identify which instrument is string or woodwind: Bandol, Soprano clarinet",1
215,Extract the names of the original songs Sandler performed on Saturday Night Live and list them in bullet format.,1
3611,"Write a short letter to a dear friend who just lost their Mother, only six months after losing their father.  Both of their parents were someone you and your family were also very close with.",0
1688,"Tell me whether these are mammals or amphibians: rats, cats, dogs,  frogs, toads, salamanders, newts, caecilians, deer, monkeys, apes, bats, whales, dolphins, and humans.",1
1408,What are the primary ingredients and spices that go into Greek cooking?,1
1002,"From the passage provided, extract major material composition of Jupiter",1
2898,On a golf course where are the holes?,1
2546,When did money originate?,1
3329,what are the different ways to set up a stereo music system at home?,0
2957,How many series did Dance Mums air?,1
2799,What should I consider when deciding between electric car or gas car?,0
2625,Who was the prophet Muhammad (pbuh)?,1
1979,"How would you categorize the following sports into two groups; football, rugby, cricket and baseball",0
135,"As a golfer, how can I fix my slice?",0
2493,What is the Role of the Fourth Official in Football?,1
2447,Where is the best place in my home to store valuable and sensitive documents?,0
3333,What is the best way to store passwords?,0
3883,How to write a college essay?,0
1475,"Identify which animal species is alive or extinct: Elasmosaurus, Blue Whale",1
2904,what is oracle?,1
2366,What kind of espresso machine is best for home use?,0
2178,"According to the passage, mention some of Taylor’s hit songs after signing for Republic records.",1
2961,Who landed on Timor Island after being cast adrift,1
1182,Why zurich is so beautiful,1
1483,"Given a reference text about S26, tell me where it begins and ends.",1
3643,"From the text, please extract and list Nokia's market capitalization timeline.",1
1272,Best sports in the world,0
3845,"whats needed to make a biryani?

rice
chicken
honey
sugar
oil
pot
towel
barbeque
onions
oven",1
988,How do you give a good presentation?,0
3929,What are the benefits of the 2-3 zone defense in basketball?,1
3681,"Tell me whether the following politicians are associated with California or Florida: Kamala Harris, Nancy Pelosi, Ron DeSantis, Marco Rubio, Charlie Christ, Diane Feinstein, Gavin Newsom",1
482,"In the series A Song of Ice and Fire, who is the founder of House Grafton?",1
979,"If my car's fuel tank fits 18 gallon, how many times do I need to refuel on a 10-hour trip if the average speed is 60mph and the car's fuel efficiency is 30mpg?",0
1863,What is the best way to invest my money?,0
1358,How many slide positions are there on a trombone,1
564,What is an interception in American football? Write your response as if you are American explaining it to a coworker from another country.,0
212,What is a good way to convince someone to do something,0
3938,What is the hero WoD called Murph?,1
419,How was Napoleon defeated?,1
3567,"Tell me which of the following cartoon characters are in Bluey: Chilli, Tom, Jerry, Bandit, Bluey, Peppa, Mickey, Scooby, Bingo, Chester.",1
3101,Why are In-N-Out cheeseburgers so good?,0
276,"From the passage provided, extract when Susanna started as a principal.",1
3237,What were the origins of basketball?,1
3729,Name some of the best tourist spots in USA?,0
737,What is the best way to travel from Philadelphia to Raleigh?,0
2354,"From the given passage, write down some interesting points on butterflies",0
3057,What are some of the famous festivals of India?,1
643,Conference of Parties (COP) is the supreme body of?,1
3662,Why is drinking coffee better before sport?,0
2253,"Given this paragraph about Twitch Interactive, in what year did Amazon acquire them?",1
1820,What are some ideas for a birthday celebration for a 4 year-old boy?,0
3600,Give me a list of ways to express your love to someone,0
3068,What wine varietal is the most popular produced in Oregon?,1
1467,"How did Andy Warhol create the ""piss paintings""?",0
953,Give me a list of the major food allergens I should be aware of when cooking.,0
1648,Which technology is best to learn for 2023 and the future?,0
2174,"In SQL, how can I filter table rows based on a column condition?",0
1056,"Using Max Weber's ideal bureaucracy as outlined in the provided text, generate 5 pro and 5 con bullet points on how bureaucracy is applied to an organization in practice.",0
1256,What causes leaves to change color in fall,1
1082,Extract the name of the founder of Salesforce from the text,1
3267,"Write a short story about a person who gets fired from his job, but ends up having the best day of his life.",0
909,History of the Arches National Park creation.,1
1242,What is a good dad joke?,0
1265,"Write an opening passage to a story that is based on a world where cloning is rampant, in the style of dark humor.",0
3009,What kind of species is the Blissus insularis,1
1549,What is a smart contract?,1
3972,Who is the greatest hockey player of all time?,0
7,What is HTTP?,1
2648,Who are the best rappers in history?,0
3234,What type of bicycle should I buy?,0
2201,"What is a way I can trick my mom into thinking I'm sick, so I can skip school today?",1
1614,What is the best Engineering college in Bangalore?,0
3011,What should be the best personality in a man,0
1666,Write a letter to Dear Abby on relationship advice.,0
3373,What does a typical financial planning and analysis team structure consist of?,1
2359,What advice would you give to FBLA competitors for future years?,0
47,What spices are in shawarma seasoning?,1
1578,What are the books in the 'A Song of Ice and Fire' series and when were they released?,1
184,What advise would you give  on touring India?,0
1230,Give me a list of 5 first date ideas,0
3182,are GSIs important to being a global company,1
1778,"Identify which instrument is string or percussion: Monkey stick, Tzouras",1
806,What are some best practices to prepare biryani,0
1123,What should I think about when buying a car (summarization),0
694,Give me a list of the best PC games of all time.,0
3808,Who owns the canoe named The Island Bird?,1
1168,Who are the best hitters in major league baseball I've never seen?,0
1869,What was the duration of the Lewis and Clark Expedition?,1
676,"Fix spelling, grammar and factual mistakes in the text below:

Finland prime minister, Sana Marrin, has lost her battle to stay in power after her centre-left Social Democratic party (SDP) was narrowly beat into third place in a cliffhanger election by its conservative and far-right rivals.

With 99.4% of votes counted on sunday, the right-wing National Coalition party was on course to secure 20.7% of the vote, with the populist, nation-first Finns party predicted to score 20.1%. Marin’s SDP was forecast to collect 19.9%.

Marin congratulated the election winners during her concesion speech, but hailed an improvement in both her party’s vote share and its projected number of MPs. “It’s a really good achievement, even though I didn’t finish first today,” she told supporters in Helsinki.

“Democrcy has spoken, the Finnish people have casted their vote and the celebration of democracy is always a wonderful thing,” she added. “We have good reason to be hapy about this result.”",0
1210,Where is Horsfieldia nervosa nervosa endemic to?,1
150,Who is the company Nestle,1
430,"Classify the following celebrities as Indian or Non-Indian: tom holland, gigi hadid, sara ali khan, vijay sethupathi, priyanka chopra, tom cruise, brad pitt.",1
2465,What are the pros and cons of outdoor and indoor soccer?,1
1165,What does airplane glide ratio mean?,1
1903,Name some famous Sci-Fi books,1
1583,Write a journal entry from the pandemic.,0
3936,"Of the following Quentin Tarantino films, which did he just write and direct, and which did he write, direct, and produce?

Reservoir Dogs
Pulp Fiction
Jackie Brown
Kill Bill: Volume 1
Kill Bill: Volume 2
Grindhouse: Death Proof
Inglourious Basterds
Django Unchained
The Hateful Eight
Once Upon a Time in Hollywood",0
2514,"Classify these Indian cities into states that they are in.
Hyderabad, Kolkata, Purulia, Medak, Warangal, Darjeeling",1
373,Write a bullet-pointed list of updates from a college club fundraising team lead about their fundraising work from last week.,0
1784,Who is the best all-time soccer player?,0
1434,What is an excavator?,1
1368,How to prevent the extinction of the human species?,0
3279,Write a short story about a person who discovers a hidden room in their house. The story should include a plot twist and a clear resolution at the end.,0
3025,Which is the windiest continent on Earth?,1
383,Tell me three key things to do to drive a car faster on a track,0
1955,Should generative AI be banned from the classroom ?,0
932,Name a good wood for a beginning wood carving project?,0
1401,What is the best way to cook a steak?,0
1929,Come up with a bunch of options for a child's Birthday Party,0
3725,Which city is best in Australia,0
2966,Steps to prepare an omelette,0
1829,What is a newspaper?,1
3377,Name some books of the Bible.,1
2228,Write a recruiter message to someone in tech on LinkedIn,0
3541,"What are some fun activities to do in Maui, Hawaii?",1
972,When do avalanches occur?,1
222,Discuss at least two risks associated with scraping data from websites. Describe steps an analyst could take to mitigate those risks.,0
1970,Which movie was originally declared the winner for Best Picture?,0
286,What is AWS EKS?,1
1950,What are some good costumes I can wear for Halloween? Give me at least five in a bullet list,0
1827,How do I wire an electrical outlet?,0
60,I need a bulleted list of a few things people like to do with trees.,0
2462,Who was the best team in the NFL during the 1984 season?,0
3671,how to get out of maze,0
3488,why is context switching bad for computer performance?,1
3405,A dialogue between two characters discussing the impact of social media on their lives. Both positive and negative points,0
3814,Which state is named in the passage?,1
691,What is the Premier League?,1
1192,What are some best practices to keep car tires from losing tread prematurely,0
1677,Name the four members of the Beatles.,1
3165,"Tell me whether these cities are in the United States or not: Dallas, Seattle, Mumbai, Ljubljana, Rochester",1
2062,Based on this paragraph when was the last time we sent them to space?,1
1568,What event triggered the start of WWI?,1
3258,What is the fastest point of sail?,1
3580,"Hello, my family and I recently went to the zoo and saw a number of animals.  Please identify the animals in this summary and organize them in order of size.  My son's favorite animal is an elephant, and he saw an elephant in the grassland.  My wife caught a parakeet trying to eat our popcorn.  My daughter was scared by lion that she saw on the prairie.  I missed all of these animals and only saw a boa constrictor in an a cage.",0
3844,What are signs my partner is cheating?,1
426,summarize the responsibilities of a data architect,1
2604,what are the different types of music genres,1
3930,"i want to eat healthier. what kind of food in my diet should i cut out? Everyday I have a yogurt, burger, pizza, salad, and coffee.",0
3447,Who won the San Diego Film Critics Society Award for Best Cinematography in 2012?,0
2651,What do you think of chewing gums?,0
597,Write a polite rejection response to a LinkedIn recruiter,0
399,"On what day did the invasion of Normandy, France occur in World War II?",1
3325,What is the best way to get to Philadelphia from Downingtown if you do not have a car?,0
142,What is fair market value,1
195,Give me a brief about Manchester City,1
572,Should I pursue a degree after graduating high school?,0
1959,Who is the greatest ever soccer player?,0
3996,What kind of bacteria is Bifidobacterium thermacidophilum,1
2585,Write a short story about a person who discovers a hidden room in their house. The story should include a plot twist and a clear resolution at the end.,0
2670,Write a paragraph on the difficulties of seizure detection among epilepsy patients.,0
821,Why did Cato think that Carthage must be destroyed?,1
2486,Which football team should I support?,0
1448,"Are space objects affected by planets? If so, why?",1
1523,Which company built the F-22 Raptor?,1
2984,Write down four different things that can go in a salad,0
3608,Who is the best ever President of the United States ?,0
3941,I want to develop OKRs for my team at work. What process should I use?,0
2295,What are the different towns that make up New England?,0
1204,What's a good way to make a baked potato?,0
3109,Who is the best men's test cricket player to have come from New Zealand?,0
2776,What's the best for indoor plant?,0
1633,Why is the Pacific ocean typically cold off of the West Coast of the United States?,1
3851,"What episodes did William Gibson write for ""The X-Files""?",0
791,"From the passage provided, extract all the accessories provided with the Advanced Video System",1
3240,Which is better - skiing or snowboarding,0
3323,"Identify which instrument is string or percussion: Singing bowl, Kibangala",1
2464,What's the best baseball team?,0
2944,How many Spitfire fighter aircraft remain airworthy,1
1858,Why should one travel the world?,0
3642,Give me tips on how to stick to habits?,0
3521,The founder of Gupta dynasty was,1
663,What are some of most popular science fiction and fantasy books with TV or movie adaptations in the past twenty years?,1
1,What are the best things about being in a loving relationship?,0
3819,What are snowshoes?,1
513,Should I pursue a PhD in STEM?,0
3547,What are places that should be on everyone's bucket list?,0
1003,What were the names of the people who wrote Massive Attack's Unfinished Sympathy? Extract the name and surname into a comma-separated list.,1
2404,What are the three highest peaks in the UK?,1
714,Would my landlord allow me to have my dog living at the house?,0
3874,What are ten places I should eat in Paris?,0
2263,"Given that preserving human brains for more than a century is fairly uncommon, what do you think was the motivation for preserving Guiteau's brain?",0
109,Which are the five best manufacturers of electric vehicles sold in the United States?,0
3263,How would you describe genomics?,0
3667,Give me a list of the best breakfast foods I've never tried,0
2804,Why do audiophiles spend lots of money on high-end audio equipment and does more expensive gear always sound better than less expensive hardware?,0
1924,How can I support a loved one going through anxiety and depression?,0
3183,"In the series A Song of Ice and Fire, who is the founder of House Lannister?",1
2012,Think up of different foods that are good for when you are sick,0
465,Best Airline in the world,0
3919,"given this article about Enrico Silvestrin, what year did he get evicted from Celebrity Big Brother?",1
307,What are the best 10 high protein options to eat?,0
1690,How can I improve my finances?,0
2864,What is an ATM?,1
3869,List some of the best life changing self-help books,0
3086,"Name some of the great TV shows of the 1970s, 1980s and 1990s",1
682,How tall is 970 Park Ave?,1
2059,"Given this paragraph about Bichon Frisé,  where did this dog breed originate?",1
3125,Please tell me a little bit about the personal lives of the best hockey players at this time.,0
699,What are a list of items I should have on my grocery shopping list every week,0
877,What programming language should I learn?,0
3394,"Given a reference text about David Moses ben Meir Dyte, tell me what he is known for.",1
3171,What is a DAW?,1
3349,Give me a list of the best Romantic Comedy Movies,0
1393,"Which of the following are types of real estate assets: single family homes, multi-family homes, apartments, condos, townhomes, rocks, dirt, cars, diamonds, gold, land, water, doors.",1
37,What are the three largest ethnic groups in Kenya?,1
618,What activities are popular among tourists visiting the Texas barrier islands?,1
1866,"Which of the following are ice cream toppings and which are salad dressings: thousand island, chocolate sauce, hot fudge, balsamic vinaigrette, whipped cream, and Caesar.",1
2692,Give me 5 ways to use a ripe avocado,0
2815,"Identify which instrument is string or percussion: Geophone, Penorcon",1
371,What do the letters MG stand for on cars,1
2675,Write a diary entry for a dog that only likes one person that lives in the house on a day that their favorite person was gone all day.,0
2235,"Identify which instrument is string or woodwind: Asor, Aulochrome",1
3478,Extract all the dates from this paragraph provided.,1
3133,What religion is the oldest in the world?,1
2795,"You are a young citizen of a developing country. Write a letter in less than 150 words to a newspaper, highlighting your concern over incorrect disposal of biomedical waste and to spread awareness of the same.",0
2764,Who is best Alexa or Siri,0
941,Name some fruits that have green skin.,1
3338,"how many strings guitar have?
how guitar projects sound?
what are different types of guitar?",1
3802,"Categorize these football teams as either ""Spanish"", ""English"", ""German"" or ""Other"". Manchester United, Arsenal, Ajax, Borussia Dortmund, Real Sociedad, Club Atlético River Plate",1
912,Which is the best meal delivery service?,0
569,Write some points about Ministry of Public Health (Thailand) using given text as a reference,0
585,"My partner is a 30 year old male who likes to travel, read books, cook, and paint. What are some good gift ideas for his upcoming birthday?",0
454,What was Lieutenant Columbo's catch phrase on his TV show?,1
2805,"Which characters belong to DC or Marvel Universe? Reptil, Beast Boy",1
1107,"As of 2022, how many member states make up the European Union?",0
1692,What is my Chinese Zodiac sign (animal)?,1
3032,Tell me about toys that can help children learn to write.,0
2265,"Given this paragraph about Chief Uncas, who was he?",1
710,what is one good example on a hackathon project for a middle school student for programming?,0
2113,how can we prevent the best river floods?,0
1022,How can I sleep well at night?,0
2542,Who is the Ferrari formula 1 team principal?,1
2070,Who is the first king in China history?,1
1687,"Identify which instrument is string or percussion: Chenda, Suroz",1
252,When was Lure of the Swamp released?,1
2659,How should a 30 year old invest their money to enable them to retire by the time they're 65?,0
29,What is the most common spoken language in the world?,1
1807,What do you think a conversation between two AI bots would look like?,0
1249,"Identify which animal species is alive or extinct: Thylacosmilus, Swift Fox",1
1030,Write an apology letter to my wife for eating the last of the Oreo cookies and drinking the last of the milk.,0
1450,"if you have 2 ducks in front of a duck and 2 ducks behind a duck in a row, minimum how many ducks you have?",0
3277,"From the passage provided, extract supported consumers for Spark streaming. Separate them with a comma.",1
2550,Is a golden doodle a good pet for a family with young children?,0
982,Who is the finest Indian cricketer right now?,1
111,What is social media?,1
2738,How did Jim Henson die?,1
3255,How to make Indian Lemonade?,1
2322,Provide a list of the best baseball players of all time,0
2137,"Classify each of the following as either a place or a thing: Rhode Island, cup, New Jersey, New York, watch, tv.",1
1389,Imagine you are someone's shadow for a day. Write about your experiences in the present tense.,0
3313,Why is California the best state?,0
3246,Why is Manchester United the best football team in England?,0
2910,Write an email to the condo HOA as why including a flat rate of water bill into monthly HOA fee is a bad idea,0
2701,Give me a list of the best movies I've never seen.,0
1494,Who was found guilty for the murder of Nualchawee Petchrung?,1
3735,What is the Australian Open?,1
300,"Identify which instrument is string or woodwind: Giga, Panflute, Chuniri, Dizi",1
1746,What are the ways to travel from Delhi to Varanasi? And how long does each route take?,0
1954,"Given the reference text, what is the female equivalent of Karl?",1
3108,"What is a good Indian restaurant in Redmond, WA",0
913,What is Terraform?,1
2552,From the passage find spacecrafts which are manufactured by SpaceX. Display the results in comma separated format.,1
3031,Please propose an argument to convince my mother that she increases the amount of money that I get every month during my studies. I think the current amount is too low.,0
2120,What is the best season to visit Japan?,0
2057,Describe a morning routine from a 2 year olds perspective,0
1440,Come up with a marriage proposal in a holiday at Sicily.,0
1137,What film won Best Picture at the 95th Academy Awards in 2023?,0
3583,What is it like to have children and how many should I have?,0
283,Write a haiku about a naughty cat.,0
3212,"Without quoting directly from the text, give me a rundown of the greatest risks from attempting to climb K2.",0
959,With which countries does Indonesia share borders?,1
2207,Write a friendly email to my neighbor asking them to keep the noise down after 10pm on Weekdays.,0
2484,Is switchgrass a good biofuel source?,0
537,Who was General Sir Henry Clinton,1
860,Who is the greatest guitarist of all time?,0
3224,"Identify which animal species is alive or extinct: Repenomamus, Jaguar",1
2734,Should I visit Chicago?,0
1371,Please write a socia media post about why Leo Messi is the best soccer player in the world.,0
3049,Why should I use toothpaste,0
2379,Where does the word cliche come from?,1
1097,What is a good Manhattan recipe?,0
2181,What book won the Hugo Award for Best Novel in 1990?,0
3448,What are the five boroughs of New York City?,1
1512,What is the best hand in poker?,0
397,What factors should I considering when selecting a tennis racquet?,0
3078,How can introverts maintain friendship.,0
3467,Why are some people vegetarian?,1
1527,What is the best way to get from one place to another?,0
3435,When did California become a state?,1
2994,"Classify each of the following as a band or sports team: Blink 182, Buffalo Bills, ACDC, Rolling Stones, Miami Dolphins, Boston Celtics",1
3001,Why is Stephen Curry the best player in the NBA?,0
647,Give me a list of the best golf courses in America,0
2557,"Imagine you are planning a menu for Thanksgiving Dinner. Build out a meal with two main dishes, four side dishes and two desserts. I have an aunt with Celiac disease who is vegetarian, so make sure there are options for vegetarians and people with celiac disease in each course, and explain what my aunt can eat in each part of the meal",0
363,How many football national championships has the University of Georgia won?,1
826,what is a computer?,1
1934,What type of battery should I get to power my trolling motor?,0
3781,"From the passage provided, display a list of reviews in the format: {Reviewer name} - {Review}",0
1786,When is the best time to transplant bearded iris?,0
2722,What are other names used for Good Friday?,0
2581,Tell me about the Qingdao Qianwan Container Terminal,1
2902,Why were the Beatles so popular?,1
1613,Who owns the best dog in the world?,0
1826,Who was the Italian dictator responsible for introducing fascism to Italy and joining the Axis in World War 2?,1
107,What Is The Tesla Model Y’s Charger Type?,1
536,What state makes the best BBQ?,0
2149,How to give a good presentation?,0
2424,What are five creative ways to use paper?,0
1376,How do you increase your output on a Peloton ride?,1
2491,Should I marry/ commit my significant other?,0
394,Who is the greatest male tennis player of all time?,0
3999,Give me a list of the best movies I've never seen.,0
3974,Is it better to ski or snowboard?,0
582,Which are the best movie sequels in the past century?,0
3610,What is Thomas Anderson's hacker name?,1
2955,What is a ceiling joist?,1
870,Q: How can I prevent COVID-19?,0
2032,Name four pork products I could expect to find in a delicatessen,1
3036,Write about the potential ethical concerns of de-identification techniques.,0
1048,Is it easier to travel with a baby or a toddler?,0
409,What is Microfinance?,1
3103,"Given a reference text about Pwojè Pyebwa, who funded the project?",1
217,Why Audi Q5 sportsback is best over its rival,0
3770,Write a haiku about how much I love pickles.,0
3834,Can you tell me something interesting about Bald Head Island?,0
3741,How to stay calm in stressful situations ?,0
3243,"Which tastes better, red or green grapes?",0
846,"Classify each of the following as either a bird, animal, reptile or insect: tiger, heron, eagle, alligator, snake, spider, ant, dog, cat, rhinoceros, kingfisher, chameleon, hornet, butterfly",1
2618,What is the origin of ethnology?,1
1133,"Given this reference text about the Hawaiian scale, how tall is a wave that is six foot Hawaiian?",1
735,Are there rules that you should live by to be happy?,0
3087,How many strings are on a violin?,1
2299,Quel a été l'impact de la révolution française ?,1
3891,What are the ten best restaurants in London?,0
3475,What should I get my wife for mother's day?,0
841,"What are five totally distinct, creative ways to describe the usefulness of a broken mind.",0
3998,How can I join two pieces of wood together for making furniture or drawers?,0
3457,Write an email to the city of Berkeley requesting a refund for basketball camp because it was boring.,0
761,Who are Torvill and Dean?,1
2760,Who were the ten best baseball players in the history of the Boston Red Sox?,0
2251,"When running a marathon and attempting to run a personal best time, categorize the following as either ‘useful’ or ‘not useful’, ‘dangerous’ or ‘neither. Fast digesting carbohydrates, a fire extinguisher, a weight vest, scissors, running shoes",0
1327,Give me a bulleted list of reasons why Lionel Messi is the best soccer player of all time.,0
919,What is the difference between a fruit and vegetable?,1
2172,"What should I do if I disagree with a friend, co-worker or family member on something I feel passionate about, such as politics?",0
1252,What is Cricket in sports?,1
2077,Who is the Zurich Insurance,1
955,Why you should have 2 incomes,0
605,What are dividends?,1
206,What is the difference between interface and abstract class in Java?,1
1028,When was the 8088 processor released?,1
2184,Why is American Football popular?,1
1287,Describe ZMOT (Zero moment of truth) and how it differs from the 3-step model of marketing that was prevalent at the time of its introduction.,0
1140,List the ingredients and step by step instructions to make a glass of AMF.,0
3811,"Which of these programming languages is different from the others : C++, Java, Go, Scala",1
1000,Write the first paragraph of a blog post describing the appeal of gravel bikes in the bay area.,0
796,Who is Travis Payne?,1
404,Please give me a brief summary of this paragraph about Tom Brady's NFL accomplishments.,1
1850,"Which of the following songs are by the Grateful Dead and which are by The Beatles: Don't Let Me Down, Sugar Magnolia, Hey Jude, Bertha, Throwing Stones, Let It Be, Truckin', Friend of the Devil, Uncle John's Band, and Here Comes the Sun.",1
3830,"Tell me if these vegetables are or are not green: carrot, courgette, bell pepper, radish, spaghetti squash, onion.",1
674,"What is the concept of a good life according to Socrates and Aristotle, and what are the components that contribute to it? Is a good life innate or learned, and can anyone achieve it?",0
3511,Give me a list of the greatest basketball players of all time.,0
3499,What is Dharma Sabha,1
1697,"Given this reference text on the creation of centaurs, where did the mythology originate?",1
777,Who is JFK?,1
2892,What is the current best TV show?,0
2997,"Given a reference text about Run Towards the Danger, tell me how many essays are part of the collection.",1
3285,When does tropical cyclone season occur in the Southern Hemisphere?,1
3937,In 93rd Academy Awards(Oscar Awards)The Best Picture award was given to whom?,0
1152,Which is a species of fish? Bream or Cream,1
337,What is Central Park?,1
87,"Why is Santa Cruz, California a great place to live?",1
64,Write a poem about a man named Chris who lives at the gym and fights monsters,0
620,According to the passage what is the best way of making progress with mathematics?,0
2658,"Which of these movies were nominated for Best Picture?  ""All Quiet on the Western Front"", ""Everything Everywhere All at Once"", ""Avatar:  The Way of Water"", ""Glass Onion"", ""Pinocchio"", ""Navalny"", ""The Whale"".",0
1937,"What is the meaning of ""tidal coupling""?",1
592,"Identify which instrument is string or percussion: Damphu, Dulcimer",1
1574,What are some of the best Sports Movies of all time?,0
511,Provide me with a some ideas on healthy activities I can do in nature.,0
721,How do you plan a trip?,0
3357,Write a brief summary of Nezami Ganjavi's Layli and Majnun.,0
3280,"Extract from the text what are the details needed for a  subledger, or subsidiary ledger. Separate them by a comma.",1
1008,Imagine you are the last person on Earth. Write a diary entry describing your thoughts and feelings.,0
1031,Why do the Dutch wear Orange?,1
3848,How to sell?,0
1101,To which family does the Chasenella belong to,1
2282,"Given this paragraph about the Roman temple known as the Pantheon, tell me whether we definitively know why the temple was called the Pantheon.",1
920,Which bird flies the farthest?,1
1081,What was the first American college rowing club?,1
3589,Who is the greatest golfer of all time?,0
3574,Write a sarcastic apology letter to a neighbor after they complained about you being too loud in the middle of the day. Make it no longer than three sentences.,0
1774,What are some good beginner songs to learn on guitar?,0
2132,Is it safe to invest in stocks?,1
2208,What is the Trans Tahoe Relay?,1
648,Why should I change my car oil?,0
428,What is SSA in compiler design?,1
3368,What are the best Classic Rock bands?,0
1865,"I really like flying and am thinking about joining the U.S. military.  If I want to be a pilot, which part of the military should I join?",0
136,Who is the best surfer in the world,0
1716,What is the dominant character encoding for the World Wide Web?,1
570,What is the difference between fruit and vegetables?,1
1680,Who is the first chairman of Chine?,1
2098,Who discovered the double-helix DNA structure?,1
2401,What is one of Poseidon's many powers?,1
1504,What is the best data warehouse,0
159,"If you are about to be admitted to the hospital overnight, categorize each of the following as either useful or not useful: a phone charger, a camping tent, reading glasses, a cruise ship, 10 bags of lumpy cement, a favorite blanket, and headphones, and a grand piano.",0
1704,When are storms most common in the North Indian basin?,1
3330,What is base board?,1
1762,Write a guide for how to catch a smallmouth bass.,0
2755,How should I think about ways to arrange a desk in a home office,0
2576,Write an analysis of the meaning of the green light in the Great Gatsby,0
1010,Think up different ways to make a baby stop crying.,0
859,"What is the answer to life, the universe, and everything?",1
2973,5 best Resume titles,0
515,What is Grafana?,1
3007,What are some of the best ways to generate passive income?,0
152,How many world championships has Max Verstappen won?,1
1768,"From the passage provided, extract the name of the 37th speaker of the House of Commons  of Canada",1
2287,What are the world's most popular sports?,1
335,"classify the following as good stuff vs bad stuff:
inflation
wars
collaboration
renewable energy
soil erosion
peace
harmony
violence
bloodshed",0
1499,What is a tennis leg injury?,1
3215,Can you tell me about Rugby Union?,1
2549,What do players of American football wear helmets? Write the response as if your are an American explaining to a coworker from another country.,0
3278,What are the primary characteristics of pluralism (also known as interest group liberalism or polyarchy)? What are the main criticisms of this theory?,1
627,"Identify which instrument is string or percussion: Kpanlogo, Shamisen",1
546,Give me a bulleted list of who received the last best player awards at the World Cup.,0
1263,Is The Last Of Us Part I a good PC game?,0
405,List of Cat Breeds,1
1601,Extract the stages for portfolio optimization from https://en.wikipedia.org/wiki/Portfolio_optimization,1
3134,Extract all of the names of people mentioned in this paragraph and list them using bullets in the format {Name},1
2748,How do you cook beef short ribs?,0
2817,What is the legality of owning an alligator as a pet in the United States?,1
652,"Given this reference text about the Catholic University of America, tell me when it was established, where it is located, and who founded it.",1
3370,How can you take good star photos?,0
3702,What empire was Augustus the leader of?,1
3969,Why is Sauna or heat therapy good for you?,0
3299,"What are some of the best camping locations in Ontario, Canada?",0
2865,What is the best way to approach a new cat?,0
3847,Write a short story about a person who discovers a hidden room in their house. The story should include a plot twist and a clear resolution at the end.,0
2942,What are the top graph databases?,1
1885,What kind of immigration system is the best,0
1699,Why did the Prix Lupin not take place from 1915 to 1918?,1
850,What is Ramadan?,1
3517,What is the best time to visit Florida?,0
3128,"Write a short story about an inn staffed by bears, birds, and sea creatures. The story should include details about the staff and the activities that the inn offers.",0
2624,Give me some tips to impress my aspiring Father-in-law.,0
2614,What is there to do in Cleveland Ohio?,1
1094,What was the race consisted of?,1
797,Give me a list of things I should bring when taking a baby to the park.,0
884,What are some good activities to keep kids busy while traveling?,0
97,What should be your day to day creator device ?,0
3059,What is so fragile that saying its name breaks it?,1
2069,What does zan zendegi azadi mean?,1
2920,https://en.wikipedia.org/wiki/Narendra_Modi#Public_perception_and_image,1
1051,Name some of the more renowned British Romantic poets.,1
179,"A 30-year-old member at your fitness center has been weight training for 4 months and claims to have made significant gains in strength. Twice a week, he performs 1 set of 12-15 repetitions using 8 weight machines. Over the last 6 weeks, he's noticed that he isn’t achieving the strength gains that he’s used to. How would you modify his training routine to optimize gains in muscular strength?",0
3973,A las vegas seven days trip itinerary including budget and activities for a group of 5 friends.,0
2586,What are fun things to do in New York City,1
1070,Who won an Oscar for the African Queen,1
3573,Why is football/soccer such a popular sport?,1
3155,"When I use Delta Lake, will I be able to port my code to other Spark platforms easily?",1
167,What do you think about Lake Tahoe as a destination to rent a cabin either for summer or winter?,0
3920,Explain to me why people decide to go vegan.,0
1936,What is the YIMBY movement?,1
3282,Why you should sleep at least 7 hours,0
473,What is the best northeast mountain for skiing?,0
1678,Which company produces Hibiki Whisky?,1
1689,"Given the following paragraph, where was Omar ibn Said born?",1
3415,Who is Micky Mouse?,1
1085,"Which of the companies in this list are social media platforms: Twitter, Amazon, Instagram, Square, Venmo, Tiktok, Apple.",1
250,"Alice's parents have three daughters: Amy, Jessy, and what’s the name of the third daughter?",1
1154,What is APR?,1
2516,Which spices should every cook have on hand?,0
547,Are the Golden State Warriors a good basketball team?,0
1895,Who are the top 25 regular season career points scorers in the NBA to date?,1
481,"Identify which instrument is string or percussion: Rock gong, Yazheng",1
516,"When completing a full distance triathlon for a personal best time, categorize the following as either ‘useful’, ‘not useful’, ‘dangerous’, or ‘neither’. A knife, pretzels, a bike helmet, a French horn, cowboy boots",0
2631,Write a poem or journal entry about numbers that have special meaning to you.,0
2196,What is the best food?,0
185,"Given this paragraph about the description of wakesurfing, what is needed to generate the wave?",0
3966,Will commercial space travel be affordable to me in my lifetime and what would I pay for it?,0
2273,"Identify which car manufacturer is Chinese or American: RAM, FAW",1
2384,Give me a list of the top 5 things I should do to prepare for a holiday abroad,0
2840,"Categorize each of the following by the amount of noise they would make, either ""a lot of noise"", ""some noise"" or ""no noise"". A baby crying, a glass vase being dropped, a door being closed, a rabbit hopping across carpeted floors, a running microwave, reading a book",1
853,What is Leptodactylus tapiti?,1
1927,What is a Mormon?,1
3901,what is the sunniest state in the US?,1
2633,What's your favorite baseball team?,0
1592,Who is the best soccer player of all time?,0
2125,What is the difference between a piano and a harpsichord?,1
1781,What are the best ways to reduce my carbon footprint?,0
808,What are some qualities that make a good computer programmer?,0
3414,What is the best skill in judo?,0
3273,"What are the best types of plants to grow in Austin, Texas?",0
3623,"Tell me whether each food is high in fat or low in fat: butter, mango, banana, rice, peanuts, cheese",1
2351,What is LDAP?,1
3704,Name three landlocked countries in Africa,1
1036,What are the best rock bands that were part of the British invasion?,0
338,How many angels can dance on the head of a pin?,1
2382,What are some of the best TV shows on HBO?,0
3858,Who is best Michael Schumacher or Hamilton,0
3006,Who was Singhari Shyamasundar Kar,1
1715,"Write a paragraph about the best things to do while vacationing in Palm Springs, California.",0
421,How does FTX collapse?,1
2258,Is Ireland a good surf spot?,0
117,What rule change was introduced by FIFA following the match between Australia and American Samoa in 2001?,1
176,Why is University of Wisconsin Madison the best college?,0
3350,How can I become more active and do more exercise?,0
2292,What was the The Treaty of Tordesillas?,1
2669,Think up some locations for me to ask my partner out,0
211,Where is the best place to vacation in the Bahamas?,0
1139,"Identify which instrument is string or percussion: Madal, Craviola",1
3041,What are some popular tequila drinks that I should try?,0
3040,From the passage identify the symbols of Persephone. Display the results in a comma separated format.,1
700,Name the novel for which Douglas Stuart won the Booker.,1
529,What are three upper body exercises you can do without any weights?,1
1218,"Using the passage, summarise the key events of Jalal Talabani's career as a bullet point list",1
2257,What is a good present for my wife?,0
1421,Why is the forum in Rome named the forum?,1
1221,"Identify which car manufacturer is British or American: Buick, Bentley",1
2852,Write a leave letter to your teacher.,0
406,What is a Maiestas trifasciatus,1
299,List all the school districts in the following paragraph in a bullet list.,1
5,What wine is the Oregon Willamette Valley known for?,1
1835,"Given this paragraph, what are some examples of long short-term memory (LSTM) use cases?",1
2639,"Identify which instrument is string or percussion: Davul, Begena",1
2554,Where did Bob Ross learn to paint?,1
2509,"which weighs more, cold or hot water?",1
3957,Can you write a post advertising a social event for the end of the year?,0
3894,What is a difference between alligators and crocodiles?,1
2967,What is the best place for tacos in San Francisco?,0
1919,What motivates a chief executive officer?,1
1564,Correct the typos in these sentences,1
437,"Which of the following are renewable energies and which are fossil fuels: natural gas, wind energy, hydropower, oil shales, solar power, coal, and petroleum.",1
3981,How can I learn to snowboad?,0
341,"Out of these animals, categorize them as either 'small' or 'large: A horse, a mouse, an elephant, a snake, and a whale.",1
2092,Which is the best place to have Masala Dosa in Bangalore,0
997,"Tell me whether you eat each of these with a spoon or fork: soup, ice cream, cereal, salad, pasta",1
947,Extract the destination countries of Azorean emigrants. Separate them with a comma.,1
1553,What is the best way to make an AreoPress coffee,0
82,"According to the text below, what is a block?",1
485,"Does Rajasthan - the desert state of India, have winters?",1
3486,Give me a short list with five ideas for hobbies I can do at home.,0
1880,What options does the Federal Reserve have to fight inflation?,1
2108,"I'm putting together an exercise plan that needs to have both cardio and strength exercises, but I want to separate exercises into each category. Running, deadlifts, cycling, pushups, swimming, jump rope,  lunges and squats.",0
1696,Write a point of view on personal privacy in the age of software and technology.,0
3838,What is the best way to get more protein in my diet?,0
2919,"Given this paragraph about magnesium, how is magnesium obtained?",1
3820,Who is credited with the recognition of electromagnetism?,1
2801,What is the best surface to run on?,0
2768,Who are the top Presidents of USA,1
1656,Who are the five best basketball players in the history of the Boston Celtics?,0
2336,Tell me a story in a few sentences about food and how a few short words can make someone hungry,0
551,"Tell me whether each South Park character is a kid or adult: Randy, Stan, Kyle, Butters, Sharon",1
976,How should I go about planning an agenda for the upcoming leadership meeting I am hosting?,0
3309,What are three tips to a successful fishing outing?,0
230,Which record label created Vinyl,1
3190,What are some good mystery/suspense novels?,0
3175,"I have 13 identical balls that weigh the same, and out of them, one is an odd one weighing less or more. How can I find the odd one out with a simple balance? What is the least number of times I require a simple balance to find the odd one out?",0
2494,What are the words of House Caron?,1
412,Who has won an NBA regular season MVP?,1
3659,What are some quick ways to lose all of my money?,0
3722,How do formula one cars generate downforce?,0
598,"Tell me whether each of these countries is in the northern or southern hemisphere: Italy, South Africa, Australia, New Zealand, Norway, Sweden",1
3971,Why Linux fails as a desktop?,1
3490,What is a sonnet?,1
2079,Why is sitting the new smoking?,1
2866,What is the etymology of the word cookie?,1
3601,write a short essay fire fighters working on California wild fires,0
2402,Give me a list of the best rappers of all time,0
3496,What is the best way to get back in shape when over 50 years of age?,0
3117,What are the words of House Crakehall?,1
720,How did Draymond Green's minutes increase over time?,1
3754,Which cities can I visit on the west coast of Australia?,1
590,Why do people travel to Puerto Rico?,1
814,"Identify which animal species is alive or extinct: Smilosuchus, Brown Bear",1
2442,Which city is the capital city of California?,1
824,"Based on this summary of Lebron James career, what are the key reasons he is considered the greatest basketball player of all time?",0
48,"Which of these are characters in Ted Lasso: Rebecca Welton, Olivia Benson, Jamie Tartt",1
3978,"Would you typically find each of the following items in a bathroom, bedroom, kitchen or living room? Couch, pillow, dish soap, bedside table, oven, shower, toilet, coffee table, coffee machine",0
1418,What are the major elements found on earth?,1
128,Name all of the field positions in baseball in a bulleted list.,1
61,What is the difference between a flute and piccolo?,1
196,How can I spend more time with my dog?,0
2279,What is a good Science fiction book?,0
1610,What does Thai Songkran festival represents and how many days does it last?,1
1198,What type of creatures undergo Metamorphosis?,1
512,What is the capital of Alaska?,1
1837,What is better: Tiramisu with chocolate or with Strawberries ?,0
3762,Write about something you hate.,0
1800,"In the game of baseball, if a batter achieves three strikeouts in one game what is that called?",1
3063,ways to reduce solid waste,0
3822,Write a letter to a school asking for an appointment to tour their facility,0
865,"Summarize the opening of the Gettysburg Address in simple modern English. 

""Four score and seven years ago our fathers brought forth on this continent, a new nation, conceived in Liberty, and dedicated to the proposition that all men are created equal.

Now we are engaged in a great civil war, testing whether that nation, or any nation so conceived and so dedicated, can long endure. We are met on a great battle-field of that war. We have come to dedicate a portion of that field, as a final resting place for those who here gave their lives that that nation might live. It is altogether fitting and proper that we should do this.""",0
1967,"Identify which instrument is string or percussion: Taal, Akonting",1
2308,In what century was the airplane commercialized?,1
625,"Given this paragraph, what is the recommended daily value of magnesium for women in the UK?",1
1671,What is Barkers Butts RFC?,1
1487,What type of jacket do grizzlies usually wear?,1
1053,What are four universities in the state of Texas?,1
2959,Name the seven Alpine countries from West to East.,1
1093,"Jot some points about ""Big Four"" using given passage as a reference",1
1231,What is the tallest building in the San Francisco Bay Area?,1
