,question,target
4717,How many calories do gut bacteria burn?,0
1009,Find the Lipschitz constant for the following function,0
4173,Which cells are responsible for the extracellular matrix remodeling?,0
10060,Simple image capture program,1
7815,2-dimensional ranking of multiple arrays,1
3578,"Why ""Having chlorophyll without photosynthesis is actually very dangerous"" and ""like living with a bomb""?",0
10258,Turn-based game setting properties for playcards,1
5398,"This strange looking thing was on the leaf, can you identify what this is?",0
1458,understanding orthogonal decomposition theorem,0
835,Limit of Maxvalue function,0
7085,"How to show that if a relativized PH collapses, then PH collapses itself",1
10416,Why is universal turing machine considered with only one head?,1
8466,Script that fixes YML SIDs to be simplified for production,1
1808,Showing that $A= \{x=(x_n)_{n \in \mathbb{N}} \in E \mid 0 \leq x_n \leq a_n \}$ is a closed set.,0
7750,Normal Order Reduction - is Leftmost Outermost order simply Leftmost?,1
7072,Characters set permutations with repetitions,1
4576,Can the human eye axial length decrease?,0
11916,Creating a generic notification service,1
2005,Does 'a graph is a DAG $\iff$ there exists a topological sorting' hold for graphs with a non-finite number of nodes?,0
5944,Purpose of antibody wash,0
8370,Functional coffee dispenser,1
4275,"Besides hemoglobin, what proteins are present in red blood cells?",0
5488,How do rodenticides with delayed effect work?,0
5129,"Is there a color changing organism that is by default translucent or otherwise ""colorless""?",0
8710,Managing a wish list from an API,1
3811,Can certain jellyfish photosynthesize in the medusa stage?,0
6961,LeetCode: FloodFill Rust,1
3564,What is the name of this tiny spider?,0
465,How to do partial fraction decomposition with exponentials,0
10557,The Blacklist: Blocking Malicious domains using Bash,1
7725,Turing machine that recognizes the language $\{a^{n}b^{2n}c^{3n}|\ n\ge0\}$,1
10342,Custom event trigger and listener module,1
10742,Django Custom Decorator for user group check,1
10770,Was it known that $\mathsf{LTIME \subsetneq NLTIME}$?,1
9848,"What does it mean that numbers are ""totally ordered"", in the Paxos Made Simple paper?",1
9742,OOP Web scraper using regex to grab tag contents,1
8268,Will multi-threading or other method make my program run faster?,1
3088,How are single-stranded binding proteins removed from the lagging strand during DNA replication?,0
11669,Find vectors with elements of finite fields that sum up to given value,1
2592,A neighborhood of a connected subset is connected.,0
2425,Let $a$ and $b$ be positive integers such that $ab + 1$ divides $a^2 + b^2$. Show that $(a^2 + b^2)/(ab + 1)$ is a perfect square.,0
4529,How is the activation energy lowered in an enzyme by just orientating the reactants closer to one another?,0
2432,The importance of being real,0
5174,What is the purpose of an siRNA screen in drug discovery?,0
3352,Why is this the equation for the fitness of cooperators?,0
1456,Possible mathematical finishes to the darts game 501,0
4246,Identifying whether amino acids are hydrophobic or hydrophillic,0
4204,What is a good book to start with if I'm interested in Gene clustering analysis?,0
7558,Comparing two implementations of smoosh(),1
7160,API using NodeJS to recive data from client and send it to a server,1
6430,ReactJS Formik form with list update,1
2013,"distinct complex embeddings of a Kleinian group, and Mostow-Prasad rigidity",0
8215,Acceptable Use of the goto Statement?,1
5894,Why Lungs can't work in water and gills can't work in air?,0
11726,Table Driven Test in Java using Junit4,1
3789,"Are fruiting bodies, basidiocarps, heterokaryotic?",0
8873,Extract Students with All Enrolments in the Past,1
3810,Why is dimethyltryptamine (DMT) being released during death?,0
9712,Draw polygons with increasing/decreasing vertices,1
4220,Why does bacillus thuringiensis produce bt toxin?,0
518,Is there a way to integrate $\int \frac{1}{f'(x)}dx$?,0
11035,Convert number from one radix to another,1
4266,What do we mean by MHC molecule diversity? Does each human have a variety of MHC molecule isoforms?,0
868,When does the equality hold in the convex function?,0
4782,Does evolution produce organisms perfectly adapted to their environment?,0
3312,Do people with congenital analgesia feel cold?,0
5467,$F_{ST}$ and the genetic variance in metapopulations,0
7147,Checking whether one string is a permutation of another,1
1394,Prove that a set is compact with respect to a different metric in $\mathbb{R}$,0
8959,"Program for entering 1000 random numbers into two different databases, one for odd numbers and one for even",1
6266,"Command Pattern with Undo , returning response in Invoker and Command class or Callback?",1
1477,Try to give a description of $Q/ \sim$.,0
8202,Architecture for manager that gets shared among different components,1
4626,Polar bodies fertilization,0
4864,Questions about RNA Polymerase,0
2740,Confusion on sets and relations,0
1421,Basis of differential one-form confusion,0
5384,"What kind of tree is this (Seattle, WA)?",0
2297,Show $ \sum_{n=1}^\infty { {\left(-1\right)^{n+1}} \over \Gamma(n+1)} = 1 - \frac1e $,0
7313,Fibonacci sum with memoization,1
8843,Is a stack machine with a forward read iterator Turing complete?,1
1096,"Let $0\to F_1 \to F_2 \to F_3\to 0$ be a S.E.S. of Abelian sheaves. If $F_1$ and $F_3$ were flabby, would that imply $\mathcal{F_2}$ is flabby too?",0
6358,Listing books by priority,1
9762,Beginning Python guessing game,1
10874,A Turing machine going to the right by the first $2 |w|$ steps,1
4317,Identify this caterpillar,0
5527,Cyanobacteria pools as carbon sinks,0
9572,Is the DPLL algorithm complexity in terms of # of clauses or # of variables?,1
792,"A question based on intermediate fields , separable elements , inseparable elements",0
11612,Convert String to Integer with default value,1
8502,Interactive logistic map,1
5970,Deuteranopia confusion lines,0
10110,"Deserialize, Copy and Merge Orders from XML to C#",1
5137,"If we sequenced the genome of every species, would all phylogenies agree?",0
7444,Tic-Tac-Toe with React hooks,1
4750,How would inserting a nonfunctional protein impact fitness of an organism?,0
6019,How is (0|1|...|n) handled as a DFA?,1
7010,C++ Fast Fourier transform attempt 2,1
5214,Control for Bisulfite sequencing,0
7746,"Given a valid combination, how to get its index in the sequence of integer partition",1
10827,Is it worth to use if-else statement as Java optional pattern?,1
738,assessing linear relationships as logarithms,0
4851,What is the smallest known organism with a skeleton?,0
8337,Smallest real root of a polynomial in a range,1
2299,"When deriving the multivariate normal distribution, please explain this limit",0
5452,Is Near-infrared focused light safe for your eyes?,0
9606,How to prove with induction,1
5800,Dealing with Repetitive Bases in DNA?,0
866,uppersemilattice end extensions,0
11921,Improving gzip function for huge files,1
532,Tables of Hypergeometric Functions,0
2610,How to solve this set of coupled ODEs?,0
10860,theoretic possibility of building hardware exactly equal to any software,1
7448,Solving a Knapsack problem with a special structure,1
3211,Alternative to Lotka Volterra,0
11961,setTimeout and setInterval,1
2819,Multinomial Expansion of Finite Series to a Power.,0
10724,"Predicate Logic Notation: What does a ""dot"" mean?",1
9227,Regular languages and sets proof,1
1387,Using concavity of log to prove $L^p$ norm is increasing in $p$,0
8558,Removing objects from a list that don't appear in a list of ID's,1
4787,Microscopy Book Suggestions,0
6945,How may an algorithm always color optimally connected bipartite graphs?,1
5880,Why is gel used in electrophoresis?,0
1237,"Intuition for $\,c\mid a,b \iff c\mid \gcd(a,b)$",0
10841,"Given bit strings, perform a bitwise addition",1
7188,Creating Original Database Algorithm--Login System,1
11180,Check if strings are substrings of another string in Python,1
10956,"Is the language $K=\{u \in\{0,1\}^n\mid n \geq 0, \forall_{v \in\{0,1\}^n} (u+v) \in L \}$ regular?",1
10881,Applying Johnson's algorithm on undirected graph with negative edge weights,1
6158,Processing XYZ data from a large file,1
7942,choosing right neural network architecture and input features,1
5341,Are Flippase Recognition Target sites read through during transcription?,0
3253,What are the various types of plugs found in a bee house and how do they help us with identification?,0
10569,Hash values that are impossible to reach,1
8197,Wrap a callback method in an awaitable method,1
267,Proof of a stronger form of Chinese remainder theorem (12.3) in Neukirch,0
6910,Speech Recognition Part 2: Classifying Data,1
7011,"List iteration, creation, or comprehension",1
9868,JavaScript Code for image rotation on a web page,1
11862,Extracting RAR files in a directory,1
11545,Getting valid URL from user input,1
892,Loss of significance - why does it gives more accurate result here?,0
7237,Showing that deciding whether a given TM accepts a word of length 5 is undecidable,1
1210,integral inequality increasing continuous function.,0
7424,Optimizing URL router behaviour,1
5704,Hardy Weinberg Equilibrium problem,0
8238,TM that finds the middle of an input string in O(n) time,1
9012,Custom validator for reactive forms angular,1
4842,What is the philosophical definition of life?,0
4620,Factors of infection rate,0
138,"In a game of drawing straws, why are all turns equally good?",0
281,Find Integral Using Trig Substitutions with Tangent and Secant : Integral of Square Root of $x^2 + 2x$,0
8343,Finding recurrence when Master Theorem fails,1
8970,What kind of runtime behavior should we expect of Finite Element Methods?,1
7857,Divide list into batches,1
1482,What is a matching in minimum degree $k$ graph?,0
3184,Can coding DNA be used for DNA fingerprinting?,0
1662,Style guide for the use of '$( \ )$' versus '$[ \ ]$' in mathematics?,0
620,Is a Function on Bounded Domain Taking Cauchy Sequences to Cauchy Sequences Uniformly Continuous?,0
5443,Why a striped baby is not the result of a white and a black parent?,0
2697,Watson's proof on Graf's addition theorem,0
5758,Why can't ciliary muscles in the human eye relax like other muscles?,0
8758,Check existence of item in collection,1
11516,"CodingBat warm up: conditionally prepending ""not"" to a string",1
2915,Principal ideal ring if and only if it is both a Noetherian ring and a Bezout ring.,0
6304,SPOJ Problem 2 - Prime Generator,1
5318,Regalecus glesne or Regalecus russelii?,0
6256,Extracting Country Names from Cell Values,1
1948,integral of min of delta functions,0
3477,Are there neurons that can sense light shining in your ears?,0
1690,What is the correct spelling of Paul Erdős's name?,0
1744,Is the tensor product of irreducible representations of different groups irreducible?,0
837,Prove and Find the solution.,0
4631,What is this creature?,0
4724,Can we use cancer cells to generate blood vessels?,0
11406,Path from the root to a given node in binary tree,1
7477,Beta reduction order in Lambda calulus,1
6064,how to check whether a flow network contains unique maximum flow?,1
10031,Regex to enforce password requirements,1
7770,Haskell#concat Implementation,1
4828,Mushroom Identification: Small conical light-brown mushroom,0
5197,Why does a worm's skin need to be wet for oxygen to diffuse across it?,0
11625,Perform a Caesar Cipher Shift on a given string,1
11648,"Double, down facing arrow in operational semantics",1
5770,What is this insect seen in Northern Italy?,0
6341,Trying to speed up VBA macro to generate viable Daily Fantasy Sports lineups,1
7721,Metalsmith plugin for stripping UTF8 BOM from files,1
11520,Grabbing SQL records: Nullable bool to bool,1
8109,Calculating pi with Monte Carlo using OpenMP,1
9587,Combined linked/array-like data structures for a set of non-intersecting sub-intervals of integer interval?,1
4561,Relationship between body size and damage done by electricity,0
3641,Do animals have greater tendency to care for their opposite sex siblings due to mate competition among same sex siblings?,0
8356,Use PreparedStatement to insert into H2 database,1
2667,Inverse Limit of Sheaves,0
9067,Mastermind game - Evaluating the guess in Ruby,1
7489,DP Knapsack Problem With Categorical Constraint,1
6792,Better way to write if/else conditions,1
11050,Find first non-repetitive character in a string,1
4311,Where does all the carbon go?,0
8265,Concept used in the proof,1
3751,Will carpenter bee larvae die if trapped or find a way to bore out?,0
3328,What's the correct name for the war of sexes in evolution?,0
7586,How to express a parabola as a Bezier curve,1
2996,Singular and regular points of a curve,0
10931,How can I code an algorithm (concerning networks),1
6503,F# InitInfinite(Async) functions in C# without disabling ReSharper warnings,1
5687,Is there any standard of notation for ecological diagrams?,0
11530,Why does TSP require no repetition of cities?,1
4521,How can I compare the STRIDE and DSSP output files of a particular pdb file?,0
8850,"Grids, Cells, and Inheritance",1
1767,How can I prove that $F_1(x)=\frac{x^2+2}{3}$ can be used to solve $f(x)=x^2-3x+2=0$ with the fixed point method?,0
10642,Algorithm to seed a cash register drawer,1
1519,Poisson bracket of function of coordinates in terms of canonical brackets,0
1881,Every Group is a Fundamental Group,0
6710,Is there a simple example of sets such that $A \leq_T B$ but not $A \leq_m B$?,1
982,Regarding retractions of $X$ onto subspaces,0
5319,Activity of DNA glycosylase,0
11640,"Given a specific computer system, is it possible to estimate the actual precise run time of a piece of Assembly code",1
795,A computional efficient bijective $ C^1 $ function that maps $ \mathbb{R} \to \mathbb{R}^{+} $ and it's inverse is also $C^1$.,0
2628,Ambiguity in delta equal sign,0
2404,Is sin(x) necessarily irrational where x is rational?,0
6839,"Number of ways painting graph in two colors, such that two nodes of same color are linked by edge",1
8125,Reading image files asynchronously and displaying them on the page,1
622,Algorithm to generate normal matrices at random,0
10001,Date validation in Java,1
6160,Using the pumping lemma for a proof by contradiction,1
10406,Swapping pairs of characters in a String,1
9297,Is this language Recursively Enumerable or Not RE?,1
2379,How to find the Cardinality of one set defined by another?,0
7631,Implementing factory design pattern with generics,1
7710,Solving complicated recurrence relation (rectangle packing),1
6101,coding theory- perfect codes,1
11747,Find the area of the bounding box of a robot's moves on a grid,1
10033,Determine if braces in a string are balanced in Clojure,1
4476,What exactly happens to animals that fail mating rituals?,0
983,"Closed-form of $\sum_{n=1}^\infty\frac{(-1)^{n+1}}{n}\Psi_3(n+1)=-\int_0^1\frac{\ln(1+x)\ln^3 x}{1-x}\,dx$",0
11122,Goldilocks temperature,1
8454,"""Ringing in the New Year (2011→ 2012)"" puzzle",1
2453,How to determine parameters of a normal distribution from a limited range of points?,0
2750,Does the correlation between the measurement noise influence the result of the LS?,0
9387,Why is bipartite graph matching hard?,1
142,Help understanding a proof that $[G:H][H:K]=[G:K]$,0
8380,Convert HTML color to OLE,1
1137,Proving every metric space is normal,0
8359,jQuery function that modifies a DIV,1
10759,What does $O(\alpha(n))$ amortized time mean?,1
8342,Solving the problem of using directives in a header file with a macro. Is this stupid?,1
11639,City and District class examples for teaching OOP in PHP,1
292,Euler's Demonstration,0
3688,"JMol ""calculate HBONDS"": which atom is the donor/acceptor?",0
3951,What are in common between transcription factors?,0
7623,Very simple RESTful API dispatching in PHP,1
4928,How are Genetic Circuits Modelled?,0
7564,constexpr Precalculate size of serialized data with templates and C++20 concepts,1
4870,Which pair of primers should be used to amplify the ORF in PCR?,0
11363,Finding a string with some specified hamming distances from other strings,1
2133,How many ways to choose 32 candies?,0
342,"Prove that if $f:D\to D$ is analytic and has two distinct fixed points, then $f$ is the identity",0
10446,"In principle, what is the relation between Artifical Intelligence and Turing machine?",1
6347,Refactor deeply nested if-else,1
11605,Generating all the increasing subsequences,1
8196,How does Knuth measure the running time of this program?,1
4483,Is there a way for a 19th century scientist to prove that the octopus doesn't revive?,0
2308,Monte Carlo Integration on a unit hypercube,0
4653,What will happen to a neuron if I suddenly remove the pump but not the leaky Na+ and K+ channels?,0
5930,How exactly are game theoretical evolutionary models described during implementation for computer simulations?,0
677,Linear Algebra - linear dependent,0
9077,Is Smoothed Analysis used outside academia?,1
3232,"Biology Intuition and Origin of the ""facts""",0
4122,Garden plant in south of France,0
3206,How can I create a microcapillary for manipulation of single cells?,0
9011,How to get the shortest simple path in a directed Graph with an additional constraint that it needs to use two arcs in the said path,1
756,Mathematical idea behind tax bracket,0
1727,Denoting a proper subset,0
8797,Factor script to change case of all filenames in a directory,1
11988,Conditional Shortest Path Through Weighted Cyclic Directed Graph,1
7195,Proving NP-completeness for a not so cheesy problem,1
4999,Why do conker flowers grow upwards?,0
831,Why the existence and uniqueness of solution of ODE implies existence of $n$ independent solution of $\dot x=A(t)x$ where $A$ is periodic?,0
6173,Modular multiplicative inverse in Ruby,1
5566,What is the purpose of the viscous gel in the Pacinian corpuscle?,0
7630,How to reduce this regular expression?,1
4287,Why would evolution favor blue as a color in bugs?,0
11118,Assembling very large files,1
7267,Individual bit access in C,1
931,confusion over the use of universes in category theory,0
295,Understanding a comment by Thurston,0
1240,series representation of error function,0
6981,Use of HTML (view) in a constructor,1
5470,Are the human genes' promoters all known?,0
38,A continuous function with positive and negative values but never zero?,0
2480,Is this a metric in the space of continuous martingales?,0
6483,Intersection of regular and not regular,1
7756,Find and return the earliest occurring word from a string which contains the most repeating letters,1
486,Taylor series of $\sum_{k=0}^\infty \frac{x^k}{k!} \log(\Gamma(k+1))$,0
1840,"Probability, at least..",0
9835,Rounding logarithm to next integer — Potential function,1
4979,What changes do ants make to the soil they use for building ant hills,0
9025,A Fraction class in C++,1
6824,Parsing: Entity Classes to DTO,1
6946,How to prove that $n\log n$ is space constructible?,1
2451,Show that $C \subseteq Y$ is connected if and only if $f^{-1}(C)$ is connected,0
243,The largest sum of products of pairs of number's terms,0
11208,How to cluster images based on meta-information in tags,1
4419,Do memories have mass?,0
7354,Optimizing a problem that test all permutations of 1 array with other fixed array,1
2207,"Direct proof that the irrationals on $[0,1]$ have measure $1$",0
3889,Confusion related to the DAVID tool,0
7794,What's the fastest time complexity algorithm for finding maximal paths in an unweighted directed graph?,1
3821,Why are birds have balls in the form a cork screw i dont have the scientific name,0
420,"If G be a non-trivial group with no non-trivial proper subgroup, show that G is a group of prime order.",0
6252,what is a compiler intrinsic function?,1
9623,MVC Repository Insert Using async,1
7646,More Pythonic Context Manager Wrapper,1
8539,what would be the drawbacks of lecturing two programming languages simultaneously?,1
9909,Creating a structured category list in F#,1
7227,Decidablity of time complexity,1
3102,What the difference between an inverted and everted retina?,0
5479,Why can hair grow without limit while eyebrow cannot?,0
1121,Soving a specific nonlinear elliptic equation.,0
135,Binary division using polynomial,0
5278,How can a recessive allele propagate until they manifest?,0
10249,Why using Hyper-threading can lead to performance degradation,1
3463,How animals know which is carnivorous and herbivorous?,0
3337,Why do sharks continually regrow their teeth?,0
8968,Check if a site is indexed by google and stores status in Database,1
7209,Linear programming with absolute values,1
11849,"""Guess my Number"" game",1
6506,Adder circuit with sign bit (not twos complement),1
7050,Stanford developing calculator iOS app assignment,1
5333,COPI/COPII proteins and kinesins/dyneins,0
2817,Probability on a 8x8 chessboard with pieces and kings. What is the chance the piece can be captured?,0
8432,Complexity of finding binomial coefficient which equals to a number,1
4983,How can I get the coding region from gene sequences?,0
1656,number of distinct rotations of a string,0
9966,Join two arrays into a single one,1
8744,Popcount Orders and Lexicographic Orders,1
5371,What is the difference between tissue engineering and 3D bioprinting?,0
7405,Problem with implementing Brzozowski's algorithm,1
3879,Evolutionary advantage of F plasmid in bacterial conjugation,0
2462,How to use group theory to solve larrys square iphone app,0
9078,"If $L$ is regular, must the language $L_1 = \{w : w^Rw \in L\}$ be regular, or may it be non-regular?",1
3799,Why doesn't submersion in water kill fungi?,0
6982,Longest word simple online challenge,1
5099,Why is urobilinogen reabsorbed from the gut just to be excreted via the kidneys?,0
630,A complex number is real proof,0
10980,Function for root matching between two paragraphs,1
8398,Splitting a command line into key/value pairs,1
8273,Universal binary rewriting system,1
2855,"What's wrong with my ""proof"" that the Lebesgue measure of $[0,1]$ is $0$?",0
5680,Effects of mushrooms on their hosts,0
3916,What is most simple eukaryotic genome?,0
3666,How does the Lgr5 receptor contribute to maintaining stemness in the intestine?,0
11709,n-polygon lattice datastructure?,1
1742,Find the value of $(-1)^{1/3}$.,0
11477,Predecessor function with recursive types,1
2578,find the $4th$ and $5th$ roots of unity,0
590,Relation of variance and skewness for a skewed Gaussian variable?,0
670,why are there only two methods of vector multiplication?,0
2403,Why does $\frac {1}{a}-\frac{1}{b}=\frac {b-a}{ab}$?,0
10804,Call by need compared to pass by function,1
2972,$\left |{\prod_{j=1}^{N}\frac{z-a_j}{z+a_j}}\right |\to 1$ when $|z|\to\infty$,0
3667,Introducing novel genes to an adult multicellular organism?,0
519,Proving the density of a function in an interval.,0
10107,dict get with condition in Python,1
2302,What is the convergence radius of $\sum\limits_{n=1}^{\infty}5^{n^2}x^{n^2}$?,0
10297,Encoding set of At-Most-One constraints as a MAX-SAT problem,1
4108,Why did humans evolve the ability to feel such a high level of heat pain?,0
5862,Excretion of small kangaroos while in the pouch,0
10101,Fibonacci sequence binary tree console logger,1
11858,String to small integer mapping without collision,1
194,Why is can number be divided by 3(ofc I mean we get an integer result) if its sum of digits can be divided by 3,0
9230,How does an admissible heuristic ensure an optimal solution?,1
10350,How to solve the following left recursion?,1
9953,Moving average algorithm that preserves the integral and number of points,1
7022,The perfect function alias,1
5877,How to find PDB id of an amino acid sequence,0
7324,Is there a space-filling curve with constant-time indexing?,1
9239,Get Elapsed Time as Human Friendly String,1
1711,A variety that contains infinitely many points of a line must contains the whole line.,0
11431,Do system calls always means a context switch?,1
6806,Extracting components of a filename,1
8228,Context free grammar construction,1
8096,Is there a poly-time algorithm for expanding out polynomials,1
8339,Filesystem-dependant unit-testing in go,1
9469,Is this user input field secure?,1
4463,How does menstruation proceed during one period?,0
6218,Restricted version of vertex cover,1
9506,State logger for optimization problems,1
6287,Baum-Welch Algorithm,1
11175,Linked list: removing first element,1
8292,Type-classes for type inference,1
7041,Finding all topological orders,1
7464,Best route around confirmed appts - Traveling Salesman Problem,1
11835,Minimum number of nodes in AVL tree,1
4278,Does blood carry metallic nanoparticles?,0
5030,What causes this acorn disease?,0
5789,Organelles present in sieve tubes,0
5061,about the muscle's tension's variables,0
2970,How is there fewer zeros in the left of 1 in this language?,0
3865,What physiological pathways lie behind inhalants hallucinogenic effect?,0
11677,Loading a pseudo-class instance from JSON,1
9173,Monte carlo simulation in C,1
3595,How many ancestral generations do I have?,0
11864,FoldLeft in Terms of FoldRight,1
9754,Concatenate variable number of strings,1
9669,Record parsing to Scala object with some unknown fields,1
6405,"Is {| L(M) ∩ (ab)∗ is infinite} in D, SD/D, or not in SD?",1
6705,What to do with the Exception when you fail to close() a resource?,1
7604,Verify that a CSV file contains a backup job for every prod job,1
4577,When do the spindle fibers attach to the chromosome,0
5813,Prolactin and Dopamine throughout orgasm?,0
7403,What level of maths do I need for artificial intelligence?,1
874,How to find the min and max of $y = x \sin(\ln|x|)$?,0
5046,A theoretical ethical dilemma,0
8859,Functional programming FizzBuzz,1
5313,How do I look for pathogen in water with a microscope? Is it possible?,0
7702,Handler for jQuery DataTable search with filters and pagination,1
11444,Reading Intervals from command line,1
1783,Between metacompactness and infinite Lebesgue covering dimension,0
8210,Is {ww^r ww^r} a context-free language?,1
637,Uniqueness of hyperplane,0
4895,Coagulation of blood in small intestine due to trypsin,0
9943,Generating and sending new password to user,1
2986,Does fundamental theorem of calculus hold for weakly differentiable function?,0
947,Evaluate $\lim_{x \to \infty}\left(\frac{2}{\pi}(x+1)\cos^{-1}\left(\frac{1}{x}\right)-x\right)$,0
4379,Banana peel bruises after a hit,0
3366,Living on pure glycogen?,0
204,Determine individual distribution when knowing joint distribution of $2$ random variables X and Y,0
6505,How to transform an arbitrary graph into a fixed vector representation?,1
2095,Complex Integration with a Modulus,0
8236,Connection Pool in Java 8 using Strategy and Factory Pattern,1
4239,What is the recommended PPM when foliar feeding L-amino acids,0
4198,Mutation rate breakdown by original and mutated nucleotide for Coronaviridae,0
11042,Algorithm for finding maximum mutually coprime subset of a multiset of integers,1
1860,Upper bound on the sum $\sum_{n \leq X} C^{\omega(n)}/n$,0
9097,Can the isomorphic graph problem be solved in deterministic polynomial time?,1
4454,Why are carbohydrates the most common short-to-medium-term energy storage form in biology?,0
6485,Why are the two farthest points vertices of the Convex Hull?,1
10109,Search string in a list,1
6707,Decide whether a polynomial has a root,1
11124,Use of Activation Units in Facial Expression Understanding,1
1424,A binomial identity from counting permutations with cycles of length two.,0
1839,How to make a WFF defining some other WFF?,0
427,A theorem about operator theory,0
3804,Function of amatoxins,0
11595,Spaced-bounded Probabilistic Turing Machine Always Halts,1
6661,"In Paxos, what prevents multiple values from being chosen?",1
5027,Sansevieria species specification needed,0
1143,A general derivation for a combinatoric problem,0
1522,Why do we use sine with trigonometric substitutions?,0
10281,"Y combinator, function composition",1
3233,Units of parameters in epidemiological model,0
7696,Reduce ATM to REGULAR_TM,1
8654,Node.js JSON searching & updating,1
8417,Calculating and printing a credit card balance,1
11358,What's the time complexity of this function?,1
1472,Expected value of matrix multiplication,0
2044,Name of a special right limit,0
7814,How can I improve this PHP MySql Rank generation function?,1
11412,Managing users and profiles in Rails,1
4349,I am interested in Sociobiology. Which academic field should I study?,0
7842,Check if given number can be expressed as sum of 2 prime numbers,1
8709,Stack implementation using arrays,1
11682,Sort a list of points to form a non-self-intersecting polygon,1
3075,What mammals can rotate and move their ears the most?,0
3737,How do drugs tests check so many substances?,0
438,Orthogonal decomposition of a vector,0
2426,E measurable with m(E) < $\infty$?,0
869,Proof expression $ ((\neg C \vee B) \wedge ( A \rightarrow C) \wedge (B \rightarrow D) )\rightarrow \neg A \vee D $ by rules of interference,0
1336,Is there a description of the ring of endomorphisms of $\mathbb{Q}$ as an abelian group?,0
9181,JavaScript async functions queue approach,1
3105,What is accumulation and release centre of neurohormones?,0
1238,Bivariate Probability Question - Not sure where to start,0
5375,Western blot alternatives,0
10135,Explain auto continue passing style transformations,1
4271,What is intracellular retention?,0
3508,Does bioluminescence occur in humans too?,0
3268,Epitope annotated protein,0
5120,Are all cells organisms?,0
8516,"""Angry Professor"" Python implementation",1
3082,"What is the etymology of ""moura"" in Mourasuchus?",0
3007,Where are Opsonins produced?,0
6448,Promise.jsm demo of Promise.all and Promise.defer,1
4228,What is the significance to life of the anomalous properties of water?,0
3824,Why is polyploidy much more common in plants than in animals?,0
5628,How are individual neuron firing rates characterized?,0
5357,Are there any techniques for manufacturing exosomes in the lab?,0
1992,Is there any Lie algebra that is not constructed from an associative algebra,0
11599,Flow of Angular Promises,1
8608,Hex to Double converter,1
10913,Is every algorithm on bounded resources O(1),1
4402,Is DNA replication a serial or parallel process?,0
4801,Why does ionizing radiation cause only DNA double strand breaks?,0
6352,"How to prove the optimality of the ""patience sort"" algorithm?",1
10134,Finding two movies whose lengths add up to a given length,1
4988,"Are all dead plant cells (that die to do a job), have secondary wall?",0
1846,"Sum of products of positive integers and non-negative reals, the latter of which has the sum of at most 1",0
7284,API for value boxing and unboxing,1
11553,Haskell Hspec/Quickcheck test for numeric function,1
336,How smooth is the distribution function of a convex polynomial?,0
8400,How to prove the following properties of Small-step semantics?,1
5695,Chromosome and chromatid numbers during cell cycle phases,0
8798,Simple Caesar Cipher in Java,1
4026,What flying insect is this?,0
3740,When was the first exception to Mendelian genetics discovered?,0
5295,"What are the methods to quantify the bacterial adhesion rate for the biofilms grown on coupons in CDC or annular bioreactor, non-invasively?",0
308,Using Group Theory to Solve this IMO problem,0
10125,Implementing a temporary data context manager,1
6671,How to simulate online matching algorithms (implementation),1
7704,Application of Brent's Cycle Detection Algorithm,1
8863,OutputStream class for use with subprocess.Popen,1
7679,Where can I find a data set of graphs with known domination numbers?,1
9586,Smart pointer that cannot be nullptr,1
7838,Check whether two strings are anagrams,1
10066,Finding the date 18 years ago,1
1790,Solving system of equations with sums of odd power,0
7529,Simple text DataBase,1
9363,Context free/Non Context free Language,1
5399,How mosquitoes get their food and survive?,0
3569,Molds and fungi usually found on book pages: identifying and preventing further spread,0
4951,what is this mushroom and how to grow this mushroom?,0
4829,DNA & mRNA During Transcription,0
10120,NL- definition and a problem,1
1429,One variable Maxima minima problem,0
1239,Find one pair s.t $\sum_{i=1}^ua^{-i}+\sum_{j=1}^vb^{-j}=\sum_{k=1}^wc^{-k}$,0
10288,How can I make inference in CompuBERT?,1
3898,Is $F_{ST}$ a probability and a correlation coefficient?,0
4767,"How can a homozygous mutation, considered pathogenic, occur on a gene such as HFE without the disease developing?",0
4943,"Does vaccination make the immune system ""lazy""?",0
316,"For a primitive Pythagorean triple $(a, b, c)$, is it always true that $\gcd(a,b) = \gcd(b,c) = \gcd(a,c) = 1$?",0
10672,How does a race condition work?,1
6735,Find ASCII codes and replace with characters,1
9124,Maze solver BFS in Haskell,1
6063,Dynamic IP Notification Using Google App Engine,1
8000,"In index allocation scheme, what parameters does the maximum size of a file depends on?",1
4656,why does blood when oxidized over time become bluish green?,0
4111,"Can genetically engineering the DNA of a human zygote, make it a twin of another human in entirety?",0
4553,Why does cell differentiation start with the morula?,0
3246,Why would the Camargue horses have a white coat while the foal have a dark coat?,0
4666,Translation of mRNA?,0
9761,Can't see how this can be true: any connected undirected graph $G$ contains vertex v such that removing v results in another connected Graph $G'$,1
1417,What is the relation between formal group and formal scheme,0
4088,what are the best books for the IIT-JAM biological sciences exam?,0
7845,C++ Shared_Ptr implementation,1
9957,Does NP-hard problems have to be decision problems?,1
3872,What is the change in ratio of histone to protamine in men with infertility called?,0
1354,"Convergence of $\int_0^\infty x \sin e^x \, dx$",0
5433,How does the shoulder joint stay in place?,0
1621,Polarity of $\frac{x + 3}{x - 4}$,0
2860,Solve this differential equation $\Biggr(\frac{dy}{dx} -1\Bigg)\Bigg(y-x\frac{dy}{dx}\Bigg)=\frac{dy}{dx}$,0
5998,Is it possible to move your arms above your head when handcuffed in the back?,0
3042,Can the eye distinguish between pure and composite colours and how do we measure this?,0
11457,Intersection of two generative neural networks,1
5381,How do I solve this problem related to specificity and sensitivity?,0
2457,What is the greatest $b<1000$ for which 2015 is a member of a sequence $s_n$,0
1774,not $L^1$ convergent but point-wise almost everywhere convergent,0
2867,Number of homomorphisms $ \phi: _4 \to _4 $,0
7928,Selectively mapping one object to another,1
2123,Is this scratch work overly complicated for a proof,0
9988,Ruby command to edit a field in a SAM file,1
6286,Are finite state transducers and Mealy machines the same machines?,1
10984,"Listing blog posts, each of which may belong to multiple categories",1
4591,Why is hydrofluoric acid so dangerous if it is a weak acid?,0
10891,Proving Minimum Sequence Disjoint Set,1
4388,"Why do some reflex actions involve interneurons, but some don't?",0
6247,"Session state wrapper, extending an existing application",1
7615,Fast templated call back implementation,1
4355,Statistician confused about exact SNP data type,0
7021,Average case running time of quick sort,1
1681,"In algebraic extension, field homomorphism induces isomorphism.",0
1341,"Relative extreme point of function $f(x,y)$",0
12,What does really mean by the picture below?,0
11774,Putting read data into a combined file based on certain attributes,1
5949,How do lilies sense day and night and open and close their flowers?,0
3208,Are there terrestrial plants that thrive on sea water?,0
2058,COmbinatoric : Guess who is the winner candidate?,0
9559,Complexity of edit distance with block operations,1
977,What is the correct and most common noun to describe the degree of how much a system of equations is underdetermined?,0
11236,Which pretrained model will be best for my dataset?,1
5199,Is there a correlation between incidence of type 1 diabetes and vitiligo?,0
8310,Perl switch/case module,1
7261,Weekly job to create or update the lessons in all locations,1
4789,Can anyone identify this seed or nut?,0
5325,"Species identification, tree from Ecuador",0
9061,Multiple random falling objects animation in Java,1
11751,Send blob image using Ajax/PHP,1
10587,ConvertAll Methods Implementation for Multidimensional Array in C# - follow-up,1
10970,"VersionString (eg ""1.0.2"") IComparer algorithm",1
4350,Why some neurons are tetraploid,0
11629,Terrain map generator with JavaScript and HTML5/CSS,1
8405,Asymptotic analysis of shifting/multiplying,1
5264,How to start learning disease profiling?,0
4623,"X chromosome ""weight""?",0
773,Dependent Permutations,0
5294,What causes leaves to be hydrophobic?,0
6993,Is every AVL tree a BST or just BT?,1
881,Continuous population models,0
8088,Making a NFA for accepting a string only if it contains the given substrings,1
6357,K-Nearest Neighbors in pure Python,1
11950,Resize image with good quality and less weight,1
10133,Generate every unique combination using all elements from array,1
1463,Can this generalization of the exponential function be expressed using more familiar functions?,0
2749,Why study Algebraic Geometry?,0
4386,What species is this bushy thorny yellow-flowered angiosperm from Morocco?,0
9109,Changing height of an UI panel using Array content,1
9358,Why do public key systems involve private keys?,1
10352,"Creating an array length n * n, separating it into n groups, and adding numbers to it n times",1
10380,Are there any PSPACE problems that don't exist in NP-Hard?,1
11248,Check for correct number of elements in exploded string,1
4449,Building a PDB file from amino acid sequence of non-folded structure,0
4484,Why is the mechanism of inheritance for this disease autosomal dominant?,0
10489,Proof of Subject-Expansion Theorem in Type Theory,1
8736,Userscript to redirect insecure pages to HTTPS,1
1251,Use ampleness of morphisms to investigate objects,0
11981,Python monkeypatch an API and search through iterable object tree,1
2263,Probability of picking one coin out of two tossing it twice and getting the same result?,0
8019,If we can simulate $NP$-machines why isn't it trivial that $NP=coNP$?,1
6797,Slow MIS Distributed Algorithm,1
5382,Identification: Stinging walking/flying skin cells,0
887,distributive law of differential form,0
11333,Inverting a Scrabble letter score map,1
5684,"Identification of a beetle found in a basement in Virginia, USA",0
906,"Given a control polygon, how do you find a tangent vector at a given point (CAGD, Bezier Curve)?",0
6242,Does every language that fulfills the regular Pumping conditions also fulfill the context-free ones?,1
10345,Getting statistics in rest api endpoint,1
1922,"Is the complement of the closed unit disk in the plane homeomorphic with $\mathbb R^2\setminus \{(0,0)\} $ ?",0
1408,"$(M,d)$ be a complete metric space and $N \subset M$ a closed subset $\Rightarrow N$ is complete",0
7729,Relating a proof to a Haskell program,1
5776,What is the probability of an offspring sharing identical HLA typing as one of their parents?,0
2091,How can I characterise the error of an interpolated surface?,0
152,Determining whether functions are regular for $X = V(XY - WZ)$,0
10546,Underscore.js and jQuery templating,1
7958,"""Subpaths"" of Dijkstra's shortest path also shortest?",1
891,Proof for the existence of primes not equal to $ap_\alpha +bp_\beta$ etc?,0
7454,Existence of suitable pseudo-random number generators to derandomize BPP to P,1
4273,Do blood vessel walls have blood vessels in them?,0
4652,"Being able to write/type different texts using each hand respectively, at the same time?",0
3550,"Why dont ""growing degree days"" have units of degrees Celsius (or do they)?",0
6102,Direct Mapped Cache simulation,1
5772,How to interpret the relationships of PTMs from BioGRID's data,0
3308,"Book on yeast reproduction, evolution and on the use of yeast as model organism",0
6093,Summing up distinct elements in steps,1
544,Finite Morphisms of Affine Curves are Surjective,0
1769,Why is the intersection of algebraic subsets of an algebraic variety again an algebraic subset?,0
1144,Trying to understand how to check subspaces,0
2656,Calculate inverse Laplace transform of $\exp(\sqrt{s^2-r^2})$,0
4086,Multiplication to formalize Microbiological Processes,0
2977,Solve SDE for Brownian Bridge,0
1716,Spectral radius and operator norm,0
9540,K&R atoi() variation,1
6058,Sample Banking System Deposit Function,1
5788,How is the mRNA transported out of the endoplasmic reticulum?,0
5449,"Restriction enzymes, how are the recognition sequences determined?",0
10962,Minimal complexity for pairing two comparable sets with comparability restrictions,1
3830,Holder for 75 mm x 25 mm glass slides that can handle vibration,0
11591,Which algorithms are usable for heatmaps and what are their pros and cons,1
10090,Simple Graph in Python,1
4701,Protein tertiary Structure formation,0
2317,how prove $\binom{n}{n/2} = \Omega (\frac{2^{n}}{n})$?,0
3635,Reptiles are a paraphyletic group because?,0
813,The Hessian and Eigenvalues,0
9790,"activerecord, refactoring the source code",1
7688,"One rational interval function and one irrational, will they ever collide?",1
3765,"With the 5$ covid19 test - an antigen test - , would trials (most likely) be independent?",0
10986,Two's complement Using ONLY Logic Gates,1
591,Let $X$ be a semimartingale with $\triangle X \neq1$. Proof that $\mathcal{L}(\varepsilon(X))=X-X_0$.,0
6514,Binary cross Entropy derivative?,1
9956,Number guessing game in Kotlin,1
7972,Average of subarrays of length k in C++,1
6660,"Sum Square Difference, which way is more Pythonic?",1
8724,Modifies Dijkstra’s Algorithm to find the maximum cost path,1
7596,"Let $ L = \{ \langle M \rangle : L(M) = \Sigma^* -\{\epsilon\} \}$, Show that $L\notin RE$",1
2226,Is any reflector from a presheaf category $PSh(K)$ to a topos $C$ necessarily left exact?,0
11228,What happens when there is a branch mispredict and an interrupt occurs?,1
2800,Entropy of the bivariate Gaussian copula: Closed-form analytical solution,0
11724,fastest way to find matching pattern,1
1131,"Check proof that $a^x + b^x = c$ has exactly one solution given $a, b\in(0, 1)$ or $a,b >1$",0
11238,Grouping elements optimally other than NP-hard approach,1
8967,Selecting site to browse in python,1
7408,Dynamic Dispatch replacement for Generic methods,1
9748,Find all combinations of a number sequence which is first increasing then decreasing,1
9869,Jquery sortable style function,1
9359,Does this LCS algo generate all the CS or only all the LCSs?,1
542,How to solve the following linearly independent vector problem?,0
11481,Creating a binomial heap from an array in Θ(n) time,1
3673,Are there any benefits/disadvantages/traits from having a permanent lower core temperature?,0
4144,Do any nonhuman species have effective ebola immunity?,0
11241,Find all disconnected directed (cyclic) subgraphs and transform them into stars,1
4394,Why do rabbits often have white hindquarters?,0
9375,Working on key-value disk cache written in plain C. Is there any errors?,1
5875,Endogenous retroviral insertions as evidence for evolutionary relationships among primates,0
2521,"How to deduce the size of C∩B from the sizes of A, B, C, A∩C, A∩B and A∩B∩C?",0
1739,How to preform Voigt notation?,0
8626,How to read typing rules?,1
7526,Non intersecting paths of graphs with obstacle number one,1
10065,Why updating only a part of all neural network weights does not work?,1
2114,"Prove the Inequality proves true, three variables",0
5641,"Is there a resource for comparing categories of life along quantifiable dimensions such as species diversity, geographic range, total mass, etc?",0
11485,Solve the recurrence $a_n - 3a_{n-1} + 2a_{n-2} = 6 \cdot 2^n$,1
10084,Structure of a Pumping Lemma proof: contradiction or counterexample?,1
5007,Do there exist T helper memory cells?,0
2097,Number of Atoms in a Probability Space,0
708,How to self study Linear Algebra,0
1132,Noetherian ring under some conditions has at least two minimal prime ideals,0
10168,natas28 Padding Oracle Attack,1
9527,Tornado chat with SockJS and Redis,1
9467,Reviewing password hashing functions,1
10817,React Animation example - accordion panel,1
6045,Find the election winner,1
2270,Applications of a theorem of Cartier and Gabriel,0
2282,Equation of a Tangent Plane and Surface Area,0
3387,How does the enzyme Dicer function in the RISC complex?,0
3065,A website for identifying birds,0
11440,Conflict serializibility,1
1967,Find the cardinality of the set of all continuous real-valued functions of one variable.,0
8420,Inserting values at maximal distance from current value,1
10875,Bin-packing satisfiability rather than minimization,1
11474,Start an EventHandler in different Thread,1
413,Riemann mapping theorem - Personal project,0
5246,Are the byproducts of mammalian digestion simply depleted versions of the food or liquid consumed?,0
11107,Project Euler Task 42 Solution,1
3722,"Glucose Oxidase, Condition to be Active?",0
8740,How to build/recognise a deadlock-free order of resources,1
5100,Optimal carbon dioxide concentration range for the human body,0
5589,"Co-dependency between carbohydrates, fats and protein in the mammalian diet?",0
6794,Summation and big theta,1
2803,Proving Div-Curl Lemma through Paraproducts,0
8765,Project Euler 22: Names scores by Loki 2,1
3640,"If animals aren't getting tooth decay because they don't eat processed foods, could similar work for humans?",0
4224,Range of feasible coefficients in an unlimited growth model,0
11609,"my new sorting algorithm, what should my upper bound be?",1
2636,Why are skew-symmetric matrices of interest?,0
8931,Memory-Test for Soldiers,1
6185,Lower upper bound on # variables in k-SAT with m clauses,1
8351,Maximum value a variable can hold without documentation,1
10373,Search for a filename with keyword,1
1483,How to solve $e^{ix} +e^{2ix} + e^{3ix}=0$,0
3648,Alpha-gamma co-activation,0
4230,How did people's liking of ceremonies evolve?,0
7862,Why Don't We Use Non-ML Artificial Evolution?,1
750,Prove the half space of a polyhedron in $R^n$ is a polyhedron,0
11866,LeetCode 641: Design Circular Deque,1
5791,Processing of speech/non-speech sounds in the human brain,0
5389,Why does the brain produce cannabinoids?,0
11777,Project Euler+ #35 - Summing circular primes less than N,1
3224,How does trees know to balance themselves so that they never fall down,0
4323,What is the point of toxins without remarkable coloring?,0
5830,From what stage can you speak of an inflammation?,0
4166,Interpreting SNP-in-gene associations from GWAS studies,0
4478,Are tendons and ligaments classified under the muscular or bone system?,0
10504,Logarithmic Randomness is Necessary for PCP Theorem,1
7753,P=NP giving a deterministic algorithm for SAT,1
4179,"Insect ID, Maharashtra, India",0
10146,How reducing languages work?,1
3778,How do people wake up just before their alarm goes off?,0
1115,Find the value of b for which f is continuous at all the point on $\mathbb R^2$,0
2760,Proof of R is transitive if and only if $R^{-1}$ is transitive.,0
6691,Undetectable error correcting codes,1
5742,First documented beneficial mutation?,0
7619,What are address shadows?,1
9146,Toggle menu under specified screen width,1
7813,Unique everlasting session with low collision rate and is set across sub-domains,1
3064,How long does it take for a person to lose all offsprings due to inheritance?,0
7837,Naive implementation of KMP algorithm,1
3329,What is the lower temperature limit for ion channels function?,0
4104,Spinal cord injury bypass,0
6528,Is finding arbitrary length cycles in a graph NP-Hard?,1
5676,"Is the heart more relaxed when stretched or contracted, and how does it affect cross-bridge interactions?",0
1404,Understanding a part of the proof that a linear combination of 2 singular measures is a singular measure.,0
10015,Is the set of LL(*) grammars the same as the set of CFG grammars?,1
7707,Recursive math expression eval,1
8816,"Algorithm to minimize surface area, given volume",1
2617,Bases of orthogonal complements,0
4339,Coefficient of relatedness for a locus on the Z chromosome,0
2589,finding real roots by way of complex,0
2159,Proofs related to chi-squared distribution for k degrees of freedom,0
9148,Computing composite functions,1
10670,Finding duplicate char from a string,1
8595,Installing Mods With Python (v 2.0),1
5345,How was the guided daily amount (GDA) calculated?,0
11452,Find the 10001st prime number (in C++),1
10409,"How do I call a system like a grammar, but where a rule has to be applied to all matches at once?",1
460,"Are $P(A,B) = P(A \text{ and } B) = P(A \cap B)$?",0
11896,A free-standing weak_ptr equivalent to handle lifetime of non-shared callback objects,1
2351,Solving integral of $\ln(A)/\sqrt{A}$,0
10338,Animation for collapsing/expanding a navigation bar,1
2785,Expected time to absorption - Random Walk,0
6936,Classification algorithm for high dimensional data which is uniquely definable in a very small sub-space,1
8376,Monotone Frameworks: Transfer functions for flow edges instead of labels,1
3716,Why do humans not have a powerful sense of smell?,0
5484,Can you gain valid toxicological data about a detergent in cell cultures?,0
7233,Relation between RAM and Turing machine,1
7843,Projecteuler.net Problem 2 using collection pipeline Pattern,1
7348,Ways to differentiate comments in source code (PyCharm),1
9180,Format 2 Excel sheets then save both sheets as a new workbook,1
5750,How to validate the use of an anti-virus monoclonal antibody in IHC by spiking a fresh organ with infected cultured cells?,0
9686,Look! Smoke! Who do we blame?,1
10666,"Vowels in a string, patterns",1
7896,"My solution for Advent of Code 2020, Day 4, in C",1
2909,how to find subdifferential of a function $x^2+ |x-1|+|x-2|$,0
6260,Why is {w | no prefix of w starts with b} = {w | the first character of w is a} ∪ {e}?,1
2707,Is the number 1.1010010001... transcendental?,0
4498,What are the metabolic concerns associated with hard water?,0
11472,Entity management design & smart pointers,1
5856,Why do people sleep with their eyes open?,0
1186,Identifying a distribution from its moments,0
7547,Sorting Algorithm which prevents strings with at least one identical char from being next to each other,1
10918,Typical file structure,1
8688,Append table cells to select boxes in indexed order,1
9914,What is the current state of research on the representation of boolean functions using wavelets,1
2615,"In a ""simple"" cubic integer ring, does the sign of the number always match the sign of the norm?",0
9726,Choose a color with probability proportionate to its weight in a group of colors,1
4954,How far can free radicals from UV radiation diffuse through the skin?,0
8691,"Is O(mn) considered ""linear"" or ""quadratic"" growth?",1
653,"What would be a geometric Euclidean interpretation of the homogeneous plane (0,0,0,8)?",0
1924,"For $S\subset T$ for arbitrary element s of S, $s\leq t$ for some $t\in T$",0
6816,Creating the design matrices for a canonical correlation analysis,1
9353,PHP Response Wrapper,1
8855,Proof Review: Integer Factorization is in NP,1
183,"if $ A $ is matrix, $ T $ is a linear operator, $ f $ is a polynomial and $ f(T)(A)=0 $ for every matrix A. Can we conclude that f(T)=0?",0
4378,"What kind of fish is this, caught in Cape Coral, Florida?",0
6817,Counting Sequential Booleans,1
358,"Let $v_1, \ldots, v_r$ be non-zero elements of a vector space such that $\langle v_i, v_j \rangle = 0$ if $i \neq j$. Show that they are independent",0
631,Finding the proof of a bound on the roots of a polynomial,0
4865,DNA as a digital storage medium; sequences algorithmically avoided for safety reasons (or should be)?,0
7666,"Is ""duplicate"" in RPN enough for replacing variable binding in term expressions?",1
108,determine the area under the hyperbola $y^2 −4x^2 = 1$,0
7441,Designing a rationing algorithm for a store,1
5111,"How does 2,3 biphosphoglycerate works to release oxygen bound to the hemoglobin?",0
11055,Reducing products in HoTT to church/scott encodings,1
11889,Inefficient DNA heterodimerization script,1
6883,Join strings split with the python [::n] method into one string as they were before in one line,1
4579,What is the relation between plasmid concentration and mRNA levels?,0
3241,Does the genetic expression of specific physical traits ever correlate to behaviour?,0
9242,Testing after_save hooks in Rails 4.2 with MiniTest,1
8213,Something wrong when recognizing data set using Binary Artificial Neural Network,1
2445,Random point in a triangle,0
378,calculate $[T^t]^{b^{\ast }}_{g^{\ast }}$ directly from $T^t(f)$,0
2305,How to Prove that a sequence $\{f_n\}$ of functions converges uniformly?,0
11411,frequency of elements in array in $\mathcal{O}(n) ? $,1
3024,What is the insight of Frank Starling law of the heart?,0
359,Definition of Riemann Integral: for any partition vs for some partition,0
4898,"How does smoking, an environmental factor, cause cancer, fundamentally a genetic disease?",0
4226,How do single-celled predators chase other cells?,0
2742,How to calculate the max value of cantor pairing function given the min and max of the inputs?,0
9051,Given a directed acyclic graph (DAG) - what can you say about each case?,1
8035,"What architectural features will allow this microprocessor to access a separate ""I/O space""?",1
4435,"If massive animals live longer, why do humans with gigantism die younger?",0
4032,Pain perception in animals with nerve nets,0
11948,Retrieving all institutions in a specified country,1
11397,Is there a name for the 'scope tree' organization?,1
4619,plausible science for why an enzyme breaks down a substrate better at 4 degrees rather than 20 degrees,0
8116,Going from IQueryable> to IEnumerable,1
6208,Binary tree level order traversal algoritm,1
5078,Are gametes determined by the sex of an organism?,0
9747,"Definitions of: virtual address space, page size",1
78,Intuition behind the definition of direct sum of linear subspaces,0
4019,"What happens when you mix catalase found in yeast with a small, medium, and large amount of isopropyl alcohol and hydrogen peroxide?",0
2892,A problem on multi-variable calculus,0
3613,How to pipe Bwa-mem output without saving SAM file,0
3478,Career advice for a bachelor of biology with russian STEM diploma,0
10176,Simple Encryption for Strings,1
2406,Can we have a continuous choice in the mean value theorem,0
1584,maximum value of $a+b+c$ given $a^2+b^2+c^2=48$?,0
6007,Bellman-Ford Termination when there is no change on vertex weights?,1
4020,What does fitness really mean?,0
9066,Basic Nim game vs computer in JavaScript,1
1893,Summing powers of complex root of unities gives 0,0
6036,Solving $T(n)=4T(n/2)-1$ without using the master theorem,1
9921,Made my own simple calculator,1
6127,Reporting the highest satisfied poker hand in F#,1
6975,"Trials, tribulations, and tributaries (Rainfall challenge)",1
6672,batch progress visualization In React.js,1
2768,"Zorn's Lemma Proof: Definition of Tower, Union Requirement",0
7944,Playing pure sinusoidal tones,1
7805,A web crawler in Python,1
11037,Get collection of objects from CSV string and vise-versa,1
803,Hilbert polynomial of a point,0
1611,What is the name of the vector space on which the translation group canonically acts?,0
8851,"Comparing Selection, Insertion, and Bubble Sorts for database application",1
5662,Can you extract specific data from EEG,0
7315,Kleene star and Kleene plus,1
2883,Existence of fundamental solutions of Heston's PDE,0
4308,Open Mass Spec Database,0
7821,Conversion of hexadecimal string to string,1
1338,How to prove/dispute the following log inequality?,0
4385,Is there natural occurrence of induced pluripotency / expression of Yamanaka factors and what is the evolutionary explanation of that?,0
3459,In which phenomena does one gene pair hide the effect of other unit?,0
5019,How do insects survive the winter?,0
4149,"What are these tiny, almost transparent, dots in my vision?",0
7475,Category theory (not) for Programming?,1
8966,JavaScript making http(s) request: requiring modules within a function,1
3566,Can DNA act as a translation substrate?,0
4316,"If the covid-19 appeared once, could it reappear anytime?",0
5498,Bacterial capsule vs. slime wall,0
9541,Random file access in a block based file format,1
10013,Rails controller method to show an optionally scaled image using MiniMagick,1
4318,oversecretion of the thyroid gland,0
8108,Constant in Complexity of SQRT algorithm,1
11113,Coding and printing a graph,1
11083,Array initialization inside function to be called repeatedly,1
6978,Renaming PDF files based on given rules in a text file,1
9609,Parallel single source shortest path algorithm,1
612,Definition of Harmonic funcitons on the Riemann Sphere,0
2096,"Difference between continuous and essential spectrum, examples?",0
1974,How many real roots has the equation?,0
1161,How to find the upper Riemann integral of following function?,0
2388,Entropy of a Linear Toral Automorphism,0
10307,Find the longest ascending subarray from a given array,1
8014,OO and non-OO usage of Mysqli,1
6042,Variable declaration closer to usage Vs Declaring at the top of Method,1
7705,"Prove that $\{0^n 1^{n\cdot m} : n,m \in \mathbb{N}\}$ is not context-free",1
4075,Can you use a cell in meiosis to create a karyotype?,0
2374,Calculate residue of function $f(z) = \frac{(z^2+1)^5(z^{10}+1)}{64z^{11}i}$,0
5083,Is funnel web spider venom poisonous?,0
4823,Any databases with AAMI ECG and ECHO?,0
6958,Read contents of file with appropriate error handling (Rust),1
533,"The dual function g is concave, even when the initial problem is not convex?",0
1637,Prove that $U$ is an open set of a topological space $X$ iff for all $A\subset X$ we have $Cl(U\cap Cl(A))=Cl(U\cap A)$,0
1337,Explaining Ito's Lemma,0
7616,How to combine items in List to make new items efficiently,1
3340,Are Sharks able to detect electromagnetic waves using their Electroreception ability?,0
3406,Why would a flower evolve such that a particular pollinator cannot pollinate it?,0
4066,"Why should phospholipid non-polar tails be ""protected"" in the membrane bilayer?",0
944,How to calculate the number of subgroups of a group whose order is $19$?,0
6168,"Rust program, which reads, processes, and writes a file",1
5916,Concentration of a specific promoter in a cell?,0
8188,Passing anonymous functions and getting variables from an outer scope,1
11273,"Finite state automaton for the reverse of the language, and multiple starting states",1
4006,T7 phage promoter action in mammals,0
5329,"Bird Identification: New Delhi, April 2018",0
548,Are there generalised rules for generating heuristics from data?,0
4958,Is life in a supercritical fluid possible?,0
3453,What is the cause of the packaging capacity limit of recombinant adeno-associated viral (AAV) vectors?,0
1803,The action of a Galois group on a prime ideal of a Dedekind domain,0
617,Geometry: Finding an angle of a trapezoid,0
4776,What is holding the immune system back to not attack human body cells?,0
8046,From nand to numbers,1
11190,Run external command from Python,1
4126,"Help identifying a mushroom found in Raymond, WA, USA",0
4689,Why can't we defibrillate the heart within 1 minute after ventricular fibrillation by electroshock?,0
2893,"If $A$ is a bounded matrix-valued function, is the map $x \mapsto A(x)x$ Lipschitz?",0
145,Every $14$-vertex clique has $3$ people who know each other or $5$ who don't know one another.,0
6375,Integer Partition using an iterator,1
9285,Parallel reduction by key implementations,1
11745,Sort arrays $A$ and $B$ of the same elements using only comparisons between an element of $A$ and one of $B$,1
1099,Maximum number of students such that they all have at least 3 out of 6 different answers.,0
925,Does considering a pair of vacuously true statements lead to a contradiction?,0
9974,How can I randomly sample from the set of NP Complete problems?,1
8217,Meta Programming Operators,1
2338,Minimising the expectation of the Lp norm.,0
2260,Checking if all elements are prime,0
1123,Problem in defining information measures,0
10859,Validating sudoku columns and rows,1
10138,Number of min-cuts of a graph,1
6282,Maximizing integer sets intersection (with integer delta),1
6165,Datastructure for lookup of single point in range (3d)?,1
3526,How to analyse an ECG?,0
11329,The rightmost derivation is possible with the same rule of leftmost derivation,1
2525,What is the reverse distributive technique?,0
5764,Parallel DNA double-helices with Watson–Crick base-pairing: Why do they not occur?,0
9867,Convert date time string with non standard timezone offset in C#,1
8425,Split a Map into sublists,1
9682,$\mathsf{PP}$ compared to $\mathsf{\#P}$,1
4162,Why human endometrium doesn't stay constant?,0
11403,Collectively pay the bill problem,1
7034,"""Suspicious comparison of integer references"" while checking for a monotonically increasing sequence",1
4728,Analyzing Messy Data Files,0
1503,Please help finishing the calculation to prove that ” Pareto distribution & Power distribution has inverse relationship”.,0
6075,How to show $L = \{0^{i}1^{i^{2}}| i \ge 0\}$ is not context-free using pumping lemma,1
10273,Convert array of u32 to Vec in Rust,1
8104,Reducing Clique to Independent Set,1
1537,Finding a primitive root of a prime number,0
11459,"Conditional parsing, non-standard approach",1
1720,Find all the values: a+b=c+d=ab-cd=4n for n>1,0
7330,Stream Exercise: average delta of the yearly average temperature per country,1
5518,Genes of the electron transport chain,0
5833,Amplified Fragment Length Polymorphism (AFLP) primers,0
2852,Determine the order of the local truncation error (LTE) of a numerical integration method,0
4315,Effect of forced breathing on RBC size,0
5654,"Embryonic cells, when can you detect them in vivo? (In order to do whole genome sequencing)",0
7361,"Calculate expected values of ""Craps Game"" with the help of Prism Model Checker",1
4427,Structure of adenoids,0
755,converting the sum of numbers to logarithms,0
9942,In which category is the supercomputer SUMMIT according to Flynn's taxonomy?,1
187,Area of a decentered circunference,0
4010,Function of the spermaceti organ,0
4473,What is the structure of heterochromatin?,0
11982,Students in classroom problem - Flow in network,1
71,Minimal trace norm on the set of matrices with fixed diagonal entries,0
11079,Proper TSP implementation by brute force,1
4827,Are there any small peptides with protease activity?,0
6195,Create a unique four digit code from 35 characters,1
10528,Finding an $st$-path in a planar graph which is adjacent to the fewest number of faces,1
3612,"Biological terminology: ""codes for"" vs. ""codes a""",0
11230,Including references in onResume Lifecycle,1
2828,First order necessary conditions for nondifferentiable nonconvex minimization problem,0
1284,Closed form of recurrent arithmetic series summation,0
8123,Can you multiply complex 2x2 matrices in fewer than 21 real multiplies?,1
10014,Cross-site request forgery defense for code to count Likes,1
9665,Competitive ratio of this paging algorithm,1
9635,Proving that NPSPACE $\subseteq$ EXPTIME,1
6568,Island perimeter code challenge in Java,1
2157,Compact open sets which are not closed.,0
1705,"What is the dual space of $L^2([0,1],[0,1])$",0
6032,Reset an input field after submission,1
3290,Where can I find DNA decryption research?,0
10464,Why this problem has such a simple solution? How would you avoid looking for more complex solutions first?,1
3519,No. of meiotic divisions to produce specific no. of seeds,0
5763,Neanderthal minibrains vs human minibrains,0
8752,Opening and validating an XML file,1
9685,Make pinging faster while looking for a Windows PC,1
9184,Slow code pandas 8 million rows,1
7659,Proof $\{u\colon |u| \text{ is odd and $b$ is in the middle}\}$ is not deterministic,1
10316,How much bigger can an LR(1) automaton for a language be than the corresponding LR(0) automaton?,1
948,"Prove that there is an element in $ \{ \sqrt{3}, 2\sqrt{3}, 3\sqrt{3},...\}$ having fractional part less than 0.01",0
9133,Algorithms on random geometric graphs,1
2334,Is a boundary which consists of boundaries of balls Lipschitz?,0
4618,Does human brain produce nicotine?,0
8632,Calculating compass direction,1
56,two distinct elements of $GL_2(\mathbb{R})/SL_2(\mathbb{R})$.,0
4217,What range of dose should be used?,0
10509,Extensible XML parser,1
5101,Modularity of transcription factors,0
8102,Party optimization: maximum weight independent set in a tree/graph,1
11073,Calculating relative strength index over a period,1
5865,"What are the olfactory chemicals in whiteboard/permanent markers and what do they bind to in the nose, lungs, and brain?",0
6439,Is any State Space Tree always Binary Tree?,1
9482,ESLint rule for Jasmine/Protractor,1
9554,URL selection function that is designed to randomly assign users to different surveys until full,1
6052,Shortest regex search and sum for integers,1
7533,Flattening a 2D array to use map/reduce,1
3671,Beetle Identification - Oregon,0
2927,I need a Hint on this Differential equation,0
8543,Arduino driver for 7 segment display with bit-shift register,1
6212,Vertical alignment with CSS,1
5653,How are synaptic vesicles brought to the synapse?,0
3245,Can hair follicle miniaturisation affect hair color?,0
5425,How to linearize target vector by PCR,0
7816,Greedy Optimum Dominating Set For A Tree,1
896,"Solving $a(x+2)=\pi-cy$ for $x$, arrived at an answer different from the one in the book",0
2439,Does a function that is twice weakly differentiable have a version that is classically differentiable?,0
8695,Simple Registration Form. I would like to get rid of code duplications,1
3288,Protein Conformation Modeling,0
11183,Understanding basic operation of TM and FA,1
566,Étale sheaves as colimits of representable sheaves,0
777,Is locally completeness a topological property?,0
10867,Show Language is not context free without pumping lemma,1
4049,Is it possible to become pregnant indirectly?,0
448,Prove that $\int_{0}^{1}{(1-x)(x-3)\over 1+x^2}\cdot{dx\over \ln{x}}={\ln{8\over \Gamma^4(3/4)}}$,0
5195,Is the appendix a vestigial structure in all vertebrates?,0
2215,indefinite integral of $\int \frac{dx}{\sqrt{(x)(x+1)(x+2)}}$,0
10397,Sum of k smallest values of affine functions,1
4661,What is the name of this thorny plant?,0
8512,Is this a good way of managing parallel go routines when I care about ordering of results?,1
9016,Schedule Global Task by using static System.Timers,1
8346,"What is ""memory coalescing""?",1
11525,Comparing dates with SharePoint PnP PowerShell,1
9110,How to compare two approximation algorithms,1
4770,Does hypokalemia increase sodium concentration in cells?,0
1638,Solving for x when x is in the denominator of an equation,0
1174,Help Needed To Prove A Trigonometric Identity,0
1883,A question of a notation in homological algebra,0
4935,Why are treatment periods with antibiotics longer than 1-2 days?,0
7121,Getting WiFi SSID on iOS in Swift,1
9343,Beginner Python User Login System,1
10907,Opening a file in Python,1
8497,Recursive filename search,1
8076,Retrieving data from hash table ordered by insertion time,1
2020,Delta-Epsilon Proofs and Bounds,0
9947,How can I make my filter search code more efficient?,1
1523,"Continuous function from $(0, 1]$ onto $(0, 1)$?",0
11808,I can't understand this example of PDA Automata,1
2089,Prove $2016^{2017} + 2018^{2017} + (2015)!! + (2016)!!$ is divisible by $2017$,0
10632,How to determine the dimensions of the bias vector in a Convolutional layer (tensor flow)?,1
6005,NullGuard for throwing more informative exceptions,1
9568,Class naming conventions,1
5440,"What does x in ""Miscanthus × giganteus"" name stand for?",0
8403,why does message authentication using 2-universal family of hash functions require a prime number of possible hash values?,1
7343,Countdown timer for new year,1
1292,How to find the expected number of days?,0
4730,Resources to learn about marine life,0
6540,Nondeterministic automaton accepting only words whose first letter is identical to their next to last letter,1
7053,Move objects into embedded arrays,1
7336,"C++ cleaner optimised code, Calculator",1
9214,A variant of the busy beaver function,1
11056,More efficient update macro in Excel,1
4466,"Identification of red, plum-like fruit (probably from Southern Russia)",0
7591,"If one shows that UNIQUE k-SAT is in P, does it imply P=NP?",1
2665,Weak convergence of a sum of stochastic processes,0
883,Is the inverse of the standard deviation Sub-Gaussian?,0
8587,Theoretical machines which are more powerful than Turing machines,1
3425,Is narrow sense heritability heritable?,0
9499,Conflicting definitions of quasipolynomial time,1
9479,"How does the NFA decide in a state where there are multiple equally valid ""next states""?",1
9573,Is there a more dynamic way to target siblings in CSS / SCSS?,1
511,Proving that $\mathbb{Q}(\omega)$ is the splitting field for $f(x)=x^4 - x^2 + 1$ over $\mathbb{Q}$,0
6307,Calculating the set field of associative cache,1
6784,Calibration and overlay of RGBD with a thermal camera,1
1607,Irreducible polynomial cannot have only perfect power values,0
10415,What are the differences between Earliest Deadline First (EDF) and Earliest Due Date (EDD)?,1
4535,How are Mono and Diglycerides metabolized without the Free Fatty Acids of Triglycerides?,0
6521,Flight combinations between two cities,1
11678,Sorting an array where half of the elements are at their correct position,1
8326,Photo gallery user control,1
9415,NodeJS static file HTTP server,1
8513,Automatically push git submodule's parents recursively,1
11592,Unit test an ExecutorService in a deamon,1
6957,How to read this inductive language definition?,1
9576,Singleton holding and notifying registered listeners,1
6567,A DFA recognizing my name,1
2759,Number of solutions in equation $x^2 \equiv a \mod(pq)$,0
5709,Terminology for inefficacy of selection on recessive alleles,0
7107,C++ Quicksort implementation,1
9607,How to find a good saw function for PRNG?,1
9600,Balanced parentheses using standard C++,1
7920,What is the asymptotic runtime of the best known TSP solving algorithm?,1
1796,Is $\mathbb{R^Z}$ or its elements countable?,0
10094,Printing stars using nested loops,1
7556,Project Euler Question #2: Sum of even Fibonacci numbers under 4 million,1
8788,"Unit test code for a private median-of-three function, using reflection",1
3982,Difference between CDS and cDNA,0
11039,Query Rails 3 Active Record Fetch associated model based on conditions,1
2382,What are these specific trigonometric functions used for?,0
5816,"Is it true that, prior to puberty, there are no physical differences at all between boys and girls (except for their private organs)",0
4302,question on brain dissection,0
1832,100 Prison Problem- Why does this solution not work?,0
3922,Why can't we propose a solid theory regarding origin of life?,0
10529,Lazy lists with call-by-value reduction strategy,1
3801,Major groups of photosynthetic prokaryotes,0
6316,Modifying a data table of report data,1
10991,What Data Annotations need to be shared/different between my Model & ViewModel to keep seperation of concerns?,1
3857,most different human tissues with respect to gene expression profiling,0
6733,Inserting nodes into a singly linked list based on size of number,1
10508,"Why is the addition function exponential for k-bit integers providing only zero, equality and the successor functions?",1
8751,Complexity of minimizing the maximum inter-cluster distance?,1
7544,"Implementing a Simple ""MoneyAccount"" in CoffeeScript",1
1491,"New to MATLAB, having some trouble solving systems differential equations",0
3081,What is mold detection threshold in humans?,0
6636,Re-implementation of `std::tuple` for MCUs,1
2430,How the free group on two generators $F_2$ is isomorphic to a particular quotient group,0
11701,OpenCL approximation of Pi using vectorized implementation,1
3986,How to remove protein contamination in plasmid isolation.,0
11955,Password Entropy in Lazarus (Delphi-like),1
1736,"Show the hypercube $[a,b]^n$ is closed",0
6852,Django Unified Method for Deleting Instances of Any Model,1
7194,Most frequent integer in a list,1
11047,What does an admissible numbering of computable functions look like?,1
7899,What's the class of problems solvable in polynomial time with an exponential number of processors?,1
1820,Diferentiable function with non-differentiable inverse,0
4590,How many agarose gel bands are typical for circularised DNA,0
11157,vba Copy Paste Transpose Link,1
3379,Cyanobacterial photosynthetic oxygen yield,0
3227,Do similar adaptations result in similiar genetic code?,0
11342,Java Regex for Chess notations,1
8075,Pythonic attempt at conversion of length,1
1721,Find a sample size such that the probability of a sampling error less than $0.005$ will be $0.99$ or greater.,0
1266,Jech Lemma 3.10 (cofinalities),0
105,Seeking Alternate Proof Regarding Closure Of Recursively Enumerable Languages Under Shrink,0
4231,Is telomere shortening consistant over consecutive cell divisions from zygote to a differentiated cell?,0
6488,SmartRandom bombing strategy for Battleship game,1
6457,Pagination that doesn't rely on a database,1
8471,What is the difference between type theory and logic programming (in terms of declarative programming and specification),1
6388,Setters dependent on other instance variables in Java,1
6233,Complexity of multiplying two integers of size $n$ and $m$,1
11015,Ruby - Summing groups of odd and even integers in an array until no groups remain,1
9390,Reduce duplication while accessing Visual Studio services,1
5696,Is there a realtime molecular clock within the genome to co-ordinate the developmental sequences in an embryo?,0
5012,Can epigenetic structures carry a trait?,0
6699,Data mapper reuse related domain object for setting data and return a clone of the domain object,1
11760,Is there any algorithm can solve the following equations efficiently?,1
9617,Is implementation of approximate dynamic maximal matching feasible?,1
141,How to minimize the amount of material used to make a shape of a given volume?,0
6035,"Find the set of all edges which there is a cycle such that for every $e' \in C, e'\neq e$ : $w(e')\leq w(e)$",1
11387,Is it allowed to do a binary search with an oracle when proving NP-completeness?,1
8517,Name and complexity of a problem concerning metrics,1
2032,"How can it be shown that $x^x = a$ , has no real solutions when $a < (1/e)^{(1/e)}$",0
3169,What is the mechanism of oxygen uptake in E. coli?,0
8635,Aggregate cidrs up to a limit,1
749,Integration Problem: $ \int \sqrt{2^2 - x^2} $,0
3010,Why do sneezes come in pairs or more?,0
526,Find example for probabilities.,0
5451,What does does a blood sample tell you about an individual's identity?,0
5603,Why is EcoRI supplied with a unique buffer when it is allegedly 100% active in universal buffers?,0
7785,Tarjan's strongly connected component finding algorithm,1
4347,What are the effects of caffeine on the mammalian circulatory system?,0
4343,Why proximal muscle weakness is seen earlier than distal muscle weakness in Dermatomyositis?,0
7393,Managing database connections for unit tests,1
8258,Strictly typed dynamic proxy to call dynamic object,1
1428,Understanding polynomial interpolation as a special case of Chinese Remainder Theorem,0
3049,Are there any intersections between the biochemical pathways of uracil biosynthesis (or metabolism) and methionine degradation in eukaryotes?,0
4195,What does the phrase 'background level' mean?,0
2994,"If a measure is semifinite, then there are sets of arbitrarily large but finite measure",0
3822,After how many hours water drunk is expelled from the body?,0
7642,Creating every possible combination until a code word is found,1
3999,HELP hepes preparation,0
5881,Species that murder their own counterparts when put in captivity,0
8074,Trello list scraper that extracts all numbers from boards and logs the sum,1
11561,Longest chain of pair of points,1
5679,Health effect of electromagnetic and acoustic waves on brain function,0
3437,Pros/cons: linear vs. circular DNA,0
1554,sample standard deviation given population standard deviation,0
1270,What is a star configuration for a projection of a knot?,0
9036,Find all group of neighbors with a constraint weight,1
8484,Check if JavaScript input is empty,1
110,About linear bijection between Banach spaces!,0
8542,"language for Turing machine, {w#w | w ∈ {0,1}*}",1
11632,A graph representation of Adjacent Matrix in Python,1
9071,Remove duplicates from a sorted array,1
2939,unique solution of pde using method of characteristics,0
6325,"wrote a blackjack game in python , would like you get notes on it",1
8782,Transforming a list of maps representing bands,1
10119,"When scheduling intervals across multiple resources, why sort?",1
9107,Find and copy .tiff files,1
11573,Copy directories while excluding or isolating certain extensions,1
8790,Script to monitor a folder and compress the content,1
636,Tensor Product with a Free Abelian Group,0
4684,Is the General Cirrate Octopus Form the Basalmost Octopoda Morphology?,0
8044,Concurrent quicksort in C++,1
1837,Calculate Laurent Series of $\frac{1}{z^2 - 9}$,0
9615,Is nesting grids a good idea?,1
8091,Keeping track of people's relationships using a people relation table,1
4679,Microalgae without cell walls?,0
11720,Optimal way to find maximal sum (with constraints) of array elements,1
5715,Validity of measurements of respiration in isolated mitochondria,0
9400,Is the language of Turing Machine encodings decidable is this instance?,1
2357,Numerical method with convergence greater than 2,0
6080,Filters for a JSON collection,1
1978,Homology/Cohomology of Closed Manifold with $\mathbb{Z}_{2}$ Coefficients,0
3164,Hardy-Weinberg equilibrium generalized to add inbreeding (non-random mating),0
9753,Neatly printing integers interspersed with spaces,1
6346,Generic comparitive array selection sort,1
7637,Intersections of some context-free languages,1
9811,What is the run time of this algorithm?,1
8020,What does the posterior probability of a variable mean in the Bayes' rule?,1
6387,Space complexity of Chomsky Normal Form,1
7055,What can I improve on my iOS PDF class?,1
11750,Iterating string characters and passing them to a BIOS API,1
2233,Ellipse tangent to two circles,0
5543,First discovery of long-term depression?,0
642,Homomorphism Between Non-Abelian Group and Abelian Group,0
5809,Inheritance patterns in individuals with triploidy,0
8081,Prove that inserting $n$ sorted values in to an AVL using AVL insertion is $\Theta\left (n \log \left ( n \right ) \right )$,1
7635,Finding a word ladder using Breadth First Search,1
112,Things I must know before taking differential equations course,0
5069,It is possible for person with AIDS be negative for HIV antibodies?,0
5563,What is the name of this small black insect?,0
9079,Maximum product of contiguous subsequence over $\mathbb{R}$,1
2,How to check if a set of vectors is a basis,0
7394,"Sorting an ""almost sorted"" array in sub linear time",1
5483,Can bacteria or other microorganisms be killed by applying pressure?,0
11324,Project Euler solution #2 using Swift 3,1
11619,Isn't Functional Programming just Imperative Programming in disguise?,1
4063,Movement of sperm to the egg,0
557,A question about centralisers in Lie algebra.,0
7476,Using naturality to prove $f: \forall\alpha. \alpha\times\alpha\to\alpha$ must be a projection,1
4205,Functional Difference between the Distal Promoter and Enhancer Region,0
8162,Allocate Resource Effectively,1
6021,Forward Error Correction for streaming data,1
8333,x86 strcpy implementation,1
7481,Implementing a generic class and choosing a collection based on a type,1
8182,Upper bound $T(n) = 9T(\sqrt[3]{n}) + O(1)$,1
2534,Finding the Laurent series of $f(z)=\frac{1}{(z-1)^2}+\frac{1}{z-2}$?,0
7610,Find sets of weighted objects to maximize number of sets with weight >= X,1
8901,How do quantum computers find the global minimum?,1
3217,Could someone please identify this species?,0
6862,Dynamic programming solution for cross river algorithm (part 2),1
6030,Is a degree-$d$ pseudo distribution always a relaxation?,1
2031,Saddle point method: a rigorous proof?,0
4606,"What is the distinction between the terms detrivores, decomposers, saprotrophs and saprozoic organisms?",0
2704,"For game where first player to N points wins, find the distribution of win probability and total number of points between players",0
1778,Significant digits found while using an algorithm with random data,0
10518,Find the longest sequence,1
7931,100 Locker Problem Expanded,1
2894,"Determine the values of $k$ so that the following linear system has unique, infinite or no solutions.",0
2526,How many arrangements of six books where two blue books must be next to each other?,0
1164,"Prove $d_1(x,y) \le \sqrt N \cdot d_2(x,y)$",0
1873,Girth line equation of Breather,0
1699,Eigenvalues and eigenvectors in $\mathbb{R}^\mathbb{N}$?,0
5624,why thymectomy doesn't lead to humoral immunity deficiency?,0
9935,Perl script to print multi line log entries which has a match for given pattern,1
10814,Thread-safe cache using a linked list,1
3940,"What are iPSC cells, and what are their applications?",0
11871,Why can you push multiple symbols on a PDA stack at once?,1
5956,Time for rigor mortis to set in,0
7878,One-dimensional k-center problem. Finding minimum distance,1
7989,Prime numbers in given range,1
4372,"Small, brownish bird with reddish spot around eyes",0
1869,Piecewise linear structure as generators of $C(M)$,0
4975,Why are humans mostly right-handed?,0
547,Is my inductive proof correct?,0
10974,Database report in PHP,1
7802,Addition function for two Big Integers represented as std::string,1
9473,Texture loading in LWJGL 3,1
3782,Why do we have to move in the cold for higher chance of survival?,0
10982,Processor Scheduling (SJF / FCFS),1
11672,Improving my user class,1
6386,Selecting random element from complement of set,1
2315,Why don't we define neighbourhoods to be open sets?,0
3679,Hardy-Weinberg applied to three alleles and stimation of allele frequencies,0
1438,Palindromes on Keypad and divisibility by $111$,0
10431,Calculating calendar year for a student based on DOB,1
8309,Script to execute arbitrary command on each Git project in a directory,1
9456,"Constructing PDA to accept language { $a^i b^j c^k \mid i,j,k \geq0, i+2k = j$ }",1
1683,Volume of largest ellipsoid fitting into a box and volume of smallest ellipsoid containing that box,0
4966,How do we look inside the cell?,0
5548,Would it be possible/plausible for a type of spider to fly by weaving web between it's legs to create bat-like wings?,0
787,Circle intersections algorithm with $O((n+s)\log(n))$ complexity,0
2092,What will be the value of sub gradient at $0$ for function $|x|$,0
2686,Indices/Exponents: Simplify the following expression,0
11263,Bipartite matching using Dinitz's Algorithm,1
10436,Ceasar Cipher (Rot 13),1
3189,Improving transformation efficiencies- induce supercoiling?,0
7676,"Is ""super-exponential"" a precise definition of algorithmic complexity?",1
1674,Proving binomial sum (checking my answer),0
4082,"Understanding the ""Waterfall Illusion""",0
1497,About the double integral of the product of two sinc functions?,0
9678,What exactly is the semantic difference between category and set?,1
2138,"Prove that if $m$ and $n$ are positive integers, and $x$ is a real number, then: $ceiling(\frac{ceiling(x)+n}{m}) = ceiling(\frac{x+n}{m})$",0
2420,Uniquely determining linear operators on finite field extensions,0
392,Find 3rd point of triangle with the opposite angle,0
1352,Prove that $\lim\limits_{x \to 1} \frac{x+2}{x^2+1} = \frac{3}{2}$,0
10679,Parsing US address with Clojure,1
6023,What algorithm solves high-order unification for untyped terms in most cases?,1
11152,Does topological sort exist for any complete directed acyclic graph?,1
3339,What is the attacking mechanism of RF on IgG?,0
7059,Randomized Median Element Algorithm in Mitzenmacher and Upfal: O(n) sorting step?,1
7657,Applications affected by memory performance,1
7432,Writing a program to read a maximum of 99 elements in an iteration from a list,1
6592,Does array always have a wasted space of O(n)?,1
6226,How many edges before a random graph is connected?,1
1068,Use Fubini to prove that $\int_a^{x_0}\phi'(x)\left(\int_x^{x_0}u'(t)dt\right) dx = \int_a^{x_0}u'(t)\left(\int_a^{t}\phi'(x)dx\right) dt$,0
2620,Is it true that $A_x$ has even order for all $x\in G$?,0
4421,What's the meaning of this notation?,0
10367,Determining the maximum value that can be obtained from a loot,1
6741,Hardware Transactional Memory Operations in a Hyperthreaded Core,1
82,Formula to compute partial sums of the Basel problem?,0
3499,The Collagen Triple Helix,0
7973,Read regular Expression from NFA,1
3187,What is this bug found in a garden in Utah?,0
1964,Question about the product of two squared sequences used in a particular step in proof of Cauchy-Schwartz,0
7376,solving ()=(/3)+(/6)+1 without Akra-bazzi method,1
8389,Scala implementation of @rolfl's integer-partitioning algorithm,1
7426,Recognizing elements and doing event handling for repeating templates,1
4559,Why do individuals vary in the number of SNPs for a given gene ( e.g. FOXO3A )?,0
3192,Chiral (a)symmetry of curly hair (and fur),0
6105,Excel query within PowerShell,1
6350,Computational complexity based in the input size,1
4481,Effect of the same caloric intake of different macronutrients on body weight,0
11662,"Origin of ""Cookie"" in Computing?",1
2431,$\sqrt{a-b\sqrt{c}} \in \mathbb Q(\sqrt{a+b\sqrt{c}})$,0
1425,Jacobson Radical and Finite Dimensional Algebra,0
4987,Change of phase from juvenile to adult in plants,0
7775,Complexity of recursive algorithm,1
4578,Which information can be extracted from time course RNA-Seq Data?,0
4012,Why are animals afraid of the vet?,0
81,Vertex Colourings for Directed graphs,0
441,Calculating the determinant of $-2A^{-1}$ given the determinant of $A$.,0
7112,Optimal algorithm for signaling for help?,1
5968,Calculating the frequency of a recessive allele in case of three segregating alleles,0
7865,decidability about intersection of regular language and context free language,1
10396,Fuzzy Humanize date using Moment.js for datatable searching,1
5958,What is the maximum electric potential that can occur in the human body?,0
10035,Complete problems in NP∩coNP,1
1339,Don't understand the notation conjugate transpose on a vector in assignment solution,0
329,"What does ""Vertex-transitivity"" tell us about an arbitrary graph?",0
9144,"Chunking a list into separate lists of 5, and then iterating through each",1
4790,Can a cell survive temporarily without oxygen?,0
2340,Product of a family of sets.,0
7052,Suspend and resume a thread using signals,1
1702,rank$(R\otimes_R S)$ is the composition of $f^∗$ and rank$(P)$.,0
7263,Designing better api controller,1
7280,Upper bound derivation of expected time for finding a large cut,1
6219,Is the ambiguity of a regular tree grammar decidable?,1
2926,"If $B⊂A, P(A)=0.6, P(B)=0.4,$ what is $P(A∣B)?$",0
7026,Prevent a UITextField from being input with aphabetic characters,1
3487,How do myosins cause myofibrils to be shortened?,0
11125,Find primes using Sieve of Eratosthenes with Python,1
10171,Automatic condensing of whitespace in HTML,1
6224,Generic absolute value function,1
11356,Where I can I find Pre Trained CNN Datasets for Facial Emotion Recognition?,1
11814,Show byte representation of generic type,1
4657,Probabilities in calculating the kinship coefficient,0
11826,Sort int array by frequency then value,1
8722,Phone number duplication detector,1
1692,Existence of global coframe in product space.,0
8457,"Abstract the (duplicate?) behavior between ""sort"" and ""replace""",1
10445,"Big O notation, code time complexity",1
3990,Is there any size limit to the amount of information a human (or other) brain can hold,0
8304,What does the set {n | n is an integer and n = n + 1} represent?,1
8149,Gyorgy E. ReveszExercise 1.1: Show the grammar $G$ generates the language $L$,1
736,"If $P^r$ has all positive entries, then so does $P^n$",0
3555,Are there organisms that have incorporated plastic into their lives?,0
6796,Is given point covered by any circle?,1
5473,Does blood typing still provide a use for ancient tissue analysis?,0
11291,How is functional property guaranteed in type theory when function type is defined?,1
7673,"Taking advantage of the falsey and ineffective """" empty string",1
6614,English Translator - follow up,1
1731,"If $\langle x,y \rangle$ is not nilpotent, then $\langle xu,yv \rangle$ is not nilpotent for $u,v \in Z^*(G)$.",0
7525,Is it possible to have 2 languages with different syntax but the same semantics?,1
7255,Extending java.util.Random.nextInt(int) into nextLong(long),1
3650,Cultivate snails and maintaining them alive,0
5515,Are all quadrupeds edible?,0
6203,Is the set of admissible numberings recursively enumerable?,1
818,How to solve the below system of congruence?,0
4038,If two definitive ovums are fused will they form an organism?,0
655,Show vectors form an orthogonal basis,0
8557,JavaScript program to count lines of Java code,1
1918,Existence of Designs,0
3856,Is this ventricular tachycardia?,0
11576,Button to follow / unfollow a user,1
6659,Why does Travelling Salesman Problem pose the restriction that each vertex can only be visited once?,1
11458,Mapping DNA nucleotides into two-dimensional coordinates,1
972,"What is the meaning of ""mass defect"" in measure theory?",0
733,"Find all functions which satisfy $f(m^2+n^2)=f(m)^2+f(n)^2$ $\forall\space m,n\in\Bbb{N}$ and $f(1)>0$",0
5109,What's the mixture of carbon and haemoglobin called,0
3878,Predicting host-pathogen gene interaction networks,0
3776,Are human fetuses more likely to be male?,0
3728,What are the common methods to estimate additive genetic variance?,0
7793,Print which CPU flags are set at the start of the program,1
2510,End - extension in the complete theory that isn't elementary extension,0
85,How to prove that any Boolean function can be simulated only using AND gate and NOT gate?,0
8034,How to do amortized analysis for an expanding array?,1
1777,Logarithm of null-homotopic maps,0
3829,Why does abnormal mitosis takes place in the cells of tapetum?,0
9298,"Code to take a list, convert to string and insert comma between the 'elements' - From Automate The Boring Stuff",1
3162,Why babies cry after they are born?,0
3966,What is a good approximate functional form for an equation relating plant growth to sunlight?,0
3201,Why are fibroblast used so commonly in cell biology?,0
6879,Importing data into PostgreSQL from remote text file using ftplib class,1
5932,"What does ""crude"" mean in this context?",0
1041,Problem related to Incircle of a triangle,0
4900,Michaelis-Menten Kinetics: Does measuring apparent Km and Vmax take into account competing reactions?,0
10949,Proof of correctness of algorithm,1
8297,"I feel as if my quicksort can be made more efficient, but what?",1
9905,Delete a node with 2 children in a binary search tree,1
4878,Which variables are controlled in the mammalian womb to ensure a healthy environment?,0
272,Proving real polynomials of degree greater than or equal to 3 are reducible,0
602,Prove that a partial equivalence relation in set Dom(A) is an equivalence relation,0
2523,Solve $x^2+2ax+\frac{1}{16}=-a+\sqrt{a^2+x-\frac{1}{16}} $,0
2629,extreme points of a circular disc and a right circular cone,0
1464,Find the value of $a$ such that the series converges.,0
10691,C backtracking Sudoku solver,1
8205,"Meaning of the ""why not"" modality from linear type theory?",1
8353,Filtering out neighboring ascending digits in quaternary numeral system,1
8138,Implementation of Dijkstra's algorithm in Python,1
2687,Group Theory and Cardinals,0
480,DFT - Why are the definitions for inverse and forward commonly switched?,0
1413,How would you solve this surface integral?,0
7727,Using SMT Solvers in formula checking,1
9127,How to understand the probablistic analysis of skiplist?,1
5485,"Do smaller intelligent animals have a higher neuron density to account for their seeming intelligence? Otherwise, what?",0
4327,Isn't biological immortality strictly speaking impossible?,0
2990,Minimize a function with indicator.,0
6651,Displaying IP addresses in Go using Stringer interface,1
4593,Burning fat transferred from one part of the body to another,0
8124,Using bucket sort to rank students based on their marks,1
11920,How many times whille loop will be executed when we double the value?,1
9476,Python program to check if a set of points is at land or at sea,1
10265,Assignment of coprime values to a tree,1
6791,Label groups of vertices in a graph in an efficient manner without BFS/DFS,1
3788,Help me to identify this stream insects,0
9123,Load different table contents from mySql database using AJAX and display them,1
4885,How much current is required to stimulate a neuron?,0
2285,"If $f(k) = x^k$ for rational $k$ is continuous at single rational value, will it necessary be continuous for all other rational points?",0
10017,what is the k-line-connected graph definition,1
9232,ignoring overflow in two's complement addition of numbers with different signs[specific case],1
9594,Sorting in place & stable in linear time,1
4572,Questions regarding transformation in bacterial cells,0
6280,Can we express the program to find last element of a list as a catamorphism?,1
7786,Parsing a file for a game,1
6213,"Picking a random neighbouring cell, but only picking previously-visited ones if there aren't any unvisited",1
6561,Are these two languages regular?,1
3909,Identify This Glowing Insect,0
2328,Is there a general definition of structured set and morphism?,0
3649,Did the Broadbill Swordfish population fully recovered?,0
9989,Dimension of 1x1 convolution output,1
7836,Generic Graph Traverser,1
11402,Simplifying the Boolean expression $A + \bar{A}\bar{B}$?,1
464,A surprisingly resistant elementary numerical inequality,0
4967,Taxonomy: Categorising Collembola,0
10235,Acyclic Tournament Digraphs and Hamiltonian Paths,1
7584,Does a NFA/DFA need a failure state?,1
9500,Automata that is Turing complete if you add a nondeterminism,1
1050,Galois theory about automorphisms of the field of rational functions,0
6340,Acquiring a data key,1
4616,What don't we know about cancer?,0
3299,Real unipolar neurons do indeed exist in human?,0
1882,What is the exact value of sin 1 + sin 3 + sin 5 ... sin 177 + sin179 (in degrees)?,0
8833,Extract logic applied in a sequence of integers,1
494,Find all maximal ideal of an external direct product,0
472,Prime elements in $\mathbb{Z}_{5}$.,0
10536,How to convert 2 or gates (x1 V x2 V x3) to NAND,1
15,Calculating entropy for a given problem,0
6171,Periods of an LFSR with characteristic polynomial that is a product of primitive polynomials,1
10523,Console Application Customizer - GetBootstrap v2.7.0,1
9292,inserting into min heap,1
5492,Evolution of scratching,0
4696,Why deoxyribose for DNA and ribose for RNA?,0
5436,How can cells produce antibodies despite error-checking mechanisms in their genomes?,0
5426,How do neurons inverse an action potential?,0
5427,Database of medically validated SNPs,0
4124,The difference between Mast Cells and Basophils,0
4213,Do male animals visually perceive females as more/less attractive?,0
7418,Database Connection and Query methods,1
11302,Why does the ouput of an NC0 circuit depend on only a constant number of input bits?,1
6685,Simple Text Prediction,1
8594,How to correct distortion from stitching dual camera to estimate homography,1
3200,Do omnivore mammals vary food preferences based on dietary needs?,0
11001,Why is the star property important,1
10791,Java blocking queue download process scenario,1
4113,Is osmosis diffusion of water?,0
5924,Cichlid fish in Africa,0
1805,Topologist's Sin Curve: Last Step in Proof,0
1449,Morita equivalence between $\mathbb{C}[G]$ and $\mathbb{C}[H]$?,0
7699,"Why is the sequence, ""1,3,2,4"", not a bitonic sequence?",1
5713,Do we get 1/4 of our genes from each grandparent?,0
6465,Header and navbar animations on a website,1
1929,Euler angle in ellipsoid rotation,0
4693,Please help to identify this insect,0
4833,Approximately how long do bacteria live for?,0
3994,"Is there an antidote for caffeine, e.g. as a supplicant for caffeine-intolerant persons?",0
9040,Testing whether a number is nearly a multiple of 10,1
3137,What is the difference between cytosol and cytoplasm?,0
7790,Split string by list of separators and return used separator in the correct order,1
3544,What happens when we know that there is something that we forgot but we can't remember what it was?,0
11101,Simple Java web app code,1
3279,Conservation Law in Gene Regulatory Network modelling,0
10925,What are the disadvantages of having many registers?,1
461,"Computing the trace and determinant of $A+B$, given eigenvalues of $A$ and an expression for $B$",0
6372,Updating an offset in a buffer after each read,1
5733,Neuron stimulation experiments,0
2129,"Find relationship between $a, b, c, f, g, h$",0
11779,Displaying a leader board from a text file and calculating points,1
11247,Do fully optimizing compilers for terminating programs exist?,1
8480,Creating and updating link to instagram image or video,1
11252,Percentage calculation,1
1700,How do we obtain that $(n|z|)^2-n|z|-1 \leq 0$?,0
11463,Simultaneous buffer access in the bounded buffer problem,1
9417,What is a 'dynamic entity' in computer science?,1
9544,Better way to deep copy than this? How can I make it generic by `Collection` type?,1
3984,PBST vs. TBST buffer in western blotting,0
6157,$3$-dimensional convex hull using only a desired number of planes,1
6502,Splitting uppercase letters based on a dictionary,1
5706,What is that insect?,0
1019,Why is Euler's totient function equal to (p-1)(q-1) when N=pq and p and q are prime?,0
599,Concavity of $f(x)=E[| x +Z|^m]$ where $Z$ is standard normal.,0
3537,What are the advantages of blood's redness?,0
2209,(Distance measured / height) * 100??? Is this correct?,0
8052,Angular Typescript Async queue service,1
347,Given parallelogram $ABCD$ with $M$ the midpoint of $AB$ and $E$ the foot of the altitude from $C$ to $AD$ (extended). Show $ME=MC$.,0
1952,How do I prove cardinality is well-defined?,0
604,Mean value theorems for integrals on an open interval,0
339,Why are the fundamental groups $\pi_{1}(S^3)$ and $\pi_{1}(S^2)$ trivial?,0
10998,How to compute a curious inverse,1
7192,What is Finite Automata Bowl?,1
4251,What is this insect? Seems to be in Indonesia,0
1689,Constrained optimization set up with at least one value constraint,0
4676,"Alternative protocol for evaluating RNA integrity, using a bleach gel",0
3552,Why is sedimentation rate significant for a ribsome,0
8655,Infinite monkey theorem demonstration in Python,1
11076,Deterministic approximation algorithm for MAX k-CUT,1
4528,How does the synaptic cleft exist?,0
4649,Are Lambic beers the product of quorum sensing?,0
8418,A javascript equivalent for toDictionary (c#),1
1694,Inner product in a direct sum of a dimensional space,0
10306,Family of types in type theory,1
2036,Calculating sign of a permutation,0
1454,Calculate height from two right angled triangles sharing an edge,0
5140,What is the mechanism by which quitting smoking causes increased appetite?,0
4574,What is this worm like animal found on a well water filter?,0
4840,Can a dead tree root still draw water?,0
9697,Can we find size of total interval in O(N),1
9663,Loading Configurations from plist into singleton,1
7991,Finding dynamic programming algorithm,1
3656,Biological significance of correlation between the radius of gyration and number of layers of convex hull of protein structure,0
5055,How can I convert plate reader measurements of Pichia pastoris OD to cells per ml?,0
8817,Multi-threaded client/server/rate_controller testing harness,1
4095,Y285 Yeast Strain: Where to obtain from?,0
3895,How to predict future generations from heritability,0
6332,A small emacs-lisp snippet for opening a register in another window,1
4560,C to T Transition Mechanism,0
5526,What are the structual differences between DNA and RNA?,0
3350,Open access datasets for QTL analysis?,0
6468,Can we create recursive functions only by using if-else statements?,1
9834,Copy autodiscovery results from list to an array,1
2903,What is the $2n$-th partial sum of a series produced by interleaving two geometric sequences?,0
6557,Retrieve words from dictionary when they meet letter requirements,1
8041,JavaScript debounce function,1
5493,DNA barcoding and real-time PCR,0
5536,Does a theory exist for the formation of thylakoid structure?,0
10864,Number database using binary trees,1
6738,Javascript array-matching beginner,1
7199,Is log log n = O(log n)?,1
5826,"When the mind is highly active, roughly how many neurons become excited in one second?",0
2355,Solving the diff. eq. $\frac{dq}{dt}+ \left ( \frac{1}{3 \rho} \frac{d\rho}{dt} \right ) q =A(t)$,0
1582,How do I find the first seed when given the values of the second and third seeds to determine the sequence that must contain the number 2017?,0
5933,How long does it take for a blocked dopamine receptor to be broken down by the body?,0
1492,Reference request on numerical semigroups,0
9458,Better way to achieve looped output result,1
2398,What is the number of distinct 3 letter words out of different number of given letters?,0
9475,Proving equivalence of two substitutions by induction,1
1219,coloring with k colors where sum of two same colored have same color,0
4490,What type of distribution should binding affinities fit?,0
3724,Identify plant from genus *Solanum*,0
10709,Returning substrings (motifs) and original strings (sequences) from a file of strings (sequences),1
754,This is a question about elementary number theory,0
3899,Can you freeze an ATP assay sample for later use?,0
10037,PHP handle array when query database with one-to-many relationship,1
10075,Why would a function be tabulated in advance and then retrieved?,1
10857,Convert Integer to String without using Java API library,1
264,strong convexity definition,0
8747,Pokemon Turn Based battle (Python),1
10387,Getting the order of values so none are hidden,1
4326,"Why is the opposite of plantar flexion called ""dorsiflexion""?",0
9825,"Splitting a string into groups of up to 3 numbers, or one letter and up to 3 numbers",1
1307,"Show the graph commutes, diagonal function.",0
9470,Bubble Sort in C: Array vs Linked List,1
2781,Application of the Adjoint Functor Theorem,0
8249,Computing FOLLOW sets for LL(1) grammar. Stuck on question,1
5192,Examples of seeking behavior by brainless animals,0
1780,How can one show the inequality $\frac{a^2}{\sqrt{b^2-bc+c^2}}+\frac{b^2}{\sqrt{a^2-ac+c^2}}+\frac{c^2}{\sqrt{a^2-ab+b^2}}\ge a+b+c$,0
8915,Minimum number of nodes to select such that every node is at most k nodes away,1
9987,Search a value across 2 array,1
4181,Survival curve in early humans,0
6776,Calculate age given the birth date in the format YYYYMMDD,1
3639,Was there a time in Earth's history when some animal life existed on land but humans could not have breathed?,0
7150,Pulling from data from SQLite DB on Android,1
9281,Generate probabilities around a numpad,1
8372,Fill a list of 2 lists from split string,1
343,$W$ contains at least one non-singular matrix,0
7823,Are there search algorithms that perform better on a Rope than a String?,1
2101,Find the indefinite integral of $1/(16x^2+20x+35)$,0
4207,Where does the exudate comes from during inflammation?,0
1622,An upper bound for integer partitions with unique summands,0
1524,Show that $\bigcup_{n=1}^\infty A_n= B_1 \backslash \bigcap_{n=1}^\infty B_n$,0
11075,scoped_ptr for C++/CLI (ensure managed object properly frees owned native object),1
6002,Sequence program (FizzBuzz-like),1
7310,"Large dataset with pyspark - optimizing join, sort, compare between rows and group by with aggregation",1
11723,Tortoise and hare cycle detection algorithm using iterators in Python,1
9200,Approximating sign function by tanh in Multi Layer perceptrons,1
4715,Native vs Immigrant plants,0
165,Existence of an antiderivative for a continuous function on an arbitrary subset of $\mathbb{R}$,0
4520,Guide RNAs and SNPs for nanopore enrichment,0
3061,"Large spider identification, Kentucky USA",0
5346,Does Sansevieria trifasciata really absorb Carbon Dioxide at night?,0
4193,Can qPCR primer with several mismatch works?,0
5457,Why can't a human regenerate limbs like some other species?,0
1005,Volume by integration - Disk Method only/Non-coordinate axis,0
1187,Does a random walk with infinite mean ever converge to anything?,0
6057,Coq: default values for vectors,1
6898,Transition coverage for a DFA,1
9788,Verify a subnet mask for validity in Python,1
6155,Pyramid of doom Grape endpoints,1
10771,0/1 knapsack algorithm implementation with possibilities vector,1
5901,Pattern in parental care behaviour from lower to higher animals?,0
8036,k-limited solution for PCP,1
7712,"Given a shape, return all triangles that can be formed",1
5974,Why do plant leaves turn yellow?,0
676,"how to make a $3$-$(10,4,1)$ design using graphs",0
9630,Comparison of 2 values based on custom operator,1
2084,Is it true that if the anticanonical divisor has positive self-intersection then it is ample?,0
8174,Assigning database credentials,1
10184,Optimizing jQuery list filtering,1
3148,Why are market squid attracted to fishing lights but also avoid naturally lit surface waters during daytime/full moons?,0
7316,Two variants of Fredkin gate,1
2247,Lipschitz Constant for Equation System,0
7870,Static Methods for Dealing with Conversions from and to UTC,1
9341,Difference between SNN RL and DNN RL?,1
447,"Manifolds, questions about gluing",0
8769,DFA & RE from descriptive definition of given regular language,1
685,How to prove the formula for the are a portion of a circle.,0
2223,XOR big number from m to n,0
7918,Latent Dirichlet Allocation in Python,1
11624,Finding unique values in an array,1
3915,Did most pandemics originate from Asia/China?,0
2132,Is this an equivalent uniform distribution?,0
6415,SQL prepared statement to search songs by various text fields,1
2417,"Fourier series with filter function $f_n^g(x)=\int_0^{2\pi}f_n(y)G(x,y)dy$",0
259,What's the relationship between lim sups of random variables and lim sups of events?,0
6272,Income tax calculator,1
614,"Probability in a series of events, during the series.",0
3458,Transcription of Genes: Are Specific Transcription Factors + Enhancers Necessary?,0
2175,Machine Learning - global minima and convexity in gradient descent,0
564,Why are PDEs and in particular dispersive PDEs considered on $S^1$ so often?,0
10236,Prove that a language is not regular with process of elimination,1
5507,Does unequal dominance mean the X-chromosome should be a coldspot for antagonistic variation?,0
8673,LeetCode 284: Peeking Iterator,1
4853,Determine secondary structure (per residue pair) from a protein contact map,0
999,Level-set of constant rank,0
11469,"Difference between Elman, Hopfield & Hemming Recurrent Neural Networks",1
6525,Weighted Online Matching - randomized algorithms,1
3529,"How far in can non-extremophiles live, in Earth?",0
3780,Why is the Hill muscle model only applicable to isometric contractions?,0
4015,Using PGAL10 promoter to overexpress specific yeast genes: How to?,0
3651,What is the difference between organelle membranes?,0
3590,what are hyperbranched amplicons in DNA sequencing?,0
4871,Why Didn't Evolution Cause the Human Body to become Streamlined?,0
8944,Graph problem known to be $NP$-complete only under Cook reduction,1
10399,Django-Python Db-access optimization,1
3416,Storage of energy in muscles vs fat depos,0
5661,What's the name of this green fruit with little pikes fallen from a city tree on the pavement?,0
9713,Proving that a language of Turing machine descriptions is/is not Turing recognizable,1
7159,Graph isomorphism and the automorphism group,1
7101,Producing queries based on user interface selection,1
9505,Knowledge Vault - Please explain the local closed world assumption,1
2199,Multiplicative Congruential Generator,0
10621,Reading the contents at three URLs using Promises,1
7096,Major Field Test Sample Questions (need further clarification),1
11065,Time Converter - Python Tkinter - General comments on code,1
9773,3D gift wrapping algorithm: how to find the first face in the convex hull?,1
3739,How do snakes determine the direction of prey from their thermal infrared sensing pit organs?,0
7975,Why finding the difference between the adjacent elements of the array to find the maximum difference?,1
1117,Does the best decision in a card game depend on wether someone shuffles the cards or not. (Black Jack),0
4189,Is there a name for the behavioral phenomena of when animals like ants sacrifice themselves?,0
2973,Separation of variables Fourier constants integral,0
184,Maximum number of iterations of a simple algorithm,0
11166,Selecting minimal sum of two distinct entries of two dicts with common keys,1
65,"If $f_n$ converges in measure to $f$, prove prove $\lim_{n\to\infty} \int_a^b f_n(x)dx=\int_a^b f(x)dx$.",0
8281,Number of order 4 B-trees possible with 6 distinct keys,1
9038,Enumerating new articles whose publication start date has passed,1
501,Unitary matrix with special relation on matrix entries,0
9118,Generating a sequence of MAC addresses,1
2274,Computing the $f_{Y|X}=\frac{1}{2\sqrt{1-x^2}}$ over the unit circle,0
11798,Performance Improvement for Subtree for another tree,1
3017,Do endocrine cells always lie adjacent to capillaries?,0
8143,State complexity of homomorphisms of regular languages,1
7485,Smoke the SmokeDetector,1
1914,Proving there exist a branch of $\log(f(z))$,0
6134,Understanding kQBF: changing order of quantification?,1
9386,Removing contact from all mail groups,1
172,Probability of selecting consecutive floors in an elevator,0
810,Write the exact answer using base-10 logarithms.,0
2775,Conditional Probability (Where did I go wrong?),0
1222,Proving Bernoulli Inequality using already proved result.,0
10082,Matching strings in one set to strings in another based on Levenshtein distance,1
8066,leetcode 230: kth smallest element in a Binary Search Tree,1
5907,Sitting in a closed room filled with regular air - for how long will the air last?,0
10950,Synchronizing two scrollbars to work in unison,1
11691,Fahrenheit and Celsius converter in Rust,1
5050,How to calculate or know by experiment the entropy of enzymes or protein?,0
11506,Meta-computational complexity?,1
2571,Find all real values of $m$ such that all the roots of $f(x)=x^3-(m+2)x^2+(m^2+1)x-1$ are real,0
4093,About. Autosomal recessive diseases in genetics,0
245,Generating function for $a_{n+1}=10a_n+1$,0
7179,Python Readability for SQL query,1
7287,Four jQuery date time pickers,1
11755,Largest Prime Factor of Number in PHP or QBasic,1
8299,My own functions for working with files,1
1785,Does tensoring with a module preserve this injection even if the module is not flat?,0
10208,Optimizing PHP script fetching entire HTML pages,1
2142,Intersection of inductive sets,0
2833,Open and Closed Set Problems using a Ball,0
1410,What does $x$ represent?,0
5895,Spatiotemporal patterns in neural networks,0
7893,"Split a list of elements into sub lists, each with different criteria",1
7333,Flipping accept states DFA vs. NFA,1
7180,Time complexity for the 'Restore IP Addresses' problem,1
6802,Slice chunking in Go,1
1085,Topological properties and product product topology,0
5081,What is the mechanism that directs myosin walking?,0
1951,what is the limit of: $\lim_{t \to 0}(\frac{1}{b-a}\int_{a}^{b}\left |f \right |^{t}(x)dx)^{\frac{1}{t}}$?,0
6079,How can I efficiently find the optimal order to apply special offers to a shopping cart?,1
7396,Represent a Class which holds translation Strings,1
1599,Spectral Decomposition exponential with Pauli matrices,0
271,Where does log(x) / x take maximum value?,0
10203,Python app-level document/record locking (eg. for MongoDB),1
2008,"Model selection in regression: Estimated parameters seem to be ""non-significant""",0
9087,"Generate [min, max] range from strings",1
7568,Modelling regex replacement via a DFA,1
208,Some Logo and Stamp on Mathematics and Mathematicians,0
5095,Problem in understanding Operon,0
2631,Semidirect product induced by $\varphi:H \rightarrow \textrm{Aut}(N)^{op}$,0
8522,Searching for a substring in a ring queue,1
11384,Find the fixed point of a recursive functional?,1
10560,"How do we prove that $L_E = \{ \langle A, B \rangle : L(A) = L(B) \}$ is neither regular nor context-free?",1
2131,$\sum\frac {a_n}{(1+a_1).... (1+a_n)}=1$ iff $\sum a_n $ diverges,0
1971,Need help integrating $\tan x$ and $\tan^n x$ using reduction,0
3025,What small insect is this?,0
216,Showing a Quadratic Variation is increasing and continuous with respect to time,0
8282,What Do These Symbols Mean in Repetitive Rule Application and How Are They Applied Practically?,1
9303,Find perfect squares in range,1
7031,Correct Way to Retrieve Header Records With Filtered Detail Records,1
4137,"Trying to identify the tree in this picture. Shot from the Nepenthe restaurant, Big Sur, California",0
8583,Correct MySQL DB Query and processing,1
5200,"Why do female humans invest more in parental care than male humans, from an evolutionary standpoint?",0
4926,How do high-throughput/NGS sequencers calculate quality scores?,0
5045,Can Coronaviridae mutate into something as dangerous as Flioviridae?,0
7363,Big-O Notation Statement True?,1
7401,Leap year functionality in Ruby and JavaScript,1
2408,Entire + periodic in imaginary direction + bounded on the real line implies constant?,0
1171,All $n$ such that $n+2$ is a cube and $n-2$ is a square.,0
5074,How is the role of ethylene in ripening demonstrated in biology (or agriculture) education?,0
2222,"Prove that $\bigcup_{n \in \Bbb{N}} [1/n,1] = (0,1]$.",0
11086,sum selected nodes of a set in $\log n$ time,1
4712,Why do we find some things disgusting and others delicious?,0
10884,"What does it mean that a let-binding can be treated polymorphically, only if its right-hand side is a syntactic value?",1
1561,Prove by mathematical induction that $n^\frac{1}{n}<2-\frac{1}{n}$,0
3784,Term for a leaf in a family tree,0
2106,Not sure how to start this FOL proof-- why is vE not a good move on line 4? Thx!,0
148,Is there a possibility that two different polynomials have same polynomial orbit on Siegel Disk?,0
10233,Complexity of sending an $n$-bit string,1
3226,Where do butterflies sleep?,0
11522,Describing explicitly the MyHill-Nerode classes created by a language,1
4301,What Evidence Do We Have For the First Mammal?,0
7930,Is there a problem that cannot be represented using graph?,1
7744,Why we can't have FPTAS for strong NP complete problems,1
4441,Can Mung Bean Nuclease only digest a ssDNA 5' overhang?,0
5872,What is one Botulinum toxin medical unit?,0
9843,What exactly state is in Model Checking,1
997,Linear transformations of fields,0
3917,How do transplanted stem cells find their way to bone marrow?,0
7151,Count the number of leaders in both sides (slices) of an array in C#. Codility EquiLeaders task,1
767,When do contractions respect ideal sums?,0
1180,Let $(x_n)$ be a $\epsilon$-additive sequence. Prove that $\lim\limits_{m \to \infty}\frac{x_m}{m} = L$ exists.,0
8402,"Finding all ""smooth"" numbers up to 10^6 -- problem with nested loops",1
6289,JavaScript nesting XMLHttp requests and in a loop,1
11963,LCA for directed graph with cycles,1
7197,Idea for a Graph Based Algorithm,1
5367,What is this insect I found in Russia?,0
9279,NP HARD Problem Longest Path in Graph,1
1677,A probability density transformation,0
1277,"Extending the Axioms of Set Theory, and the Continuum Hypothesis",0
7165,Implementing a shared array cache without locking,1
4083,Looking for Kelly Chibale's paper on Malaria cure,0
1025,Probability and Statistics Binomials distribution,0
10543,Why does $\sum\limits_{i=0}^{\lg(n)-1} \theta(\frac{n}{2^i}) = \theta(n\lg(n))$?,1
9288,Spotify puzzle problem in python,1
6034,"Some questions regarding decidability and semi-decidability of $A/B = \{ w \text{ | }\exists z \in B, wz \in A\}$",1
1038,Clarification for a proposition about inner products,0
8900,Why $R\circ\emptyset$ is not always equal to $\emptyset$,1
3866,Manipulating phylogenetic trees,0
10268,Why is one traversal sufficient for the Kuhn's maximal matching problem algorithm?,1
2107,Inverse Laplace transform for arbitrary positive power function,0
5731,What factors affect the likelihood of auditory stimuli causing arousal during sleep?,0
7728,"Query, populate, show, hide data",1
8176,Digit-by-digit addition using vectors,1
681,"If $a_n \searrow 0$ and $\sum a_n$ converges, is it true that $n a_n \to 0$?",0
9579,Algorithms for Connect 4?,1
9422,RPN-Stack-Based Recursive Calculator Needs Tuneup,1
6295,Preview method for multiple types of panels,1
6380,Function to get rows from database,1
246,Interpretation of a weakly compact set of functions,0
2692,Bezout's bound and resultants - reference request,0
5615,Which is the proportion of metagenomics reads that cannot be mapped in any genome?,0
3185,Source of information on the evolution of aging/senescence,0
11297,"Confusion in ""mask bits""",1
1064,Find the maximum of a nonlinear function of two variables,0
8058,Delegating to a lazily loaded object in Ruby,1
9449,Uniform generation of random bipartite bi-regular graphs?,1
9037,almost realtime push down relation vs realtime pushdown relation?,1
9254,Can Santa be both fair and efficient?,1
5512,"How did the huge dinosaurs cope with gravity and loads on bones, etc.?",0
7012,Metal King: A JavaScript Game,1
6022,Rendering and re-rendering a Mustache template,1
11642,WinForms typing speed game,1
1422,Resources for Smith Normal Form in Abelian Groups,0
11666,Captcha Letter Extraction,1
192,Prove atleast one of the equations $x^2+b_1x+c_1=0$ and $x^2+b_2x+c_2=0$ has real roots if $b_1b_2=2(c_1+c_2)$,0
10453,Structural induction in non-local program transformation,1
9334,"Difference between ""data dependence graph"", ""data dependency graph"", and ""data flow graph""",1
2316,Manifold coordinate basis,0
10521,Calculating force between n points placed on the x-axis,1
7323,Project Euler #5 (LCM 1 - 20) Follow up,1
11401,Am I using my data source array correctly?,1
1188,Proving that the axioms for addition hold in $R$ -- Associativity. Principles of Mathematical Analysis by Walter Rudin.,0
8373,"Given a DCEL, how do you identify the unbounded face",1
5208,Need help distinguishing between a primary and secondary source,0
9356,Relation between determinant and matrix multiplication,1
2224,Matrix raised to a power,0
207,How to solve a subtraction equation that results in a negative number?,0
5510,Is there evidence that some non-human species perform sexual selection based primarily on intelligence? How do they do this?,0
2369,Prove that: $\csc 48° + \csc 96° + \csc 192° + \csc 384°=0$,0
9746,Dynamic array sorting and storing program,1
2548,The order of transformations in a PDF document,0
4041,Why are some animals so much more intelligent than others?,0
5969,"What exactly does the phrase ""chimerical sharing"" mean in this abstract?",0
4540,Characteristics of radius of blood vessel,0
3669,Is there any use of CO₂ in human body?,0
6941,Lower Bounds for the Set Disjointness Problem,1
3989,Based on which criteria should i choose the control sample to calculate delta_delta_Ct,0
6403,Calculating the ideal body weight,1
9477,Speed up loop through JSON,1
7834,Incentive for block creation in a private blockchain,1
11614,Prove that the language is not regular without using Pumping Lemma,1
908,Sequence of non-integrable functions converging to an integrable function,0
231,Linear Operator clarification,0
6743,"Given DAG G(V,E), and weight on the vertices, find the heaviest path that starts from s",1
8478,"If the parent in a bridge is the root, is it a bridge cut node?",1
1382,Covering map between two path connected sets,0
8929,Python simple battleship game,1
597,How to prove that $k^n=\frac{d^n}{dx^n} (1+x+\frac{x^2}{2!}+\frac{x^3}{3!}+....+\frac{x^n}{n!})^k|_{x=0}$,0
4909,"Black and orange spider, what is it?",0
11103,Printing Command Line Unicode Chess Board,1
1236,For what rays does the limit $\lim\limits_{z\to\infty} e^x$ exist?,0
2377,Matrix Similar to an Upper Triangular with ones along the diagonal,0
3980,Outbreeding depression in humans,0
6475,How to read BNF syntax of C?,1
9175,Derivation of product type eliminator in type theory,1
4417,What is the function of multiple nuclei in syncytial cells?,0
4009,Optimization of Signal Peptides,0
6552,Array Implementation of Queue,1
2359,How should I solve the equation $\sqrt{x-\frac 1x}+\sqrt{1-\frac 1x}=x$,0
3158,Does a DNA sequence has its own derivation tree or pattern?,0
4604,Need clarification on a sentence regarding vesicle-mediated translocation,0
8396,Proving that the cover time for graph is exponential in the worst case,1
4060,How to interpret McDonald-Kreitman test results?,0
6851,Oriented-object approach on how to control different classes cleanly,1
3817,Book request: systematics and evolution of vertebrates,0
6473,Javascript class to geocode Dutch addresses,1
6674,How do I decode a received polynomial code with an error?,1
9368,Crawler with BeautifulSoup,1
10903,Optimizing greedy solution for choice game,1
9871,Kolmogorov complexity of a sequence of prime numbers,1
6144,Calculate the Hamming difference between two DNA strands,1
3080,Are there any real life instances of kidney organoid transplants in human?,0
6188,Is it good practice in Java to pass a StringBuffer to a method to get error messages,1
3450,How does the structure of the pancreatic acinar cell relates to its function?,0
9319,Sequential Thread Execution using wait() and notifyAll(),1
1517,Show that $\frac{(J-1)!}{2!(J-3)!}= \sum_{h=2}^{J-1}(h-1) $,0
1556,Reducts of categories,0
6460,Auto-registering CRTP Factory,1
9272,Inputting 10 numbers in an array,1
9073,Implementing N-ary trees in C,1
1855,Find the radius of convergence of the series $ \sum_{k=1}^{\infty}\left(\frac{x}{\sin k}\right)^k $,0
8619,Is there a context-free grammar for $L = \{a^{2^n}| n \geq 1\}$?,1
87,Is this property of quotient maps true?,0
8701,Is peer to peer and client-server a type of network or protocol?,1
4573,"What ""algorithm"" are carnivorous larvae using when foraging?",0
3937,How to improve DNA extraction,0
1788,"If we restrict the character $\chi:G\to S_{o(\chi)}$, then is this map surjective?",0
2244,Limit in form of 0/0,0
10383,"Solving ""Quadruple sum"" problem using dynamic programming",1
10140,reducing Max3SAT to Max2sat,1
4512,Finding proteins in DNA sequence,0
9486,Do lossless compression algorithms reduce entropy?,1
9646,Google Code Jam - Alien Language,1
8718,CFG to PDA - no empty transitions,1
11430,"Get methods in module, Python",1
2389,Prove that $\mathbb{Q}+ \mathbb{R}$ is not order isomorphic to $\mathbb{R}+ \mathbb{Q}$: is my proof correct?,0
8324,Generically typed interface,1
4814,On stochastic Lotka-Volterra predator-prey model,0
11700,Grammar for $\{ a^i b^j: j < 2i \text{ and } j \ne i \} $,1
10501,Integer Problems are NP-HARD,1
1897,Solving a linear system of equations use row operations,0
2755,What's a local angle?,0
9887,Redundant States During Removal of Null-Moves (Regular Expression to DFA),1
680,cohomology of complement of smooth ample divisor D in smooth projective variety X,0
587,Solve for x: $(x^2-3x+1)^2-3(x^2-3x+1)+1=x$,0
3545,Why do eyes change colour after death?,0
9060,Creating a simple unit of work with Entity Framework and no repository,1
5673,What Chemical Trigger Causes Ectomycorrhiza To Change From Asexual To Sexual?,0
2890,Density of continuous functions with compact support in weak $L^1$,0
9252,Function to perform checks on data,1
4187,Can a person become addicted to tea?,0
3078,What is this white stuff inside apples?,0
5167,Why does Nature use a 4-level system to encode information in DNA?,0
8536,Term for size of maximum independent set,1
369,Question about discrete valuation ring and locally ringed space,0
926,Homogeneous Markov Chain with Continuous time,0
6501,Vue Star Rating Component,1
11048,Injecting SelectList objects into ViewData to enable using EditorFor on dropdown based properties,1
6111,What is the connection between data structures and data types?,1
3018,Generate mesh surface from protein structure,0
11976,Sending a string from anonymous thread to UI with PostMessage,1
4989,Why are my assay absorbance values very low?,0
2706,Question on n-times game SPNE,0
7665,Basic one way hash to store a password C#,1
4159,Toxicity of Zinc to fungi,0
7701,SQL Negation: Find X when X does not do Y,1
9551,Shortest Cell Path In a given grid,1
7772,Disable execution of parts of the code based on user's choice C++,1
8507,Swift: extract string with regex and range,1
10021,Does a computation tree for a probabilistic Turing machine have to be a binary tree?,1
584,Given p and q two real polynomials with q different than zero. Suppose that f = p/q is a periodic function. Show that f is constant.,0
6915,Can we say that Zookeeper updates are ACD (ACID without the I)?,1
221,Martingale +OST voting question,0
5062,How are monocytes larger than capillaries?,0
6637,Randomized agorithm for selecting a $m$-subset out of a $n$-set,1
6455,Simulation of animal skins,1
674,Cardinality of a minimal set of generators.,0
5302,"Are CN3, CN7, CN9 and CN10 the only Parasympathetic Cranial Nerves?",0
219,How to transform points from a plane to a different plane?,0
2540,If f is injective can you prove this relation?,0
4453,Does drinking alcohol having UTI may help to kill the bacteria?,0
4110,Did modern alligators and caimans come from prehistoric crocodiles?,0
11462,Banker's Algorithm and deadlocks,1
7051,Find combination of vectors from array that sum up to s,1
1211,$p’$-group definition.,0
11900,"""Dense"" regular expressions generate $\Sigma^*$?",1
6715,Auto change page title while bookmarking a page,1
6078,Loading either all shops or a specifically named shop from a DataTable,1
3516,Correct migration rate expression in infinite island model,0
2913,A subdifferential formulated as an argmax problem,0
7095,In-Memory FileSystem in Java - Is there a better OOP approach?,1
5066,Can I use fluorophore conjugated antibody as neutralizing antibody?,0
11155,Rice's theorem application on a language that resembles ETM,1
10169,Clear definitions of various terms related to top down parsers and classification of the same,1
1756,Calculating the area under $2x^2+1$ using the method of exhaustion,0
9641,CSV import-export in Python,1
10507,A UserService method that calls the UserRepository a few times,1
4894,Is apparent competition a suitable term in situations where one species is not negatively affected?,0
1543,"How to prove $\frac a{\sqrt{a^2+3b^2+3c^2}}+\frac b{\sqrt{3a^2+b^2+3c^2}}+\frac{c}{\sqrt{3a^2+3b^2+c^2}}\le\frac3{\sqrt7}$ when $a,b,c>0$",0
5645,Measuring luminescence in a fluorescence plate reader,0
11497,Proving that an $n$-element heap has at most $\lceil \frac{n}{2^{h+1}-1} \rceil$ nodes,1
4299,Effect on fitness of mutations,0
6858,Time complexity in Big O notation for Harmonic series with first k terms missing,1
149,"Identities involving the boundary, closure and interior of a set.",0
2809,Isomorphism between schemes,0
4103,How long do the periods of systole and diastole last?,0
10772,Insertion and selection sort in PHP,1
2968,Proving the Archimedean Property of reals and NIP (Nested Interval Property) using MCT,0
1379,Find the Number of Solutions in $x^3 + y^3 + z^3 + w^3 = 0 \mod 5$,0
4017,When do kinetochores attach?,0
7872,Can someone explain this conclusion for Finite State Machines?,1
453,Complex Numbers: Im$(\frac{12}{z-7})=1$,0
2751,Maximum of function under constraints,0
701,Does the ring of continuous functions determine $\mathbb R^n$?,0
7974,Recurrence relation help?,1
6930,Algorithm to enumerate all complete schedulings of finals tests?,1
1972,find sup of $\frac m{m+n}$,0
9880,Regular Expression to remove blank lines,1
11809,Resolving many to many relationships?,1
9223,Why is the following language undecidable?,1
1880,Proving multivariable chain rule,0
11371,Asymmetric encryption puzzle,1
11615,What would be the classification of R according to paradigms?,1
1414,Working with Maple toolbox for Matlab,0
3361,Species diversity in cheese and yoghurt?,0
10527,Verify string format with given pattern,1
4037,What is Meriva Phytosome Curcumin?,0
7377,Join strings with different delimiters and some possibly empty strings,1
8023,VBA faster calculating,1
10595,Check IEnumerable Count,1
9430,Number guess game program in python 3,1
4550,Why do humans alone have the capability to have religious/spiritual experiences?,0
409,General formula for probability of drawing certain hands of cards,0
6172,Integration of data using Simpson's rule,1
1390,Determining whether the extremal problem has a weak minimum or strong minimum or both,0
3404,How to convert bwa mem output to BAM format without saving SAM file,0
8239,Python Binary Search Tree Implementation,1
9952,"Simulating a TM with a 2-head, right moving TM",1
2642,"If $F : K → M$ is a group-homomorphism such that $\text{Range}(F )$ is not empty, $K$ is simple and $M$ a finite group. How to show that $|M| ≥ |K|$?",0
11819,How do I show that an equivalence class of a language containing an empty string is infinite,1
2441,Fibonacci Sequence golden ratio big O proof,0
10767,Why can't OSes swap out processes that are waiting for I/O?,1
4793,Harbor Seal behavior and personality,0
10242,String to Array formatting,1
10834,Lambda Calculus in Rewriting systems,1
11881,GET and POST with Flask - optimum performance,1
5551,immune response towards sperm cells,0
4056,Difference between clonal and subclonal mutations,0
2585,Compute the Error Bound for the Lagrange Interpolation Polynomial,0
5874,Ideas for microbiology lab. Antimicrobial properties of cutting boards,0
10594,Given a program which when executed spawns two concurrent processes : semaphore X : = 0 ; Is it possible for process P1 and P2 to starve?,1
8027,Real time graph simulation of dice tossing,1
8377,3n + 1 programming challenge in Python,1
2522,Normal approximation to a Binomial distribution,0
2004,Example Not convergent uniformly,0
2765,"Given six 3D vectors a,b,c,d,e,f, find the rotation matrix R such that Ra, Rb, Rc are respectively perp. to d,e,f (assuming there exists a solution)",0
7946,Are Physical 2-Person Lock Systems Informed by The Byzantine Generals Problem,1
8005,Replacing n with 2n in asymptotic bounds,1
1526,Poisson point process construction,0
9927,Get unique entries from array,1
4991,"I read that the average cell will divide between 50-70 times before cell death. How, then, can human cells be constantly dividing?",0
2077,Converting Second Order ODE to First Order,0
1183,Finding the Infimum of a set $2^{1/x} + 2^x$,0
5370,Does some form of self organizing map exist in the brain?,0
9119,Calculating total number of calories burned,1
3216,Ascending loop of Henle,0
4733,What is the difference between hsa-miR-33a and hsa-miR-33b?,0
4335,Hopfield-like neuron assemblies,0
517,"In a ring $R$, Show that if $x^2 =0$ then $x-1$ and $x+1$ are units .",0
3155,Why is mRNA used as a biomarker for cancer over tRNA or rRNA?,0
1518,Can any bijective function over the Gaussian integers be represented as the evaluation of a fixed polynomial with coefficients also in the GIs?,0
10607,Does every NP problem have a poly-sized ILP formulation?,1
7966,What mathematics can be interesting for these CS areas?,1
6644,FTP Download Function,1
1370,find the remainder for $\color{purple}{TETRATION}$ such that $( {^{2021}2021}(\mod13))$,0
5891,Current understanding of abiogenesis,0
6971,Regarding to the speed of supercomputer,1
11699,"In AngularJS, create lots of directives or use ng-controller?",1
62,"Given a square table $n\times n$, two players $A$ and $B$ are playing the following game: ...",0
9305,How is the number of states in a Turing machine bounded?,1
7374,Global indexing of shared nodes in parallel,1
9925,Efficient communication across multiple processors for finite elements,1
7119,Linear programming restricted to rational coefficients,1
9370,Notation for a Kleene fixed point with a starting element,1
957,"How can I prove $\int_{0}^{1}\ln x\sqrt{(1-x^2)^{2n-1}}\,dx=-\frac{(2n-1)!!}{4(2n)!!}\pi[\psi(n+1)+\gamma+\ln(4)]$",0
9894,Backward vs Forward Data-flow Analysis,1
9955,3SAT to 3SAT-WITH-MAJORITY reduction,1
5221,Can anyone identify this caterpillar?,0
7456,Removing duplicates from list and filtering non-letter characters,1
2442,"Show that when written in terms of $ t$, where $t = \tan(x/2)$, the expression $2(1 + \cos(x))(5\sin(x) + 12\cos(x) + 13)$ is a perfect square.",0
6055,"Such code, Much wow, very FizzBuzz",1
6061,Merging K Sorted Linked Lists,1
6517,"Which order is ""lexicographic order""?",1
11975,"Consequence of NP-complete, and DP-complete w.r.t. randomized reductions",1
9136,Hash Tables: Ice Cream Parlor solution in javascript,1
2191,How to solve this question regarding permutations and combinations?,0
2716,Product rule for partial derivatives,0
4304,Is anaerobic activity during ketosis possible?,0
8935,Sequence Alignment with Skips,1
5997,Reflex muscular activity in three months old fetus,0
8320,"What does ""schema"" mean?",1
10199,Transform 2D range query matrix into segment tree to make memory usage lower,1
4356,Stabilizing forces between the protein sequences?,0
10460,Does it matter for this function if the set we check membership of is finite?,1
10478,Maximise XOR of two elements,1
7138,Finding an instance of an n-element set cover,1
9439,Stable matching with constraints,1
3399,Is there a term for when a detrimental gene can be positively selected for because of linkage to a very fit gene?,0
9262,Minimum Subsequence Sum Algorithm Verification,1
8327,Does an algorithm exist for scheduling jobs on two processors?,1
10676,What the type of an overloaded function should be?,1
6089,Are fully connected layers required for convnets?,1
4986,"While someone's ears pops with pressure, can he/she hear other sound at the same time?",0
111,Function on half open interval is Riemann-integrable on closed interval,0
7224,Computational models - proving language is decidable,1
1216,Orthogonal system of functions,0
4961,What is this hummingbird-like insect?,0
8340,Algorithm for subdividing html-elements,1
8047,2-D peak finding complexity (MIT OCW 6.006),1
4694,Are there any situations in which phenylephrine is preferred to pseudoephedrine?,0
9335,Solving diophantine equations -- does having a bound on the size of the solution help?,1
1651,"Node: Type, Stability, Slope at origin, Trajectories. Linear system.",0
37,"How does any map have a ""pseudosection"" (assuming axiom of choice)?",0
8171,Hamming Weight to find the sum of 1 bits in the range between A and B inclusive,1
7434,Disproving well-quasi-order by providing an infinite anti-chain,1
10459,Canonical form for a graph,1
10245,Prove Partition is NP-Complete using that SubsetSum so is it,1
6543,Show that the union of Θ and o is not O,1
789,"Why use a particular regularization for $\int_0^\infty \mathrm{d}x\,e^{i p x}$?",0
8612,Swing Game EyeHandCoordination,1
8692,"Why is c) a combinational circuit, but d) not?",1
4442,Does DNA polymerase always go the same direction?,0
1549,How to solve implicit solution of IVP,0
4153,"Can signals travel ""backwards"" in the sensory pathway?",0
2171,Is the image of a parametrization a manifold?,0
11689,Running a shell command and getting output,1
1462,Help “Generating function or Ordinary MGF”,0
4645,Is PrEP used for anything other than HIV?,0
7771,Send messages in TCP-based communication system,1
5181,Are platyhellmintes and annelids segmented?,0
11705,An infinite subsequence of random numbers in Kolmogorov sense,1
9533,Faster solution for data grouping to determine highest frequency than iteration with for loops,1
424,Book searching in Elliptic Equation,0
9521,Writing an itoa function,1
7427,Light weight C++ Signals/Slots or Event System,1
5652,What is the effective population size of a simple two deme metapopulation?,0
9046,Calculate next working day,1
11957,How can I have jQuery code further optimized?,1
2023,Evaluating $\sum_{n=0}^{\infty } 2^{-n} \tanh (2^{-n})$,0
4216,How are epiphytes symbiotic?,0
7628,Framework for composing algorithms,1
8328,what is correct maximum number of subnetworks?,1
8950,Object Oriented vs Not jQuery & JS,1
10781,Order of various functions,1
3941,Meaning of proliferation rate of 3 day−1,0
10325,"Given an n-state TM, can we construct an m-state TM (m>n) to determine if it halts?",1
8811,Reverse a linked list,1
6860,Refactoring two node-accessing methods,1
8462,List-manipulation exercises in Scala,1
6889,How to get all tree-like refutations of a formula,1
6577,Mixing business logic and presentation layer in enum type,1
3548,Can living cells be imaged with electron microscopy?,0
1672,Three questions about Evans proof of the converse to the mean value property,0
10358,Allocating flows in a network while avoiding a particular node,1
123,"Prove that $f$ is differentiable at $(0, 0)$.",0
3686,Pathological mechanisms in asthma,0
3632,"Floats of Algae, a house-made conjecture",0
3795,Why is the hexose monophosphate shunt called a direct oxidative pathway?,0
6539,Deterministic Nonfinite Automaton - Longest Block of Ones,1
399,Why there exists an element $ y\in G\setminus‎ L $ such that $ K/L_{G} = (\langle y \rangle L_{G})/L_{G} $?,0
8715,How an insertion can be decoded in Varshamov and Tenengolts (VT) codes,1
6318,Metaclass to run a __first__ method for the first instantiation of a class,1
3536,SNP coding for association analysis,0
4734,Phylogeny: Hybridization between different species sharing same genus?,0
5412,Why are plant cells rectangular and animal cells spherical shaped?,0
10210,Removing duplicates from a linked list without a buffer,1
7020,Node.js put records to Kinesis with infinite retry strategy.,1
5015,"Possible? When a pregnant woman suffers an organ damage, fetus would send stem cells to the damage organ to help repair it?",0
6562,Circular-shift with variable bitlength,1
6443,Addition in IEEE 754,1
8421,Error handling data from XML document,1
5338,Is the minicolumn the unit of the neocortex?,0
9612,Kolmogorov complexity vs purposefully inefficient Turing machines,1
6559,Fibonacci in linear time by using an extra pointer,1
3967,More informative phylogenetic trees,0
8664,ANN with communication between nodes of same layer,1
97,"Finding $a \bmod b$ where $a,b$ are large Fibonacci numbers",0
5112,Larva in cat's water dish,0
1940,"Partial derivatives of $f(x,y)=\int_y^x\cos(e^t)dt$",0
8291,Algorithm to find out if a set contains two number with sum in the same set using a blackbox function,1
1593,Proving by induction that $(n^2)!>(n!)^2$ for $n \geq 2$,0
11541,how to solve recurrence T(n) = 2T(n/2)+n using substitution method,1
4219,Why would growth hormone (somatotropin) cause both lipid AND glucose release?,0
2802,prove $n!(n+1)^2-1$ using telescoping series,0
555,Directly evaluating infinite sums with related integrals,0
11668,Dynamic Programming vs Greedy - coin change problem,1
179,Finding standrad deviation $\sigma$,0
4850,Why is HPV vaccines targeted for preteens?,0
8083,sorting a numerical list using basic scheme,1
5961,"Real embryo pictures: How different zones(speeman organizer, marginal zones...) are known?",0
752,Find the probability that the largest value $X_{\max}$ is greater than $0.92$,0
6874,Q/A trivia quiz query,1
5251,How do you interpret the resulting bands of gel zymography?,0
10411,Time Limit Exceeded for ETF - Euler Totient Function at Spoj,1
3864,"Can you ""spam"" bird sounds so that birds no longer interpret them right?",0
7276,Template function specialization with code duplication,1
11937,Best way to include image_tag inside link_to,1
3588,Exclusion Limit and permeability of outer membrane,0
7423,Can an NFA have multiple accepting states?,1
6312,Write a function to print numbers,1
2960,Irreducible components of the curve-Algebraic set,0
2566,Additivity of Value at Risk,0
3138,What is this plant with white-spotted thorny leaves from Morocco?,0
8426,How to avoid using exec() and eval() in Python,1
4446,The GUG start codon in E. coli: identity of initiating tRNA and efficiency of translation,0
3873,Why did some animals evolve inward-slanted legs?,0
10548,Is the set partitioning problem NP-complete?,1
7652,Understanding x64 and x86 OS with 64bit cpu,1
6239,Square Progress Indicator,1
3429,Why does 4-thiouracil labelling to map RNA-binding proteins cause a T-C change?,0
9680,Javascript speed of an animated object (planet orbiting sun),1
10619,Help with recursive algorithm analysis,1
11526,C getline() implementation,1
321,How many ways to choose a 5 player basketball team,0
6724,Factory pattern along with DI using Unity container,1
11398,Negation of nested quantifiers,1
933,Graph Theory in Conway's Topograph,0
3380,MTHFR recessive alleles and B-vitamins,0
7540,Convert a list of dictionaries to a dictionary of dictionaries,1
2416,Can you tell me the flaw in my differentiation of $e^{x^x}$?,0
9698,Who converts binary/machine code to electrical signals and how?,1
6426,Decorator to convert a function's result into the desired units,1
1799,Showing with only primitive rules?,0
2407,Proving a jigsaw is possible,0
11834,2 methods to parse the same pattern of line in a file,1
7807,How to refactor this groupby alike method but with index?,1
6476,Is every linear-time algorithm a streaming algorithm?,1
2997,Proving a group $H$ is a subgroup of $G$ - proving the associativity?,0
10012,Order Notation - Why can't $c$ be in terms of $n$?,1
7954,Is there an alternative to full factorization for testing the Polya conjecture?,1
5361,"In the lysogenic cycle, does the provirus split from the cell's main genetic material for replication?",0
5905,Relation between a compound's toxicity and it's concentration level,0
2002,$AH=AS$ where $H$ is the orthocenter of $\triangle ABC$ and $S$ is the midpoint of the arc $BHC$ of the circumcircle of $\triangle BHC$,0
7614,C++11 version of Windows EventWaitHandle,1
4788,Genetics problem-Height of a plant,0
8954,Making a recursive formula for finding amount of ways to spend money on beer,1
10205,Custom error page with information tokens implementation,1
6619,MIPS: sign extend in I-Type commands,1
8854,Composition of combinators with arities greater than one,1
9497,Is there a TM that halts iff P = NP?,1
5194,Worm in water identification help,0
6335,Forward Path scoring mechanism,1
9703,Python class to implement a list with a size limit,1
6392,Remove points in a straight line,1
6508,"""Grammar inference"" for 2-D images",1
10941,Find the maximum possible summation of differences of consecutive elements,1
9315,Can I improve this progressive enhancement?,1
11419,LINQish command line parser,1
10394,Email confirmation model,1
11347,Using bit arrays to solve crossword puzzles,1
7487,Congruence of Squares for Factoring,1
5954,"Why is it called Nematocyst ""Battery""?",0
10063,Filter on HTML table using jQuery,1
7466,Pixel interpolation (binning?) algorithm,1
1764,Prove that $\frac{1}{(n+5)^3}$ is a Cauchy sequence.,0
288,"How do you break up an exact sequence of any length to a ""succession of short exact sequences""?",0
8316,Sorting in O(n) time in a finite domain,1
10217,Yet another prime number generator,1
3539,What sounds deter sharks?,0
1738,Roots of $P_n(z)=1 + z + z^2 + ... + z^n$,0
6428,Where does the lg(lg(N)) factor come from in Schönhage–Strassen's run time?,1
9490,Song repetition manager with Stack,1
5453,"Is the ""concept of time"" coded into the genome?",0
4872,DNA ligase mechanism,0
1359,Divergence criterion by rearranging,0
5359,Why is there a mass limit on biological powered flight?,0
8763,Should names of built-in funtions be part of BNF grammar?,1
748,Brownian motion minimisation problem,0
9209,what is the Recent Nature Inspired Algorithm for Optimization?,1
1435,Determinant of a general Matrix,0
6923,Add comma/and between string array in java,1
3540,How can a continuous RNA be transcribed in the lac operon?,0
11345,Disposable resource: lazy allocation,1
6695,Is $\{ a^i b^j c^k : i + 1000\ < j + 100 < k \}$ context-free?,1
2373,"Example of a differentiable $f$ and $(x^*,y^*)$ where $x^*=\arg\min_x f(x,y^*)$, $y^*=\arg\min_y f(x^*,y)$, yet $(x^*,y^*)\neq \arg\min_{x,y}f(x,y)$?",0
3568,What is the number of DNA strands per cell?,0
8703,Making Math vector implementation using java,1
4430,"How do you determine if donated, stored blood is viable?",0
8179,Is unification over regular expression equations doable?,1
6436,Reading content of directory for each HTTP request,1
5049,How would a warm winter affect maple sap production?,0
5996,opposite subtype of stomach cancer,0
8440,Crawling pages to obtain .htm and .txt files from sec.gov,1
7115,Bash to find all placeholder variables in a file and replace will real variables,1
11130,Creating a user registration form,1
4650,Which texts are good for beginners to understand evolution on the genetic scope?,0
11451,Find longest Palindromic substring,1
4863,Where can I get numerical data for the PAR (photosynthetically active radiation) curve?,0
1595,Quaternions as roots,0
1226,Which propositions are true?,0
6541,Sums of Landau terms revisited,1
11192,Calculating the perfect squares between two given numbers,1
11003,Randomized response generator for number-guessing game,1
9361,Maximum size of an index in bits?,1
11746,LeetCode Rotate Array,1
1450,"If $A$ and $AB-BA$ commute, show that $AB-BA$ is nilpotent",0
4665,"What does it mean to share similarities among living organisms ""both horizontally and vertically""?",0
8253,Finding a subset of triplets of digits 0-9 such that each digit occurs 40 times in each position in the triplets,1
6717,Partial derivatives of bilinear Sampling,1
6848,Correctness of the Betweenness centrality formula,1
5501,Why MHC class I antigen presentation exist in normal cells?,0
4775,Why does enteral carbohydrate yield higher energy than parenteral?,0
8072,Sherlock and The Beast,1
3258,Plant identification in Turkey,0
2283,Generalised Binomial Series,0
8488,"Hover effects for red, blue, and green boxes",1
6310,"When describing a CS paper, can it be assumed that the meaning of ""tick"" is known?",1
11873,HTTP request path parser,1
3911,Do fruit juices have a diuretic effect & what governs this?,0
10300,"Given an array of integers, return all pairs that add up to 100",1
3809,Is this a common garden spider?,0
8468,Why does NTIME consider the length of the longest computation?,1
1376,Disjunctive normal form to conjunctive and vice-versa,0
5669,How does a blunt force stimulate histamine to develop early stages of inflammation?,0
8730,ReactJS paginated component with React Router,1
2067,Expected number of transfers/move in a 6 round dice game,0
11953,VBA code for testing efficency,1
9003,PySide2 Row and Column Creator,1
2476,Find the solutions in positive integers $m^2 + 615 =2^n$,0
9889,What's the fastest way to find the longest (partial) repeat in a sequence that continues to the end?,1
9855,Differences in word counts in two files,1
8015,Shortest Path Variant (constrained max hop),1
4357,What does C. Elegans sense when touched?,0
1111,What do these arrows mean? (Froda's Thm),0
7560,"Why does $A(L)= \{ w_1w_2: |w_1|=|w_2|$ and $w_1, w_2^R \in L \}$ generate a context free language for regular $L$?",1
11590,Which sort algorithm to choose given two specific arrays?,1
11282,Set notation for ACL matrix,1
2337,How to prove this equality about Eulerian numbers?,0
8364,Procedural function for prepared MySQL statements in PHP,1
4050,Is there a special reason why ferns are so early in evolution?,0
9208,"Compiler for grond, a language-in-the-making",1
6782,What happened to Active Databases?,1
5863,Do mosquitoes allow for DNA transfer between unrelated species?,0
6401,Improved RandomGenerator with nextPrime() method,1
3978,How much damage is caused by smoking 2-3 cigarettes on a healthy body?,0
2206,"Fourier analysis question, orthonormal basis.",0
5155,Which amino acids can be phosphorylated?,0
6275,KMP string-matching algorithm implementation,1
3623,Why African species are larger in size compared to other parts of world?,0
1609,Find the difference between the number of rows and columns of a matrix.,0
2275,Was Fermat's last theorem proved based on Peano's postulates?,0
8100,Looking for books on creating and understanding theorems targeted at Computer Science,1
4704,Chemoautotrophic eukaryotic cells?,0
1344,metric from Christoffel symbols,0
11465,Prove that clique cover is NP Complete,1
8361,Determining the next payment renewal date,1
10627,Euler 2 : Simple Fibonacci,1
9095,Random uniqueID for each ID SQL,1
7071,A password generator,1
7609,Fail-safe remote API operations for managing customers and billing,1
11455,Koch snowflake in Python with numpy and pygame,1
6381,Functionality for automatic retry after exception,1
621,How do you use set theory to define the value of zero to the power zero.,0
4221,Where can I find a cannabinoids profile of hemp strains?,0
10769,Optimize method to iterate to over Map>,1
4742,Ligation without purifying insert,0
8222,Formal definition of an empty stack accepting PDA,1
11653,CPU Cache is managed by which software component?,1
10064,"given a weighted, directed graph. Give an O(VE)-time algorithm to find, for each vertex v∈V, the value δ∗(v)=Min u∈V{δ(u,v)}?",1
6655,Does regret change when the loss function is dependent on the previous predictions?,1
4475,Where can I find a picture of the inflorescence of Epipremnum aureum (golden pothos)?,0
8382,Codewars: Pick peaks,1
2981,Small proximity of important points of a function,0
5659,"Using coefficient of variation (CV) for GCaMP6 'synchronised episode' spikes, good idea or not?",0
2769,When is a functor uniquely determined by where it sends objects?,0
11926,Creating admissible and consistent Heuristic function Help,1
10320,Loading html from file using JavaScript,1
9196,"Class template, custom container",1
8835,Is X+Y sorting problem still an open problem?,1
2414,Looking for old YouTube math video - and curious about what field of statistics this is,0
10221,Can I say is lossy compression to discard data having a way to recover it?,1
8871,Converting (math) problems to SAT instances,1
8784,"What is the deterministic finitite automaton (DFA) for the regex "".*b.""",1
2395,Finding the equation of a line,0
11825,Bundling CSS to speed up page loads,1
6760,Queue with std::vector,1
6855,Algorithm for partial order width,1
5579,"Do the antibodies in a patient suffering from Hashimoto's, attack the thyroid hormones or the thyroid gland (or both?)?",0
6279,Why is the Marking Algorithm takes O(number of marks) ?,1
2804,$L^\infty$ is complete,0
8032,Bakery algorithm: How does it work with single-writer safe registers?,1
9730,Find the next 8 dates that are Mondays (exclusive of today),1
2354,"Analytical ""density"" of a non-inversible (deterministic) function",0
2466,Exponential and Logarithmic Functions $\log_3 (x+7) - \log_3 (x-7) = 3$,0
9287,Splitting and Joining Machines,1
7250,Lowest common ancestor in recursive tree traversal,1
348,Choosing numbers with the sum $S$,0
8306,Making Candies - HackerRank question - proof of optimality of a greedy approach,1
11278,Relational calculus to SQL,1
8312,A context-free grammar for a language of strings with occurrence properties?,1
1152,Orientation of a link in a link-system in space,0
1049,Symmetrization and Contraction Principle of Random Variables,0
945,Proof using the Principle of Mathematical Induction,0
808,Application of a lemma to prove Pippenger's 1989 Theorem.,0
7113,Simple Tic Tac Toe game,1
10833,why knapsack problem is a NP complete?,1
6009,React app that interacts with CoinMarketCap API,1
6676,Display Object as a node tree in HTML with clickable trace back to root node,1
6359,Difference between Image Analysis and Computer Vision,1
1475,Evaluare $I(y)=\int_0^1\frac{1}{y+\cos(x)}dx$. Hence determine $J(y)=\int_0^1\frac{1}{(y+\cos(x))^2}dx$,0
1563,Limit of $ \frac1{n -\log n}$ as $n$ approaches $\infty$.,0
3003,Does class switching occur both in B cells and Plasma cells?,0
9255,Recursive Regular Expressions,1
2014,Find information about distance of code,0
2318,Images of the derivatives of different charts are equal,0
3633,Identification of brown butterfly with orange/black/white spots,0
11466,Can the shortest path problem be solved using Monte Carlo Tree Search?,1
7852,Does any algorithm loops at some point?,1
9650,Quickest way of finding the largest integer n such that n! has length of m bits,1
2866,Which linear maps $\mathbb{R}^{n^2} \to \mathbb{R}^{n^2} $ map $\text{GL}_n$ into $\text{GL}_n$?,0
159,Values of m for which the expression is positive,0
5508,why prokaryotic ribosomes have 30s and40s subunits and eukaryotic ribosomes have 40sand 60s subunits?,0
6697,Map a range of integers to a 64-bit integer,1
3473,What are the major evolutionary pressures for Bioluminescence?,0
9538,Generic test serie for various solutions to the same algorithmic problem,1
5717,Does the assembly of the PLC transcription complex utilize phosphorylation in binding of the GTFs?,0
8286,Doge meme generator in Racket,1
7653,Is it possible to solve this problem in less than n^2 time without using additional space?,1
11429,Python rsync to copy the logs from multiple remote servers,1
10653,Is this unambiguous grammar equivalent?,1
5607,can magnesium bicarbonate be absorbed in the mouth?,0
1228,Better way of getting segment length from triangle with offset and extension,0
9719,Queue resizing array implementation,1
7175,Difference between $a^{2n} b^n$ and $n_a(w) = 2n_b(w)$,1
5210,Where do I purchase a fly with the collagen tagged?,0
11456,"Is there any way to get ""around"" the halting problem?",1
10809,Aggregate by several keys,1
3755,Trypsin and Cell Surface Receptors,0
9049,Find the lowest and second lowest values in an array of numbers,1
7660,Closing a ResultSet and rethrowing an Exception,1
2813,Prove that the set of functions $a_k(x)=\frac{1}{\sqrt{L}}e^{i2\pi k/L}$ are a orthonormal set of functions for $k \in \mathbb Z$,0
7806,C++ : N line segment Intersection,1
11812,Remove array items in an array in a CouchDB document,1
8834,Getting a list of outdated versions with Python,1
2446,"Relations between $f(X,Y)$ such that $f(a,b)=0$ and minimal polynomials of $a$ and $b$",0
9450,"Analysing the complexity of a recurrent function i+1,j*2",1
8057,Binary Tree for integers,1
2268,Why do people lose in chess?,0
11617,Receive array of data and access employee info fields,1
1726,Difficulty finding context free grammar for this language,0
6339,String Split a phrase into sentences,1
11741,Infinite Union of non-regular languages,1
660,$s^2/s^2+D^2=4N^2λ^2$ put into $y=mx+c$,0
6314,Animal Shelter in Java,1
7883,Inserting strings in middle of a text file using streams,1
11013,Recursion to dynamic programming,1
3053,How is nicotinic acetylcholine receptor recognized as self-antigen during lymphocyte maturation?,0
6859,Weighted Random Choice,1
6108,Can Haskell ensure a Functor (or other typeclasses) satisfies its law?,1
11460,L1 Cache Missing Timing Attack,1
6259,why is every self-reducible language in pspace,1
5849,"Does the lack of ""mirror life"" tell us anything about abiogenesis?",0
6205,Comparing two Strings which could be null or blank in a Comparator,1
2572,Find a closed walk in a graph that visits every vertex at least once.,0
6330,Design Pattern - Strategy Pattern in PHP,1
2720,Numerical Implementation: Solution for the Euler Lagrange Equation Of the Rudin Osher Fatemi (ROF) Total Variation Denoising Model,0
5577,How can there be a one-to-one correspondence between RNA and genes?,0
1708,Adjusting results based on its probability,0
1269,Almost surely finite stopping time for a random walk,0
8078,Quadratic Diophantine equation - Polynomial Time Cases,1
10131,Is there a known worst start configuration for Ford-Johnson sorting algorithm?,1
7124,Depth first search implementation,1
6740,Ruby function to capitalize all words in a string,1
10070,PHP my way of threating static classes,1
11161,Create a Promise that resolves when jQuery loads,1
7578,Optimal quantization of histogram,1
11049,"What's the connection between the two ""Fast Walsh Transform""?",1
2945,Field extension equality using Kronecker theorem,0
8801,Bot that selects web reviews based on spreadsheet entries,1
11552,Convert decimal to binary and find the maximum number of consecutive 1's in the binary,1
7626,Converting numbers to English words,1
6979,Amortize time for a counter with the operations INCREMENT and DECREMENT,1
3204,Does anyone know what are these birds?,0
8643,Language accepted by a RAM,1
4353,Can the RNA in the HIV virus make viral enzymes without entering the nucleus?,0
473,A function in $\textit{D}(\mathbb{R})$,0
4897,Immunology Book Suggestion,0
856,A question about the universal coefficient theorem.,0
11393,Turing Machine state going to itself,1
10855,basic jQuery plugin template,1
5150,Why are both glucagon and cortisol released in hypoglycemia?,0
8533,Better way of calculating Project Euler #2 (Fibonacci sequence),1
11176,Input iterator in C++,1
4418,"How do trees communicate in the ""Wood Wide Web""?",0
2978,Maximum of $P=x^m y^n$,0
9545,Design Strategy of CSV Parser,1
6276,Does Turing Machine divergence depend on the input?,1
6908,Is this FizzBuzz code idiomatic Groovy?,1
10427,Simple Brainfuck Interpreter in C,1
6313,Convert Sql LIKE to Regex,1
8308,YUV422 to RGB24 using Intel Performance Primitives,1
2440,Use the Poincaré-Bendixson theorem to construct a Morse function,0
1877,Properties of Euler's totient function,0
5752,Deletion errors with Phusion Polymerase?,0
6370,Parametrized reduction from 3-SAT to Independent Set to lower bound running time under ETH assumption,1
7134,Ideas for simplificaton - Logic to choose which view to load,1
4264,What is the best solvent for Mutagen X?,0
2037,For which value of $k$ does the system of equations not have a unique solution?,0
10437,Notation for asymptotic bounds on both sides,1
3359,What is meant by topographic barrier?,0
8073,Count the frequency of integers in an array,1
1149,"What is the sum of infinte values of x, where x tends to zero? Is the sum 0, or does it go on to become infinite?",0
2812,Inequality of quadratic form and generalized inverse,0
6320,Sort files in a given folders and provide as a list,1
5119,How is a synapse held in place?,0
1368,How to compute $E[\log(X)]$ when $X$ follows a beta distribution?,0
2471,Derivative of $(Ax)^T Ax$,0
9394,Concrete practical examples for discrete time markov chain with transition rewards,1
2176,Can the PDE $u_{xx} + u_{xy} + u_{yy} = 0$ be separated by variables?,0
10677,Get time slots based on multiple workshops,1
11204,SQL-Server Merge Statement with .NET DataTable,1
8355,What is the relation between Universality and Geometric shapes in cellular automata?,1
4848,Are there any examples of viruses that have jumped from reptile to human?,0
8545,Coloring of a K-ary tree using minimum paint Buckets,1
9846,Can pseudo random number generator generate all possible sequences?,1
7158,Can parameters other than $n$ be always ignored in big $O$ notation?,1
4091,Protein degeneration/excretion in cell,0
4232,How is incomplete dominance different from codominance?,0
11142,Server side validations and unit testing in MVP,1
7909,Stateless tooltip component using React hooks and ref,1
873,Romberg Integration Midpoint,0
6466,"Understanding connection between minimum spanning tree, shortest path, breadth first and depth first traversal",1
7196,Decidability of the language of all TMs whose languages reduce to a fixed decidable language,1
7648,TaskScheduler in python,1
8877,Using generic methods for basic crud operations,1
4513,What tool can I use to align multiple protein sequences to one reference sequence?,0
10743,React hooks update array of object,1
2001,Determine if a set is linearly independent or dependent.,0
5298,Why do the vines change their spinning direction?,0
6850,IReadOnlyCollection with notifications,1
3676,Chest muscle and female breast size,0
2474,If $\frac{3\pi}{4} < x < \pi$ then $\sqrt{\csc^2 x + 2 \cot x}$ is =?,0
8717,A recursive solution to symmetirc tree,1
2144,How to prove this sequence tends to zero,0
1729,Implementation of the Baum-Welch algorithm for HMM parameter estimation,0
398,Log Test for Integrals,0
2344,Radius of circle tangent to larger circle intersecting smaller circle at specified angle,0
5917,The Semi-Conservative Model of DNA Replication: Question,0
8723,jQuery security and efficiency simple calculation code,1
3090,"Genomic DNA extraction protocol by salting out with NaCl, how to improve yield",0
10725,Operator overloading: Java vs. Python,1
5608,Which mosquito species is this?,0
8720,Remap ls to honor .hidden files,1
11299,Python palindrome program,1
3586,Why aren't mitochondria and plastids considered symbiotes of eukaryotic cells?,0
5303,How do major and minor grooves arise in the DNA helix?,0
10954,Generate a random integer of length N with unique digits,1
8001,Clone a GitLab private repo with Ansible,1
7068,Are interrupts only found in BIOS?,1
1407,"$n \cdot \text{lcm}(a,b,2016) = ab-2016$",0
2366,Why does this system of equations have no solutions? Exercise forbids trying to solve it,0
613,Finding the value to which a series converge.,0
11867,Common subgraph isomorphism with K vertex,1
11031,Eigenvector calculation involving three matrices,1
10828,Converting string to control,1
2937,When to start reading Bott-Tu?,0
10995,Faster function iteration on Pandas df with axis=1,1
1113,Is it true that when $X$ is a positive matrix and $Y$ is a self adjoint matrix then $XY$ is positive??,0
10,Big Mathematics Challenge on Set and Summation?,0
4605,Droppings of mystery: What are they,0
4503,How do cellular conditions change the Gibbs free energy of a reaction?,0
4114,Is there any relation between weight class and extreme lifting performance in O-lifting?,0
4753,Do all Fungi have similar cells?,0
3580,Is intron removal coordinated?,0
8224,Selenium Java: errorRecovery,1
5560,What is a set of chromosome and what is a pair of chromosome,0
2068,Vector spaces over a Field in linear algebra,0
1322,"If $X$ is an exponentially distributed variable with mean $ \lambda$, $Y=−3\ln(X)$ has Gumbel distribution?",0
1293,How to prove that the set of maximal elements of a set of prime ideals is finite,0
5238,Does drinking water affect oral thermometer accuracy?,0
3131,Why do organisms excrete nitrogenous wastes?,0
2545,Where does $\frac12$ come from in this integration?,0
9082,Most stable algorithm to solve a system of linear equations?,1
8010,Python OOP shopping cart,1
2103,How to interpret root-mean-square,0
10936,JavaScript function to calculate the average of an array,1
745,Finding Line Tangent to $g(x^2)$,0
6968,"If the load factor is a decimal (say 3.6), what is the length of each chain in a hash table that utilizes separate chaining?",1
3563,What inhibits linkage between actin and myosin filaments,0
370,Bivariate Poisson Distribution - how can a specific case be computed?,0
3488,"ID Request: What is this frog? Eastern Long Island, NY USA mixed hardwood forest",0
11645,How to determine the fewest number of comparisons for Heapsort?,1
6146,Summing the size/count of associations for multiple records,1
9941,LTL to GBA versus LTL to BA,1
10826,What is cyclomatic complexity and how relevant it is today?,1
6211,How is n-gram different from k-mer?,1
7774,Getting integer values and one CSS class name,1
541,A post for the rejected -- influential papers that had trouble getting published,0
6123,Reading a line of text from a socket,1
7708,Symmetric Tree Check in Python,1
10183,localStorage should expire after 24 hours,1
4641,Does embryonic development mimic (partly at least) the evolution of organisms on earth?,0
11744,Ruby on rails with active record perfomance,1
8049,Number of balanced binary trees (The Art of Computer Programming),1
9442,Matrix Inversion in the complexity class $P$ seen as a decision problem,1
5263,Nutrition mineral intake method,0
6680,Survey of informed search algorithms?,1
8255,"Flask web application, with handling for user login status",1
712,How to show a matrix can't be written as exponential?,0
6216,Prettify this code - combine items in a list,1
10073,Knapsack problem with the restriction on the number of items,1
11621,A question about the definition of PRFs,1
5157,Sensitivity vs. Limit of Detection of rapid antigen tests,0
9901,Halting problem under spatial restrictions,1
2310,finding convergence for $\sum\limits_{n=0}^{\infty} \frac{(-1)^n x^{2n}}{n!}$,0
7839,Why do servers use ECC memory?,1
11994,Number of unique prefixes in canonical huffman tree,1
8909,Binary ↔ Gray permutation matrix,1
3808,PSI-BLAST website algorithm parameters,0
10822,Producer-consumer code,1
3934,Do cockroaches have less health issues than humans?,0
3036,Could a mammal convert ingested dissolved CO2 to usable energy?,0
3950,What ways are there to determine how big genera are?,0
2087,Nearest (with respect to weights) symmetric positive semidefinite matrix,0
4286,How is a portion of DNA selected and unwound from nucleosome?,0
276,Computing $\cos\frac{\pi}{7}$,0
9251,Extension methods with reusable logic - passing Action to Func,1
5514,"How does anadromous fish physiology ""know"" to switch from salt to freshwater and back?",0
2899,Use properties of the Bernoulli Polynomials to prove $\int_0^1 B_n(x)dx= 0$,0
6788,Logical conjunction of two binary decision diagrams,1
10030,Converting ActiveRecord array to JSON,1
3423,How do burrowing animals get enough oxygen?,0
2166,Zeros of Polynomials in Arbitrary Rings,0
11234,Imputing values with non-negative matrix factorization,1
6337,JavaScript tournament scheduling (fixture generation) algorithm,1
5852,Why do our eyes close when we sleep?,0
3601,Tissue fluid water potential,0
11391,Try/catch block inside a method that returns String,1
8388,Pumping Lemma for $L = \left \{ a^{c}\mid \text{c is a composite number} \right \}$,1
6591,Detecting two keys pressed in quick succession,1
3492,Which Hawaii bird makes this call at night?,0
2030,Finding the determinant and trace of a linear transformation,0
601,the Frattini subgroup of a finite abelian group of order $p^n$,0
8092,PSpace-completeness under PSpace reductions,1
7271,Selectively printing elements on web page using a bookmarklet,1
10343,Find optimal quantum at Round Robin Scheduling algorithm,1
4698,How does the molecular machinery choose where to cut a chromosome for recombination?,0
2506,An Inequality question,0
11261,NFA for right left multiplication,1
3711,To what extent does the distribution of nerual transmiters in the brain vary human to human?,0
2378,"Prove $ F(x)=\int_0^{\infty}\frac{f(y)}{x+y}dy $ is continuous on $(0,\infty)$ and differentiable, and have $\lim\limits_{x\to \infty} F(x)=0$.",0
10096,Unit tests: to cast or not to cast?,1
7463,"Level sums, displacements: how to determine their effect efficiently?",1
8450,Recording options selected from dropdown menu,1
9542,Descriptive complexity: 3-colorability example,1
4710,How can one relate in vitro studies of caffeine (dose expressed as concentration) to dietary intake of caffeine (dose in mass)?,0
5180,Why the smell of sweat greatly varies across the body?,0
5409,Can the basement membrane of blood capillaries expand?,0
10773,A monotonically nondecreasing function $ f(n) $ s.t $ f \in O(n^2) $ and $ f \notin o(n^2) $ but also $ f \in \Omega(n) $ and $ f \notin \omega(n) $,1
2484,How do I prove there is a homeomorphism between these two topological spaces?,0
4403,Why didn't humans evolve to reproduce identical twins all the time?,0
695,Prove $A \equiv B \vdash (\forall x)A \equiv (\forall x)B$ without relying on equivalence theorem.,0
937,Inverse of a partitioned matrix,0
2761,What is the orthogonal basis for QR factorization?,0
7587,Analyzing a web access log to obtaining totals for requests,1
6006,Is the language of pairs of words of equal length whose hamming distance is 2 or greater context-free?,1
6814,Printing elements of an array in C,1
7002,Strongly connected components in a graph: Kosaraju's algorithm,1
5013,Text Book Recommendation: Organic Evolution,0
5941,Doubt related to nerve impulse transmission,0
7433,How do I arrive at the multiplication function in lambda calculus?,1
10347,Node depth in randomly built binary search tree,1
4537,Why can I raise my left eyebrow independently from the other but not the right?,0
1299,Composite of relation and its opposite,0
2232,Generating Numeric Palindromes.,0
4165,Why does having cold hands hurt?,0
6284,Setting up notifications for Android,1
7703,Sum of Squares/Square of Sum Difference,1
6281,Linear Regression on Pandas,1
10793,Expanding pixels in an image,1
3625,Strange Exoskeleton Found in Maine: What is It?,0
821,An example of Bayes' and conditional probability,0
11268,Are there ways to automatically (no human testing) measure a $9 \times 9$ Sudoku puzzle's average hardness for a human to solve?,1
8886,Extension method splitting string on each capital letter,1
11984,Check site inclusion and exclusion,1
3870,How large might a paper wasp nest become?,0
1740,Strategy to take absolute value of complicated complex expression,0
6725,"Map overlay, any algorithm for face updating step?",1
8777,Code review of forward invocation,1
7528,Full-page background in HTML,1
520,Show that $\prod_{k=1}^n \left(\prod_{j=1}^k\frac{k}{j}\right)$ is always an integer.,0
7349,How to increase efficiency of recursion algorithm?,1
1961,Are linear shift register sequences corresponding to reciprocal polynomials equivalent?,0
11697,Pumping lemma occurrence of c > d,1
4640,Recessiveness of allele for protection of organism,0
7169,PHP secure hash generator,1
4109,Name of This Black and White Dove,0
9075,Binary search a sorted list of integers in Python 3,1
10999,Using brute force to do large scale permutations and combinations,1
741,Can the general septic be solved by infinitely nested radicals?,0
7257,How is the directory implementation done using a linear list?,1
0,"$2\left|f'(0)\right|=\sup_{z,\omega \in \mathbb{D}} \left|f(z)-f(\omega)\right|$ implies that $f$ is linear.",0
1508,Showing the set of 2$\times$2 matrices with integer entries are countable.,0
7622,Find the repeated elements in a list,1
10114,Truncating integer using string manipulation,1
889,parallel non-intersecting lines in E3,0
3947,Questions to ask to a panel of people that will be sequenced,0
5352,What is the resting human stomach pH?,0
8750,What is the difference between a Standardization and a Specification?,1
7778,"What does ""prompt collection"" mean in the context of memory management?",1
10731,ML to approximate a dampened harmonic oscillator from a related curve,1
8030,Refining an ASP.Net MVC VeiwModel for a Table to display worked hours,1
6935,Get metadata from an Icecast radio stream,1
5328,Why do Centipedes always have an odd number of pairs of legs?,0
654,"Numetrical integration of complex exponent integral, need cheapest way",0
10861,Finding a tight bound for a recurrence relation,1
2135,Existence of a functor $\mathsf{Sets} \to \mathsf{Groups}$ that admits a left adjoint,0
7585,Convert float price to integer price without commas,1
1937,is there such a thing as an infinitely repeated digit in an integer,0
11021,"Given a binary tree $t$, prove that $size(t) < 2^{h(t)}$",1
9008,Immediate positions algorithm?,1
4374,Function of heparin and dextran sulfate for removing proteins,0
6149,Classes to encode and decode images,1
5658,Cellular respiration — How is the water expelled?,0
503,New values of vector after change of base,0
1080,established a inequality,0
273,constructing a zero-mean martingale $\to -\infty$ a.s.,0
4990,What is meant by nucleated in this context?,0
5574,How do trees lift water higher than 10 meters?,0
1850,Exercise on stopping times,0
5925,Do birds ever fly in clouds?,0
2196,Structure theorem for finite dimensional algebras,0
5588,What determines the duration of larval stage?,0
7516,StringBuilder vs string.concat,1
3609,Moss CO2 consumption,0
1047,"Is $f : A \to P(A), a \mapsto \{a\}$ injective or surjective?",0
2168,How should I start this problem?,0
5859,Is it possible to produce bread using only microorganisms?,0
2108,Is it possible to define $f: S \rightarrow T$ such that $f$ is continuous and onto for each of the following pairs of $S$ and $T ?$,0
8260,Dice simulation and counting pairs,1
498,Interpretation of gradient at a point where it's undefined,0
483,"If sigma-algebra $\mathcal{B}$ on $X$, show that if $\mathcal{B}$ is finite, it must be generated by a finite partition of $X$",0
228,Determine the parallel plane to segment,0
6274,Simple languages that are not of type-1?,1
6551,Does this regular expression equal this automata?,1
1320,question related to equicontinuous set,0
1079,Proof Solution of Linear Congruence,0
5787,Why do seagulls hit the ground with their feet?,0
9827,Loading animation refactoring to allow for more flexibility,1
3094,Is it hydrogen atoms or electrons that are passed along an electron transport chain?,0
6757,Implementing timeout of a resource (in this case a database connection),1
10681,Java file analyzer byte-by-byte,1
10699,Mad Libs using recursive IO for user input,1
2705,Find period of the Function,0
960,Let z be a complex number such that $z^2 +z + 1/z^2 + 1/z + 1=0 $,0
9951,Binary search to identify duplicate user names,1
3528,Do Schwann cells have Na+/K+ ATPase pump?,0
4740,How is instinct carried from one generation to another?,0
9604,Confusion in the solution to first readers-writers synchronization,1
782,How many distinct pair of boxes of exact size = 2 can I form from $n$ distinct elements?,0
9642,Improving a Medicare Beneficiary Identifier (MBI) generator,1
10978,MMO game server brain loop,1
1014,Evaluating the real and imaginary parts of a nasty complex number,0
3188,Is it possible to make a cancer cell that doesn’t encode any neoantigens?,0
1894,Need help with understanting Product Rule for Differentiation example from Math for Economists Textbook,0
8336,Fluid tag for displaying GitHub Gists with noscript tags in a Jekyll post,1
5459,Why is the 3'UTR region highly methylated in most of the human genes?,0
3320,"Do ""real"" human samples tend to return fewer protein identifications in Proteomics experiments?",0
1418,Bundle that is isomorphic to the bundle of Whitney sum,0
9453,"custom cc 16 bits with Polynomial and Initial Value , algorithm",1
4731,"Red and yellow insect found in kitchen in Conrad, Montana (USA)",0
7760,Haversine formula in SQL,1
11030,Finding maximum clique in a distance matrix created by certain pattern,1
177,Сanonical form of a quadratic form by Lagrange's method,0
10182,Ruby Brainfuck interpreter,1
11878,MVC web app writing to file in a threadsafe way,1
5128,"In an open circulatory system, how is blood moved?",0
3443,How are melatonin levels measured in humans?,0
2555,Linear Transformation one to one and onto?,0
3700,Do oral vaccines exist?,0
6047,Getting all the dates in a month that do not coincide with a project's dates,1
6480,Restriction of SAT to CNF,1
6583,"Critique my first C++ ""Hello World"" program",1
6291,State of the art time complexity for getting (tree) descendants by type/attribute,1
3249,Is it possible to graft plants from different families?,0
9382,Context free Grammar and regular set,1
1356,Inflation property of Artin $L$-series,0
2409,"Examples of Lebesgue-integrable, but not Riemann-integrable functions",0
11337,Pythonic way to count if a value is 'NaN' in a dictionary of dictionaries,1
256,Let $\varphi$ and $\psi$ be isometries. Show that the conjugacy $\psi\circ\varphi\circ\psi^{-1}$ is of the same type as $\varphi$,0
9224,Fast import of numbers stored in a CSV file,1
7895,Relations among different boolean approximations,1
9489,How can mainstream OO languages support strong binary operations by classes?,1
3887,Do sulfate reducing bacteria help during the formation of the mineral dolomite in low temperature environments?,0
61,Polynomial Transformation Involving Mean,0
565,Finding the range of $a$,0
4913,Why does flu vaccination only work against specific strains?,0
5934,Origin of the 260/280 ratio?,0
7953,Matching a time interval using regex,1
1364,expection of random variable when the index also follows som,0
3721,Chromatids in metaphase?,0
3041,Oscillatory electrical system using a chain of neurons,0
1486,Decreasing Sequence of Open Sets in Tychonoff Pseudocompact Spaces has Nonempty Intersection of Closures,0
7084,"Concatenate function arguments with ""AND"" string if they're not None.",1
340,About Trigonometric Transformations in Python,0
1954,How to determine how many members need to be in a domain to produce an interpretation that shows lack of implication between two schemata,0
2554,">Determine subgroup $\langle (12),(13)(24)\rangle $ of group $ S_{4}$",0
11505,Random linear arrangement of a tree with constrained edge lengths,1
10447,Getting list from an Oracle database and storing it in an object,1
10617,Are probabilistic search data structures useful?,1
240,Solving For Joint Likelihood In This Case,0
3173,Are all healthy animals more likely to defecate near the end of a rest-cycle?,0
3454,How to get sulfate reducing bacteria?,0
2985,Supporting hyperplane,0
9590,Finding the Least Common Ancestor of a Binary Tree,1
6429,Denormalizing an OrderedDict to CSV,1
5721,How do I go about traveling with DNA extract samples?,0
5106,Where can I find mutation datasets for cancer?,0
3291,Can someone tell me if the example I wrote below is one possible answer?,0
5413,Why does the ring finger not move independently?,0
4635,Would a plant survive if it was watered using hard-water?,0
222,Finding an interval of solutions from a Game Theory problem,0
3145,"Is ""Fight or Flight"" distance genetic",0
8144,Retrieving a user's password for verification,1
1813,Bounding the integral $ \int_1^\infty \frac{ (\log(y))^n }{y^2} \ dy $,0
10533,Minimax for Tic-Tac-Toe,1
8399,AC0 and first order logic equivalence,1
3084,Could an animal with an open circulatory system survive in a near-zero gravity environment?,0
2043,Is $T_n(R) \cong T_n(R)^{op}$?,0
10341,How can I remove this for-loop in this competitive FizzBuzz code?,1
720,Help understanding vector-by-vector differentiation identity,0
10720,Convert 24(decimal) to modified IEEE 754 floating point format?,1
7960,Autoclicker Tkinter Program,1
11222,Online algorithm to find shortest subarray containing all k-elements,1
4773,Differences between Gradualism and Uniformitarianism,0
8891,Is the complexity of this algorithm O($\sqrt{n}$) or linear?,1
4812,Merge several .ab1 sequence files into a single FASTA file?,0
6967,Qt foreach-like alternative to iterate over value AND key of an associative container,1
8065,Python: improve in elegant way (code saving) a function in order to avoid several statements,1
7266,Does every large enough string have repeats?,1
10937,Maximizing quantities/length in buckets to match each other,1
354,Permutation for balls,0
6963,Quick sort implementation,1
10599,PERMUTE-BY-SORTING with similar priorities,1
4970,What placement of plasmid parts makes the most sense?,0
2918,"A function that is $1/p^{\prime}$-Hölder continuous on $[a,b]$",0
5994,Which life is supported in sterilized 100% pure water?,0
9946,"What is the formal name for an ""entry"" in an ontology?",1
226,What is the lebesgue measure of irrational numbers between 0 and 1,0
10671,increase speed for 'for loop',1
5193,Lack of skin in a certain area of the body --- hypo[what]?,0
7864,Partition overlapping polygons,1
2567,How to find domain of Solution of PDE?,0
11550,Speech to Text API with Unknown Language,1
11413,Best-known Boolean Circuits for Clique?,1
11643,Writing a Context-Free-Grammar using Backus Naur Form for a for-loop?,1
5864,Why do we like to touch fluffy things?,0
11566,"Vertex Cover, Hardness of Approximation",1
4847,Garden Hose Analogy for Blood Vessel Resistance,0
5203,Isotropy of sarcomere bands in skeletal muscle cells,0
6103,Using return value vs out parameters,1
9463,Determine whether an integer is a palindrome,1
6650,Classes and variables in PHP,1
5419,How do eukaryotes terminate transcription? (clarification on Campbell Biology),0
7042,Phonebook using a trie,1
5873,Two mice heterozygote and black are reproduced. Find the probability of getting the filium dark and heterozygote,0
1013,Confidence interval for difference confidence level,0
9581,"""Open and closed doors"" riddle",1
11307,Conditions for Linear Diophantine Equations to always have a solution,1
4984,Does GC content determine codon bias or does codon bias determine GC content,0
2532,Product of affine schemes,0
2799,Determine whether it is true that this summation is zero for some increasing sequence of non-negative integers.,0
779,Pushforward of differentials (?) and Abel Jacobi map on principal divisors,0
3254,Gender of BEAS-2B cell culture,0
6807,Calculator for more than two numbers,1
1227,Proving existence of a cycle in a directed graph using Lovasz local lemma,0
2273,"Solution to safe with six keys, largest number of people with 3 different keys each.",0
4365,How was the diversity between ethanol fermentation and lactic acid fermentation evolved?,0
4135,Why do stomata close in low intensity light?,0
1194,Question Regarding Linear ODE-Trouble Using Integrating Factor,0
3881,Test question regarding botany,0
7670,Python hexdump generator,1
5033,How does gene affect organs development in eukaryotic cells?,0
8193,What are the technical reasons for which the empty string is not allowed to be accepted by a Turing machine?,1
7100,Use of Factory pattern — how to implement it,1
1548,"What's the difference between ""quadrature"" and ""integration""?",0
8553,Calculate difference between two times,1
7353,"Showing that there exists an algorithm, that converts NFA to DFA under some cirumstances",1
8893,Is using return appropriate here?,1
9419,Find majority element in an array given constant external space,1
11801,Optimal order placement of a good across different places when cost and quantity is unknown,1
4209,What voltage damages a neuron or a group of neurons?,0
11464,Finding the majority element in a sequence of integers in \$O(n \log n)\$,1
405,"Proving $\{(C,x): C(x) = 1 \ \ \text{and} \ \ C \ \ \text{is monotone}\}$ is P-complete",0
10917,Undirected graph data structure in C#,1
4920,"Difference between ""transcriptional activity"" and ""RNA expression""",0
8486,Guess My Number Game in Java,1
9728,How to refract a while loop with a necessary initial setting?,1
4416,"What does ""Activation"" refer to in the context of the symptoms of Schizophrenia and Schizoaffective Disorder?",0
5903,Do Marsupials have a standard classification system for their blood groups?,0
8059,Can we use Operator precedence parsing with this grammar?,1
5899,"What are ""inactive"" cells during Ca2+ imaging of neurons?",0
850,How do I solve this probability problem of randomly drawing balls from a urn?,0
7383,Calculate Hand Value in a Blackjack Hand,1
8633,Multiple rounds of bipartite matching problem,1
5005,Short videos on evolutionary biology,0
6011,Eliminating repetitions of subsequent items in a list,1
8022,Lazy prime counting function,1
3501,Are there any organisms with larva more advanced than adult form?,0
8870,Either monad in C++11,1
278,Saddle-node bifurcation Taylor expansion,0
293,Valid proof by induction for modulus of a product of complex numbers,0
3630,Difference between spiking and firing,0
903,Find closed form of recursion,0
11702,Proof of perceptron convergence theorem for ZERO threshold?,1
6620,Are constituency grammars and dependency grammars two different types of context free grammars?,1
10547,React-Native: Using expo-font hook to retrieve assets,1
10801,Bit shifting and masking,1
7014,Find a Id that contains all mentioned values,1
1453,Showing that the sequence is Cauchy if $|x_{n+1}-x_n|<a_n$,0
2865,Details in mollifiers proof - Evans' PDE,0
2767,Diophantine equation with quartic polynomial,0
7066,"If a language is not Turing reducible to two languages, may it still be Turing reducible to their ""union""?",1
9694,Asynchronous file upload to disk,1
5405,Identification of snake,0
9404,Can a single core processor be MIMD?,1
8142,Ping Pong game in SFML,1
2791,Compact and connected,0
2746,Surface area of a revolution integral problem,0
10313,Printing out a tree set using pattern matching in Scala,1
11220,Using mocking to test that a Django view renders as expected,1
4047,How to understand certain protein names,0
7853,Need help constructing a Deterministic Finite Automata with AT MOST,1
8961,Customized JPanel desing pattern,1
2467,$f(x) = \frac{1}{\cos(x)}$ can be expanded as a power series. What is the radius of convergence?,0
624,Uniteratable Functions,0
7226,Checking balance of a travel card with Selenium,1
8395,Extension of PHP `round()` for PHP_ROUND_UP and PHP_ROUND_DOWN,1
7650,Web scraper for a webpage article,1
11887,Understanding CLIQUE structure,1
162,Combinatorial Proof for a $ p\mid\binom{p}{k} \ \ \ \ \ 0<k<p$ .,0
9384,Project Euler # 55 Lychrel numbers in Python,1
8130,Why are $L$-reductions defined the way they are?,1
332,Expected value and variance of step of random walk with barriers,0
3210,What are these shrimp-like insects in my cat's water bowl that appear overnight,0
1158,Pdf of $Z=X/Y$ given a joint pdf,0
5714,Will a sandwich assay work with a GST 26 antibody/protein?,0
10701,LeetCode Minesweeper solution in Ruby,1
3760,"Bioinformatics - DNA binding, sequence-specific protein data",0
2321,Reflect point inside Poincarè Disk Model,0
3161,What type of photosynthesis is performed by phytoplankton?,0
2520,mean valued theorem in Banach space,0
3076,Tissue grafting in marine invertebrates,0
8981,Finding users who liked a post,1
9301,"Given grammar, a nonterminal, and a string, does there exist a parse tree that uses the nonterminal?",1
462,How to calculate the area of an asteroid using Green's theorem,0
9817,"Data structure to store sphere points (latitude,longitude) and retrieve all points within a distance",1
5593,Suitable introductory book on Bioinformatics for a computer scientist?,0
836,"On a hypothetical computer with a word length of three digits and truncation, compute the solution of a system of equations",0
3919,Beetle (?) on Acacia (Senegalia) greggii?,0
1642,"In number theory, is it always true that..",0
3948,What promoter is required for expression of a human protein Y in bacteria?,0
8575,Increase the speed of this python code for text processing,1
1181,Basic theorem in Polynomial Congruence,0
2515,"Identically distributed, uncorrelated, Bernoulli rvs are independent.",0
6251,Hints to make Sudoku solver more Pythonic,1
5388,Why would you mix polymerases in PCR?,0
1274,Uniqueness of pre-abelian structures on categories,0
10919,A 3-D vector class built on top of numpy.array,1
6640,Python BMI Calculator,1
1032,Choose items from different sets such that no two items come from the same set but all items are equally likely to be chosen.,0
4190,Turn off multithreading in pymol,0
1220,"$\forall k,n \in\mathbb N:k\in n\iff k\subsetneq n$ [Proof Verification and Suggestion for shorter or simpler proof]",0
9958,hardware interrupts and context switch,1
10909,"Databases - How to generalize an sql query from a specific input? find project number, number of employees",1
8845,"Is the usage of JSONObject and JSONArray is correct, as it take lot of time to render UI",1
6532,Is my code for a forum page vulnerable for sql injections?,1
1289,Existence of orthogonal matrices with zero diagonal and non-zero off-diagonal values,0
1488,Diagonal elements of a symmetric matrix and positive definiteness,0
10154,Nash Equilibrium of 2-players game,1
1557,"Construct a deterministic Turing machine that decides the language $L=\{w\in\{a, b\}\mid w\text{ contains an occurrence of }ab\}$",0
4489,Are there any creatures that will eat their own limbs or body parts to survive?,0
7555,Filtering conversation by filter type and value,1
1262,Homology between a loop and a constant loop,0
7127,Improving python3 processing speed (against a reference perl script),1
10515,Finding the point with smallest x-ordinate between two given y-ordinates,1
5839,Genes that exist in old Affymetrix platform but not in the newer one,0
6929,Complexity of finding the largest $m$ numbers in an array of size $n$,1
122,"Does there exist a continuous $g(x,t)$ such that every continuous$ f(x)$ equals $g(x,t)$ for some $t$ and all $x$??",0
7846,Are there things an analog computer can do that digital computing cannot do?,1
2415,Construction of Cut off function $\psi$ such that $|\psi'(x)||\psi(x)| < \frac{1}{6}$,0
3207,Relationship between toxicity of drugs and negative effects on brain,0
4738,Questions regarding ELISA,0
2513,"Always prime? $6n+1$ and/or $6n-1$, if neither divisible by $5$ nor semiprime",0
3469,Why did life on Earth develop with two sexes?,0
3237,How to identify the GPD gene when the sequence varies between organisms?,0
1513,Derivative operator of bump functions and the adjoint,0
3975,What is this structure in human brain?,0
1591,How do you use the Undetermined coefficients method for solving this non-homogeneous DE?,0
8984,Can we get any subsequence of size $\ge \lfloor \frac{n}{2} \rfloor$ in a sorted order from a sequence in linear time?,1
3271,Can herbs absorb harmful substances leached in water supply,0
11687,Interval Scheduling Confusion,1
10900,Breakable Toy: Go CLI for Gitlab,1
3012,How does the brain recall information?,0
10405,Proving that $T(n) = T(\lfloor n/2 \rfloor) + T(\lfloor n/4 \rfloor) + T(\lfloor n/8 \rfloor) + n$ is $\in O(n)$,1
7694,Comparing variations of A*,1
1278,What does an inverse matrix abstracts?,0
290,Determinants of upper-left submatrices,0
4151,Trade-offs between phage and yeast displays?,0
5562,Are there any animals that celebrate communally?,0
2292,Characterizing solutions to a particular equality,0
11344,Does a recursive call reset to the beginning of the method if the call is in the middle?,1
9758,Why are we interested in square-free words?,1
2194,A Particular Quotient of Polynomials over Hyperbolic Numbers: is it Anything?,0
1058,What does it mean for a term in a PDE to be linear?,0
7265,Naming a template print method properly,1
9030,Is Applicative-order and Normal-order evaluation model's definition contradictory as per sicp text book?,1
6736,"Calculate the total items used, if for every x items used, you get one additional item to use",1
4253,"What is the difference between ""physical interaction"" and ""genetic interaction""?",0
9724,Substituting a term for a variable in a context,1
5668,Are prosauropods ancestors of all sauropods?,0
3918,How do schistosomes find and attach to human skin?,0
7691,Image placement & animation from grid,1
1618,Critical confusion with the spectrum and resolvent of a compact operator,0
817,$f$ is injective and $f(U) \subset f(V)$ then $U \subset V$?,0
11694,Interpreting strings with C-style escapes,1
6770,OBBs intersection improvement for AABBs-OBBs,1
5779,Are there any solitary species of ant or termite?,0
10606,Replace an element of a list to get maximum sum of subsequence,1
432,What does it mean that the bridge is no longer damped?,0
9571,Algorithm to maximize dot product between two sets of vectors,1
8136,Very slow graph walking,1
5633,Twist in the DNA double-helix,0
10716,Convert an integer to 4 bytes without bitshift operators,1
7764,Binary digit problem?,1
3357,Help identify this small spiney praying mantis?,0
5154,Discrepancy in time for genetic differences between human and chimpanzee to accumulate,0
3467,What structural features make a molecule a potent opioid receptor agonist?,0
3589,Can denatured GFP show fluorescence?,0
1653,probability inequality resolution finite field,0
7683,List enrolled users & show checkmark if all activities are complete,1
7492,finding the overhead and distance of an unknown code based on message making algorithm,1
212,Integration Limits while finding volumes,0
4664,Are erythrocytes lysed during alpha hemolysis?,0
6639,Function to find text between two tags,1
7950,String Extension improvement,1
711,On the measure of a closed subset of a non-measurable set with infinite outer measure,0
2875,Derivative with Respect to a Ratio of Variables,0
3313,Is 8 hours of sleep necessary?,0
307,Convergence of an integral around the origin,0
4145,How does one apply Bayesian inference to quantify a read the deeper you sequence?,0
8492,AsyncTask and IntentService,1
6944,Assembly Nasm Bootloader x86,1
4668,Names of different cyclins,0
4255,Are there computational models verifying the feasibility that complex biological systems can emerge by random mutations plus natural selection?,0
9056,Project Euler 22: Names scores using dictionary,1
5783,"When purifying plasmid DNA after cloning, do you get endogenous plasmid in addition to your vector of interest?",0
9750,Reverse Groups challenge at CodeEval.com,1
10401,Optimal data structure for sorted list,1
1925,Runge-Kutta ODE Solver,0
4258,Concentration calculation of Factor VIII for Elisa,0
2413,"Two endomorphisms, $u$ and $v$, of $\mathbb{C^n}$ such that $[u,v] = \alpha u + \beta v$ are both triangular in the same basis",0
2298,How does one represent differential geometry on computers?,0
11734,Grouping into more groups in one iteration,1
4563,Neurology: spinal tract,0
10412,Solving road trip problem in linear time,1
5079,Is all of the DNA used by genes (encoding DNA)?,0
6728,Contraint with three variables into three binary constraints,1
3046,What motivates children to start walking?,0
4494,What causes the overactivity of keratin production and expression in the cells of the nail bed/ nail matrix after some traumata?,0
6298,Renames file-name references inside files in a directory,1
9189,Compact game of life implementation,1
11811,Binary Option Pricing using Card Game,1
996,How to get values of $a$ from $3 > \log_{5/4}a$?,0
7161,Excel Mapping Module,1
4420,Are there any known plesiomorphies of all living mammals relative to a newer trait state in all living reptiles?,0
8530,Optimization on List key comparisons and return value with HashMap,1
11136,Storing and retrieving student scores in three subjects,1
1411,Is there a conceptual derivation of the formula for the composition of two EGFs?,0
7762,Python ASCII-Art Table,1
1784,Similarly Commuting Matrices,0
10570,Number of referee nodes required in distributed leader election algorithm,1
11767,"Implementing PDO, code correct so far?",1
4051,If our eye lens and cornea were flat would we still receive the world upside down?,0
3877,"What happens when a human ingests a large meal, and after a short time follows it up with a large amount of indigestible carbs?",0
10747,"Given a directed graph and a vertex v, find all cycles that go through v?",1
657,Question regarding permutations as a product of transpositions,0
11100,Oracle for an inverse function,1
2743,An article from AMM vol 95 Page 942. (I have some doubt about it),0
579,"How do I show that $ \langle u, v \rangle = \langle u, \lambda u + \mu u \rangle = \langle v, \lambda u + \mu v \rangle$ if $\mu \ne 0 \ne \lambda $?",0
10883,Better way to get the XML attribute value?,1
1255,How to prove the limit $\lim_{n\to\infty} \frac{(-1)^{n+1}}{n}$ equals $0$?,0
3115,What is the strength of human cornea?,0
10893,How to generate a degree sequence of a degree distribution,1
4803,Why did the armadillo cross the border?,0
6891,A color class and a CRUD class for it,1
2186,Notation in probability and staticstics,0
10805,regular expression identities and NFAs,1
1093,A basic question on equilibrium point of coupled differential equation,0
4215,"Clarification regarding a statement in ""The Selfish Gene"" by Richard Dawkins",0
6070,"Calculating parking fees, given start and end timestamps",1
3715,How the glycogen accumulate intracellularly in the reversible cell injury?,0
8483,Is it a good practice to wrap datatypes in custom classes?,1
7866,Scrape a reddit post submission for comments and save comments to JSON file,1
4695,Do animals follow tactics?,0
2864,de Rham and Hodge cohomologies become locally free after localization?,0
10226,Explanation for indirect addressing,1
84,How to show that sigma algebras generated by different RV are the same,0
10261,jQuery animation/blinking code?,1
7758,Defunctionalization and known arity function calls by pointer,1
11759,Binary Search tree deletion optimization,1
8430,Why do low fitness individuals have a chance to survive to the next generation?,1
8424,"PowerShell - fast remove a directory with 10,000+ files",1
11114,Complexity of a cutting operation on a list of binary trees,1
11249,Why isn't it necessary to store an integer part of significant in IEEE754 floating point notation?,1
180,"If $X/M$ is a normed space with the induced seminorm, is $M$ closed?",0
10061,Efficiency of a linq query on a nested structure,1
7678,Project Euler Problem #6 - sum square difference,1
380,What do I need to know to understand the Riemann hypothesis,0
5227,Why do we get runny noses in the cold?,0
11475,"Reusable, manipulatable plots",1
9290,Identify possible pair of factors from a product,1
9749,Big O running time for this algorithm[function call from within a loop]?,1
8768,Merge sort algorithm written in Python,1
4610,How does a change in the potential across a neuron's membrane get turned into a signal that is sent down the axon?,0
11138,Return True if num is within 2 of a multiple of 10,1
11131,ServiceLocator for easy and central access to replaceable parts,1
5340,Does it make sense to express membrane transporters as concentration?,0
7409,Backpropagation in multiple output neural networks,1
10811,"Finding the rows/columns of an m-by-m symmetric similarity matrix M which minimizes the sum of the elements in an n-by-n submatrix N, where n < m",1
5133,Why do we urinate more often in winter compaired to summer?,0
7126,Javascript coding wager,1
3891,"What is the difference in the electrical excitability between a ""large diameter soma"" and a ""large diameter axon""",0
7136,Top 5 most common words in Python,1
6986,Checking if a directory is empty when having over a million files inside,1
8902,Sorting an ArrayList of Vehicles using quick sort,1
6630,Rigidness and verbose nature of XML parsing,1
8733,Quicksort Algorithm Efficiency,1
352,Show that $f$ is integrable and $\int_{I} f=0$,0
10335,python hangman solver,1
7943,Why is $3^{\log_2 n}$ the same as $n^{\log_2 3}$?,1
1476,Poisson Process Help,0
72,Simple generators with a complex Gröbner basis,0
3642,What is the significance and method behind Ramachandran plots?,0
10149,Is this the best way to reverse a string in C (not in place)?,1
5850,Why are there no tree-like plants that grow in lakes?,0
609,"When asked to find bifurcations in a differential equation, am I only looking for changes in quantity/type of equilibrium solutions?",0
8719,A less limited Python Lambda,1
11830,JQuery Class and Display Toggling,1
10858,"If my computer is a 32 bit system,it has a 32 bit address right?But when i print any memory address in C why do i get a short value?",1
10454,Replacing Items in an NSMutableArray,1
6003,data structures/ Classes for RNA & DNA,1
1208,Computation of definite integral,0
1304,Orbits are the minimal $G$-invariant subsets,0
7730,General pathfinder in Python,1
8852,Decomposing NP-hard sets,1
9487,Finding the longest repeating subsequence,1
2475,Is $\mathrm{Top}$ a coexact category?,0
11374,What is the best way to format a large has_many through line?,1
4981,Latency to audition in human beings?,0
10390,Showing a problem is NP complete? Reducing CLIQUE to KITE.,1
5817,Using the IMGT/GENE-DB service to find RSS,0
449,Is the following set a group?,0
2582,Invariance of dimension in the plane,0
229,Going down theorem: Atiyah and Macdonald,0
5915,What is the composition of human feces?,0
11483,How to compute a level set $A=\left\{ \theta:f\left(\theta\right)\geq a\right\} $,1
3705,Which organisms require the least fluctuation in ambient temperature?,0
11780,Code behaviour: Working object orientated with a database,1
4716,"Are humans known to be ""poisonous"" to any animal?",0
9249,pictorial representation of pre and post ordering for edge types,1
6575,Markov Chain w/ non-stochastic matrix,1
4629,How many possible human genotypes are there that produce distinct phenotypes?,0
5890,Stomata during night (respiration),0
5445,Why cannot there be multiple sources for same species origins?,0
9132,CIRCUITSAT ∈ DTIME(2^n/n^c) ⟹ NP ≠ EXP?,1
2396,Integrating $ \frac{\int_{-\pi}^{\pi} \cos^2(x)|\cos(x)| |\sin(x)| dx }{\int_{-\pi}^{\pi} \cos^2(x)|\cos(x)| dx } $,0
6365,OOP Decision Maker Class - ServerArbiter,1
2966,Projective coordinates for point at infinity on elliptic curve,0
11529,Random forests on monotone training set yields a monotone classifier?,1
9696,How is this formula for dynamic array reached?,1
2405,How to evaluate these $4$ integrals?,0
5438,Can you vaccinate against bacterial diseases? Are there existing vaccines for such diseases?,0
9055,Converting JSONP to JSON: Is this Regex correct?,1
9838,Greedy max k-cut approximation algorithm,1
8028,Runtime of weighted interval scheduling dynamic programming algorithm,1
3619,What is this insect I found in northern Europe?,0
1628,An error on the BBC maths revision website?,0
10077,Overflow rule in two's complement arithmetic,1
5351,"Long term liquid food diet by blending/grinding all quality foods one would normaly eat, not any weight loss or prepared drinks",0
9312,LeetCode 76: Minimum Window Substring - Python,1
8006,What happens after the accept state if there are still letters in the string in a Turing machine?,1
1204,"If $f \mid h, g\mid h$ and $f,g$ are relatively prime, then $fg\mid h$?",0
7308,Prove transitivity of big-O notation,1
6349,"Rsync script that does Daily, Weekly and Monthly backups with hard links",1
2591,Question about the diagonal of a square,0
6952,Finding pairs of complementary numbers,1
11179,Project Euler 378: Count ordered triplets whose triangular numbers have decreasing number of factors,1
8442,NS.log (ES5 logger) - v0,1
8385,"Summarize raw data in new sheet, 2.0",1
7193,Roguelike Building Generator,1
10667,Simple examples of Artificial Intelligence,1
7906,Macro to run code once during the lifetime of the program,1
1442,Proving a polynomial has x amount of zeros,0
3355,How does one calculate the amount of oxygen produced by trees?,0
4705,Which Papaya (Lechosa) plant (male or female) bears fruit?,0
3135,Why do I have a lot in common with my mother?,0
9939,HTML and jQuery audio player,1
7406,Simulated annealing for magic square-of-squares puzzle,1
9558,Why do we need to run the bellman-ford algorithm for n-1 times?,1
9584,"How can the 4-bit page number and 8-bit offset as well as the page table be used to a answer a question like, ""how big is each page""? etc",1
479,"Prove that $C^1([a,b];X)$ is a Banach space",0
6197,Dynamic Routing PHP MVC,1
974,Showing a set of vectors belong to a row space,0
993,Lower bound for Stirling numbers of the first kind,0
8245,Speed-up of two-tape Turing machine,1
217,"A formal name for ""smallest"" and ""largest"" partition",0
8666,UICollectionView image gallery app,1
10808,Discord bot for ordering food,1
3221,How do we know if the folding@home project results are right?,0
3129,Can blood that has had an anticoagulant added to it be boiled without coagulating?,0
5670,Hypotonic or Hypertonic solution and why?,0
284,Question regarding equicontinuity and joint continuity,0
11148,Is there any difference between extensible records and dependent maps,1
6533,"Drag Drop, get filename and last 23 characters",1
2099,Question in integral curve,0
5044,Coacervater were more like Viruses or Cells?,0
1224,The probability that the last ball in a box is white,0
7083,Showing that the number of primitive-recursion programs for each function is countably-infinite,1
5665,Which sequence assemblers I can use to compare different paradigms?,0
4603,What programs account for structural alignment of different parts of distant homologs which have significant structural differences?,0
8975,Possible sub-optimal selection sort,1
4096,What effect does ambient temperature have on the cardiovascular system?,0
3277,RNA contains Uracil in place of Thymine,0
2458,How to show $k$-algebras are isomorphic in practice,0
3956,Can Escherichia coli survive on glucose and water alone?,0
9053,Calculating minimum frame size,1
1107,Why: $2^{n+1} = 1 + \sum_{i=0}^{n}2^i$,0
9031,Correctness of splitting an undirected tree into a forest of trees with even number of children,1
3409,Do all cells have the same DNA?,0
9743,RC4 implementation in C,1
5183,Are added yogurt cultures harmful to the gut?,0
3620,How does Celiac's Disease cause people to stop growing?,0
10664,Finding weight/value of each person on a team,1
11149,Golang gRPC context to check if cancelled or if deadline is exceeded while running function code,1
9513,Proving regular languages are closed under a form of interleaving,1
7075,Contiguous Subarray Max,1
9715,Strassen algorithm for matrix multiplication complexity analysis,1
8317,Optimizing this matrix shifter,1
11852,The cheapest path in the graph,1
4069,Biological Nitrogen Fixation,0
5162,What is a holocentric chromosome?,0
7588,Code Kata - Berlin Clock,1
1393,Exponent of convergence $\limsup_{n\to \infty}\frac{\log n}{\log |a_n|}$,0
3089,Looking for a dichotomous key to identify primates,0
1580,Establishing a particular isomorphism of groups,0
9282,Contamination in Atomic Broadcast in crash stop failure model,1
3274,What is the appropriate method to send a strain?,0
5337,Total dark deprivation at day-neutral plants,0
9485,ViewModel creator design,1
5429,What is the role of a chemotroph in an ecosystem?,0
3494,Can viral proteins cause infection?,0
862,Orthogonal complement examples,0
798,"A pair of red, green, and blue six-sided dice probability question",0
6605,"Given a monetary amount, calculate the equivalent change",1
4362,Does cortical nephron has just thin ascending loop of Henle?,0
7663,Monte Carlo Algorithms : Are there any problems where two opposite Monte Carlo algorithms could solve it?,1
257,Express $\frac{\Gamma \bigg(\frac{\nu+k}{2}\bigg) }{\Gamma (\frac{\nu}{2})(\nu\pi)^{\frac{k}{2}}}$ as a beta function,0
1310,"Evaluating $\int_{x=0}^a e^{-x}e^{-1/x}\,\mathrm dx$",0
3725,What Software could I use to create Diagrams of Biochemical Processes like these?,0
368,Is substitution a good strategy when I have to integrate a natural log?,0
5336,First genomic survey of human skin fungal diversity,0
3741,What are the consequences of inbreeding?,0
6379,Prove $L = \{M \mid L(M)\text{ is infinite}\}$ is not Turing-recognizable,1
14,Sample continuity of Brownian motion and Donsker's theorem,0
6943,How does the Fetch-Decode-Execute-Reset (FDER) cycle work?,1
10495,Why the multiplier and quotients can not store in the ACC?,1
7217,Algorithm to find out the number of times a number occurs consecutively in an array in a range specified,1
387,Help with this Trigonometry integral,0
605,Video/audio lectures on differential topology?,0
4508,Auto-immune problems if immature B-cells released if bone marrow bone is fractured?,0
7768,Weighted dice with n faces,1
4862,What kind of bug did I squish?,0
843,Real life example of relations with various combination of properties,0
3885,Why does the pET- expression vector contain a LacI gene additionally to the one in the genome?,0
1505,Generalization of cos: is this function known?,0
5690,Do voltage-gated channels in a neuron use ATP,0
5204,Spores bacillus subtilis in milk,0
3344,How efficiently does the human body convert the energy stored in fat into kinetic energy?,0
4497,What types of light can't a plant photosynthesize in?,0
8192,Prime Implicants in Boolean Function,1
6955,Keep k+ties largest elements in a stream,1
8766,Planar regular languages,1
5091,Respiration of an animal cell media,0
8386,Simple Countdown Timer,1
8184,java class to read csv files,1
11383,Flaw in linear programming solution for multi-commodity flow problem?,1
8965,Synchronizing two SQL Server database tables with the most recent changes to both tables,1
10361,Upper bound for #Monotone k-SAT,1
10968,Deleting in Bloom Filters,1
6497,Relation between size of hashtable and number of values to keep expected number of collisions below/equal to 1,1
11334,Time Complexity of the below code?,1
2680,Projective module of constant rank $1$ is finitely generated (K-Book),0
9847,Randomized communication complexity of indexing,1
10051,Pigeon and grain problem: find time until all the grain is eaten,1
9245,similar language by two DFA then why wrong answer,1
3681,What are chromosome dimers and how do they relate to recombination?,0
5247,What happens to human dopaminergic reward system once a teenager becomes adult?,0
11695,Which of the query approaches are more efficient?,1
7788,Prove that every maximal flow yields the same minimal cut,1
4925,What can pass through the intestinal membranes?,0
7384,Generating words based on a list of letters,1
2682,Conceptualizing the difference between Riemann and Generalized Riemann Integrability,0
95,Modified cantor set can be identified with binary sequences,0
7901,Is there a difference between total-ordering consistency and linearizability?,1
3861,How do cells determine RNA types?,0
6823,Complexity of the Kitten Adoption problem,1
1710,Cardinality of $ \mathbb R \times \mathbb R $ and $ \mathbb R $.,0
5892,Ribosomes and DNA in chloroplast,0
2257,"How to show $f(X)$ and $g(X)$ are positively correlated for a random variable $X$, if $f$ and $g$ are non-decreasing and bounded?",0
8919,Product of 2 numbers equals sum of numbers between them,1
6594,"Verify correctness of quantifier elimination, using SAT",1
9674,How to iterate the Hardy-Ramanujan integers quickly,1
3125,Has anyone tried Gibson Assembly Optimizations?,0
2868,Solving by limit definition,0
1530,Showing that $\mathbb E_x \left[V(y)\right] = \frac{\mathbb P_x\left[T_y < +\infty\right]}{\mathbb P_y\left[T_y^+ < + \infty\right]}$.,0
3559,Does digit 1 have an extensor sheath?,0
11788,Another Python Hangman,1
8413,Processing user input for a form,1
7824,opening a text file and building a dictionary,1
8145,"Exporting array of tabs to new workbooks, save them based on tab name",1
2400,A divisor of a product of integers is a product of divisors,0
704,Proof equivalence relation,0
3910,Structure of fitness landscapes in the NK model,0
6353,Finding the second largest element of large input sets,1
2387,Examples of Cauchy sequences,0
9549,Rails query for all questions in tournaments that a user participates in,1
11494,A few sorting algorithms implemented in C,1
4036,"Does severing the Corpus callosum, effect the brain's communicating ability?",0
11377,Checking balanced parenthesis string,1
8614,Maximimal Independent Set on Ring and Path,1
8459,short text categorization with spelling correction,1
9592,Finding the smartest set from an array of numbers,1
10659,Programatically creating context menu,1
10929,LinkedList of int nodes in C++,1
7479,Create a complete binary tree and do level order traversal on it,1
1371,what is the best book for Pre-Calculus?,0
3063,Can 3% hydrogen peroxide be used as effective disinfectant and antiseptic?,0
10246,"VBA macro - searches through a filtered table, stops when entry passes criteria",1
10039,"SICP Exercise 1.3: Sum of squares of two largest numbers out of three, Rust Version",1
7499,Partial polygon matching,1
651,"If $F$ is increasing and $\mu$ is the measure induce by $F$, does $\mu(A)=m(F(A))$ for all measurable set $A$?",0
7938,Partitioning through block moves to the end,1
11070,Football Elo Rankings,1
1094,covariance of normal distribution,0
11279,Betweenness Centrality measurement in Undirected Graphs,1
10227,"How to show that $L=\{ wa^kw | w \in \{ a,b,c \}^* ,k \geq 0 \}$ is not regular using the pumping lemma for regular languages?",1
2921,How to find this limit of Bessel function?,0
198,"If $f \colon \mathbb{R}^m \to \mathbb{R}^n$ is continuous and $\mathcal{H}^d(f(E))\leq L^d \mathcal{H}^d(E)$, is $f$ Lipschitz?",0
3591,Are epigenetic modifications the most stable mechanisms for cell differentiation?,0
10602,Hierarchy with `list` type,1
7658,Minimum number of moves for a knight,1
11923,random_iterator in C++,1
4320,Does pH affect Michaelis constant?,0
2437,How are mathematicians taught to write with such an expository style?,0
9919,Optimising iteration and substitution over large dataset,1
7070,Loop on maps to find duplicate,1
11978,Dictionary Key look up with variable length inputs,1
10550,Generically convert bytes to integers,1
7742,Complexity of a set partition derived problem,1
6809,Tuple/Lookup conundrum,1
1999,Proving $|f_n -f| \leq 2g$ in dominated convergence theorem prove,0
1903,Geometry Problem Concerning Lengths with a Square and Two Right Triangles,0
7039,LeetCode 146: LRU Cache I,1
6563,Constructing a 4×4 grid of words,1
2641,Prove by Cauchy Test that the sequence $X_n= \frac{\sin(1)}{2}+\frac{\sin(2)}{2^2}+...+\frac{\sin(n)}{2^n}$ converges.,0
9738,A Lisp version of the Schwartzian transform,1
8753,Telegram - GetUpdates Process,1
9928,Minimal regular expression that matches a given set of words,1
7739,Regular expression for string with substring 010 and ending with 01,1
9619,Prove simple theorems in Haskell in automated way,1
9593,Python 2 Stack and LinkedList implementation,1
4333,Resources of all known biochemical pathways?,0
8379,Leaderboard in Python3,1
10271,"P, NP Problem and Turing Machines",1
8756,Arrow anti pattern with crutch,1
4013,c4 cycle in photosynthesis occurs in monocots or dicots,0
8604,Finding center of graph/tree,1
5748,Speed of reaction vs equilibrium,0
1225,Relation between eigenvalues and a quadratic equations' discriminant,0
6410,Workaround for overloaded constructor in PHP,1
7049,Encapsulating game data,1
3020,Why is fructose not glucose the main energy source of sperm?,0
11839,Shortening jQuery array,1
8791,how to prove that every finite language is context-free?,1
4384,How to Determine the Most Conserved Sequence from BLAST Result?,0
49,String sets commutative under concatenation,0
11564,Determine if a path matches a pattern,1
10296,My implementation of the repository pattern,1
11990,String data manipulated given CSV variables,1
4794,Prenatal hyperkinetic dysfunction and its effect on endurace,0
7523,List nearby bluetooth devices as well as devices in the database,1
5072,What kind of species is this?,0
4507,How would blocking Na/K ATPase affect the ability of a neuron to exhibit a series of action potentials?,0
5304,What does differential consumption mean?,0
4886,Pyruvate oxidation - where did the hydrogen come from?,0
1934,Why is my proof that $L^1(\nu) = L^1(|\nu|)$ for signed measure $\nu$ incorrect?,0
886,$A$ is a retract of $X$ iff the inclusion map $\iota $ has the left inverse?,0
11939,Spreadsheet to calculate how to cut pipes,1
10705,"What is the resulting set for {0,1}*\{0}*?",1
5363,How do you write genotypic and phenotypic ratios?,0
1849,adjoint representation completely reducible,0
6033,Hardware resource Open/Close methods,1
32,Is the polynomial $4x^3 - 3x - 1/2 $ irreducible over $\mathbb{Q}$?,0
5326,Why is secretin sensitive to acid?,0
10010,Pattern printing with Name,1
6690,Retrieving OS Platform .NET Core,1
10089,Producing an algebric equation from a graph,1
5468,How many photons are used to make one glucose?,0
11437,Efficiently matching IP addresses with a list of CIDRs,1
2322,"Convergence of $\sum_n^\infty (-1)^n\frac{\sin^2 n}n$ , questions",0
9270,What is wrong with this conditional proof of P=NP?,1
3955,Signaling between Organelles,0
1253,Automorphism of graph,0
10696,Misunderstanding Turing's Halting-Problem Argument,1
2979,Prove that a complex polynomial has $|p(z)| ≥ 1$ with $z ∈ \mathbb{C}$,0
10043,"Difference between Quick sort, Merge sort and Heap sort",1
5585,Is there a simple way to generate sets of sequences that re-capitulate the topology of pre-defined phylogenetic tree,0
3833,Chloroplasts in an animal cell,0
7156,What is the name of this size method calculating the size of a node?,1
3326,"I am trying to identify this little ""bug""",0
546,What fraction of a Sierpiński triangle is to the left of a given vertical line?,0
3424,Bioenergetics and equilibrium,0
3764,Is an axillary bud a type of intercalary meristem?,0
238,What is the term for relation whose inversion is a function?,0
11365,Tournament Scheduling Problem,1
11102,Feedback on automatic form filling with reflection,1
5573,Why do most plants reflect green and others other colors?,0
5799,How to manufacture different sized micelles in nano -scale?,0
4522,What are key factors when evaluating and comparing miniprep columns?,0
8390,Certificates and NP?,1
6230,Where should I put menu items in MVC with PHP - Model or Controller?,1
11637,List comprehension for reading lists of integers,1
2619,How is it possible to implement inverse cotangent function on range $0<\theta<\pi$?,0
6927,What does the 2 in a 2-approximation algorithm mean?,1
1928,$m(X) > 0$ Show that $Y \subset X$ where $Y$ is measurable can be such that $m(Y) = \delta$ for any $0 < \delta < m(X)$,0
8103,Finding hit ratio of a cache,1
9856,Is there a circular reference in a set of template substitutions?,1
3096,Cocoon like bug on exterior walls south florida,0
10081,Generating prime numbers within a range in C++,1
7442,Ancestor with a specific color,1
9233,Mapping reduction from $A_{TM}$ to $INFINITE_{TM}$ same as to $ALL_{TM}$?,1
4934,Why is oxygen and CO2 measured in pressure instead of mmoles/L like other ions?,0
6997,Error Handling in Servlets and JSPs,1
10559,House-coloring optimization challenge,1
3738,Why does V. cholerae produce a human specific choleragen?,0
9325,Extracting command data from a REST API,1
5077,How do insects recognize their host plants?,0
9543,Reverse lookup ID by value,1
4423,Effects of smoking tobacco compared to inhaling other smoke,0
5682,Query regarding KEGG KGML pathway files,0
9744,How to determine the carry vector of an integer addition,1
7458,Optimizing Node.js http get for AWS Lambda,1
5820,"What does the ""*"" in haplogroup I2A1* mean?",0
897,"Find all possible Jordan canonical forms of $A$, where $(A-2I)^3(A+2I)^2=0$",0
10721,Are tamper attacks considered side-channel?,1
9980,Ping and write the status of a timer on a GUI thread,1
6617,Computing the distance and weight matrix of a graph,1
10835,Is this a good way to handle Web API UriTemplates?,1
8211,Partitioning a boolean circuit for automatic parallelization,1
5911,Did the construction of the Panama Canal lead to a huge change in the local marine ecology?,0
6609,"Finite state machine written in OCaml to test for the sequence 0,1",1
4467,Identification of bug - California,0
2992,Help me find $a$ (which is a component of an orthogonal projection) for which $G◦F = 0$,0
6336,Doubly linked list implementation in C,1
5281,Coincidence that navel is near the womb?,0
9059,Prove np-hard with reduction from scheduling resources,1
9220,Bash script that updates Intel e1000e driver,1
2323,Eigenvalues of block matrices with zero diagonal blocks,0
10059,Why is data stored on a flash disk irretrievable if the memory chip is cracked?,1
3814,Why is knowledge of bacterial pathogenesis important?,0
8487,"Randomized BST height analysis : How $Z_{n,i}$ and $Y_{k-1}$ are independent?",1
545,Regarding Hatcher's Algebraic Topology Lemma 2.34,0
3238,What buffer should I choose for IEX chromatography for purifying IgY,0
11499,What could we say about that conjecture that yields P != NP?,1
10638,Karnaugh map with don't care: increasing the number of groups instead of simplifying,1
7633,Insertion sort in Rust,1
11597,Conway's Game of Life in Scala,1
639,"prove $\left\{a_{1} = 2, a_{n+1} = \frac{2+2a_{n}}{2+a_{n}} \right\}$ converges",0
3604,What happens to lactic acid I eat?,0
10733,Javascript collision check,1
6618,Right usage of ViewModels in MVC,1
8295,The extension of a code is itself a code,1
2503,"Continuity of $f(x)=\sum_{n=1}^\infty \frac{x^{2/n}}{n(n!)^2}, 0\leq x\leq 1$",0
5400,What is this insect from Brasil?,0
1182,Is there a branch of mathematics that focuses on finding relationship between pairs?,0
3165,How does sequence independent single primer amplification work?,0
7422,Can a recurrence relation be translated to a composite function of itself?,1
1416,Saturating an operator norm inequality,0
3346,Satisfication with irrelevant things,0
5218,Possible Genotypes -- Linked Genes,0
5430,Does Alzheimer affect more than day-to-day memory?,0
8789,Squaring the two digits in the middle of a four-digit number,1
11838,Parallel foreach with configurable level of concurrency,1
2350,about conjucation and being abelian,0
3783,Comparative effectiveness of antibiotics against colonies and growing bacteria,0
7474,Number guessing game for beginners,1
8590,Analysis of Radix sort of $n$ $b$ bit numbers,1
6423,"Given an array of n unsorted integers, how can you check that any 2 elements within k distance of some element don't vary by a multiple of 2?",1
8318,Sum of Look and Say Sequence,1
942,Proof of a ring property,0
1541,The sum of the first $n$ terms of an arithmetic sequence is given by $3n+2n^2$. find the common difference of the sequence,0
5252,What are the main mechanisms of interaction between the nervous and immune systems?,0
8189,Use generic to prevent duplicate code in this case,1
3455,What is this part of blastula called and how is endoderm formed?,0
2212,Find the remainder Of an equation,0
9695,Whats exact definition of 'atomicity' in programming?,1
10745,Using pumping lemma to prove {a^ib^j | i > j} non-regular,1
11354,x86 FASM assembly Reverse FizzBuzz,1
3386,Separation of sister chromatids diring anaphase without Centrosomes in plant cell during mitosis,0
6029,Safety of globalizing config data,1
9198,Equivalents permutations function,1
8004,Using logic to compare absolute values,1
8465,Collisions in independent hashing,1
976,Holonomy group of Möbius strip,0
11221,LinkedList Queue implementation,1
5805,Can translocation occur within a gene?,0
2341,Conditions for applying the second fundamental theorem of calculus with gauge integrals,0
4155,Join a linear plasmid just using a primer (without ligase enzyme),0
11971,Return from the parent process code or common code,1
10429,Project Euler # 52 Permuted multiples in Python,1
1629,How to prove that $\pi > e\ln(\pi)$?,0
8227,Why is removing the second largest element from a max-heap not in O(log n)?,1
6899,Fast k mismatch string matching algorithm,1
482,When does a map between CW-complexes give a relative CW-complex?,0
4116,On which strand does the promoter sit?,0
11290,Implementation of Vertex Similarity algorithm (Blondel's Similarity Measure),1
3906,"What does the root ""phyllum"" mean used botanical binomial nomenclature",0
3732,Why do high cholesterol levels result in a buildup of fat in blood vessels?,0
5071,Linkage disequilibrium D sign,0
9250,Batching calls to server in python with asyncio,1
1247,"For an irreducible monic $f\in\mathbb{Z}[x]$, is it true that $\overline{f}\in\mathbb{F}_p[x]$ will be irreducible for all but finitely many $p$?",0
9870,Is grammar S→aaab | aab in LL(2) but not SLL(2)?,1
5434,Where is coagulation factor v produced?,0
11225,Counting words / lines in Ruby,1
258,"understanding gödel's 1931 paper - primitive recursive functions - ""composition"" and ""insertion""",0
10614,Ordered Doubly Linked List Insertion,1
2673,Proof that Bellman update is a contraction,0
5726,What did the evolution of multicellular animals look like?,0
4163,Mutated Sperm - What happens?,0
476,find real number using two percentage.,0
2411,"Question about the range of $f(x,y)=\frac{x\cos x + y \sin y}{x^2+y^2+\alpha}$",0
2172,Separation of variables: Laplace Equation,0
10430,What Is The Appropriate Action To Take When You're Shortest Path Algorithm Finds A Negative Weight Cycle?,1
3509,How to determine if two mutations in a gene are on the same or different alleles?,0
7202,Decide if there is a sbugroup of edges in graph that every vertex meets exactly k edges from subgroup,1
8785,Functionally retrieving rows from a database in Scala,1
313,Find a subgroup of order $12$,0
9347,Understanding the rules of parsing table construction,1
8254,Simplifying $b(abb + abbbb + aba^*bbb)^*$,1
3647,Why can blood group O be given to all blood groups?,0
7908,For loop that iterates through files and iteratively appends lists storing values from the read file,1
6116,Using await to break long-running processes,1
11856,Rolling median function (Daily Coding Problem 377),1
11139,Scala inspired classes in Python,1
4982,What is the impact of sertraline on white blood cells?,0
7094,What is the difference between these terms?,1
7629,Project Euler 18/67: Maximum Path Sum,1
3882,What is meant by increase in information embodied in the system?,0
1712,Use DeMoivre's Theorem to prove $ \cos 5x = 16 \cos^5x - 20\cos^3x+5\cos x$,0
6518,More readable approach?,1
1512,"For which $C$ is the linear map $\varphi_C : V \to V, A \mapsto CA$ selfadjoint with scalar product $\langle A, B \rangle = \operatorname{tr}(A^t B)$?",0
11895,Which permutations can not be obtained by moving elements through two stacks?,1
4962,Why are root hairs mostly unicellular?,0
11116,Conditionally applying and removing css based on a table row clicked,1
11032,Regex to validate font names,1
6317,Are time complexity of followng codes equivalent?,1
1900,Function with the property $f\circ f=-id$,0
9671,Concrete/theoritical center of a cluster in a general metric space,1
7186,"Different payment details in a common list, to be casted",1
8288,Possible memory-leak on a self-removable event handler,1
8642,Choosing a magic number between 0 and 9,1
7275,Randomized and deterministic reduction,1
1439,Convert a rank-number to an nPk permutation?,0
401,Can any two irrational numbers NOT of the form (m+A) and (n-A) be added to produce a rational number?,0
10979,How does MIPS ( or any other multi-byte word arch ) fetch a word?,1
6394,Hex to ASCII conversion in Haskell,1
8625,Longest palindrome O(n^2),1
11253,Maximum matching using linear programming,1
104,Ratio of areas in triangles with Cevians,0
2483,Type of differential equation,0
9882,Caesar Cipher → Bzdrzq Bhogdq,1
5273,Mutation in axillary buds of trees overcoming self-incompatability?,0
11016,Project Euler #5 - Smallest Multiple,1
6048,Can loops like this one be algorithmically transformed into multiplication,1
658,Weak * convergent vs strongly convergent.,0
331,How to find if this function is periodic,0
5906,Speed of molecules in human cells?,0
8546,Divide and conquer algorithm for a gas station problem,1
7106,Find height of deepest FULL level in binary tree,1
5837,Why are there three stop codons but only one start codon?,0
9429,"Rocks, Paper Scissors game",1
9007,An imitation of reading a C Struct from binary file in python 2.7,1
2630,Rational function on elliptic curve giving $x$-coordinate of translate can be written as ratio of linear functions,0
7803,Recamán Sequence (A005132),1
6652,Simple MAC converter,1
9802,Can be non-deterministic Turing machine simulated by $k$-tape deterministic TM where $k=\infty$ with preserving polynomially-same accepting times?,1
556,Gauge transformations in differential forms,0
3296,How does your body know when it is infected so it can invoke a fever?,0
3023,"Functionality of vitamin A, Bx, C, D, E, K as used in cosmetics for the skin?",0
11326,QuickSort of Comparable[],1
5401,How can I reduce the background gradient in phase contrast microscopy?,0
5229,What is the advantage of being tired after having a sex?,0
7278,Jinja2 block that is unreadable,1
5089,How do castes evolve in eusocial species?,0
5085,How is Hypertonic Urine Produced in a Mammalian Kidney?,0
867,Inverse Laplace transform of fraction $F(s) = \large\frac{2s+1}{s^2+9}$,0
10853,Simple user registry code in C++,1
4054,Why does K+ move out of the cell?,0
7825,Count how many times values has appeared in list so far,1
7817,What is the State of The Art of Writer AIs (Deep Learning)?,1
4477,Where might I find a list of all recorded instincts by species?,0
11492,Can all programs with mutable state be refactored in programs without?,1
8573,Algorithm to solve a physical ring removal puzzle,1
5590,Can a new Y-chromosome be created?,0
7967,0/1 Knapsack problem with minimal cost,1
8916,Context Free Grammar Prove Un-/Ambiguity,1
2021,Statistics: Why do we divide by $\sqrt{n}$ for sample standard deviation,0
3139,Which will produce more oxygen? A few large trees or a greater number of smaller plants?,0
5768,What do Illumina HiSeq/MiSeq paired end reads look like?,0
8307,Should I keep a relevant constant in the Time Complexity?,1
2666,Singular value decomposition of $2 \times 2$ matrix,0
5360,Development threshold of a blowfly species differ depending on situation?,0
8089,Non-repeatability (plagiarism and time travel),1
8477,Proof of equivalence of regular expressions (0 + 1)(0 + 1)* and (0 + 1)*(0 + 1),1
10926,Detecting a certain amount of violet in an image - follow-up,1
6092,Range query for sum of vectors,1
1126,Prove that $\int_0^{\frac{\pi}{2}} \frac{\cos x}{x}dx=\infty$,0
1088,Average number of aggregations in the dataset,0
3624,Protein expression in K. lactis system,0
5505,Does the pyloric sphincter contract after ingesting only liquid?,0
9355,What exactly is execution-time address binding?,1
5327,"If one of eyes is blind, can that eye still feel pain?",0
7225,Can all NP-hard problems be reduced to one another?,1
3260,Is it true that the human brain has not evolved in 100 000 years?,0
2570,"What is the definition of ""equality""",0
3028,What are null cells?,0
5135,What is atrial fibrillation?,0
3897,Is eye colour of Drosophila a polygenic trait or an X-linked trait?,0
5125,Tools I can use to find similar genes,0
10649,Can we minimise regular expressions using known DFA minimisation algorithms?,1
9048,How to evaluate dynamical conditioning/pseudo code,1
6422,Remove duplicates from a linked list,1
330,Prove the sum of a series converges iff limit of a sequence exists,0
5811,Model for fluctuating selection,0
1333,Inequality involving series,0
8707,Query complexity of exact learning and combinatorial parameter,1
9345,Optimizing insertion sort for small amounts of data,1
10438,Left recursion and left factoring -- which one goes first?,1
758,Calculating the volume bounded by $z = 5$ and $z^2=x^2+y^2$ in 2 ways,0
9072,Implementing depth-3 circuit for XOR,1
7731,$\Theta(n^2 ) =\Theta(n^2 + 1)$,1
402,I don't understand why we represent functions $f:I \subseteq \Bbb R \to \Bbb R^2$ the way we do.,0
10780,Sieve of eratosthenes with std::vector,1
8605,"Assuming the Exponential Time Hypothesis is true, what's the fastest possible algorithm that can be produced for NP-complete problems?",1
8781,Natural deduction proof without any predicate,1
11676,Iterator Implementation,1
6081,How to find the spot which is furthest away?,1
421,Limit of the Cesaro sum of the product of 0-1 sequences.,0
930,"Compute $\lim_{ (x,y)\to (0,0)}\frac{x^ny^m}{x^2+y^2}$",0
8592,Fibonacci prefix code,1
6683,Are the Before and After sets for context-free grammars always context-free?,1
211,Connected Graph and Cycle,0
8675,Beginners project: calculating area,1
1,"Is there a principal maximal ideal in $\mathbb F_q[X,Y]$?",0
3214,How can you explain the origin of life out of nonliving matter (abiogenesis)?,0
3194,Why don't phosphatases both add and remove phosphate groups if enzymes catalyze reactions in both directions?,0
418,sufficient condition for symmetry of Hessian matrix,0
5643,A day in Beijing is like smoking Only one sixth of a cigarette,0
10963,iterating over the values of a list of ordered dictionaries,1
2494,How can I solve this rates of change problem?,0
3786,What is the big plant with white flowers on the photo?,0
10395,Project Euler #211: Divisor Square Sum,1
3378,How can an animal live without a head / brain?,0
11043,Bisection search game,1
1923,GCD in unique factorization domain,0
583,No onto map between the algebras.,0
487,A proof on infimum property,0
6801,Python/Pandas code creating 12 month product balance forecast,1
6511,Process CSV files that follow the first nonempty one,1
10264,Render arbitrary jade in express,1
879,Find the value of the power of a hypothesis test,0
2459,Proof that the equation $x^2=\sin x $ has only one real solution different than $0$,0
726,Computing the trigonometric sum $ \sum_{j=1}^{n} \cos(j) $,0
10474,Can we have a strictly monotonically increasing/decreasing sequence generated by a distributed system?,1
2583,Show the $\mathbb{C} S_3$-module of dimension 2 has $S(V \otimes V)$ is not irreducible,0
7496,Database module for node.js,1
8021,Pairwise adding tuples in a list,1
11908,Using Autofac to do DI in a static factory method,1
664,Determining eigenvalues and eigenvectors of integral operator,0
11651,Plotting shapely polygon in matplotlib,1
11173,Convert Lua UINT to hh:mm:ss,1
3920,Reliable recipe to make DIY yeast slants,0
10697,Prove $L =\{0^{2^n}\mid n \geqslant 0\}$ is not context free,1
6071,"Is there a ""well known"" example of a constraint satisfaction problem on a 3-element set which is polynomial-time solvable?",1
11667,"Prove, using only the definition of $O()$, that $2^{\sqrt{x}}$ is not $O(x^{10})$",1
6560,Can I Use Machine Learning to Predict the Likelihood of an Order Being Shipped?,1
68,Summation multiplication,0
9864,"""Guess my Number"" game in Python (2.7.9)",1
4434,Can a tumor produce something not currently found in our own bodies?,0
9769,Why is $\dfrac{1}{2}n^2-3n = \Theta(n^2)$?,1
11449,"Knapsack on two kinds of objects, where you cannot choose type 2 objects on their own",1
7214,A matrix rank problem over finite fields,1
9613,Average Case Running Time of Quicksort Algorithm,1
3414,"Are bananas C3, C4, or CAM plants?",0
1487,Integrating Expression,0
9654,Check that files don't contain Unicode,1
416,Lagrange multipliers exercise,0
9557,Reduce or improve Linq query with nested from-where clauses,1
2348,Every linearly ordered subset $\mathcal{A}$ of a set $\mathcal{W}$ of well orderings $\leq$ on subsets of some set $X$ has an upper bound.,0
10370,Multithread the variant of matrix multiplication,1
4295,Can one type of bacteria cause several diseases?,0
2737,Total differential of a compound function with vector basis,0
10420,PDO connection via INI parser classes,1
6890,Build a regular expression to define a regular language,1
7512,Encoding order relations in CNF,1
1207,Determining if a branch cut is valid,0
11584,Authenticating and redirecting six specific users,1
799,Prove and disprove compactness of balls w.r.t. a given metric,0
3160,Earliest to use media after autoclaving?,0
8658,Solving the travelling salesman problem using a genetic algorithm,1
7297,Is dynamically generating routes from Model enum safe?,1
8651,Adjusting dates in an array based on a start date,1
619,"Existance of a fixed point of a bijective, smooth function:",0
8332,Finding an element in a infinite unsorted doubly linked list,1
2460,Limit Question: What exactly happens in this two limits where $x \to \infty$,0
8524,Unit tests for a function that calculates demerit points for speeding,1
10628,Expected value of the distance between nodes in a binary tree,1
9997,Checking whether given array is sorted by divide-and-conquer,1
3309,If our skin is burned by the sun what causes the red color of the skin?,0
8787,Convex hull partition of a set of points,1
2694,Prove that the infinite sum of the difference of even and odd values of the Riemann zeta function is 1/2,0
3628,Conjugation in bacteria,0
10727,Scoping through embedded document in MongoId,1
2234,Is every perfectly normal space submetrizable?,0
1545,When is a Quotient Ring equal to the Zero Ring?,0
8050,Enormous Input Test - reducing program runtime,1
2423,"If $C_G(H)=N_G(H)$ for all abelian subgroups, prove that $G$ is abelian",0
4765,Differentiating Taenia solium and Taenia saginata Infections,0
4587,Identification of a spider from my basement,0
11879,Sudoku Grid special purpose Iterators,1
10610,Implement operation and simulation mode in an interface,1
7459,Toggle functions for drop down for a clock time widget,1
2121,"Null space of $T$ is {$(x,y,z,w)\in R^4:x+y+z+w=0$}. Rank of $(T-4I_4)$ is 3. Then minimal polynomial of $T$ is $x(x-4)$.",0
300,Is there an efficient systematic way to find relations between powers of Matrices?,0
11489,Fetching player data,1
7988,Why does this grammar derive into $\beta \alpha ^*$ instead of $\alpha ^* \beta$?,1
11636,Running Time for Finding Maximum,1
5132,"The difference between ""Hunger"" and ""Appetite""",0
10346,Image color-moment extractor,1
5277,Are Hsp70 proteins only activated in response to heat shock?,0
8287,Simple Job Scheduler Class,1
1973,The ideal generated by $X^{2}-Y^{3}$ and $Y^{2}-X^{3}$ is not prime,0
2179,"Prove that $2\int_a^b \int_a^x f(x)f(y) \, dy \, dx = \left[ \int_a^b f(x) \, dx \right]^2$",0
9492,Compare an array with a file and form groups from elements of an array,1
5017,"What is the definition of an opioid, beyond that it's something that stimulates opioid receptors?",0
10898,Compare and find duplicates in 2 corresponding columns in 2 sheets,1
2248,Closed range assumption in definition of Fredholm operators,0
11251,"state of the art of subset, set containment and partial match queries",1
6487,Remove elements that appear m times,1
8406,How to best maintain a sorted list from a stream of integers?,1
3542,What happens when the parietal cells of gut epithelium becomes partially non-functional?,0
909,WKB (perturbation) theory,0
3880,Is there evidence to suggest that nutrients in vitamin capsules are not as readily absorbed as the same nutrients in whole foods?,0
5428,How does high-intensity aerobic exercise affect the brain?,0
5957,What does this graph explain?,0
7952,Find the sum of all digits that match the following digit in a circular list,1
4509,"Has any scientist elaborated on the ""selfish neuron"" hypothesis?",0
8439,Replacing files with symlinks to other files,1
9845,How do I prove regular/non-regular with Nerode-Theorem? How to use it?,1
9043,Login functionality with enum or bool,1
8667,Transform regular grammar in linear grammar,1
3297,"Exact meaning of the term ""clutch""",0
9259,If $f(n)$ is $O(g(n))$ is it also $O(g(n-d))$?,1
6643,Refine a math calculation function,1
11288,"Checking correctness of grammar for $L = \{w \in \{a, b\}^* \text{ }| \text{ } w \text{ has } n_a(w) = 2n_b(w)\} $",1
1040,Is it possible to realize a general compact Riemann surface in $\mathbb CP^2$?,0
3390,How reward / penalty is comprehended?,0
3033,How to secrete a recombinant protein from E. coli?,0
254,Squaring a Riemann integrable function bounds the integral,0
6602,PHP New User Creation,1
10404,How does Logical Block Addressing affect OS disk scheduling optimizations such as SCAN (Elevator Algorithm)?,1
10996,Multiplication in $O(n\cdot \log n)$,1
11295,InsertSort F# program,1
9648,Am I reconstructing the buffers correctly,1
291,Calculating the covariance of two random variables,0
10905,"every DCFL has an LR(1), an LALR(1) and even an SLR(1) grammar",1
2604,3 Variable Diophantine Equation,0
7502,Is there any way to simplify this code,1
2639,Proof of Rank–nullity theorem,0
4089,Help me identify this insect found in fishtank,0
3820,Regarding benign tumors and what 'stops' them,0
4180,Through which mechanisms did the Drosophila Histone Cluster evolve?,0
4791,Confused about the calculation of BLOSUM matrix,0
3150,"Mariana Trench fish ""how they can thrive under that extreme water pressure is still a mystery""",0
9263,Dijkstra Implementation: Comparing my program with widely available Internet Java program,1
2217,Solve two equations simultaneously that include $e^{f(x)}$,0
8599,What is the best way to extract method?,1
21,What's the explicit difference when looking at Differential Equations vs Stochastic Differential Equations?,0
3427,How does RNA polymerase II CTD bind to the RNA modification proteins if the tail is flexible?,0
9408,Cleaning up file resources in a DRY manner,1
9842,Design Pattern for Swing application,1
3319,List of dinosaurs synonyms,0
11740,What are the pros and cons of these two coding patterns/structures? And do they have a formal term?,1
2010,What does the Ascoli-Arzela theorem usually refer to?,0
10604,Simple integer range for C++11 range-based for loops,1
10810,Shortening method based on an argument name,1
8461,Simplify simple object clear function with Javascript,1
1927,contour integration $\int_0^\infty \frac{dx}{x^p(x^2+2x\cos{\phi}+1)}$,0
2884,Understanding the Beta-function,0
8554,Difference between grammar productions and derivations,1
490,"$2(a^8+b^8+c^8)=(a^4+b^4+c^4)^2$ if and only if $a,b,c$ are the lengths of a right angled triangle",0
10382,Javascript class+call base class?,1
6871,Is there a decidable problem which has a proof that it cannot be proved to have a particular deciding Turing machine?,1
218,Find a suitable counterexample?,0
6095,Formal language representation of program,1
11828,Sum of nodes at a given depth of a binary tree (String representation),1
4167,How do I perform recurring pattern mining or regular expressions of nucleotide sequences?,0
1533,Probability of rolling 3 sixes in 6 rolls,0
969,Expanding the square in the variance,0
9622,Decorator to take away repetitive code,1
10983,Python script to update a cPanel zone record with my public IP,1
8139,Are there any NP complete problems in SUB EXP TIME?,1
686,prove the formula and then evalute the sum,0
5697,What is the average age of my flesh and my bone?,0
8218,Requirements for a TM to halt,1
326,Help to solve and understand Simultaneous equations.,0
1765,Is this possible: ( neg X AND Y) OR neg Z  (neg X OR neg Z) AND (neg Y OR Z),0
4359,best book for a comprehensive introduction to biology for a computer science graduate interested in undertaking research in bioinformatics,0
6588,Difference between methods of converting from finite state machine to regular expression,1
5981,Can we change the direction of a neurological signal?,0
7827,Proof of proposition between Precise Turing Machine and Proper Complexity function,1
2281,Generalizing Green's Theorem,0
6627,Where should I start to understand how computers work?,1
6907,Iteritems on a slice of a Python list,1
2252,"Number of ordered sets of positive integers, whose sum is n",0
4599,The Viceroy Evolution Paradox,0
10829,Creating an interactive tour for a website,1
6856,Big theta notation in substitution proofs for recurrences,1
1301,Pick $\alpha$ such that the spectral radius is minimized,0
11568,Searching a Join List for an index,1
1654,Legendretransformation of convex function in 3 dimensions,0
5022,Clumping factor test,0
5798,Does Mn always exist in Photosystem II?,0
7090,Partitioning planar graph cycles based on chords,1
10668,"Is there any proof that says ""For each problem in NP there is a randomized algorithm that solves that problem in expected polynomial time.""",1
10718,Optimising Funny Marbles,1
6025,Find a strategy to evade hungry lions on the real line for the longest time,1
6745,Roman numerals to Arabic number,1
9844,Generic Singly Linked List in C,1
2691,Reformulating problem with 'at least one of the following constraints must hold' to an integer programming problem,0
8093,An explanation for Barendregt use of Y combinator in an equation,1
4732,What do blue cone cells add to visual function?,0
3107,How much mechanical stress can a skeletal muscle bear?,0
3180,Can you identify this snake?,0
8739,Delete duplicates in a linked List,1
9706,Ant colony optimization algorithm,1
7057,Find the k length path that maximize a node associate metric,1
9098,Asking and checking if the answer is correct,1
9860,Merging vertical lines that coincide,1
1919,Integration of $ \int x^{2} \sqrt{2x-6} dx $,0
11216,Singleton Database wrapper,1
573,"It is known that $\lim f(u_n) = 2$, what is a possible value for $u_n$?",0
10198,Refactoring multistep form rails,1
9910,P=NP when number of inputs that give 1 is bounded by polynomial,1
7268,Adding two numbers represented as linked lists,1
9157,Cycle in Directed graph to vector,1
9460,"For an NFA, can we always find a RAM?",1
10376,Showing that algorithm has STOP property and finding its computational complexity function,1
279,$P = I − uu^T$ when $u$ is a normalized vector (subtraction of scalar from matrix),0
9741,Performing efficient batch inserts after batch inserts using Ecto.Multi,1
10502,Verifying if a string can be created with the letters of another string,1
11888,"How are image files, sounds, data, etc. compiled/linked in to a single file?",1
2498,Minkowski's and Holder's inequality confusion,0
6977,Outlook VSTO: Fastening email loop on a large pst file,1
4325,Why is the variance of the Wright-Fisher model not equal p(1-p)/(2N)?,0
11538,Constrained Smallest Enclosing Ball Problem,1
3392,Why some cells don't produce purines?,0
6578,Liveupdate phone number forms and test for international numbers,1
2596,What's the sum of $\sum \limits_{k=1}^{\infty}\frac{t^{k}}{k^{k}}$?,0
2329,Parametrization of a sphere,0
47,How many bits does a digit have? (when the base is not known),0
2102,Lower bound for the 'de Polignac constant',0
6597,All string matches for regular expression,1
9818,A C program to find all factorions using a hash table,1
5372,Identification of species found in fly lab,0
9850,Algorithms for minimizing Moore automata,1
8134,Reducing from NPC to Co-NPC => NP = Co-NP?,1
9388,Can every linear grammar be converted to Greibach form?,1
796,Use the Sequential Continuity Theorem to show that the function $f(x)$ is discontinuous at $x = 0$,0
9258,"Is it possible that low-resource Turing Machines can always ""usually"" agree with high-resource Turing Machines",1
7337,What is wrong with this proof that proves that 0*1* is not a regular language?,1
7453,Object - Text Validator,1
8452,Invoking subscribers of an action in parallel c#,1
3944,Braquio-abduction illusion explanation and references,0
11979,Properly read integer in a range in C,1
1762,Double mapping cylinder- a point set question,0
610,diagonalizable matrix,0
2145,Equivalent statement of AC or not?,0
10113,Wrap a long string to an array of short-enough strings,1
24,Which cell in a grid a point belongs to?,0
1671,Use strong induction to show for every positive integer n that if $p|a^n$ then $p|a$,0
5780,Do phagocytes need antibodies to be able to engulf pathogens (to function)?,0
615,"Solve $z^4 = 1$ for all $z$ , Hence or otherwise, solve $z^4 =(z-1)^4$",0
11663,Finding Minimum Weight Subgraph with k Vertices,1
7256,Why does Kadane's algorithm solve the maximum sub-array problem?,1
11757,Create and store an object of a class,1
7222,How to avoid cascading resizes when resizing hash tables?,1
11186,Random password cracker using brute force,1
6582,Find the closest point in a point cloud in a near equivalent point cloud,1
7461,Locality sensitive hashing with non-scalal values,1
907,Canonical homomorphism between $K/\mathcal O_K$ and $S^1$,0
484,Calculate the mean and variance given a random variable of a beta distribution,0
1360,Basis of Kernel of a matrix,0
4085,Can a protein falling below a threshold trigger another response?,0
5623,What species does this moth belong to?,0
11936,PHP function to extract numbers from the list whose squares are exceed some threshold,1
1467,What is the intuition for why row reduction can show linear dependence,0
4523,What biproducts do vinegar eels produce?,0
8416,Text-based adventure survival horror game,1
4025,Does modern theory of evolution include modification of physical environment?,0
861,Solution to a linear system,0
11373,"Haskell: downpair :: (Monad m) => m (a, b) -> (m a, m b) implementation",1
1496,Sequential compactness of unit ball in $B(X)$,0
967,logically prove: $R$ is Relation $\to R\subseteq\operatorname{dom}(R)\times \operatorname{cod}(R)$,0
5138,How are targets formed for axon growth cones (CNS)?,0
4942,How does an animal having toes create more friction than not?,0
3481,Core Biological concepts explained to a Computer Scientist?,0
5737,What bee do I have nesting in my front yard,0
10641,Solving using the master theorem,1
3549,can auditory/ocular reflexes exist?,0
1494,Is every Hausdorff homogeneous space also regular?,0
6235,Linked lists of templated classes vs function ptr,1
3048,Isotretinoin and retinoid receptors in brain confusion?,0
2436,"Let $T \in L(\mathbb{R}^n,\mathbb{R}^m)$. Prove that $T$ is differentiable at every $x \in \mathbb{R}^n$.",0
8559,Improvements for ugly reflection,1
7992,Print out N by N Spiral Matrix in javascript,1
1039,Limits of nth-root on various sequences,0
11945,Copy file using read and write streams,1
6629,Empty words in regular languages,1
4836,is there a constant leakage current across axon even in absence of stimuli?,0
4340,Which of these methods is both effective and reliable in elongate muscle and tendon for use in humans: growth factors or stem cell technology,0
2793,Say ${\{X_t\}}_{ t \geq 0}$ is a Poisson process with rate parameter $\mu$. What are $\mathbb{E}[X_1|X_2]$ and $\mathbb{E}[X_2|X_1]$?,0
7132,Does a Minimum-Spanning-Tree always give a lower bound for the weight of any Hamiltonian cycle of the graph?,1
9313,Callback system for events in a window,1
2957,$\mathbb{B}^n$ has the fixed point property $\implies \mathbb{S}^{n-1}$ is not a retract of $\mathbb{B}^n$,0
1249,Best polynomial approximation of a partially constant function,0
9300,Android class in Tic-Tac-Toe,1
8865,C++ Template to implement the Factory Pattern,1
8383,Genetic algorithm to find the minimum of a three-variable function,1
2727,Common Factor in Matrices?,0
7288,Optimizing code solution for Palindrome Index-Hackerrank,1
1271,Faulhaber's Formula proof,0
11844,Function to create an array of images,1
101,"If two smooth paths are equivalent, does it necessary mean that they connect the same two points, or just that their traces are the same?",0
8907,How the code travels,1
8805,Python - Knight's tour recursive function,1
10819,Help improve my first PHP class,1
6576,Rendering drop-down boxes for country and region,1
8190,Image Carousel in JavaScript,1
6754,"Date Class, implemented",1
131,Topology - A definition of the closure of a set,0
6682,Java Brainfuck Interpreter Method,1
5067,Does leaving land alone actually help nature conservation?,0
9495,Avoiding the use of ordinal() in an already-deployed enum,1
4751,When contracting a muscle will the muscle spindle stretch or contract?,0
2818,Image of a nonmeasurable set.,0
4959,How is each region of the DNA replicated only once?,0
7576,Dynamically create a table of input fields,1
958,solving a differential equation which I don't quite understand,0
4395,Can Tajima's D and other population genetic tools be used to copare Arabidopsis ecotypes?,0
5234,Finding targets of transcription factors,0
6424,Are loop counters spatially or temporally local?,1
10398,Validate if time is valid including tests,1
8574,A Dockerfile for Composer (a dependency manager for PHP),1
10844,Overusing JavaScript closures?,1
3585,Finding steady state concentration given half life and production rate,0
11117,Are probabilisitc algorithms deterministic?,1
7281,Combining Predicate Logic and BigO,1
10254,Sugiyama's algorithm: ambiguity in Barycentric Method for arc (edge) crossing reduction?,1
11090,Find sequence to a target number using restricted set of primitive operations,1
35,Is the sequence of functions $f_n=\sin(nx)$ equicontinous in $\mathbb{R}$?,0
3599,Why can we sniff so much?,0
6845,Applying Case 3 of Master Theorem to $T(n) = 9T(n/3) + n^3$,1
1750,Factorization of Symmetric Matrix,0
8241,Memoizing in PostScript,1
17,Subadditivity of betti number of pairs of spaces,0
3358,what is the active ingredient in cymbopogon citratus that repels mosquitoes?,0
662,Poisson process with circles,0
7064,Store a n-bit string using only O(log n) space,1
7801,Existence of d-regular subgraphs in a k-regular graph,1
2825,"Translate into first order logic: ""$a, b, c$ are the lengths of the sides of a triangle""",0
9094,"HackerRank challenge to count ways to climb a staircase, solved using Java Fork Join",1
10579,Skeleton for a command-line tool to scan domains for vulnerabilities,1
4881,Does dairy negatively affect the voice for singing?,0
9293,"What is the effect of having a transition in an epsilon-NFA upon ""$\epsilon$,0""?",1
3052,"How to write a palindrome sequence as-wish (create, theoretically) ? (self-answered)",0
10746,Random distributions in Go with inheritance,1
4102,miRNA_ID to GENE_SYMBOL conversion,0
7661,Sorting a list of strings in lexicographic order of sorted strings,1
7898,What is the definition of computable partial function?,1
3834,What is(are) the mechanism(s) that stop cells from fusing in vivo?,0
8397,Merge the multiple observables responses into a single array,1
5011,Why don't we consciously know how our bodies work?,0
393,L'Hospital's Rule for the indeterminate form $0^0$,0
274,"If $V$ is an irreducible group representation over a non-algebraically closed field $F$, what's $\dim_F\, (\operatorname{Hom}_G(V,V))$?",0
5525,What is solitary flower?,0
3845,Does Pasteur's experiment contradict an origin of life?,0
9222,Double LinkedList Deep Copy in Kotlin,1
8216,Extending the MVC Routecollection,1
1544,Inclusion Exclusion Probability Proof Using a Partition of the Space,0
8796,defining the operational semantics of a concurrent language,1
9599,Truly private JavaScript class members (ES6),1
9897,Unbounded knapsack solution with items of equal value,1
10105,Optimal order to traverse a grid with caching,1
5010,What is the best color for a PPG signal (photoplethysmography)?,0
11725,Determining if a pair exists in a large sorted array,1
4941,Laemmli-SDS-PAGE problems,0
10359,Literature about a naive approach to graph isomorphism by inspecting polynomials of adjacency matrices,1
1297,under which conditions we can say that $Z/mZ \times Z/nZ = Z/nmZ$,0
8885,Show Recognizing two Regular Expressions as equal is in PSPACE,1
7531,Error bound for minimum-degree spanning tree,1
5123,Is diabetes mellitus a sex-linked disease?,0
847,3D graph of a function - its projection onto xy plane?,0
3598,How do kidney cells excrete their own wastes?,0
2110,"Closed form of $\sum_{r=1}^a\frac{1}{r(n-r)}$, where $a<n$",0
987,"Exercise $2.3.2$ of Grafakos, Classical Fourier Analysis.",0
2795,An elementary question about integers and fractions,0
176,is every antiderivarive an integral?,0
5806,Why do most fish move fins orthogonally with their axis of symmetry?,0
6954,Generating social media links,1
9668,Calculating population standard deviation,1
1030,HAKMEM 39: Repetition-less digit strings,0
10687,How to find all the edges shared by all diametral paths of a tree?,1
5860,Indian Spider Identification,0
7190,Scheduling distributed computational graph,1
1572,Find real s.p.d. matrix $C$ to which there is no real $F$ with $F^{\sf T}F=C$,0
410,"Using Smith normal form to find basis of $K=\langle (2,4,1),(1,3,2),(1,1,1)\rangle\subset\Bbb Z^{(3)}$. Is the decomposition unique?",0
11147,Updating WPF MainWindow from an async task,1
8872,Interview solutions to reverse a string and reverse a sentence,1
7863,Entering two integers and returning a decimal fraction,1
7698,Own implementation of Euclid sub algorithm in Lisp,1
2384,A trace inequality with epsilon in Sobolev spaces,0
8267,Basic user registration code,1
5139,What is the effect of the wavelength on the spectrophotometric measurements of protein?,0
9378,Improving efficiency of download code,1
11711,Tracking hours worked for the days of the week,1
3703,How to prove that pork meat has parasites,0
53,Which one is better to minimize SSE or MSE in ADMM?,0
1888,Let $B$ be a non-empty set. Is it possible to construct a vector space $X$ whose the elements of its base are the elements of the set $B$?,0
155,Showing that there is a $\varphi : U \to \mathbb{R}$ such that $y_0 = \varphi(x_0)$,0
6117,Polynomial multiplication using Karatsuba method,1
5362,To have TBE vaccine during allergic times with mild asthmatic symptoms?,0
8615,CTL vs LTL - when a formula satisfy a model,1
11244,Is wrapping exceptions good practice?,1
9585,Topology vs sigma-algebra's as a framework for approximate information?,1
2307,Proving $\sqrt{p} \notin Q$ using slightly different steps.,0
7914,pragmatic way to compute/ search/ match MSBs operation,1
2841,Who made now part of the problem?,0
1875,"If $|G|=24$ or $48,36,56,72,80,90$ or $96$ prove that $G$ is an abelian or simple group .",0
4877,What is the fate of the typical tree?,0
1200,Which of the following options is true?,0
3428,Telomeres and daughter strands,0
2293,Inclusion–exclusion principle (about intersections),0
3334,What do trans-fats do when in human body?,0
7356,Sanitizing and validating a user signup form before submission,1
2500,Proving limit of a complex function,0
10849,Inefficient Python script eating up memory (I believe),1
1870,Angles of lines tangential to a circle,0
11239,Deletion of record from B+ tree,1
4945,What is the most readily usable form of nutrients/energy source for heterotrophic microorganism in general?,0
9348,Error in simple mode finding algorithm?,1
1793,"Given a set of nonnegative numbers, put $\pm$ between them to minimize the magnitude of the result",0
1748,what's the real value of $\sqrt2^{\sqrt2^{\large \sqrt2^{\sqrt2^{\unicode{x22F0}}}}}$?,0
8164,What is the simplest/smallest subset an OOP language like C#/JavaScript that is Turing-complete?,1
570,variance of multiple varibales,0
1586,Estimate total distance using Riemann sum based on data table,0
2784,Finitely $\mu$-measurable sets are the closure of elementary sets,0
5198,What’s the name of this tree?,0
11762,Derive a Context Free Grammar from a language,1
11733,"Where were the ideas of vote, accept and commit phases originally introduced?",1
10142,Age calculator in python,1
8963,What is a Meta algorithm?,1
1525,What are some research problems that fit as a good candidate for undergraduate research?,0
6507,Are there any formal grammars describing the set of all directed graphs?,1
415,Vector: Vector properties?,0
3218,can a point mutation cause a frameshift?,0
8989,C++ console progress display,1
8505,Finding count of character occurrences in a string,1
4792,do cancer cells respond to EM fields?,0
9550,HackerRank - Almost Sorted,1
3196,What does hypolithial mean,0
446,Moduli of Riemann surfaces (genus g curves) is a variety.,0
8813,What is the best heuristic function for evaluating the state in game of sprouts?,1
4125,What relation do glycerol-3-P DH and acyl-CoA DH have with Complex II of the ETC?,0
10695,Registering layers in a web mapping library. API design,1
1691,How can I derive differential equations for polar coordinates based on these equations?,0
9983,Converting inches to feet,1
7473,Python Tic Tac Toe Game,1
8362,Input group with flex box,1
727,"Show the Hermitian matrices, with trace(g*g1,1)=0 form a vector space.",0
6932,Are all these steps necessary with prepared statement?,1
6411,DisjointSet with O(1) find and O(1) amortised union,1
3264,An introduction to nuclei in the pons?,0
8469,How does one formulate a backtracking algorithm,1
3901,Protein-protein interactions search,0
665,Best approach for Undecidability proof,0
10488,The dumbest (futex-based) mutex,1
363,If $P_n(1)=1$ calculate $P'_n(1)$ in Legendre polynomials,0
429,Extending holomorphic function,0
8889,Extract a character at particular place in a string,1
2719,Calculating sample variance,0
9052,Is the Kleene star of an intersection contained in the intersection of Kleene stars?,1
10928,what is Null Test in java? and how to rewrite the code to do the same by avoiding null test,1
880,Please help me understand Analytic Density $\lim_{\sigma \to 1^+}\frac{1}{\zeta(\sigma)}\sum_{n \in A} \frac{1}{n^{\sigma}}$,0
1861,Trigonometric equation $\cos (5x) = \sin (x)$ - How to find $5x$?,0
9137,Table-Driven Finite State Machine,1
4004,"What does ""genus VI"" mean in mycology?",0
1245,Solve $|a^H v | = \|g\|$ to $v$,0
611,Proving a logical implication using modus ponens and metatheorems,0
2602,Continuous function on $\mathbb{R}$ which is constant when $f(x)=f(x+1)=f(x+\pi)$,0
6249,Finding a graph where the edge set satisfies a set of integer equations,1
684,"$\lim \frac{x}{\sin x} = +\infty$ or $-\infty $ as $ x \rightarrow (n\pi) , n \neq 0$ is a wrong statement.",0
3456,What is the evolutionary cause for various finger lengths?,0
2932,Showing that a map is not an isotopy,0
8154,Finding unique/obsolete binary Debian packages,1
8874,Number of 1 child nodes in a binary tree,1
4250,What is the difference between a paralog and an isoform?,0
1713,Prove the following integral inequality: $\int_{0}^{1}(f''(x))^2dx\ge 1920\left(\int_{0}^{1}f(x)dx\right)^2$,0
785,Inequality of polynomial on neighbour quadrilaterals,0
10232,Indistinguishability of exponentially close distributions,1
3464,What's the difference between a free chromosome fragment and an extrachromosomal array?,0
1535,prop 2.19 (ii)=>(i) of Atiyah Macdonald,0
88,Does convergence of means imply convergence in mean?,0
7400,Two versions of Subset Sum Problem,1
8815,How can it be decidable whether $\pi$ has some sequence of digits?,1
8650,Making adjustments based on biblatex style,1
319,How to prove prime power factorization is square free,0
3794,Are there critical points in ecosystems?,0
4845,When does a jalapeño begin to produce heat/capsaicin?,0
11479,'do { statement; } while(0)' against 'statement' when writing C macro?,1
2066,"L. C. Evans, weak convergence in Hilbert spaces of bounded sequences",0
4443,Basic Molecule Editor for use in journals / theses?,0
4284,PCR efficiency or DNA yield with single primer,0
5985,Why would a 2019-nCoV protein sequence in the NCBI database match a protein submitted in 2018?,0
9244,Best problems that are prone to parallelization?,1
6355,Recommender system accuracy testing using GridSearchCV,1
2147,Help understanding math notation,0
2211,Representation of a group on a vector space induces a representation on another representation space?,0
4839,Vitamin and mineral contents of common fruits,0
11880,Implementing a generic Queue in C,1
7309,Draw an ASCII checkerboard,1
10042,How do you find the union of the the unit squares contained in a polygon?,1
8906,What are known 3SAT to 2SAT reductions?,1
703,mgf and exponential family,0
5980,"Determine similarity in percentages between species A and B, A and C, and B and C",0
2646,Find the solution of ODEs sytem with periodic function,0
7294,Conditional validation for credit card payment information on form submission,1
4739,What kind of fly is this?,0
9145,Solve Hamilton Circuit with Hamilton Path,1
6742,The upper bound on a Nondeterministic Finite Automata's configurations number,1
6949,Making a copy constructor more flexible for ADT queue,1
9824,Metaheuristic for NP-complete problem without exact algorithms other than brute-force,1
382,Uniform convergence of functional sequence $f_{k}=\frac{1}{k^{3}}\ln(1+k^{4}x^{2})$,0
4922,How does Mupirocin affect in staphylococcal infection?,0
7961,Linq version of the simulated annealing algorithm,1
9819,Bare bones SinglyLinkedList in C++11,1
3265,Why are male gametes and female gametes not equally sized,0
459,Prove or disprove: if $f(n)=O(g^2(n))$ then $2^{f(n)}=O(8^{g(n)})$,0
6758,Why is Two-Phase Commit (2PC) blocking?,1
10095,Implementing a Trie in Python using lists alone,1
6090,task scheduling optimization problem,1
4336,how many copies of tp53 (p53) gene do we have?,0
11749,Cellular Automata: Is there a decentral solution for the Firing Squad Synchronization Problem (FSSP)?,1
3360,What is the point of DNA sequencing?,0
11317,"Finding the average, the five smallest, and the five largest numbers in an array",1
10646,Filling text boxes with player names received from an array,1
9207,$\Omega$-notation for insertion sort,1
2683,Over the reals the intersection of the orthogonal and symplectic groups in even dimension is isomorphic to the unitary group in the half dimension.,0
8026,Ruby code to parse and analyze social media stats in json format,1
7783,Proving n^2 = O(log n),1
1444,partial differentiation or total differentiation?,0
434,Positive and negative parts of a standard normal random variable,0
6199,Returning an object from service,1
11763,How to find sets of polynomially bounded numbers whose subset sums are different?,1
5631,Name/term for mechanisms by wich the relative size/number of cells of some tissue/organ are preserved,0
10067,Efficient algorithm to translate/shift polynomials,1
4722,Why do humans sneeze out mucus if it's a good thing?,0
1755,Norm given by infimum on Vector Spaces,0
10091,Parallelising random reads seems to work well — why?,1
2549,How many integers satisfy $(n-3)(n+1)=\phi(n)\cdot \sigma(n)$?,0
2181,How many members of a group can be generated by 2 elements?,0
1095,A question about current and Dirac measure,0
9065,Retrieve value from a formula in cells into different merged cells and retrieved value can be edited,1
8033,How can I translate this quantified logical expression into english,1
10419,Min-Ones-2-SAT getting to vertex cover,1
8677,Total number of non overlapping subsets,1
1185,Trivial induced representation and the Frobenius Character,0
5283,What is Biradial Symmetry?,0
9891,Tips on speeding up hierarchical linkage clustering algorithm,1
3263,"How is adrenaline (also known as ""epinephrine"") a ligand?",0
10592,Turing machine - infinite tape - does that thing exist?,1
2954,Limit with Stolz-Cesàro theorem: $\lim\limits_{n\to \infty} \frac{1+2\sqrt2+3\sqrt3+\ldots+n\sqrt n}{n^2 \sqrt{n}}$,0
1779,"Area of annulus $dA = 2\pi r \ dr$, is it a coincidence that $\frac{dA}{dr} = 2\pi r \implies A = \pi r^2$?",0
4841,Are the foramina of Magendie and Luschka genuine defects of the ependymal epithelium?,0
5520,What is functional dissection?,0
1511,Is there a simple formula for an ellipse centered at an arbitrary point in the polar coordinate system?,0
2859,The maximum of $\frac{1}{(2a+b+c)^2}+\frac{1}{(2b+c+a)^2}+\frac{1}{(2c+a+b)^2}$,0
7921,A small to medium sized pygame game,1
8979,Reverse double linked list in python 2.7,1
7063,Implementing cat function in Julia,1
2364,Simple Linear Regression,0
840,Using induction to prove $a_n >2^n$,0
4194,Difference between taking tissue of cancer from secondary place or primary place,0
4855,Is there a biological mechanism for evolution encoded into our DNA?,0
2174,"How to understand why $x^0 = 1$, where $x$ is any real number?",0
2245,Why does the power rule work?,0
3839,Why don't surfactants destroy or incorporate into cell membranes?,0
10356,PHP exercise to read or write database values,1
236,Non-linear functional form satisfying $g(x-y) = \frac{g(x)}{g(y)}$.,0
10085,Rock Paper Scissors game,1
3163,Why Is Most Life Symmetrical Externally But Not Internally?,0
1534,Can we calculate directly the curve integrals?,0
11024,Helper function to make `setTimeout` synchronous,1
350,Applying Ferrari's method to a quartic,0
2227,How many insignificant digits need to be used to calculate a number accurate to the same number of significant digits?,0
6209,Day counter between two dates,1
11544,Bottom-Up Evaluation of Inherited Attributes,1
9737,Time complexity of arithmetic operations,1
8774,Function to check that a Python list contains only True and then only False,1
7720,NP-hard - Definition,1
2948,Questions about $\ln(z)$ recurrence and fixed points.,0
2536,What trig identities must one know to derive the others?,0
2381,Diffusion equation issue,0
5141,Are sensory receptors neurons?,0
10112,Calculate volume of a cylinder with user input,1
9461,"With 2 sets of strings, find a string that can be constructed from either set",1
3685,What do HG and NA mean in Geuvadis project RNAseq sample labels?,0
5848,Is it possible to prove that a hand sanitizer can kill 100% of a person's germs?,0
10690,ThorsSQL Lib Utility,1
11054,Implementing movement in a Pacman game,1
4952,Help identifying an insect (I think it was an insect),0
644,Basic probability counting,0
3977,Laurasia and Gondwana,0
2835,How to find explicit quadratic equation for a sequence of terms,0
5435,Help me identify this insect from Bangladesh,0
1506,$\| X'(t) \| = (\| X(t) \|)'$,0
6449,Binary search large tree in C,1
9537,Const wrapper for iterator,1
964,Calculating Fourier Transform of $e^{-a|x|}$,0
10686,"Parallax animation, running well on Chrome but slow on Safari",1
10369,Find elements occurring even number of times in an integer array,1
2840,What does it mean for a subbundle of a vector bundle to be well-defined?,0
7812,Turing machine with an oracle for a proper subset of a known undecidable language,1
3610,What is the fate of micronucleus DNA?,0
11328,0 and 1 Queries in tables of N*N cells,1
248,Linear transformation - basis/standard basis/linear independendence,0
4133,How does MEME compute the background frequency of nucleotides?,0
700,"Why $[0,1]$ is connected",0
10760,Optimal path through a DAG with sparsely available edge weights,1
4447,Why do we sweat after drinking water and running?,0
4818,Is it possible to calculate the evolutionary response to nonlinear selection gradient as a change in variance of phenotypes?,0
5746,Why do human ears have a lower boundary for the lowest energy perceivable signal than eyes?,0
10680,Database interaction logic,1
11892,Can this iterating javascript code be optimized?,1
1800,L^1 norm and L^2 norm of tensor product of two vectors,0
6750,What does mean by the independent columns in 4NF normalization?,1
10055,Convert conjunctive normal form to equivalent boolean formula with only NAND gates,1
10100,Complexity Theory - Why can't you use diagonalization to seperate classes A and B when an orcale O exists under which A=B?,1
1862,Does a Venn diagram need a Universal set?,0
4390,What is an irreversible reaction?,0
3862,Can potassium ions depolarise neuron membranes?,0
2517,What does $\sigma(v(t))$ in a Langevin equation refer to?,0
5870,Behavior of plant guard cells: open or closed stomata,0
3869,What is GST RhoA fusion protein?,0
8903,Cache Direct Map access confusion,1
11633,Print binary search tree by levels function implementation,1
1811,help with differential equations and local minimum,0
2347,Recursive function's value between iterations,0
9117,Value flow (and economics) in stacked reinforcement learning systems: agent as reinforcement environment for other agents?,1
11350,Move friendly merge sort - follow-up,1
500,Gaussian Process Regression with known observation error,0
9634,Infinite producer using BlockingCollection,1
6150,Read integers from coupled lines in a text file,1
10880,Storing nodes in state space search,1
6234,Function which takes a string as input and returns the most frequent character,1
4048,Does pupil size affect image focus in persons with no lens?,0
3197,D/L configuration for amino acids,0
2279,Check whether the statement true or false?,0
11535,Parallelizing bitmap methods,1
6114,PHP code to scale images and generate thumbnails,1
8764,Convert tree with recursive relationship to parent-child tree,1
8690,Text class in Python,1
4084,Coalescence time: Is it different for haploids and diploids in population genetics?,0
9563,Casting base to derived class according to a type flag,1
7830,Delete duplicates from unsorted linked list,1
3153,What are Some Classical Examples of Local Adaptation?,0
1366,Topology problems on closure of a set and limit points,0
4274,What are the (evolutionary) advantages of secondary transport?,0
576,continuation of finite additive measure,0
4697,Absorption of pentoses in intestine,0
5243,"Identify caterpillars and, if possible, parasitoid (Sabah, north Borneo)",0
11932,PHP how to build html in class,1
1801,Physical meaning of limit,0
11156,Counting the number of domino tilings for a rectangular grid,1
8146,Checking if an element exists in an array efficiently and return it,1
1048,Find basis and dimension of vector space over $\mathbb R$,0
10207,Convert a string in time format to minutes,1
6221,How do I simplify the code in C#?,1
1676,What does $p+q=k$ mean in the index of summation?,0
1876,If $\lim_{|z|\to \infty}\frac{f(z)}{g(z)}$ exists then either $f\equiv0$ on $\Bbb C$ or $f(z)\not =0$ for all $z\in \mathbb C$.,0
1433,Help with Markov chain involving matrix diagonalisation,0
3779,Why do fetuses have membranes between fingers and toes?,0
2167,Dealing with correctness of probabilistic algorithms,0
9508,Algorithm to assign producers to consumers with respect to connections,1
11259,Staircase challenge - Python,1
8875,"How to resize a large, distributed hash table?",1
5026,Left-handedness and Right-handedness - Are they genetic?,0
8638,Empty an array on focusout - jQuery UI Autocomplete,1
9945,constrained cover on biparite graphs,1
8482,SQL Join with PropertyID and Name,1
10782,$(\log n)^{\log n}$ lower-bound and upper-bound,1
10526,Find non-overlapping subsets that maximize the sum of their values,1
1499,"Particular sequence in $L^2[0,1]$ that fades at $\infty$ in $L^2$ norm and whose limit is not defined $\forall$ t",0
7840,Compacting this repetitive JavaScript bit which trims values in an object,1
11517,Given a language L what can we say about the decidability of whether this language is regular or not?,1
5464,What is the cause of the spots on this leaf?,0
58,How to prove the result of summing the divergent asymptotic sum for $H_n$?,0
9501,Can HOL be simulated in the CiC?,1
8170,Coding Challenge : Build Tower refactoring code is it necessary,1
3852,What are the determinants of tumor metastasis,0
79,Differential equations and Kalman filters,0
2924,Chinese Remainder theorem with non-pairwise coprime moduli proof,0
11217,Shorter way to write list-as-dict-value in Python?,1
5940,How can I accurately measure glucose concentration in culture media?,0
10147,Is there a problem which can be solved in $O(f_k(n))$ time for any $k$ where $\lim_{k \to \infty} f_k(n) = 0$ but no constant time solution is known?,1
8547,Matching socks from a bag of socks,1
6223,Validation for Model Object using Fluent Validation,1
3690,Is an ephemeral stream in an unflowing state considered a lentic or lotic environment?,0
6183,"Relations between the knapsack problem, the bin packing problem, and the set packing problem?",1
747,Probability of Jamaica winning at least 2 medals on the 100m finals given that they have 3/8 competitors?,0
11942,Convert Excel files to CSV,1
2221,Can anyone help me with this indefinite integral?,0
3638,How fast will cells lyse under hypotonic conditions?,0
11824,Adding a Node to the Linked List is taking a longer Time when using a reference to the Tail Node,1
8732,pipe 2 linux commands in C,1
9578,Application Settings Helper,1
9822,How to prove intersection between languages L1 (belongs to NP) and L2 (belongs to P) actually belongs to NP?,1
3029,Can yeast survive without mitochondria?,0
6549,Lexicographic permutation list,1
3438,How might I break down bread into glucose in a model of the human digestive system?,0
10605,Program to find the largest odd number among three variables,1
456,Unit ball of Banach space remain closed in embedding,0
4761,Techniques to show a protein heterodimer-DNA interaction,0
30,Question about rudin's proof of the change of variable theorem,0
2614,"Singularities, essential singularities, poles, simple poles",0
11303,Provability of NP /= P?,1
10269,Group Anagrams Together approach in Java,1
9562,Naïve Bayes classifier to group questions by intent,1
10598,Make constexpr array of function values,1
431,Trig equation that fits the plot points (octagonal pyramid),0
7904,What's the difference between cache miss penalty and latency to memory?,1
6732,Iterative Radix-2 FFT in C,1
1402,"Unique solution to $x^4 + 7x -1 = 0 $ on $[0,1]$ (Banach's fixed point theorem)",0
4100,How to attract Cyanobacteria?,0
1294,dropping a particle into a vector field,0
188,Let $n=x^2+y^2$; $n=2^{2k}m$ or $n=2^{2k+1}m$ with $m$ odd. Prove that $2^{k}$ divides both $x$ and $y$.,0
8611,Parsing strings with escaped characters using Parsec,1
8098,Number-guessing game in C#,1
1427,Doubt with rank nullity theorem when nullity equals to zero.,0
6847,Any class implementation,1
4502,How is randomness of the branch migration process ensured?,0
11721,Getting Rid of .Find in VBA Code,1
2789,Is a finite union of countable sets at most countable?,0
647,Is there always a stable position for a rectangular lawn table?,0
3395,"Why do some bad traits evolve, and good ones don't?",0
4127,Do plasma B cells express the BCR or only produce soluble antibodies?,0
1718,The inverse matrix |${\delta}$| does it have an application,0
10026,What can be learned from the weights in a neural network?,1
3193,What kind of worm is this in my food? (Tuna sandwich from canned tuna),0
8525,What is wrong with this reduction from vertex cover to binary programming?,1
724,Is a set bounded in every metric for a uniformity bounded in the uniformity?,0
10003,Adjusting all depth data in a file by some elevation,1
1469,Unstable solution for simple harmonic motion using dormand-prince and RK4 method,0
10434,Randomized algorithm for minimum cut,1
444,"If $a+b+c=0$ and $\{a,b,c\}\subset[-1,1]$ so $\sum\limits_{cyc}\sqrt{1+a+\frac{7}{9}b^2}\geq3$",0
990,Distribution of arrival times of Poisson point processes,0
9883,Conflict Detection Algorithm,1
3074,Genetics: pedigree following a rare trait autosomal recessive,0
816,Unit square in a 2-sided square,0
8952,Simple login using ReactJS,1
1153,difference equation-numerical analysis,0
7887,Decorator to pass instance and class to method,1
191,"If $\gamma:[a,b]\rightarrow \mathbb{C}$ is a piecewise smooth path and if $\beta:[c,d]\rightarrow \mathbb{C}$ is a path that can be obtained from",0
3411,"What is meant in biology by the term ""evolved""?",0
6053,Evasiveness of acyclicity of undirected graph,1
10878,Binary tree pruning with BFS,1
11743,Counts and average code,1
11995,Scoring matches of a game - reducing duplicated code,1
9294,CSS and JavaScript DropDown menu,1
8105,Merging Digital River,1
8011,Self populating view models,1
7737,Python exception-raising generator function,1
4581,Interchromosomic vs Intrachromosomic Recombinations,0
1265,How to solve this differential equation: $x^2dy-y^2dx+xy^2(x-y)dy=0$,0
6553,Which pattern could help to refactor this controller code?,1
11063,Do all processes are allocated equal sized page map tables?,1
7624,IEnumerable extension method that ingests SqlCommand and returns query results,1
2383,Does $f:\mathbb{R}\to\mathbb{R}$ mean that $f$ maps to all reals?,0
5519,Why does chewing enrage me?,0
9777,Counting the total value of Card instances given,1
7086,Auto move files to a sub folder with Ruby,1
10714,What would you get if you add parameters to context free grammars?,1
10682,Traceless In-place Selection,1
3964,"What are these maggots, and how to get rid of them?",0
4532,What is the function of CETP?,0
11693,How is the traveling salesman problem verifiable in polynomial time?,1
6028,Algorithm for printing all accepted strings (to an upper bound if infinite amount) from a given DFA,1
9876,Is L2 = {a^n| n is a product of one or more primes} regular?,1
11318,Calculate percentage based on dummy variable in Pandas,1
7076,Space complexity below $\log\log$,1
7897,Is in-place run length encoding possible in O(1) space given that the output is shorter than the input?,1
1598,Generating series of integers with a specified sum,0
1098,Complete weighted graph where every cycle is null-length,0
5644,How's idiotype different from paratope?,0
9809,Response structure with populated fields,1
5964,Light signals in the courtship and mating,0
199,Fix $n>0$. Is $\ln(x) \leq \sqrt[n]x$ for sufficiently large $x$?,0
317,Characterization of measurability by closed sets.,0
1071,Can someone guide me through this functional equation?,0
6513,(Finite Automata) Why the following is a NFA?,1
7984,Android music-streaming app,1
4256,Why so fewer birds in the yard come late summer and early autumn?,0
1688,Looking for a geometrical proof,0
1165,Show that $\int_0^1 \frac{x\log x}{(1+x)^2} dx$ is Lebesgue integrable,0
9991,Unification vs. SAT solver,1
10141,Best combination of elements with defined constraints,1
2587,Upper semicontinuity of $dim_k(m_y/{m_y}^2)$,0
2519,Is the statement $(\exists x\psi(x)\rightarrow\forall x\theta(x))\vdash \forall x(\psi(x)\rightarrow\theta(x))$ true in intuitionistic/minimal logic?,0
10290,Task scheduling algorithm that limits concurrency,1
5267,What is a good non-fluorescent DNA dye?,0
10344,"Adjacent house , dynamic programming problem",1
1446,Finding the derivative of a function looking at a graph.,0
4461,"If a receptor is inhibited throughout embryogenesis, could there be observable phenotypic differences in the adult?",0
3441,From where did the selfish gene get its selfishness?,0
10162,How to justify $f(n) = O(g(n))$,1
10355,has extra blank 's and I have no idea why. please help me get them out,1
10850,"Leetcode: divide without multiplication, division, and mod operator",1
10965,What's the best non-amortized disjoint set?,1
338,How are spin network edges related to anti-symmetric projectors on the Hilbert space of the fundamental rep of SU(2)?,0
1845,Want to test the series for convergence/divergence $\sum_n \frac{\sqrt{n+1} - 1}{(n+2)^3 - 1} $,0
1035,Expected Value of a RV with CDF Containing a Break,0
5102,Rapid Decomposition Of Fruits & Vegetables During Hurricane,0
6726,Initializing events on class,1
2770,Convexity of $g(f(x))$ when $g$ is decreasing and $f$ is concave.,0
5481,What equation to compare protein isoforms in a Western Blot?,0
6747,Finding the right structure for my application,1
356,$\lim_{r\to +\infty}\int_{\partial D_r\left (0\right )}\frac{e^{iz}}{z}dz=0$,0
1985,Orthogonal binary vectors,0
568,Rectangular prism optimization using extreme values,0
5039,How to find a PDB structure of a protease with a peptide like inhibitor,0
5310,What is the connection between sleep requirement and age?,0
2418,Compact subset of $\mathbb Q$,0
9979,"Is there a ""diminishing returns"" tree search algorithm?",1
2601,Square root of an arrowhead block matrix,0
5871,Reversal of cross-linking in ChIP-seq,0
1055,q question regarding the numerical zero finding of Riemann zeta function and actual proof of Riemann Hypothesis,0
9311,Language Classification + AWS ML: what am I doing wrong?,1
9428,Removing duplicates from an unsorted linked list,1
9360,Creating a fast Android dictionary (word counts),1
4459,Vitamin A Deficiency,0
4346,Variance components and heritability,0
3631,Using expression vector to express arsenite oxidase genes in E. coli,0
6000,Inverting index structure in C++,1
2953,Finding least complete solution for congruence,0
6537,"UVA online p957 - ""Popes""",1
1260,"Gameshow: Coin Toss (head: add empty suitcase; tail: stop, hide money, pick suitcase)",0
1809,Why Fourier transform owns two different signs?,0
9608,Searching the number with the biggest amount of odd divisors in an interval,1
11025,0-1 knapsack problem with minimum and maximum weight capacity,1
6462,A (possibly) great Polymer autocomplete widget,1
7292,Sorting a list in ascending/descending order with a button toggle,1
5712,How can birds disperse seeds when they are able to digest them?,0
376,Sequence/series divergence proof,0
1886,Find values of $a$ such that $\frac{x^2-x}{1-ax}$ attains all real values,0
3021,How to identify a pseudogene to a specific protein coding genes?,0
7826,Temperature conversion in C,1
2657,Equation of a Hyperbola,0
7639,Preparing precedence graph from fork and join code,1
893,The four-penny problem,0
11418,Project Euler #8 in C++: greatest product of k consecutive digits,1
8976,"Given a string containing just parentheses, determine if the input string is valid",1
1867,sum to product formula $\cos(a)\cdot\cos(b) =1/2(\cos (a +b) + \cos(a-b))$,0
10779,Reduce repetition in Pandas DataFrame column assignments,1
2499,Are following statements undefined or false?,0
7210,Read file contents to string safely,1
2367,discussing the existence of a convex function,0
9354,Is it possible to refactor these two similar methods that handle T and List?,1
8,"Finding $\text{E}(f(x))$,$\text{Var}(f(x))$ and the PDF of $f(x)$",0
2155,"Given a fixed filtered probability space, can we prove the existence of a Brownian motion on it?",0
2178,Boolean prime ideal theorem and the axiom of choice,0
2284,Is the cross product in spaces of higher dimensions useful in this way?,0
8498,nonstd:: non standard classes,1
4800,Why re-label the strand ends in 3' DNA labelling?,0
8437,Can a dfa return only the final state?,1
1660,"If the sum and the product of two sequences converges to zero, does that mean that each sequence converges to zero?",0
4856,Ways to identify/distinguish individual coyotes?,0
6829,Is at least one of L and L complement Turing recognizable,1
3250,Why are two-winged animals much more common than four-winged?,0
5513,Is the Opah a warm blooded fish?,0
2647,Geometrical interpretation of cup product.,0
949,Matrix of a Linear Transformation on a Polynomial Space,0
1752,Exponential decay: continuous vs discrete,0
4101,Can there be an equilibrium between humanity's increase of carbon dioxide output with plants since plants harness CO2?,0
411,When is it enough to consider roofs in the derived category?,0
10755,Negative edge weight cycle SSSP,1
3305,What is the mechanism behind ventilatory acclimatization?,0
355,Evaluating $\int_{0}^{\infty} \frac{x^8 -1}{x^{10} + 1} dx$,0
5349,Why do bulls have a hump?,0
4396,Cardiac cycle and atrial contraction,0
1770,What is the set {$e\in(R/ I)\times(R/J): e$ is idempotent},0
8151,Filter for reading data over a serial connection,1
7293,"Given multiple families of sets, select a set from each such that the intersection of selected sets is a correspondence",1
4448,Efficient algorithm to calculate various population divergence statistics,0
10930,Show language is not regular,1
10449,Module that warns (a chatbot) about high rate of messages,1
1514,Finite projective dimension and vanishing of ext on f.g modules,0
5307,Is the Andraka pancreatic cancer test real?,0
7289,Vectorization vs Asynchronous parallelism,1
8564,Need help removing ambiguity from grammar,1
9379,JavaScript / Express error handling w/ promises,1
9692,Is stack based memory allocation memory allocated at run time or compile time?,1
788,Show that $a_n (X_n-c) \stackrel{d}{\to} F$ implies $X_n \stackrel{\mathbb{P}}{\to} c$ for any sequence $a_n \to \infty$,0
7656,Finding Minimum and Maximum Value,1
7439,Text representation for numbers with python,1
11442,Run arbitrary INSERT INTO SQL Query using parameters,1
6059,Restructuring a csv file with d3js,1
2598,Isomorphic normal subgroups,0
7859,PHPMailer hack prevention,1
230,"Attaching space, help on visualization",0
10738,A pretrained model for mathematical equations characters detection,1
1083,How to find the domain interval of an inverse function,0
952,Show that Aut $(C_n)=D_n$,0
7198,$\omega$-string avoiding a set of substrings,1
7687,Getting paginated data from ajax call and putting the data on the page,1
4062,How to promote acorn maturation,0
4233,Possible moth identification,0
10071,Table class to fill array structure with values,1
8991,Show different type of fonts,1
2019,Theorem about Polynomial Rings,0
8685,Pythonic way to flatten lists or arbitrary depth using assignment expressions,1
6243,Answer to an implementation of Project Euler #8,1
5792,TB disease - treatment and infection,0
2662,Proving that every non-negative integer has an unique binary expansion with generating functions,0
5441,Origin of term ‘confluency’ in cell culture,0
801,How do I distribute these numbers?,0
10756,Is it correct to say that an algorithm ALG is an O(1)-approximation algorithm?,1
6529,More protection needed? PHP secure,1
5059,Short-term Lamarckism in asexual single cell organisms,0
1539,Finding Supremum and Infimum of a given set. Is my solution correct?,0
7429,What happens to multi-qubit quantum state after one of qubits is measured?,1
970,Probability/Combinatorics question: boys and girls around a table,0
10612,Sort all even numbers in ascending order and then sort all odd numbers in Descending order Java,1
1193,Proof of $\frac{d \sqrt{x}}{dx}$ including proof of the limit?,0
6668,Metropolis algorithm Simulated annealing,1
2584,How to find the mode of a continuous distribution from a sample?,0
8748,Efficiently Generate Subset of all Permutations or Combinations with and without Repetition (C++),1
11875,Proof of $P^{\text{#}P} = P^{PP}$,1
812,The real and deep meaning of quantifiers in first order logic and set theory,0
4747,"What is ""integrated spindle activity"" in plain English?",0
11276,Project Euler Problem 50 in Haskell,1
4391,How to determine the relationship of competition or cooperation?,0
4727,Population Growth Rate Question?,0
3055,In what range do humans generally interpret sound best?,0
5149,Short dated spontaneous ringing in ear,0
6904,Does a proof using the well-ordering principle need a base case?,1
5951,can somebody please Identify this queen ant?,0
7087,Dispatch different parameters to different classes with single interface,1
9745,A Credit Payment Calculator,1
8804,Coding standard and Readability: Verbose/Redundant statements vs Short/Compressed,1
5482,Gibson assembly using NeBuilder,0
8772,How can I improve my Java MethodPointer?,1
5406,"Get ""DNA"" of one parent based on its children",0
7795,"SQL Query to perform a ""reverse exclusion"" on a LEFT JOIN with a select from the left side table",1
1138,Free frame generated by a poset,0
2848,ODE compartmental model: waiting time,0
9532,Pig Latin Translator in C++,1
1550,implicitly differentiate a differential equation,0
5230,Tillers and stolons in grasses,0
2410,ODE with complex char roots gives strange solutions,0
6638,Evaluation function for minimax/alphabeta algorithm for Tic Tac Toe AI,1
4412,Is there an advantage to antibacterial soap?,0
10622,Bijective algorithm(s) that can shuffle a range of numbers back and forth,1
10324,Calculate Stages in Non-Pipelined Processor,1
8711,Number of ways to choose same number of elements from two different sets,1
4450,Is starch and glycogen digestion intra or extracellular?,0
11461,Compiler optimization which does an SMT-like optimization in software?,1
11952,Asynchronous parallel ForEach implemented using Task.Run,1
3182,How to determine the primary Uniprot accession number from a list of accession numbers?,0
3485,Hiding identical sequences in NCBI web interface,0
2678,Finding the value of an analytic function outside of a simple closed contour $C$.,0
3282,What is the reason behind choosing the reporter gene when experimenting on your gene of interest?,0
10869,Is w ∈ L(M ) ⟹ ww ∈ L(M) co-semi-decidable?,1
1244,Using Big-O notation?,0
5702,When designing primers how important is the GC clamp?,0
1309,"Question about weak derivative, need explanation of this paragraph",0
11773,String to list of pairs,1
11626,"Search in deeply nested array by array of ""path ids"" and exchange it",1
1403,Is the dimension of a Noetherian local ring equal to its associated graded ring?,0
96,Function f that preserves difference in distribution,0
9970,"Why did the concept of ""write-protecting"" not carry over from floppy disks to USB memsticks and especially external USB HDDs?",1
11732,Adding a specific list of numbers to an array,1
8016,Authority section in DNS packet always contains NS records?,1
11099,Getting single element or throwing one of two exceptions,1
9218,Ramda - Forming a string based on array of word positions,1
4950,DNA polymerase I exonuclease activity,0
885,Stuck in determining truth value using proof,0
124,Find the exponent 2 in the decomposition of $A$ into prime factors,0
167,How do I find the derivative of the function $f(u)=5\sqrt{u}$,0
627,principal eigenvectors of an unknown matrix,0
7844,"Is matrix ""adjoint-squaring"" faster than general matrix multiplication?",1
4932,Extreme or just rare: evolution of complex life in extreme environments,0
9904,What is the complexity of sum of Logarithm of an arithmetic series,1
6812,How to get old top news?,1
2235,Moments of a random variable,0
1087,Should I apply boundary conditions in the general solution before finding the particular solution?,0
9416,Merge/Insertion sort program taking longer than an hour to finish - C++,1
8876,Load title from database based on member country,1
11646,Computing the improper integral of several functions,1
6263,"Can the edges of a graph be assigned directions such that all nodes in a given subset have in- or outdegree 0, and every other node indegree > 0?",1
4907,Neurobiology of tantrums,0
4030,Is the SRY gene the sole responsible of biological male sex?,0
9424,Shortest path with exactly $k$ edges,1
4290,Needle-like crystals observed in wild-grape wine under microscope. Potentially harmful?,0
9035,Solving AlienTiles with an A* heuristic,1
4985,What's the worst that can happen from too much sleep deprivation? Can you die?,0
2154,"Should one square both sides of the equation $\sqrt{1+2\sin{2x}}= \cos{x}-\sin{x}$ in order to solve it, or is there a better way?",0
1195,The function $\exp: \mathfrak{su}(n)\to SU(n)$ is surjective,0
9405,Translating Objective-C use of static and +(void)initialize to Swift,1
163,Calculating the limiting distributions Normal and Cauchy Distribution Parameters for the Voigt Distribution,0
2189,How to determine if a surjective homomorphism exists between two groups?,0
195,Change coordinates by substituting $y=z+ \lambda/z$. What is this?,0
3433,What does (-;-) after a gene mean?,0
3908,Identification of a mammal in cage,0
8431,Camera access for both JS and AIR,1
5239,What are the absolute facial features which features sexual dimorphism in humans?,0
451,Some questions about open and closed maps,0
10483,Optimize program to test for divisibility of numbers 3.0,1
7436,Menu traversing on next and prev button click up and down,1
6395,Updating positions of enemies every frame,1
9465,"Show first n elements of array, and count elements not shown",1
6427,Size of order-preserving minimal perfect hash family,1
3626,Help me identify these creatures found in sink,0
5082,Methane and wetlands,0
11002,Connecting islands to the mainland via flood fill,1
5912,Evolution of blood types,0
3126,How do the chemicals in our skin react with stainless steel?,0
1114,Proof of Proposition 2.4 in Atiyah-MacDonald,0
8024,Using RxJS Observables to mediate routes in nodejs,1
2650,Clarification on metric preserving embedding of unit sphere $S^2$,0
9796,Monty hall python simulation,1
9328,Automatic tool for resolving left-recursion within CFG,1
8111,Why do more powerful programming languages tend to have slower implementations?,1
11846,Deleting the head node of a circular linked list,1
10597,Minimum square side length to enclose n circles of radius r,1
1037,Gaussian Quadrature Rules,0
10381,Formal language inverse,1
9567,MacPorts - Quick Install Script,1
8411,Graph algorithm to group nodes by level and group size,1
1587,every complex number can be put in this form?,0
8279,Displaying an arbitrary number of buttons and automatically arranging the buttons,1
6113,Must a word be binary (and never unary)?,1
10973,Minimum perfect matching with uneven vertices?,1
628,"Suppose that $f_n\to f$ and $g_n\to g$, as $n\to \infty,$ uniformly. Then, $f_n g_n\to fg,$ as $n\to \infty,$ pointwise on $E$.",0
8278,Insect combinatorics challenge,1
4381,question about stem cells,0
3832,Ostium: insects circulatory system,0
5320,Examples of environmentally influenced gene-expression in humans?,0
9944,Repetitive code driving me crazy!,1
4647,Why do people and animals stretch out their bodies and what is causing this behaviour?,0
3660,Eyelids interconnected?,0
6818,Parse a config-file and add to command-line-arguments using argparse in Python,1
6558,How to perform alphabetically ordered DFS?,1
4039,Expression of eukaryotic ribosomal DNA,0
11985,"Given an unsorted list of $n$ items, how many random comparisons are needed on average to be able to sort the list?",1
2698,Proving $\lim_{h \to 0} \frac{|h|^\alpha}{h}=0$ given $\alpha > 1$.,0
1932,How to derive generator of cyclic groups,0
9717,How can i design this function using only NAND and XOR gates?,1
6648,Securely delete a file,1
4471,Why are some fungi poisonous?,0
9940,Create an instance (view) given its dependency (view model),1
1054,Difference between a number and a set with one number,0
5559,Is the function of adjacent genes correlated?,0
7109,Go functions to create a directory if it doesn't exist,1
8201,Bare bones implementation of Java HashMap,1
1389,Is there any number greater than 8 of the form $2^{2k+1}$ which is the sum of a prime and a safe prime?,0
4024,"What is ""multiple"" myeloma?",0
4589,Blood pH at Higher Altitudes,0
7009,Utilize loop or other efficient way to find string and copy offset columns to certain cells,1
3670,Redundancy of the genetic code,0
3100,Understanding Genetic Dynamics of Specific Problem,0
5978,Why is the frog genome so much larger than a fish's?,0
11229,"Show $B= \{z \mid (\exists x)\; P(x,z)\}$ is a recursive enumerable set",1
3460,Do siblings have a bias toward believing they look different from each other?,0
6721,User authentication SQL injection,1
10046,Please review my solution to Project Euler program 1,1
9275,differences between theoretical research and applied research,1
7808,How can I learn Sunday's string searching algorithm?,1
10259,Why does n! have the least time?,1
692,$\lim\limits_{t\to\infty}t-x(t)=0\ ?$,0
3317,What is topological crossover?,0
2512,Proof that two balls intersect,0
497,Serre's proof of $ \operatorname{Br}(K/k) = H^2(K/k)$,0
5878,Does having to urinate imply that you are becoming dehydrated?,0
1109,Nonsingular projective variety of degree $d$,0
8017,How is the rule 110 Turing complete?,1
294,Numerical evaluation of first and second derivative,0
4686,Models of quorum sensing for multi-agent systems,0
9561,Movement on Labyrinth with Best First Search,1
59,"Calculate a sum $1+4e+9e^2+...+n^2e^{n-1}$, where e is nth root of unity",0
1546,Does this apply: $\sin^2(\pi t-\pi) + \cos^2(\pi t-\pi) = 1$,0
6988,Simplify my class mapping common class properties between model and viewmodel classes,1
4838,Human spine: Is the coccyx really fused?,0
4001,Can neurons become cancerous?,0
2577,Local compactness and actions,0
2213,"Mutually orthogonal subspaces of $L^{2}(X,\mu)$",0
2076,Let X be sequentially compact. Then X is also countably compact.,0
3178,Neuroscience: zapping an axon connected to thermoreceptor,0
7554,Copy an Entity With Navigation Property in C#,1
324,Not following algebra in an inductive proof of the formula for the sum of consecutive cubes,0
11843,Fetching configuration or default value,1
3554,Can Omega 3 Fatty Acids prevent chest pain in periodic Atrial Fibrillation?,0
8358,Prime numbers using wheel factorial,1
6056,Number of Independent Sets in a tree,1
8923,Removing random repeated guesses from brute force program,1
5216,Why don't housekeeping genes have TATA Box regions in their promoter sequences?,0
2149,"""Squeezing lemma"" for tubolar neighborhoods",0
9221,Guess the random number game,1
2763,"Prove that $n$ divides $\phi(a^n -1)$ where $a, n$ are positive integer without using concepts of abstract algebra",0
4094,What is the relatedness of sisters in a haplodiploid system if you mate virgin queens with 1 of their sons,0
3928,Where does the first oxaloacetate comes form in the citric acid cycle?,0
7430,How to reduce load when fading in multiple elements in jQuery,1
4707,Electricity generated by the body and its applications?,0
2830,"Show that $X = \{ \text{The set of all series which converge to } a \in [-1,1] \}$ is not compact.",0
2607,Mapping Class Group acts properly discontinuous; Alexander method,0
4669,Long term storage of agarose-ethidium bromide gels that have already been cast,0
11998,"Implement jquery like functions addClass, removeClass and delay in Javascript",1
2995,Conditional Probability Question (Prizes),0
11977,How to cut a full binary tree evenly,1
4783,Calculation of water potential,0
5677,Is Protein-to-DNA ratio a good estimate of cell size?,0
1782,Partition of polytope (with respect to convex hull),0
9471,WebService async WebMethod,1
5244,Big cat in heat for months?,0
8447,Bracket Pair Validation,1
11914,Checking if an index is out of bounds,1
11323,Is a KNN-Classifier memory intensive?,1
650,"If $f'$ is bounded on $\mathbb{R}$, then is $f$ uniformly continuous?",0
4663,What is the function of nodes of Ranvier in axons?,0
9128,Creating folders even if already exist or removing removing their content,1
6688,Building a lot of individual programs from one Makefile,1
9839,How do we pick and switch hash functions from a universal family?,1
7350,Algorithm for solving system of congruences,1
11005,Simple login form with vanilla HTML markup,1
4456,Why don't we have more cone cells (bigger fovea)?,0
10308,Database Model for Feedback Module,1
9610,Independent set on cubic triangle-free graphs,1
4337,What are the constraints on an operon?,0
1457,Differentiate the Function $f(x)= \sqrt{x} \ln x$,0
7038,"N-Guest Table, Graph Problem",1
9369,String comparison using pointers,1
8485,Bubble sort: average number of total key comparisons,1
11868,Skiena's Programming Challenge [UVa ID 10137]- Getting WA,1
9539,Generating Passwords with a Secure PRNG,1
7700,"Print character + the ASCII value, 10 pairs per line",1
10450,Why are these features missing in modern day general purpose computer languages?,1
6842,Checking if there are no numbers from cellular services,1
11121,What is the complexity of recurrence $T(n) = T(n-1) + 1/n$,1
1056,Additive Inverse of General Function,0
8384,Find the smallest triangular number with more than 500 factors,1
4065,Is a minimum size/complexity necessary for an organism to exhibit territoriality?,0
9336,Infix to postfix conversion,1
3199,Identification of Jumping Spider Species,0
11061,how do I simplify this particular boolean expression?,1
7976,Virtual address translation,1
2858,Why$\sqrt{-4}$ does not have $\pm 2i$ as its two solutions?,0
9772,What is the role of mathematics in programming?,1
10764,How does knowing the input size make the time complexity of a function constant?,1
7690,Is there any other computation theory besides the one in automata theory?,1
9588,Theta Manipulation to show $N = \Theta(n/\log N)=\Theta(n/\log n)$,1
4883,What portion of America needs the Flu vaccine for herd immunity effects to become substantial?,0
4393,Identify this frog from Bangladesh,0
8008,Scraper for downloading and saving images from web page,1
9047,"Thread safe object pool, is this object pool thread safe?",1
4139,Long-Term EMG studies,0
5823,What is the extent of the effect of Tris on E. coli?,0
8493,Conversion into hexadecimal using C++,1
7912,SQL Table and Merge Statement,1
6985,"Given a binary matrix, how to find the starting coordinates of a sub matrix?",1
6431,Returning the result of whichever method finishes first,1
7682,Count substring in string,1
4002,Why aren't circadian rhythms exactly 24 hours long?,0
7726,Deque Container with an instant consumer for high speed object dumping,1
10425,"Using ViewState, start-to-end",1
7579,Pumping Lemma vs Myhill-Nerode,1
261,Linear combination of Matrix Row Vectors,0
11690,Convert Subdivision Curve to Bezier Curve,1
6482,Download pictures from Reddit,1
8185,How to optimize Method Visibility and code structures for better performance?,1
8585,"Stock price history SQL database with Python, Pandas and yfinance",1
9322,iOS4 alternatives for dismissViewControllerAnimated:completion:,1
743,How many proper nontrivial subgroups do D5 have?,0
8344,natas11 helper program,1
910,Show that $\mathbb{E}[h(x)^{2}-2h(x)y+y^{2}]=\mathbb{E}[h(x)^{2}-2h(x)\mathbb{E}[y|x]+\mathbb{E}[y^{2}|x]]$,0
6925,Optimization for C isMigrated function,1
9826,Is this language recognizable?,1
6837,"How to define the partial or total order of the segments to be inserted in a ""sweep-line status"" data structure?",1
10966,Chaining asynchronous calls to update UI,1
1643,About the implicit function theorem. (Is there any possibility that the following statement holds for some $f$?),0
776,"Check to see if the function $f$ which satisfies the following relation is one-to-one or not: $\forall x,y\in \Bbb R: f(x+f(y))=f(x)+y$",0
128,Anti derivative notation,0
550,$\lim (t_nx_n + (1-t_n)y_n) =a $,0
9147,Makefile for C++ project - dependency generation,1
7915,"compute a gradient with ""minimal"" colorstops from a ordered set of RGB colors",1
1029,Why is $nM$ equal to $\sum_{i=1}^{n^2}i$?,0
6334,constant sized circular (ring) buffer,1
7320,Monkey patching extra events in Node.js HTTP/Express,1
4826,Can some one identify this plant with really sweet smelling flowers?,0
11874,Joint Kolmogorov complexity of elegant programs,1
7114,Turing machine for which it is impossible to decide if it halts?,1
3747,Sampling of Species counting same member of species twice,0
2028,"$\frac{y-b}{r}=\frac{y}{s}$ to $y$ for finding the closest point on a line, from a point.",0
9781,Calculating minima values for each column of given data,1
6586,Iterate list to map entries in Python,1
3239,What does the point in the middle between two numbers mean?,0
10840,Estimating size of state space search problem,1
6633,Does DFS in an unweighted DAG find the shortest path for each vertex from a source?,1
5725,Is the structure of human brain white matter fixed at/near birth?,0
7229,"For a cycle with $n$ vertices, how many distinct chords are possible?",1
11040,Template for web pages using social plugins,1
11944,Number of spanning trees in undirected simple graph,1
5020,How long do human egg cell grow up?,0
6536,Algorithm to find most nodes in distinct cycles,1
11688,Drawing sets of boxes to display contents of arrays,1
3209,To define the total Resistance of Systemic Blood Circulation,0
5299,What is the relationship between migraines and histamine?,0
2655,Then which of the following statement(s) is(are) true? about uniform convergence,0
8837,Designing a DFA that accepts strings such that nth character from last satisfies condition,1
763,Shortest paths of undirected graphs with modular weights,0
10148,How to detect if objects are on top of each other?,1
8366,Good social community dataset needed!,1
6756,Problem with proving that $RP \subseteq NP$ : a non-deterministic TM for a language $L \in RP$,1
11924,What is combinatorial explosion?,1
2042,The variance under interventional distribution,0
10422,JavaScript live grade Calculator,1
5693,How are whole Haplotypes for Sequencing isolated?,0
3912,What happen's to a virus's capsid after it injects its genetic material into the host cell?,0
2080,Set of subsequential limits of a bounded sequence,0
252,Construction of an integrable function with a function in $L^2$,0
4283,How to take precise/low number of cells from cell lysate?,0
31,solution of a matrix using orthogonal vectors,0
8077,Decreasing runs of inner loop in outer loop,1
93,studying the series $\sum_\limits{n=0}^\infty \tan (\frac{n}{1+n^3})$,0
1741,A confusion about big Oh notation,0
2649,Greens function of 1-d forced wave equation,0
4400,How loud a sound would need to be to wake someone up?,0
10485,Compare performance of simple addition on one to many cores,1
9418,"Resistance is futile, Resistors have been dispatched to model your Resistance",1
11150,Update SSSPP solution on complete digraph on weight changes,1
7373,Why is IDA$^*$ faster than A$^*$? Why does IDA$^*$ visit more nodes than A$^*$?,1
6761,Finding Kernel in DAG,1
890,Solve an equation with parameters over the naturals,0
8649,Is it admited to give the complexity of a function regarding the resulting data structure?,1
6803,Generic Comparator Using Class Fields & Lambda Java,1
4867,What is the likelihood of a single human gene to the same gene from the other human?,0
11108,A class and a function to create and light up buttons in PyGame,1
7672,"Creating lists of events (pitches, velocities, delta-times, durations) from a MIDI track",1
1510,Why the same powers of $p$ divide $p^{\alpha}m-i$ and $p^{\alpha}-i$?,0
7655,Why are processes on the internet not required to use TCP or UDP?,1
1706,How can this be the alternative hypothesis?,0
5843,Please identify this bug/insect,0
323,Bayesian Network misunderstanding,0
6191,What are Lambda productions,1
9866,Bin packing variant for maximizing value in a bin,1
4440,What is the biological basis for tiredness after eating?,0
8996,Difference between Non R.E and Co-R.E,1
11786,Assign monthly interest rate based on credit card input,1
6928,Synchronous loop with internal asynchronous calls,1
6141,Converting imperative style user input menu to functional programming style,1
3470,What spider is this?,0
1386,Is $\log(\log(n)) = \Theta(\log(n))$? Reasoning with words,0
11842,1-dimensional and 2-dimensional Peak Finding Algorithm,1
3410,Are neurotransmitters part of the endocrine system?,0
8904,Polymorphism and Inductive datatypes,1
10237,Assign m agents to N points by minimizing the total distance,1
5984,Are there cases when genus name is equal to the name of a higher taxon?,0
4597,Why is beta actin commonly used as a control in Western blots?,0
1485,How do I find the solution for these exponential equations?,0
120,Let $(L_n)$ be a sequence defined by $(1/(n+1)) + (1/(n+1)) + ... 1/(2n))$. Show that $(L_n)$ is monotonic increasing.,0
1612,Use the triangle inequality to show that $|a|+|b| \leq |a+b|+|a-b|$,0
8235,Maximum coverage 1/2-approximation algorithm: why does the central lemma hold?,1
7734,Partition of a set of integer into 3 subsets of approximately equal sum,1
5292,How to design a ChIP-exo experiment with controls?,0
6012,Beginner user registration and login program,1
7799,Converting JDBC to CSV,1
9702,Resolving Git conflicts with Javascript,1
4700,What gases are needed for humans to breathe?,0
3363,How large is the range of 'same origin' when determining whether two organs are analogous or homologous?,0
7145,"Shortest path using less than or equal to m edges in a directed, weighted graph with negative cycles",1
829,Cooperative Game Theory specialized forum,0
6830,Running time of a nested loop with $\sum i \log i$ term,1
8988,Changes in runtime as the input is incremented,1
9984,Widely-used and fundamental distributed algorithms,1
7306,Generating rooted labelled subtrees of a JS object,1
4354,Are carbohydrates an essential component of human diet?,0
7155,"Probability of having a log(n) length monotone subsequence in a random permutation of {1,...,n}",1
1235,Definite Integral Evaluation Undefined,0
2726,"Finding the Fourier-Bessel Series For $f(x) = x$, $0 < x < 2$, With Respect to the Orthogonal Set $\{ J_1 (k_n(x)) \}$",0
3694,Comparative evolutionary study: is amino acid or nucleotide comparison more useful?,0
8538,String combinations of 0 and 1,1
2880,When does function iteration converge to a fixed point?,0
1340,some questions on exponential tilting,0
10115,Java console calculator,1
2754,Can I substitute $\beta A \alpha^{1-\gamma}$ with $c^\gamma$?,0
11664,Finite state automaton's reaction to simultaneous events,1
6041,Conditional milp formulation,1
5143,How is SARS-CoV-2 'deactivated' for some Covid vaccines (for example Covaxin)?,0
3518,Propensity Score for amino acid,0
6535,3D intersection algorithm for cylinders,1
9733,"Retrieve and cache web SPI results, then display on page",1
3844,What is the body density of insects on average?,0
4960,What is this mushroom that only grows next to my tomato seedlings?,0
2653,RSA signing message without its disclosal,0
9885,Drop-down menu button highlighting and hiding,1
6472,Creating a Deterministic Push-Down Automaton for the Union of two languages,1
6292,Stateful User tracking,1
2201,"If $L^{\infty}$-norm of a set of Holder continuous functions is bounded, then does it imply that its $L^p$-norm is also bounded?",0
4183,Biological key file format,0
5594,What are the characteristic structures of bacillus M. tuberculosis and what they cause?,0
6163,Diamond kata in JavaScript,1
8627,"Dijkstra’s versus Lowest-cost-first (best first), resolving some contradictions regarding complexity analysis",1
2287,To find the integral surface of given differential equation.,0
11594,Is there an approximation algorithm for Minimum Test Collection Problem?,1
9798,"Comparing two vectors of arbitrary size, block by block",1
275,Is there a general rule for the number and type of initial conditions in a PDE?,0
1189,How to determine whether this integral converges?,0
9247,Is Binary Search Related to Binary Search Tree?,1
150,confidence of detection in presence of poisson noise,0
10099,Bridges and Edge Disjoint Paths,1
6258,k-basis representation of natural numbers,1
10102,Scrabble word scoring,1
2685,"If $x$ is rational then $\,x+\frac{1}x \,$ is an integer $\iff x = \pm 1$",0
2552,"Let $a\in C[0,1]$ and $A:C[0,1]\rightarrow C[0,1]$ where $A(x)(t)=a(t)x(t).$ Find $\sigma_{p}$, $\sigma_{c}$, $\sigma_{r}$.",0
1632,Number of rules in my fuzzy logic,0
4210,How do the bacteria producing bacteriocins protect themselves from it?,0
10717,Getting hours during the day,1
5023,"Who were ""Dawson and Wilson"" (mentioned as authors of an embryonic postmortem examination method)?",0
7573,How to deal with elimination of duplicate logic vs. cost of complexity increase?,1
1564,Question on series of function (Multiple choice),0
10155,Balanced weighting of edges in cactus graph,1
5827,"Do animals suffer from ""Human"" mental disorders?",0
7671,Relation between Hamming distances of columns and rows,1
5241,Where does an organism store reserves of amino acids?,0
5339,Why is there sperm mitochondrial suicide?,0
4011,Does our DNA change during our lives?,0
7118,Algorithm for finding largest subset with equal number of even and odd elements,1
7600,"Create an optimal to express all natural number as an arithmetic expression using the alphabet $\Sigma=\{(,),1,+,\times\}$",1
10353,Context-Free Languages where every rule produces at most one non-terminal,1
6481,Is this a good/safe way to convert enums?,1
9677,How fast can we compute the size of maximum matching in an unweighted bipartite graph?,1
3712,Gene Complementation Question,0
10339,PHP script to generate hreflang tags,1
4235,Why do plants produce and store both amylose and amylopectin?,0
10053,Is there a better way to write this jQuery UI effect animation?,1
4743,What is meant by clones of B-cells?,0
10193,Can the sorting of a list be verified without comparing neighbors?,1
1502,Intuition for order type,0
1787,"How to solve $\sqrt{2} + \sqrt{3} - \frac{m}{n} > \frac{1}{cn^4}, \forall n \ge 1$?",0
2822,Proof of the incompatibility of extenders in comparison lemma of mice,0
11956,Feedback vertex set and disjoint cycles (directed graphs),1
458,"the series $\sum_{1}^{\infty} \frac{\cos(nx)}{\{\log(n+1)\}^x}$ is uniformly convergent on any closed interval $[a,b]$ lying within $(0,2\pi)$.",0
3062,What is the genetic difference between two cone branches?,0
5651,What really is color and how do we perceive it?,0
3505,Are the y-axis values informative when performing biolayer interferometry?,0
10663,Is complement of diagonal language countable?,1
11928,Displaying content based on the current time,1
629,How to identify a summed number given the total and the position (or index) of the summation?,0
540,Does every algebra automorphism preserve augmentation ideal filtration?,0
8631,RC4 implementation in Go,1
11657,Find long connected similar subsequences in two given sequences,1
4118,Is it possible to remove one strand of double stranded DNA in vivo?,0
2239,Prove that ≿ is transitive iff ≻ and ∼ are transitive,0
4857,How can parentage test be accurately done even though crossing over occurs?,0
7367,Class project: user-editing page for a haiku website,1
2980,Real analysis question about convergent series $\sum{a_k}$,0
9531,Can I assume every clause of 3SAT has one positive literal?,1
5572,Are a bonsai tree and its normal version the same species?,0
1521,"Prove $\forall n \in \mathbb{N}$ where $ n \neq 1 , n + \frac{1}{n} > 2$ using completing the square.",0
2422,Solving an ODE with a jump in the source term,0
9547,Reading input keys from a shell,1
9108,Is grammar that describes an equation in prefix (Polish) notation always unambiguous?,1
4541,Is a fatty acid a polymer?,0
9171,"Project Euler, Problem 273: finding perfect-square partitions",1
7435,Testing class which returns big dictionary,1
10837,Capitalize words in sentence,1
1771,Joint Embedding Property,0
8972,DFA for accepting all binary strings of form power of $n$ (not divisible by $n$) i.e. $n^k$ for given $n$,1
5556,Do biological facts determine when a human fetus is considered alive and human?,0
3731,What's the smallest animal with hemoglobin running in its veins?,0
1941,Why is $\dfrac{(n+k-1)!}{(n-1)!}\neq n^k$?,0
2078,Some questions about the proof of the properties of the uniform equivalent.,0
2052,Differentiation of $v(a)=18^2 \cdot a$,0
8998,"Setting the path to toolbarAssociatedXibName, with fallback",1
3043,Neural coupling between Pinsky-Rinzel (reduced Traub) neuron with a Wang-Buzsaki neuron?,0
5885,Does the use of RNA as a primer affect the accuracy of DNA replication in E.coli?,0
4309,"Eating rarely but a lot, or often but little",0
9187,Most common letter in string,1
5617,Why isn't phosphorus or nitrogen a limiting nutrient for animals?,0
11781,How does SARSA handle episode termination,1
11817,I don't know how to prove a simple theorem used with fixpoint in Coq,1
10799,Project Euler problem 14 (longest Collatz sequence) in Swift 3,1
5040,Is the mRNA produced constant during time?,0
5766,How to read this diagram?,0
11185,Is computational power of Neural networks related to the activation function,1
11359,Curry Howard correspondence and Church-Turing thesis,1
4608,"If an organism is supported only by cartilage, does it have an endoskeleton?",0
1042,Non-isomorphic combinatorial classes with growth rate equal to the golden ratio?,0
8434,How are the web based compilers designed?,1
4915,Bird identification by sound; midwestern US,0
668,Are measures better thought of as densities than differentials?,0
10571,"Complete list of IEEE Software ""Voice of Evidence"" articles?",1
4368,Forest Fires and Horsetails,0
9688,Palindrome of fixed length,1
6362,Check if a given number N is a power of k,1
2169,Rank of $R^n$ in characteristic $n$,0
2074,Lower std.deviation of a distribution?,0
3605,Why are plasmids called plasmids?,0
8087,Test runner for Scala problems,1
3727,How does the OD correlate with the number of algae cells?,0
9411,Tag dependence approach,1
598,Why This Map is Closed?,0
10912,Guessing game for a five-digit code,1
4438,What causes people to smell one persistent smell during Covid-19 infection?,0
11598,Is this the right way to work with callbacks and the EventEmitter?,1
2741,If $A$ is clopen in $X$ then $\overline{A}$ is clopen in $\beta X$.,0
10776,ReactJs stateWrapper for nested state objects,1
8661,Expanding compressed string,1
7625,In certificate view of NL can we force the guesses to be in some format like $a^n b^n c^n d^n$?,1
2772,Why did Gauss think the reciprocity law so important in number theory?,0
4672,Odds to clone a parent,0
10172,Write to a CV::Mat from a higher scope within a function,1
9638,FizzBuzz with more parameters in Swift,1
9820,NodeJS APIs folder structure,1
11390,Paxos: Accepting Proposals With Different Values and Consensus in Paxos,1
4058,Is there any completely Computation Drug ever launched in market?,0
6257,Exporting site and address data,1
8168,Does Type:Type lead to inconsistency without general inductive types?,1
10816,"Writing the ""Camel Game"" with Python",1
2339,Evaluating $\frac{1}{2 \pi i} \int_{|z|=3} \frac{e^{\pi z}}{z^2(z^2+2z+2)}dz$,0
1176,Proving that the given set has at most $2^{n-1}$ elements,0
7686,Problem with understanding the lower bound of OPT in Greedy Set Cover approximation algorithm,1
11543,"""Lonely Integer"" Python implementation",1
11038,How to find closed form solution of linear recursion using recursive tree method,1
8322,Competitive ratio of the ski rental problem,1
3680,Which mammal produces the most milk?,0
10372,Creating SQL Indexes on Large Tables,1
3091,What generates variation in a species?,0
6892,Does domination rule apply for inadmissible heuristics?,1
440,"Given a generating function for $\sum a_n z^n$, what is the generating function of $\sum a_n^2 z^n$",0
6200,query optimization and indexing,1
9643,Can a heap have no elements?,1
10969,Wait for file method,1
11558,Reduce memory consumption of numpy function,1
9211,Concurrent Stack with blocking and non-blocking methods,1
495,"Is there a probability measure $\mu$ on $\mathbb R^n$, with all Borel sets having a measure in $\{0,1\}$ and all singleton sets having measure 0?",0
11271,Android app for sending username and password requests,1
11934,Making an efficient and healthy db call for a real-time browser game,1
2920,"How to draw an undirected graph with nodes of degrees: $2, 2, 2, 2, 2, 1, 1, 1, 1$",0
6470,Efficiently selecting the median and elements to its left and right,1
1303,$p(x)=a_0+a_1x+\ldots+a_nx^n$ is irreducible iff $a_0x^n+a_1x^{n-1}+\ldots+a_n$ is irreducible,0
10201,Tic Tac Toe in Python 3.x,1
7146,Proof of P-Hardness by reduction,1
6181,Avoiding repeated code in worksheet,1
5105,How to interpret weighted Robinson-Foulds distance between phylogenies?,0
6097,NP-completeness proof via reduction,1
4407,Plant tissue culture,0
10494,"Counting sort in C, revised",1
27,Dijkstra's algorithm - paradox,0
8922,MSO (Monadic second-order logic) Logic On Words,1
1323,Show that $\int_0^1 {\sin \left( {\pi x} \right)} x^x \left( {1 - x} \right)^{1 - x} \mathrm dx = \frac{{\pi e}}{{24}}$,0
9206,Parsing logs in sed efficiently,1
1596,"Let $X$ and $Y$ have the joint pdf $f(x,y)=8x(1-y),0<y<1,0<x<1-y$. Compute $P(Y<X\mid X \leqq \frac{1}{4})$",0
11400,Has the following query been made in the optimum way?,1
4398,"What is the meaning of ""gap"" in G1 phase?",0
8994,StarCraft Map Dimensions,1
8293,Why is there no FPTAS for the maximum independent set problem?,1
1655,What exactly is the paradox in St. Petersburg paradox?,0
1594,Solve $\displaystyle\lim_{x \to \frac{\pi}{2}}{\biggl[(1+\cot x)^{\tan x}\biggr]^3}$,0
5584,Inheritance of mitochondria,0
2542,Zeroes And Local Extremum Of Polynomials,0
67,Coefficients of numerical approximation of differentiation,0
8128,Vertex cover algorithms for directed graphs?,1
8737,the correctness of 2-satisfiability problem algorithm by using implication graph,1
2951,How to determine the matrix $C$ in $C=P^{-1} A P$?,0
7566,Checking whether customers in a dataframe have social media accounts,1
4005,Which part of the genome are the developmental sequences of embryogenesis located?,0
4771,How does the splicing enzyme recognize where to splice the introns?,0
3172,How standardized is lab-grade skim milk?,0
10707,Max heap and array relation,1
8913,Concurrent bidirectional dictionary,1
5967,Is it more likely to develop a throat-ache at night?,0
4511,What mushroom species is this?,0
5546,Cleaning out Agar from Autoclave Reservoir,0
11681,"Fast insert, fast removal and fast access object pool C++ container",1
2907,Sum of fractional parts of linear and logarithmic functions,0
4930,Why do people feel extreme cold at different temperatures compared to other people of same body structure?,0
10285,Data structure to query intersection of a line and a set of line segments,1
1818,$L_1$ convergence of $\frac{1}{\sqrt{x}}\sin{\left(\frac{1}{nx}\right)}$,0
11933,Socket server with consumer-producer design to handle concurrent connections,1
6206,"Displaying contacts in PHP, with options to omit some information",1
11425,Shortening calculator project code,1
7919,Is this the best way to print dynamic percent value?,1
1112,Generating set of Baire sigma-algebra,0
1295,Mixed volume of three squares,0
10178,Assign key name based on row while loop,1
3992,Do birds emit infra-red radiation?,0
7243,Find only one subset sum with a specified value in python for large sets,1
1807,Showing two factors to be coprime,0
2917,"""symmetry"" in the sense of Abel-Jacobi map of hyperelliptic curves",0
7534,Differences between Fuzzy C-Means and EM,1
5175,What did cyanobacteria gain from photosynthesis?,0
6467,Gem to interact with a third party API,1
5242,Is there any clear relationship between physical characteristics and patterns in the genome?,0
2670,How many 5 digit numbers with at least two digits prime and two digits square?,0
1649,"Eigengap of $SS^T$ vs. $\frac{1}{2}(SS + S^TS^T)$, where S is doubly stochastic & irreducible",0
5098,"Is a wild-type strain more ""fit"" than its mutant strains?",0
1377,Probability of meeting someone infected,0
5043,How does a cell identify itself?,0
4281,Could You Boil Water from Blood?,0
3678,What is the mechanism responsible for the periodicity of hiccups?,0
9658,Using bisect to flip coins,1
4614,How can GMO contaminate biologic plants?,0
8534,Linux Commands in Python,1
3426,Are there chromosomes that we inherit that are not recombinated?,0
6104,Universality of the Toffoli gate,1
6959,"Hackerrank: ""Cut the sticks"" Javascript solution",1
8840,Inheriting from Dictionary class with tuple as value,1
6846,Decomposing the search problem into several small problems,1
4366,Chromosome 2 alternate explanation - apes gaining a set of chromosomes?,0
10441,Does proving a problem is in P typically mean it will eventually be practically solvable?,1
5064,What is an accessible book about plant evolution for a non-biologist?,0
4860,Estimation of cases with dominant inheritance,0
4866,Is there a way to identify a species of tree?,0
6008,Locking during cache population,1
8473,"Copying content from Excel into PowerPoint as a picture, with error handling",1
8157,Placing 1d items in a 2d grid with constraints,1
11613,Possible results of two programs running on a symmetric multicore system,1
11330,perceptions of machine learning techniques from different careers?,1
5744,Size of classical liver lobule across species,0
819,Is there a category-theoretic generalisation of function application?,0
2987,A smooth fiber bundle $S^1\times S^3\to \Sigma$ where $\Sigma$ is a closed surface,0
7749,"Maximum Subarray Problem - Analyzing best case, worst case, and average case time complexity big o",1
9074,What is the time complexity of this nested loop code?,1
10432,KMP Algorithm Example,1
4506,Mechanism of redirected blood,0
6795,A child ID getting all parent IDs,1
2184,Two exercises on Evans PDE book.,0
7891,Basic standalone horizontal menu,1
7508,Methods for proving upper bound on a-approximiation algorithms?,1
11331,VBA root finder algorithm,1
10305,Why would $NP^ {SAT} \subseteq P^{SAT[O(\text{log }n)]}$ imply that $PH \subseteq P^{SAT[O(\text{log }n)]} $,1
10673,Java class for simple statistics calculations,1
11375,Getting Pascal's triangle recursively in Python,1
11353,alternating Fibonacci and prime series,1
11361,Rails middleware initialization block,1
1106,Existence of basis in both finite dimensional vector space and its dual such that their interaction has some orthogonality,0
7929,LeetCode 1463: Cherry Pickup II,1
11860,Can interval partition solve by sort by different approach,1
10902,PERT Chart exercise - is there enough information to solve?,1
9574,Scheduling task optimization,1
3652,If Tumors have lots of mutations in them how is it the immune system can't detect them?,0
3583,Aquatic forest insect identification,0
3230,Ephedrine or pseudoephedrine indirectly central alpha2 mimetic?,0
8982,PHP creating slugify (clean URL) links in simple way?,1
7286,RockPaperScissor in Python,1
7613,Invariant Proof of For Loops?,1
11512,"Scheme, first timer first program, simple list removal technique",1
8160,Counting words from standard input in Swift,1
3996,Two sets of chromosome and the sequencing output,0
1898,"If $x = 3^{1/3} + 3^{2/3} + 3$, find the value of $x^3 - 9x^2 + 18x - 12$",0
5107,Help in identifying crusty formation on Eucalyptus leaves,0
4741,What is the minimum water consumption for Arabidopsis and other plants?,0
5110,"What is this tiny, transparent creature found in my home?",0
6451,Monte Carlo coin flip simulation,1
4112,Why aren't introns found on the ends of pre-RNA?,0
8163,Binding Lists of Commits to a DataGridView in Winforms with an MVP architecture,1
1913,How to find the area of a quadrilateral given only the length of its sides?,0
6886,Method Ordering - Readability / Maintainability,1
1051,When does Big-O notation apply to functions with arbitrary constants?,0
10879,Rock Paper Scissors Lizard Spock in JQuery,1
9152,Effectively calculate the result of geometric series,1
4399,How related do life forms need to be to produce hybrids?,0
6653,"Regular expressions, is it always true that (r U s)* = r* U s* U (rs)*?",1
3770,Phoresis and mechanical vectors,0
7714,Why is constant always dropped from big O analysis?,1
11616,Simpletron in C without initial storing,1
1198,Matrix Determinant Formula,0
5335,How to use DRAQ5 and MitoTracker CMXros dyes to stain turtle erythrocytes?,0
4714,Alternatives to ethidium bromide for staining small nucleic acids?,0
4369,How do plant cell divide without centrioles?,0
9058,Print numbers in a concentric square pattern,1
11533,Which address bits are used for set selection/tag check in a cache?,1
10451,How to put elements in allowed bags?,1
5802,What is the point in the Neuromuscular Junction?,0
5001,Homework - Genetics linkage problem,0
1259,Integrating $\int x\frac{\operatorname{Ai}'(x+a)}{\operatorname{Ai}(x+a)}dx$,0
10542,Get the highest role of a user across all the organizations he is member of,1
3938,"Is a set of chromosomes made up of many copies of DNA, or is one complete string of DNA broken up into one set of chromosomes?",0
10214,"Fizz, Buzz, or FizzBuzz?",1
2115,Is boundary of a subspace strictly less dimensional then space in topology,0
10892,FizzBuzz in Javascript,1
3661,How can you design a drug to modify apoptosis to treat a disease such as cancer?,0
11226,Is it possible to find the nodes larger than k in a min-max heap in O(m) time?,1
83,Closeness of measures on a cardinal,0
11022,Recurrence: space complexity to Tournament Method,1
6574,Complexity of ANOTHER HAMILTONIAN CIRCUIT problem,1
3567,Why does ice reduce swelling?,0
4772,Can anyone identify this chrysalis?,0
4310,Why does double vision when drinking happen?,0
3365,Heritability in population genetics,0
1814,"What is $\int_0^1 \frac{(1-x^2)xm^2}{m^2x^2+\lambda^2(1-x)} \, dx$?",0
2465,Dimension of endomorphisms subspaces,0
7440,Can I include some manual effort in creating an otherwise automated research prototype tool?,1
1858,Find the derivative of this integral function,0
9452,Define a list using only the Hindley-Milner type system,1
8037,Ensure that ICommand implementation properly uses weak references,1
737,Prove the convergence and find limit,0
9833,"Given a binary min-heap, getting a sorted array of the $\log n$ smallest elements",1
2885,Implicit partial differentiation along $x$ and $y$,0
8175,How to enhance my skills as a programmer,1
3720,How do geneticists compute the percentage of DNA shared between species?,0
4457,Why do the fastest runners tend to be black?,0
6980,Is $\Gamma \vdash x x : T$ possible in the simply typed lambda calculus?,1
11394,"Given two Binary trees, find whether the second is a sub tree of the first",1
2295,Differentiating a period of an elliptic curve under the integral sign,0
9330,Trying to understand this Dynamic Programming solution,1
940,Prove that $112$ divides the integral part of $4^m-(2+\sqrt{2})^m$,0
4552,Oligonucleotide purification with desalting,0
5898,Additive genetic variance $V_A= 2pqa^2$ ... what is $a$?,0
9996,Why is O notation the worst case?,1
3134,PGC-1β Sod2 limiters/blockers,0
9963,Show that a language belongs to the polynomial hierarchy,1
7482,Elegantly avoid columns containing NaNs?,1
9932,Interfaces and Classes between Projects,1
1246,"suppose a>1 is an integer, and p is an odd prime number.",0
4708,CD4+ as Monocytes cell surface receptors,0
875,"Finding $\gcd(2n-1,2n+1)$ . . . I think it's 1 but is my logic right?",0
8107,Pumping lemma of regular language,1
8214,Simple decision tree in Haskell,1
1575,Finitely Generated Category Representation,0
7483,Maintain sync of select list,1
11414,How can solutions of a Diophantine equation be expressed as a language?,1
828,Convex hull of $\{ \Vert x \Vert = 1 \}$ is closed in strictly convex space,0
115,Is a right-hand differentiable function differentiable almost everywhere?,0
4141,Gibbs free energy and its change for the hydrolysis of ATP,0
9451,Setting manager class for reading and managing Settings.ini file of my program,1
5096,Why is leucine amino acid used the most in proteins and tryptophan the least?,0
10723,Determining winning line in TicTacToe game,1
8727,Calculate all the prime numbers between two given numbers,1
9420,Remove last word from string,1
2111,Solve the equation $\cos^2x+\cos^22x+\cos^23x=1$,0
5946,Does anyone know the explanation for branches with different flower colors (see picture)?,0
10329,Extended Euclidean Algorithm in modern and readable C++,1
3333,ATP required for cell processes,0
6628,GreetingCard problem with Coordinates,1
4147,Purifying a linear plasmid after restriction digest?,0
2319,How to show a circle and a elipse is homomorphic in $R^{2}$?,0
3939,How can highly virulent but uncommon diseases (like ebola) maintain a stable equilibrium?,0
6774,how long will it take to execute a ten-stage pipeline,1
9104,Usage of master theorem for solving recursions,1
8794,Defining function for arithmetic expressions,1
9063,Class to get user information,1
915,Partial derivative of a function of a matrix,0
6450,Size of the largest connected component in a grid in Python,1
11240,Inputting and sorting three integers,1
3883,Is there such a thing as an autotroph that doesn't use photosynthesis?,0
672,What is the area of the largest trapezoid that can be inscribed in a semi-circle with radius $r=1$?,0
3757,Can iGEM distribution parts be directly PCR'd?,0
5207,Are there any proven ways to increase the rate of bone remodeling in humans?,0
9459,Go - avoid result reassignement in OOP,1
7154,"Logs 'Fizz' for multiples of three, 'Buzz', for multiples of 5, and 'Fizz Buzz' for multiples of 3 & 5",1
10165,Is Timsort more efficient than merge sort and why?,1
9673,How to show that the set of TMs that accept languages of size two is recognizable?,1
2246,"Showing: $\mathcal{P}(A_{Z\backslash \{i\}},b_{Z\backslash \{i\}})\neq \mathcal{P}_\iff\exists \mathcal{F}\text{ (non-trivial) }$ of $\mathcal{P}$",0
9784,Is there a universal learning rate for NeuralNetworks?,1
6976,Remove and add connection string,1
3692,Periods of Heavy Speciation,0
2829,Prove by using diagonalization,0
433,Use generating functions to determine the number of ways,0
263,How many ways are there for eight men and five women to stand in a line so that no two women stand next to each other?,0
2882,"Showing $\{\alpha^0, \alpha^2, \ldots , \alpha^{n-1}\}$ Serves as Basis for $F(\alpha)$ If $\alpha$ is Algebraic",0
8443,Efficient loop over a integer range in Python,1
719,The length of Triangle,0
4076,Can we say the 'goal' of Mullerian mimicry is a 'decrease in the number of sacrificed indivials'?,0
6167,Matrix OOP implementation using C++11 and C++14,1
1044,"Proving that $p\land q$ cannot be written in terms of $p,q,\Rightarrow$",0
811,Proof that the square root of $5$ is not a natural number,0
4539,Where does Taq polymerase migrate during electrophoresis?,0
2029,Loop over bit permutation one flip at a time,0
6799,First-class objects in Python,1
11853,Why is EXACT-CLIQUE not in co-NP?,1
6516,Suggestions on Point Cloud fusion,1
3198,Why is DNA replication not 100% accurate,0
6217,Algorithm to find optimal currency denominations,1
3213,Does opening the lid of the spectrophotometer affect my results?,0
10792,QT thread with timer,1
6461,Handling an invalid SQL query exception,1
8862,cake pattern object assembly - using a builder function in combination with the cake pattern,1
9266,Generating symmetric keys,1
4501,Why are some genomic regions sequenced more than the others?,0
11502,Are there any memory issues with this Eigen QR wrapper?,1
6444,MAXSAT approximation,1
5716,Do Black Hair Fuzzy Caterpillars bite?,0
6911,Polytime and polyspace algorithm for determining the leading intersection of n discrete monotonic functions,1
1273,What is the probability there is no prime between $n$ and $n+\ln(n)$?,0
3500,"In the context of heterotrophic theory of abiogenesis, what is an organism that eats other organisms called?",0
7593,Multiple for loops in Sudoku solver,1
5478,Spermatozoa and sperms,0
9318,"""Enter key pressed"" event-handler",1
1588,angles of a cyclic quadrilateral,0
9969,What do we call a function that outputs 0 on half and 1 on the other half of all inputs?,1
8760,Best- and worst case for Mergesort using Bubblesort for small lists,1
1743,Mathmatical notation of random function,0
9507,Decidability of equality of expressions involving exponentiation,1
11954,Reconciling NP and the decision problem,1
2127,"Taylor series of $f(x)=\frac{1}{4+x^2}$, with $f:D\to\mathbb{R}, D\subseteq \mathbb{R}$ at $x^*=0$.",0
2664,defining the riemannian metric,0
5271,Evolution of autophagy and apoptosis,0
5992,Recognition of snake (image),0
1203,Can you factor a matrix out of a summation?,0
4953,Understanding PAM and BLOSUM matrices,0
7856,Decidability of dependent typing on primitive recursive languages,1
11057,Random changes in a list of binary numbers,1
8555,Extension methods for translation engine,1
528,Pseudo-code for Polynomial Long Division,0
1157,how to find relation R^2,0
23,Monotone likelihood ratio without densities,0
7142,Proof of 0/1 knapsack optimal substructure,1
7232,Can the processor just turn off the interrupt request line?,1
9714,Powershell search millions of files as fast as possible,1
8581,"When directed graph is linear, return the nodes in order. Otherwise fail",1
3203,Measuring fitness / lifetime reproductive success (LRS) in Drosophila,0
90,"If $\int_\mathbb{R} f(x)dx = \int_\mathbb{R} g(x)dx$, then is $\int_\mathbb{R} k(x) f(x)dx = \int_\mathbb{R} k(x)g(x)dx$?",0
10562,Is valid the notion of infinity for the NP-complete problems?,1
4077,Why biologic systems tends to become more complex?,0
1197,Inequality with a twice differentiable function,0
648,Taking adjoints does not preserve strong continuity of semigroup,0
11775,Benefit of Petri Net Transition as Separate Object,1
4259,Physiology of skin and leather: why do salt borders occur?,0
6826,What is the order of the Pancake graph in Given example & what are the properties of Pancake graph?,1
439,Do tableaux proofs show syntactic or semantic entailment?,0
6319,Searching a nested data structure for 2 attributes,1
9226,Finding the Minimum and Maximum Value in an Image,1
8230,Best solutions to 6 degrees of separation,1
10191,Entering pupil information,1
2661,"Using the information of homogeneous Fredholm integral equation, solve the following problem for a non-homogeneous one.",0
297,Why is function y in Riemann steiltjes integral $\int xdy$ required to be monotonic?,0
5767,variation in expression accounted for a SNP -- what's a usual percent?,0
7935,Dual Signed Kahan Summation,1
11341,Turing Machines: Arbitrary alphabet equivalence with binary alphabet,1
311,"Existence and Uniqueness of a Volume Element on an Oriented, Pseudo Inner Product Space?",0
7220,Need of reducing problems if we already know that a problem is undecidable,1
7239,Update SQL database with using statement and SqlParameters,1
6368,Program to automate clicking on the new button on a chat website until the username matches certain conditions,1
5057,Please identify this bird,0
4240,Time required to evolve advanced chromatophores in octopuses and squid?,0
7888,Applying minimax tree to this array,1
5760,"In microarray normalization, why is the normalization factor this?",0
8178,Fastest method of randomly swapping array indexes / generating random alphabets in C++,1
2575,Dirac delta function of a function - can I make this transformation?,0
48,Is there a notion of measure over arbitrary metric spaces?,0
11488,Decidability of the language of all deterministic LBA where all states are reachable,1
7392,Project Euler problem # 3 is this the most efficient approach in Python or can I do better?,1
5973,Modelling how much cadmium a cell will be able to chelate with phytochelatins,0
5674,Why were dinosaurs not as smart as humans are?,0
11514,Are all problems approached and solved in fundamentally the same way?,1
4810,Thymus and maternal microchimerism,0
3634,what is the meaning of the genotype values in each snp,0
11408,Scrape google apps page and store application details in database,1
5455,What happens if a circulating naive B cell is met with a polysaccharide/lipid antigen?,0
7542,Function that shows markers all at once or with a delay,1
1075,Partial Differential Equation,0
7272,"What are the draw backs, if any, in using C and C++ together? Is doing so considered correct by the large?",1
2009,Are there general methods for showing the existence of algebraic values at algebraic points for functions over open subsets of $\mathbb{C}$?,0
10618,Prove that $1^\text{nan} = 1.00$,1
2974,Fundamental group of $Spin^c(2)$?,0
6360,Platform game rendering method,1
8248,Send / receive wrapper for System.Net.Sockets,1
5084,Key points of Wagner's theory of innovation,0
5855,Are there certain symmetric-pair muscles that are slightly bigger and NOT due to handedness?,0
7789,Find equivalent weighted DAG sum of whose weight is minimum,1
92,An application of the axiom of choice?,0
489,Unambiguous inequality notation,0
1461,Proving an inverse function is continuous,0
4515,"With so many different species of fish with often very minor differences, how is the precise species identified authoritatively?",0
10766,Parsing command input with simple bimaps,1
6484,Applying Master Theorem to: T(n) = T(n - 2) + n^2,1
1362,Proofs involving Gradient,0
10332,Why does Fully Utilized Thread Change over time?,1
2895,"Solving Dudeney's ""A Question of Cubes"": sum of consecutive cubes is a square",0
3351,What kind of detergent should I use in cell culture laboratory for cleaning purposes?,0
6875,Whats the difference between an oracle and a decider in Computational Theory?,1
7833,Transmitting/Sending big packet safely using TcpClient/Socket,1
3933,DNA extraction from agarose gel,0
4873,Function of the alpha subunit in mitochondrial ATP-synthase?,0
4409,How do anaerobic bacteria produce ATP for their own cellular activities?,0
2365,Existence and uniquenees to the equation,0
6895,Lower-order term constraints and wrong guess,1
7621,Is logical to physical address conversion inclusive?,1
6407,Download and write ~100k images,1
1288,Recursive definition of set and axiom of choice,0
11364,Extracting a conversation from a Skype sqlite database,1
9872,"4 distinct integers, whose reciprocals sum up to 1",1
5937,phylogenetics and substitution ratios for positive selection,0
11006,How to prove that the time complexity of this algorithm is O($\sqrt{N}$)?,1
1281,Solution verification of Exercise 8.2.6 Terence Tao Vol1,0
8552,Clojure - substring? function,1
5184,Which statements are true regarding an energy pyramid?,0
4824,Reconstruction of wildlife distribution based on poorly-sampled data,0
6937,min vertex cover to access k edges in a tree,1
5037,Can a new plant grow from half a Succulent leaf?,0
10932,Vapnik-Chervonenkis Dimension: why cannot four points on a line be shattered by rectangles?,1
3321,How much DNA does a species lose after post-polyploidization genome downsizing?,0
5355,Why can DNA tests with mixed DNA of several people not be used to detect a criminal in a database?,0
7460,Function to class migration: constructor best practice,1
8519,Convert size_t to big endian on Linux,1
10129,List all the git branches,1
5629,Why are bacteria immune to snake poisons?,0
394,Euler's Numerical Method,0
8570,Return payload in service layer,1
7538,Simple bruteforce algorithm in Swift,1
244,PDF for the sum of a Gaussian random variable and its square,0
1465,How to factor a polynomial with a complex term?,0
5503,What is carbon in the soil?,0
7905,Acceptable way of using jQuery methods in Angular directives,1
450,"Prove that the language $\{ww \mid w \in \{a,b\}^*\}$ is not FA (Finite Automata) recognisable.",0
9828,Semantics of Regex with boundary matchers,1
6708,Run control tasks asynchronously using TPL,1
7205,Create all combinations of length N from a given alphabet (2),1
8064,Rotate and translate a 2D point N times,1
5614,Is there variation of AT/CG ratio along species?,0
7603,Largest palindrome made from the product of 3-digit numbers,1
1101,What is the significance of magnitude when we put a point in $ax+by+c$.,0
8973,Complexity class of finding the number of walks of length $k$ that have different vertex sets,1
2272,What is the difference between the 2 ways to remove percentages?,0
634,Prove that the Fourier transform of a test function has not compact support,0
2390,Continuity and derivative square integrable implies Holder continuity?,0
8289,"Expected number of maximal cliques in $G(n,p)$",1
10498,Body mass index calculator in Swift,1
9219,How are data types related to information theory?,1
11277,Tic Tac Toe using Cartesian coordinate system,1
8272,Simple factorial program using recursion,1
1136,Lipschitz condition for open sets,0
1921,How to prove that the set of Real numbers is infinite,0
10189,Max-min of a nonconvex quadratic problem,1
1825,How to proof using only pumping lemma that something is not regular?,0
1084,Function problem vs. decision problem,0
1392,Proving the equivalence for the map given with wedge product,0
11351,How to decrease the confidence of a Monte Carlo algorithm in its answer?,1
6214,Laundry - sort socks,1
4244,Are there any primary structure sequences that strongly suggest b-sheet or alpha helix?,0
377,Is the following set compact,0
6646,Solving the max-subarray problem from CLRS in C++,1
9103,Removing nodes with a given value from a linked list,1
2949,Combination of Normal distribution,0
4844,is this true to select 100 volume higher concentration of a drug test?,0
10407,Finding the objects with the cheapest seats,1
10289,Why are these functions slower than BigInteger's included methods?,1
9851,Accessing UserControl's DataContext from another UserControl,1
8479,Neural network diverging instead of converging,1
9787,Parsing notes saved in text file to a dictionary,1
9112,A Language Belonges to PSPACE,1
5032,Osmotic Pressure Clarification,0
1110,Convergence rate of Newton's method (Modified+Linear),0
3698,Understanding mRNA vaccine for COVID,0
3892,What is this soft cased worm-like creature?,0
2372,Is the running maximum of random walk a martingale?,0
2581,Conditional and absolute convergence of an integral,0
8822,Combinatorial model for multiparty communication complexity,1
8475,Macro for rounding with variable precision,1
3034,Mammal size and capillary wall thickness,0
4237,What exactly are computers used for in DNA sequencing?,0
11321,a problem with Suzuki-Kasami mutex algorithm,1
11215,Palindromes and linear grammars,1
697,Equicontinuity of $\{f^n\}$ for a continuous $f:X\rightarrow X$,0
2579,"Break a finite double sum $\sum_{i,j=1}^{n}$ into $|i-j|K$.",0
521,exponential equation system without log,0
1229,"Let $L_1 = 1, L_2 = 3$ and $L_{n+1} = L_n + L_{n−1}$ for $n ≥ 3$. Prove by induction ...",0
2330,Symbol/notation/strategy for figuring out an unknown inequality?,0
11792,generating stochastic coloured noise for many oscillators,1
367,Matrix $p\in M_2(\mathbb C)$ such that $p^2=\bar{p}^t=p$ and $\mathrm{rank}(p)=1$,0
11562,Paint graph ordered vertices,1
8169,Is it possible to build regex-based-map with search asymptotically faster then hashmap?,1
2463,Number of directed multigraphs with $n$ arrows?,0
5601,"Does this ""fleeing spiders leaving fields of webs"" phenomenon have a name?",0
7240,Find anagrams in a list,1
3815,Help identifying tiny jumping bug,0
11719,Add existing models to a relation using nested attributes,1
10802,Avoiding pointers in this C++ linked list,1
3768,How is it possible to breathe perflurocarbon?,0
299,An interesting stopping time problem using PGF's,0
11151,HTML5 canvas drawing from video source,1
1279,Even number of Parentheses (off by one),0
10964,Replace enums by inheritance,1
3902,LD50 of Botulinum Toxin,0
6119,Parse Numerals from a String in Golang,1
4554,Applications of shortest path problem,0
2627,"Let $g:= f(x,y) ||(x,y)||^4$. Prove that $g$ is differentiable on $(0,0)$",0
5075,How does the microbial environment in your gut initiate?,0
174,Laurent polynomial algebra simple,0
10972,Game launcher for The Sims 3,1
9718,Finding number of memory locations in chip,1
1391,Prove that mean independence implies zero conditional expectation in regression model,0
6623,"Is there any sort of formal definition of terms like 'data type', 'abstract data type', etc?",1
3497,How does epigenetics affect the birth conditions via alcohol?,0
6459,Tag wikis under a certain length,1
7166,Convert image to grayscale,1
7611,A double search function that looks in a list for one value and then the other alternatively,1
8839,"Show that if Automata $A$ recognize language $L$, there also exists an automata $A′$ that recognize $Double(L)$",1
2845,Naming a binary relation,0
4615,Are your finger muscles and tendons interconnected?,0
3657,Could someone Identify this Insect Hive on my Balcony Grill,0
10513,Generating a 64 bit unique integer in Java,1
5571,Measuring body size in flies/insects,0
5689,"What are dreams, biologically?",0
6973,Dangerous interrupts,1
3144,Did we evolve from monkeys?,0
7108,UNUSED() with teeth in C++11 debug builds,1
1315,"Given nonnegative $x_1, \cdots, x_n \geq 0$, show that $x_1 + \cdots + x_n \geq \sqrt{1} + \sqrt{3} + \cdots + \sqrt{2n-1}$",0
11202,QPlainTextEdit subclass function to indent lines in selection,1
7144,Simple multiplication quiz,1
8767,Simple JavaScript canvas game,1
9759,Find values in list which sum to a given value within tolerance,1
6909,Mutually exclusive expandable panels (needs to work in IE9 and above),1
5634,How do I prepare a solution? (Calculation),0
9800,Filtering on an array of object literal properties and their nested array values,1
1701,Extending function with local maximum in a bounded smooth domain.,0
8679,BST implementation in c++,1
1330,"Proving the harmonic series, multiplied by a factor of 1/n, decreases monotically to zero.",0
10847,What does it mean to have tokens at a state in a balancing network?,1
2495,rational function with absolute values,0
3702,What exactly does Curare do to the peripheral nervous system?,0
2448,"Abbott Exercise: Prove that $ x_1 = 3 $, $ x_{n+1} = \frac {1} {4-x_n} $ converges.",0
6718,Show cents only if price contains them,1
2669,Find $\liminf a_n$ and $\limsup a_n $,0
8207,Performance of unpack(),1
9179,Vorticity Matrix for Markov chain,1
8251,How do we mathematically figure out if a SVM kernel function overfits?,1
3825,Does methanol fixation deform cultured cells?,0
8648,Lambda calculus :Will there be any x left after first substitution?,1
2063,Real number * Integer = Integer,0
11289,Swift permutations of the digits of an Integer,1
3154,Why is methylcellulose used in pharmaceuticals?,0
7500,Given a bitstring generate all bitstring with n flipped bits,1
3026,How are babies born without a brain?,0
46,How does one visualize sequence of derivatives and functions in a same diagram?,0
11017,Is there an implementation of higher kinded types in typed lambda calculus?,1
10132,Terminology First-Order Logic,1
7741,More efficient vertex-labelling algorithm than BFS?,1
5090,Difference between Facultative Aerobes and Facultative anaerobes,0
1797,How to show that the limit of a fibonacci sequence equates to 1 as n goes to infinity,0
5999,What is the status of the cfDNA ends?,0
2053,Is the set described below disconnected?,0
8221,How to set an interval to std::map,1
9900,CRUD app for managing customers,1
445,Transition from countable to uncountable,0
7509,Algorithm for compressing binary data that can efficiently be partially decompressed,1
10702,Diamond in the rough! Finding Gems in the rocks,1
7809,How Does Dynamic Heap Storage Have Something to Do with Heap?,1
11275,Find max flow in a network with all capcities of $\sqrt 2$ and one with 2,1
8110,String split for street addresses,1
3653,Why does the stability of YAC increase with size?,0
9496,Lower the volume of my computer over time in Python,1
8818,Using jQuery to set the class of an element corresponding to the selected radio button,1
173,Defining a sheaf of differential operators,0
694,A cycle is an even permutation iff its length is odd,0
7693,Calling method with complex arguments,1
10851,When is conditional Kolmogorov complexity zero?,1
10890,Simple timed event template class,1
8541,Union of right congruence relations,1
3119,"Is the ""freeze response"" really a remain of our reptilian past?",0
6994,How does a hard drive knows what bit is the beginning of of a byte/word?,1
3570,How to detect specific mRNA dsRNA by Northern analysis?,0
7471,ES6 class that generates an area where you can draw on a page,1
4370,Olympic's epidemiological impact on Zika?,0
4760,why is DNA better for storing genetic info while RNA better for transmission of it?,0
6780,JavaScript HTTP regular expression,1
10240,$O(n+nm) = O(nm) = O(m+nm)$?,1
3976,How detailed a construction of the family tree of known human fossils do we have?,0
5671,What determines the number of chromosomes an organism carries?,0
4638,"What is the difference between a human being, a Homo sapiens, and a Neanderthal?",0
9068,"An algorithm that finds the number of ""lined up columns""",1
10665,Wrap glium_text so that parameters aren't passed redundantly,1
6074,Linear regression on points specified by the user in a GUI,1
6658,Creating a repetitive string in Common Lisp,1
205,"How to prove for each weight, $E^{adj}_\alpha$ is non-degenerate?",0
1647,Finding the upper bound for this recursion: $T(n) = T(\log n) + O(\log n)$,0
1395,Power Reducing Formula,0
5444,Geographic regions as subpopulations/demes,0
5146,"Is it possible to have undamaged healthy cell, that is dead?",0
8132,PDA with more than one initial state,1
11059,Given n sorted arrays with size k select one element from every array such that the sum of the elements is minimum and the sum of their indices is k+1,1
8606,"""Log in"", extract number from a map, increment it, and log out",1
5343,Pros and cons of amino acid structure vs DNA sequences for evolutionary comparison,0
1956,Coordinate Form of $r = x/2$,0
929,"Is there a dilation/scaling ""equivalent"" of Wiener's Tauberian theorems?",0
3014,Can a firefly control its glow?,0
5300,Pink E.coli cell pellet. Reasons?,0
1589,probability of events given data,0
10045,"Send Opencv::Mat image from Qt application to HTML client, using websocket",1
11443,Proving that a (tree) language is not Buchi recognizable,1
7183,Python Solution for Project Euler #2 (Fibonacci Sums),1
215,Prove by induction for $F(2n) = F(n)[F(n-1) + F(n+1)]$ for all $n\ge 1$,0
11684,Should I differentiate object types by calling methods via variables?,1
9412,Minimal substring with all characters contained in string,1
5857,How does it make thermodynamic sense for photosynthesizers to turn CO₂ into O₂?,0
10480,Python tic tac toe class,1
7574,Number of distinct single-assignment forms with $j$ binary function calls?,1
10442,Calculate probability of word occurence,1
1489,"Integration with surds, problem taking out $x^2$",0
6492,Recursive language with non-recursive subsets,1
7589,Towers of Hanoi in Haskell,1
11339,Can a unnormalized floating point number be recognized also when exponent is not zero?,1
9636,"Does there exist a Turing-machine that runs in time $o(n\log n)$, but not $O(n)$?",1
9895,Writing better JUnit tests,1
1105,"Eigenvalues of $A^n$, $A=\begin{bmatrix}1&1\\1&0\end{bmatrix}$",0
3754,Database of Medical Assertions,0
10348,Asking for a number in Java Swing,1
5705,Is the promoter region of a gene transcribed?,0
1791,Trigonometric function with a theoretical scenario used to find missing variables?,0
3805,Does the human eye see things at twice the distance in a mirror?,0
1555,Excercise about convex functions counterexample,0
10894,Copying orders and prices into another Excel sheet,1
10574,Jolly jumpers programming challenge,1
7719,Binary Calculator in Java,1
4338,Identifying an insect in Cambridge UK,0
3109,How is the urea cycle regulated with respect to protein deficit?,0
3749,How do our muscles get tired?,0
6269,Making a priority queue using a Heap. Without using queue or heapq,1
3792,Dawn simulation - does color change affect waking up?,0
3774,Do organisms have a mechanism to control how fast mutations occur?,0
1751,Defining principal elements of every poset. Is this a new idea?,0
1617,Prove an equation given 3 tangents and coordinates of centre of a circle,0
7939,Find most stable combination of a vector with itself at different periods,1
5747,Do antisense transcripts have different names than their sense strand transcripts?,0
10366,Token Generator Using Threads,1
693,"Is the convergence in ""the topology of pointwise convergence"" for sequences or nets?",0
5707,Do seeds use cellular respiration when they are germinating?,0
6819,Multiple values against same condition,1
209,Convergence of maximum of iid random variables in distribution,0
5708,What causes muscle spasms?,0
10985,Vending Machine class,1
3040,What is a good biochemistry reference for reading papers about metabolic pathways associated with human disease?,0
2046,Sum of 1/n^4 using a half period cosine series,0
6635,"Organizing a ""speedback""",1
696,Transform a recurrence with fraction into a linear recurrence,0
5595,Genetic mutations and new alleles,0
8734,Optimizing rendering with a lot of transformations and save/restore,1
1089,Counting the number of ways that no pair is shown in a shoes drawing experiment,0
9278,"Does there exist a way, within Lambda Calculus, to discover if two free variables are the same?",1
10057,Why does a software video encoder create higher quality output than a hardware video encoder,1
3215,Plant identification,0
6046,Training preamble in convolutional codes,1
6031,Search problems that can also be solved by junction trees and searching cliques,1
8775,Optimizing Codegeneration from Ast,1
902,"On integration, measurability, almost everywhere concept",0
5565,What is the difference between endometrial lining and endometrial stroma?,0
10651,Handling of memorystream with streamwriter efficiency,1
3176,Is there any possible way that hybrids can mate?,0
220,Domain Issue: Notation,0
2648,Necessary condition for improper integral of odd and even functions to converge,0
11078,Listener callback functions,1
833,Solving a simple systems of equations,0
1946,Is a non-empty Language required to contain the empty string by definition?,0
425,Volume of the unit ball through areas of spheres,0
735,Is $E(f(x))$ always a constant?,0
6132,Is persistence a property of a database?,1
4969,Can a person die instantaneously from internal damage to the brain?,0
266,"If $\{u_1,...,u_n,v_1,...,v_k\}$ is a basis does it necessarily follow that $\{u_1,...,u_n\}$ is linearly independent?",0
11120,Intercept URL containing values or not,1
4568,What happens to the nitrogen when an oxygen machine delivers only oxygen?,0
9675,Parallel quicksort algorithm taking way too long,1
10392,Performing tasks concurrently,1
3306,Why is compensatory negative supercoiling generated in a positively supercoiling ccDNA?,0
9785,pull things from lazy source till timeout is reached,1
2057,I am not able to make the required GP to solve this,0
10197,How much math does one need to know to understand discrete math/structures for computer science?,1
8983,Drawing an implication graph for 2-SAT clauses,1
1697,How can I show that a continuous homegenous operator maps a maximal connected element to itself?,0
4901,Changing time and rpm of centifuge,0
6748,Shopping cart in Rails for karaoke items,1
3396,Non competitive inhibitors and Uncompetitive,0
939,Is this inequality true for all k ? $\sum_{n=k}^{n=+\infty} \frac{1}{n^4} \leq (\sum_{n=k}^{n=+\infty} \frac{1}{n^2})^3$,0
961,Difference between supremum and upper bounds and between infimum and lower bounds,0
4361,Locomotion of Hydra: Why Somersaulting is better than Loop locomotion when moving to a larger distance?,0
5782,Getting xyz co-ordinates from a .map file (CCP4 format) in VMD,0
2034,"If the dual of a topological vector space separates points, does it separate a point and a closed subspace?",0
6611,"What is the generating algorithm for the ""komb"" instances found on satcompetition.org?",1
6603,Arranging Buttons on a Process Enumerating Application,1
2069,What is the difference to compute double integral?,0
11478,Quickselect algorithm in Swift,1
2456,What are the distinct cyclic subgroups of order 12 in $\mathbb{Z}_6 \times \mathbb{Z}_{10}^\times$?,0
10609,Why a language specified by a regular expression is not a complement of a given language?,1
10293,Calculating multiple car prices from a file,1
8578,How to find max margin for non-separable SVM?,1
11046,Types of pipelining?,1
3888,What happens to the brain during meditation?,0
3930,Is this maritime plant a species of zostera?,0
2608,Methods for calculating the mean and variance of a distribution created from the addition of two normally distributed quantities,0
6458,Reading Values From Enviromental Monitor XML Feed,1
8325,Finding the maximum substring for which a given predicate is true,1
9912,React timer application,1
8520,Optionally disabling a call-tracing decorator in Typescript,1
10295,Target src/main.rs::main()?,1
1367,automatic differentiation on matrix-vector product,0
8731,Counting characters in a text file,1
2764,"With circular vertical motion and linear horizontal motion, how to move in a straight vertical line.",0
9602,Filter dataframe based on unique values in multiple columns and drop rows based on index,1
9664,Is there a grammar (not necessarily context-free) that generates $n^2$ zeroes?,1
3543,Recombination frequency as a function of genomic location in E coli?,0
8063,Add 1 to an integer represented as an array of digits,1
11367,Faster method to find data using search word?,1
5257,How do I know which alleles the parents have?,0
3307,What species of mulberry is this?,0
5028,How does 'phosphorylation of glucose' maintain concentration gradient in membrane transport (facilitated diffusion)?,0
7877,Get the value of the precedent day in a pivot table,1
9873,Improving a function from using 1-D arrays to 2-D arrays as argument,1
2003,Show function series is uniformly convergent by the derivative and pointwise convergent,0
9216,Creating a directory structure from JSON,1
10693,Can every DFA be converted to an equivalent one that has a single accept state,1
5722,Decoding animal language (dolphins etc),0
8879,How does this Turing machine accept $a^n b^n$?,1
2139,quotient manifold theorem,0
10036,Interval Subtraction,1
11250,Asymptotic runtime of recursive algorithm uisng subsitution method,1
3303,Is there a bacterium that became a virus?,0
7913,Calculating speedup for a two-way superscalar cpu,1
11010,Context free grammar to Chomsky normal form,1
9329,How to calculate the weight between neurons in ANN?,1
8345,Why is the initial state of Zobrist hashing random?,1
7743,Monitor webserver accessibility inconsistencies,1
1610,Are $(\exists x)(\exists y)$ and $(\forall x)(\forall y)$ equivalent to $(\exists y)(\exists x)$ and $(\forall y)(\forall x)$ respectively?,0
10128,Creating a CFG that connects lengths of three blocks,1
3704,Effect of opposing electric charges on cells,0
10634,Calculate Pagerank of three nodes,1
5065,Have there been studies done to test Immortality of cancer cells in culture?,0
4500,Conjugated deoxyribonucleotides,0
11960,What do you get when you add $O(n)$ to itself $n$ times?,1
5777,Energy transformations in chemiosmosis and ATP synthase,0
2857,Does HOMFLY-PT polynomial for links ever vanish?,0
5047,Are exosomes useful as a transfection or delivery mechanism in gene editing?,0
10783,Can you help me optimize this code that calculates a Simple Moving Average?,1
965,Inverse Laplace Transform of $\frac{1}{e^s-1}$ and $\frac{s}{e^s-1}$,0
11189,What is the definition of a property?,1
8800,Random Prime generator,1
10311,Find a hole while travelling along an infinite wall,1
8018,A filled_multi_array Template Function for Boost.MultiArray in C++,1
7780,CS50 - Bleep suggestions,1
560,Construction based on circumcenter and incenter,0
5317,How To Avoid Macro-Evolution Confusion?,0
10630,What is the time complexity of memory allocation assumed to be?,1
74,Uniform Convexity Property,0
6822,Minimum edge deletion partitioning,1
581,"Find integers $\alpha$ and $\beta$ such that $255\alpha + 63546\beta= gcd(255,63546).$",0
3714,How long is one generation for a mosquito?,0
5576,Viruses affecting transmission capability of mosquitoes,0
2162,Product rule for logarithms works on any non-zero value?,0
5480,Identification of a larva,0
8042,LL(1) grammar for the untyped lambda-calculus,1
10904,Is it compulsory that every infinite set be non regular?,1
759,Maximum determinant of $3 \times 3$ matrix,0
7344,quicksort recurrence relation,1
11315,Password expiry notification script,1
5312,Help me identify this... plant? fungus?,0
4601,How can I generate a random DNA sequence?,0
877,Prove that a certain sequence is increasing and find its limit: $a_1 = 1$ and $a_{n+1}=n(1+\ln a_n)$ (and $(a_n)^\frac{1}{n}$),0
11468,"How can the max-flow and min-cut problems, if dual to one another, both have unbounded optimal value?",1
3128,"What percentage of the human genome hasn't been sequenced yet? If percentage estimates aren't precise, why is it difficult to estimate?",0
3285,Biological data source of trees,0
7355,Isometric Projection and Culling,1
10318,Total Number of Bits Needed to Represent a List of N elements,1
11029,Does strong typing contribute to better performance optimization by compiler?,1
3527,How can I differentiate between polysaccharide bands and protein bands on SDS-PAGE?,0
8500,Lexicographically Smallest String,1
1128,"Under what conditions is the operator $Ax = [x, y]x'$ a projection?",0
7419,Is Event.wait necessary here?,1
6440,graph decomposition into simple cycles,1
7884,Efficiently calculate the value of an arithmetic sequence,1
2450,solution of non linear differential second order equation,0
11600,Unrestricted grammar which generates $\{ a^1\#a^2\#a^3\#\dots \#a^k \mid k >0 \}$,1
8428,"A monad is just a monoid in the category of endofunctors, what's the enlightenment?",1
11958,PHP strpos() as a way to implement an swear word filter,1
4994,What is a cortical circuit?,0
1773,"Show that $\mathrm{min}(\frac{a}{b},\frac{a'}{b'}) \leq \frac{a+a'}{b+b'} \leq \mathrm{max}(\frac{a}{b},\frac{a'}{b'})$",0
2356,If and only if condition for Simpson's paradox,0
1241,Unique line in $\mathbb{P}^4$ intersecting three pairwise non-intersecting lines not in a hyperplane.,0
7885,"Get chat message data from table, grouped by date",1
5740,new DNA sequencing technologies?,0
2492,Chain rule for multiple variables,0
10319,Euler #3 largest prime factor,1
8700,Lottery number generator,1
8240,"If P=NP, which two languages are NOT NP-complete?",1
7043,Which method for ODE instead of Euler's?,1
306,Lower bounding the expectation of an infimum,0
11807,Dynamically loading CSS files based on URL or URI in PHP,1
11177,Including a page specified in query string,1
11989,Changing Component Style,1
5166,Why do Major and Minor grooves exist in dna strands?,0
2271,How to solve this Pell's equation $x^{2} - 991y^{2} = 1 $,0
7713,Diagonal gradient optimization,1
6960,C# function to execute queries in a SQL Server database,1
5113,"How likely will 2 normal bacteria ""attack"" each other if they infect the same parts of your body?",0
1960,Equivalence of transversality conditions,0
11841,Trie sorting based on word frequency,1
8122,Is Post Correspondence Problem in NP?,1
2333,Modular arithmetic problems,0
6621,NoSQL-based sequence generator,1
7497,Pattern for prototypal class creation,1
11670,DRYing out my action creators,1
7594,Find the smallest binary digit multiple of given number,1
2603,Eavaluating an indefinite integral,0
8771,Trying to implement cross-class functionality that needs a field to operate in C#,1
469,Convexity of a trace of matrices with respect to diagonal elements,0
2187,Is there a faster way to solve this problem?,0
6016,Conversion of RE to NFA,1
5638,What type of fish is this,0
1902,$E_{\infty}$ algebra in characteristic zero,0
2486,Prove that the center of a circle within a constructed triangles lies on the angle bisector,0
3244,Why is Leptospirosis so difficult to catch?,0
9522,Simple Java addition calculator,1
9999,Is Not-STCON is NL-Complete?,1
10568,HTML table representing a database table and a sidebar,1
5790,Is there a difference between a consensus PCR and a pan PCR?,0
4538,Does avocado and orange have a common ancestor?,0
5904,Do all organisms have to die?,0
5741,Are human chromosomes connected or separate molecules?,0
7561,prove that NDFA = { | M1 and M2 are DFAs such that there is at least one string x that is accepted by neither M1 nor M2} is decidable?,1
1319,Limit of Poisson Distribution,0
5632,How do catenanes form when DNA replicates?,0
2778,"Is $\sum _{n=1} ^ \infty \frac{1}{(x+\pi)^2 \cdot n^2 }$ uniformly convergent on $(-\pi , \pi)$?",0
2290,"$\int \frac{(e^z)}{z-\pi i} dz$, if C is the ellipse |z - 2| + |z+2| = 6",0
1822,Integral containing inverse $\tanh$,0
8080,Building tree structure based on flat objects - second follow up,1
4755,How to dialyze large amounts of precipitated enzyme solution (ammonium sulfate)?,0
941,Complicated comparing sets,0
9365,Read file into list when class is instantiated in Python 2.7,1
344,Proof involving Floor function,0
6175,Read daily files and concatenate them,1
3038,Gene transfer between Gram positive and Gram negative bacteria?,0
3547,Does focusing on a certain part of the body increase electrical activity in that region?,0
4536,Why don't acacia trees prefer increasing tannin levels in their leaves rather than leaving them high?,0
7607,NAQ 2018 Problem D Froggie,1
5331,What are the different types of helices in protein secondary structures and how do they differ?,0
3015,How do scientists create specific mutations?,0
11991,Bot clean written on C++,1
669,What is meant by the absolute convergence of the infinite product $\prod\limits_{n=1}^{\infty} \frac {1} {1+a_n}$?,0
3341,Nervous stimuli and neurotransmitters and impacts,0
2588,Using connectedness to show that $\mathbb{R}^n$ is not homeomorphic to $\mathbb{R}$,0
2488,Simple Curve Integral using Parametrization,0
36,"On every simply connected domain, there exists a holomorphic function with no analytic continuation.",0
287,How to find out if there 7 prime subtractors of a number,0
6159,Why doesn't this derivation of the margin in a SVM give the correct result?,1
4462,"If women need more dietary iron than men, then do blood donors also?",0
8357,Intersect Method Slows Down Code In Large Selection Of Cells,1
4028,How do biologists estimate that there is 8% of protein coding genes in human genome?,0
11611,follow-up review of a custom Undo Manager,1
8264,How can I compute the time complexity of this image processing algorithm?,1
1885,When is the function $x^{1/n}$ a monotonic function?,0
1675,How to classify this PDE: $\frac{\partial u}{\partial t}+\frac{\partial}{\partial x}\left(u^3+au^3\frac{\partial^3u}{\partial x^3}\right)=\frac bu$?,0
10581,My PHP function that reads names and attempts to fix the suffixes,1
2051,Cyclic vectors of diagonal matrix,0
2276,How to verify if an element is inside an ordered pair?,0
3697,What is a good review article source for Physiology?,0
5636,Inoculation vs. vaccination,0
2718,Solve system of nonlinear equations using non-numerical method,0
5610,Rampant low Vitamin D,0
4313,Primary cilia: what cell types have non-motile cilia that migrate?,0
11293,Why is it called 'throwing' an exception?,1
10752,Codeigniter - in the view or in the controller?,1
7457,Is this form submission validator professional?,1
7452,"Asks the user to input 10 integers, and then prints the largest odd number",1
2256,How to extend a logarithmic function from the rationals to the reals?,0
1725,base change of a reduced scheme over $\mathbb{Z}$,0
57,"If average salary is correlated with number of men and women in a company , should it be correlated with ratio of men/women?",0
11532,Tenis Common opponents R,1
7157,How to make this query better (e.g. avoid repeating subquery in a query)?,1
2728,Bounded projection onto finite dimensional subspace of normed space,0
6207,Are URI's a regular language?,1
3047,epigenetic vs. environmental factors,0
3541,Why can't complex multicellular organisms reproduce by regeneration?,0
9667,Improve my copying of a CSV file,1
3855,Would there be any particular reason to choose strawberries for this DNA extraction tutorial?,0
3112,Does someone know of a website that keeps track of a species population?,0
5844,Photosynthesis production of oxygen,0
4319,Why does our eyes got wet when we feel emotional or whenever we are hurt?,0
1073,Does this equation admit a solution $f:\mathbb{R}^2 \to \mathbb{R}^2$ with non-constant Jacobian?,0
7182,Converting to Base 26 in One Based mode,1
11212,How to calculate the average depth of a binary tree?,1
5097,Earliest ancestor of humans who could integrate into modern society,0
10590,"Graph representation using adjacency list for BFS, DFS, and Karger's algorithm",1
3615,Insect identification request. Long anteni. Grasshopper legs,0
8472,Finding differences in strings with Levenshtein distance and soundex,1
10777,Parsing fixed-width format with J,1
7252,Is it possible to build DFA for odd-length words with 1 in the middle?,1
3066,Why don't fish groom each other?,0
705,Does the function have horizontal or vertical asymptotes?,0
2752,A problem about polynomial approximation,0
7757,Check value from two different dictionary with matched key,1
3403,What is the reason for 'microcytic' anaemia?,0
8409,Context free grammar to Chomsky's normal form,1
7478,Replace string of class of button by class so that only one button is filled in using bootstrap buttons,1
8514,Using Enum to Handle String literals,1
4607,Does common X-like picture represent one doubled chromosome or two homologous chromosomes?,0
1781,Marginal Probability Density Functions,0
10374,Coding Challenge: Kattis,1
710,Inverse Z-transform with a complex root,0
2925,Evaluate $\int_0^1x^a e^x dx$,0
8947,Python algorithm for identification of low-level jets (meteorology),1
10688,Postgres query to extract a JSON sub-object from a JSON field,1
4624,How is protein cavity centre related to binding?,0
10643,Very Basic Java Piano,1
3924,Why are chickens passive when their eggs are taken?,0
9350,Converting Shell input into Windows DOS compliant input,1
962,relationship between $L^d$ convergence and a.s. convergence,0
3515,Is it correct to use the terms multinucleate and syncitia interchangeably?,0
10106,Reducing golfed redundancy,1
9241,Initialising numerical properties from a text-based properties file,1
10762,Tonelli-Shanks algorithm implementation of prime modular square root,1
6152,Inefficient PowerShell function for checking group membership,1
10301,Parse output of Google Cloud command into PHP associative array,1
5987,Are earthworms edible?,0
11829,How would a DFA be designed to accept a language defined as the string comprised of every other character in each string in another language?,1
7314,"If $L_1$ is regular and $L_1 \cap L_2$ context-free, is $L_2$ always context-free?",1
4267,Evolutionary elimination of recessive gene,0
2258,Area of parallelogram from a linear operator,0
2392,For What Valus of $a \in \mathbb{N}$ Does $y=x^a e^x$ Has Only One Extreme Point?,0
916,Question about when a projection from a fiber product is open,0
9177,Memory text based game,1
3752,percentage of animal diseases caused by bacteria?,0
10924,Proving asymptotic bounds,1
11742,Deep iterations with side effects,1
6327,Finding coprimes closest to a certain target,1
1983,Alternative methods for $\int_{0}^{1}\frac{x^4(1-x)^4}{1+x^2}dx$,0
8242,Flag words that would be difficult for an early reader,1
6887,Error handling in express without middlewares and using class structure,1
8826,Unit Test class from iOS,1
8780,understanding constraint satisfaction problem: map coloring algorithm,1
7236,Sorting by repeated reversal,1
8319,"If $A$ reduces to $B$ and $B$ is NP-hard, is $A$ NP-hard?",1
6398,"How do you apply Context-Free Pumping Lemma to these problems, and how do the approaches differ?",1
594,"mediant and weighted mean, fraction",0
8882,Creating efficient PDO functions,1
2210,finite dimensional group is locally a manifold or product with a cantor set,0
7580,"Proving a language with equal occurences of ab, and cd is not a regular language using the Pumping Lemma",1
1412,What are the last 20 digits of mega?,0
11847,The Josephus problem in JavaScript,1
11280,Is it still necessary to check for a front camera?,1
5235,What is this insect or worm?,0
6017,Optimizing puzzle game involving sequence numbers,1
3658,How do animals end up in remote areas?,0
3858,Kidney transplant and adrenal glands,0
2249,Method of Undetermined Coefficients Using Complex Arithmetic,0
4882,Database for Macroinvertebrate Taxonomy,0
3168,Why is it that heterozygous loci appear as two separate bands during gel electrophoresis while homozygous loci appear as one band?,0
4351,Inter-codon mutations statistical analysis,0
185,Trying to find $n$ in geometric progression.,0
5910,Has any large-scale origin-of-life simulation/experiment been done?,0
6406,Bash script to simplify Git deployment workflow,1
10561,Is the following problem decidable in polynomial time?,1
349,Expected value of discrete and continuous random variables.,0
1560,Two dimensional convex body which cannot be illuminated by a finite set of directions,0
9130,In a distributed system is it possible for both parties to simultaneously agree a message exchange was made?,1
7148,Number to words in Python 3,1
5824,What makes alcohol harmful to mammals?,0
7402,Authentication using PDO,1
7520,Thought process for the following problem?,1
1942,"How find this value if such $f[f(x,y),z]=f(z,xy)+z,x,y,z\in R$",0
11500,Is there a better or more compact way of adding items in treeview using LINQ?,1
1287,How to solve trigonometric equation $\sin(x)+x\cdot \cos(x)=0$?,0
11432,Optimizing a Java solution to Project Euler Problem 23,1
9813,Indexed Properties in C#,1
9274,Resource bounded reductions for RE-Complete problems,1
2640,"Computing the norm of the operator $T: (\Bbb R^n, \|\cdot\|_2)\to (\Bbb R^n, \|\cdot\|_1)$ with $Tx = (\delta^kx_k)_{k=1,...,n}$",0
1889,$\int_{0}^{\frac{\sqrt{2}-1}{2}}\frac{dx}{(2x+1)\sqrt{x^2+x}}$,0
864,Do perfect maps preserve perfect normality?,0
50,Convergence of cosine in the calculator,0
5108,Can telomere length maintenance be an answer to increased life span of human beings?,0
2787,"Does $\sup_{x \in (-r,r)} |f^{(n)}(x)| \leq A^n n!$ hold?",0
7634,What is the standard way to choose a new leader in Multi-Paxos?,1
2902,Getting the best fitting distribution using the p value,0
7592,Mesh generation in Unity3D,1
9911,ToString() and AddString() method without using .Net Collections,1
10177,What is the use case of multi-type-parameters generic interface?,1
2496,Scaled series of shifted continuous function,0
10886,What is a 'subrecursive algorithm'?,1
1004,How to write lagrangian terms related to only one variable in a semidefinite constraint?,0
11255,Cannot find paper: All k nearest neighbors search in N*log(N) using distance indices for log(N) support points,1
3479,Horizontal Gene Transfer,0
10257,Templated Tokenizer Functions,1
5117,"What is the name of this plant which is located in Hyderabad city of Telangana State,India?",0
9930,Creating SQL Table from a Go Struct,1
2807,Simplifying complex radicals that includes prime numbers,0
132,Don't understand a result of a Frobenius method solution,0
1614,Let $g:\mathbb{R}\to\mathbb{R}$ be defined as $g(x)=x^2\sin\left(\frac{1}{x^2}\right)$ and $g(0)=0$. Prove that $g^\prime$ is unbounded at $0$.,0
1565,Problem - cylindrical coordinates,0
2580,Expectation of standard deviation,0
11877,Pure methods for updating java objects,1
10895,reverse a list of generic type,1
86,Prove that the subspaces $T := \{\frac{1}{n}: n ∈ \mathbb{N}\}$ and $S := T \cup \{0\}$ of $\mathbb{E}^1$ are not homeomorphic,0
2140,Confusion about linear convergence,0
8271,Describe data structure using equations,1
5529,Can fruit tissue be cultured and grown independent from the plant?,0
11112,Handling of open database connection and calling shared function from WebAPI,1
7470,Find all row combinations which sum elements equal to any given number,1
3905,Hybridization of an Indo-Aryan ethnic group and a Tibeto-Burmese ethnic group,0
8836,Combining text in an array in JavaScript,1
7612,Solving 15Puzzle with Julia,1
9693,Reading a file in chunks,1
5625,Does cancer cells come from same process as evolution?,0
11231,Bubble sort optimization,1
51,About $H^0(\mathcal{O}_X(-k))$ where $X$ is a curve on $\mathbb{P}^3$,0
8742,Is relative regularity distinct from regularity?,1
9711,Is NPSPACE also closed under polynomial-time reduction and under log-space reduction?,1
11903,"Using set for unordered, unique list of elements",1
7125,Reading a web page with Python,1
6062,Generating all equal-sized set partitions,1
7398,Time - Complexity Convex Optimization and Eigen Decomposition,1
515,Basic Homotopy Question,0
4908,Are there enzymes for every given reaction?,0
9493,Combining two lists into one,1
6778,Checking if a $k$-subset of a graph is a vertex cover in time $O(kn)$,1
11106,Set cover problem with sets of size 2,1
6844,Query for your Answer Progress,1
7527,Adding very large arrays,1
2050,Knockout tournament.,0
6763,toggleSaveStream button template,1
3132,What niche was humanity theorized to fill before we possesd weapons and coordination to hunt & kill large prey?,0
6664,List of Ordered pairs from unordered Pair in Java,1
1666,Prove that $V$-valued two-player games of perfect information have an optimal strategy and payoff,0
4912,same osmotic pressure of different solution,0
3758,Blood draw from the elderly or those with tiny veins,0
333,Ordinary Least Squares: Why we need mean independent errors?,0
9755,How much data could I store on a Rubik's Cube?,1
10788,Python program to calculate the sun angle,1
6933,Small DSL: Converting JSON to MSSQL query,1
6374,Given a list of vertices in a binary tree output minimal sublist with the same lowest common ancestor,1
3995,"All somatic cells contain the same genome, then how does it knows that it should develop into a specific organ?",0
10357,undirected graph without weights and DFS,1
7948,Checking conditions before allowing a play button to become visible,1
11893,Are there any implementations of the spineless tagless G-machine other than in GHC?,1
3402,Does anyone know any statistics about the rate of cell division of malignant cells?,0
10186,Displaying a user's uploaded posts,1
6538,Adding two roman-numeral inputs,1
6878,Regular Expressions to Automaton,1
1298,Can someone help me solve the Question on Differentiabilty,0
2942,Find projection to linear orthogonal subspace using linear regression when matrix is not invertible,0
10959,Eliminating left recursion and left factoring this grammar,1
10213,An efficient algorithm to decide if a triangulation is 3-colourable,1
10545,design of self-loops and final states in fsm,1
11587,MVC - Control Class - Architecture / Design - Structure Review - PHP,1
2651,How to solve a greatest integer equation for $x$?,0
10006,"Finding a value in a sorted array in log R time, R is the number of distinct elements",1
3655,How to ligate DNA to an RNA molecule,0
9166,Interval scheduling with shared resources between steps,1
9995,Is $a^{n+m}b^{n}c^{m}$ context free?,1
2684,Module characteristic polynomial.,0
4043,Why there is no typical cells,0
2633,Closed-form expression $(x_{2^l})_{l\in \mathbb{N}_0}$,0
213,Uniform convergence of a series of sine functions,0
3706,Larva attacking frog ? Guide about this,0
2758,A step in the completeness proof of first-order logic,0
2527,"$y''+\epsilon y'=\epsilon$, where $y(0)=1$, $y'(0)=0$",0
2470,"Prove that the Following Set of Linear Transformations is a Basis for $\mathcal{L}(V,W)$",0
5288,Genotype frequencies and fitness values in haploid population with clonal growth,0
6625,Find all pairs in an array that sum to a given number,1
1343,Prove that $\sqrt m$ is irrational by showing that the set $\{n\in\mathbb N: n\sqrt m\in\mathbb N\}$ is empty,0
158,Slater's condition for closedness of the linear image of a closed convex cone,0
3535,How do other primates treat their fingernails?,0
353,Cardinality of the borel measurable functions?,0
4564,What is the total mass of leaves on an 'average' mid-latitude deciduous tree?,0
1201,Finding the smallest composition of a natural number with limited basic set of summands,0
250,Question from Mac Lane and Birkhoff (Chapter II Section 5) -- Universal property(?) of direct product of cyclic groups,0
11913,"Just require a file, or check if_readable first?",1
7640,Time complexity of insertion in linked list,1
1842,Gaussian Elimination on Block Matrix,0
1280,Higher centers are characteristic.,0
39,"Given a set of integers, and a length n - can we find the minimum difference between any two sums of combinations of size n?",0
5545,Is the increased/decreased enzyme activity (tyrosinase) caused by an environmental factor (UV radiation) considered to be gene expression?,0
855,Correct Process for Determine Convergence of $\sum\limits_{n=1}^{\infty} \frac{1}{(3n-2)(3n+1)}$,0
322,Spectral decomposition of normal operator,0
11654,How to pass comma separated values from yacc to cpp file node,1
702,"Orthogonal complement of span$\langle\, \sin, \cos\,\rangle$ in $L^2$",0
3520,What is happening to this tree?,0
9088,Implementation of calculation of gamma for RBF SVM,1
2561,"Is it possible to prove that $U(p)$, for prime $p$, is cyclic using only group theory? If not, why not?",0
9530,Deleting an item from a Set while iterating,1
6554,Shift register library design,1
824,Help Building a Partitioning of a Graph,0
11486,Save space occupied by 2D array,1
8866,Client-side API design,1
8937,What are good examples of computational theories for A.I. according to David Marr's Definition?,1
7763,Isomorphisms between regular graphs of same degree,1
3407,Layman definition of genetic polymorphism?,0
10337,Divide a 3D matrix into multiple smaller 3D matrix,1
11232,Showing the following language is decidable,1
11820,"Paxos: Instances, Rounds, Phases",1
10266,There is equivalence in an NP-hardness proof or not?,1
661,Does this Stochastic Differential Equation have a name?,0
9893,Doubly circular linked list implementation,1
10456,"Why is the probability used in the definition of RP complexity classes, arbitrary?",1
8458,Linked list arithmetic,1
4293,How to set up a slow cooling on an AB Veriti thermal cycler?,0
9965,Minimum number of support vectors,1
2054,"Prove for each positive integer $n$, there exists $n$ consecutive positive integers none of which is an integral power of a prime number",0
7468,Is the buckets of water problem in NP?,1
5356,A question about IPTG induction,0
6766,Are if statements avoidable is we define a program according to explicit state transitions?,1
5454,Why human body cannot defend against HIV?,0
7397,Find the shortest & best starting move in Mancala (Kalah),1
9517,Does RAM get an indication of data size required,1
8755,Java 8 unit test for third-party data feeds,1
8094,Not respecting the 3rd rule of a LL(1) grammar,1
9892,Implementing piecewise linear functions,1
6606,Router for quering MySQL results in NodeJS,1
6520,"Why ""reduce to"", not the other way around?",1
2889,In Pollard p-1 how is the bound B chosen?,0
2225,Flip a fair coin 5 times. What is the probability that heads never occurs twice in a row?,0
8671,Sieve of Eratosthenes in Java,1
683,Writing $0.2$ with error less than $0.005$,0
10910,Master Theorem on oscillating function,1
9884,How many times can you divide a list of n elements in 1/2,1
6716,Shortest non intersecting path for a graph embedded in a euclidean plane (2D),1
2569,Doubt about random variables and sample spaces,0
11675,What are the challenges of using gradient descent on hyper parameters λ and η to find out their optimum values?,1
7395,Hashtable vs cache-oblivious,1
2306,Variance of random vector,0
4305,UACC-462 cell culture,0
7036,Hover on bootstrap card overlay,1
11563,What is a real-world use-case/need for a left-recursive grammar?,1
3973,Saturated Mutagenesis Screening,0
6598,Do recursive algorithms generally perform better than their for-loop counterpart?,1
328,How to solve probability with two conditions (with explanation)?,0
6367,Using Rice's theorem to prove undecidability of $E_{TM}$,1
8645,Achieve error differentiation in Promises,1
414,Prove ab is a quadratic residue mod p,0
913,how do I get the tangent coordinates if I am given the quadratic function and the slope(gradient),0
4756,"If bacterial resistance randomly occur, then why limit broad-spectrum antibiotic use?",0
5719,Creatinine excretion,0
11966,My selection sort implementation,1
4531,Why does NAD+ become reduced if it gains a hydrogen proton?,0
4203,Is there any evidence contrary to the pheromone theory of bee washboarding?,0
5769,Why do we have more sweat glands in our palms?,0
2856,Define a compact and convex set through inequality constraints,0
2251,Consider the PDE $3u_t + 6u^{10}u_x + u_{xxx} = 0$,0
9349,Number of parameters to be optimized in Artificial Bee Colony,1
10126,Swift Attempt To Reduce Massive View Controller,1
5324,Why don't we see turbulence in the aorta even in normal situations?,0
3894,What's the difference between growing cells in culture and cloning them?,0
9021,Approach to download files through POST request,1
2820,inductive limit of compact Hausdorff spaces being realcompact,0
6338,Language of the graph of an affine function,1
9652,"Scraping website for book listings, checking if database contains relevant listings, and displaying result in a Django view",1
2594,Calculating the angle for a path between two nodes in a graph,0
5931,Number of elongating RNA polymerases on a gene,0
10939,Closest Value instead of Max Value in Knapsack problem,1
10216,Handling post-registration action,1
4956,"Is there any disease in adult human, other-than cancer, which-is resulted from mutation?",0
9455,Best practice for asserting a positive IF condition,1
11789,Calculate the number of distinct permutations of length n in the closure of a language,1
1090,Finding a perpendicular line that connects two skew 3D lines at a particular distance?,0
5006,What kind of worm/bug is this?,0
9105,Merge Sort: exercise,1
11067,Why MIT lecture breadth-first search algorithm is so complicated?,1
6073,Creating simulated items sold at a store into a hash,1
6037,Should a Factory ever be generated per request?,1
1067,Help eliminating a term inside a square root,0
10192,C++ Solution for ProjectEuler Problem #5,1
1763,Euler's Line of a medial triangle,0
626,Number of permutations of items in a table where you may only select one item per column and row,0
10414,Closure of regular Language - Transition Function : Sipser Proof,1
8827,Egg dropping puzzle - clarification of problem statement,1
10876,How are my javascript module pattern and promise pattern?,1
5407,What causes puberty to begin?,0
3606,Can crossing over between X and Y chromosome of sex chromosomes take place?,0
5867,Which mammals cannot synthesize taurine?,0
2964,Trick with differentials from $\frac{dr}{ds} \to \frac{dr}{dt}$,0
11940,Debug merge sort and validate comparison counters,1
9409,Advantage of Stack-Based Allocation for Local Variables,1
4534,Why doesn't my rtPCR reaction work?,0
11066,Is it correct to say that there are similarities between CORDIC and digit recurrence algorithm for division?,1
443,"Is $f(x) = \theta a^\theta x^{-(\theta +1)}, \quad x\in (a,\infty)$ a complete distribution?",0
6496,Spacial complexity of an $O(2^N)$ time-complexity algorithm,1
1263,How to simplify the polynomial $T=(a+t_1)+(a+t_1)(a+t_2)+\cdots\prod_{i=1}^n(a+t_i)-(a+a^2+\cdots a^n)$,0
11262,Partition into paths in a Directed Acyclic Graphs,1
3963,"Why are different mesenchymal stem cells used for articular, auricular, septal nasal and costal chondrocytes?",0
9780,Comparing prices with a webservice,1
2599,When are two Representations equivalent?,0
11970,String-splitting function,1
1817,Proof that there is exactly one equivalence relation that forms a partition,0
3106,Decreasing Solubility as Solvent Moves Higher in Paper Chromatography,0
2288,Finding a point on the line,0
7017,How can I represent a set of graphs for learning purposes?,1
11501,Pick matrices such that each partial sum is positive,1
11426,Distributed Storage for Access and Preservation,1
1173,Maximum Singular Value of Sum of Positive Semidefinite Matrices,0
10520,Do image artefacts reveal the original image orientation?,1
22,Group theory: How does binary operation define its associated set?,0
5491,"Why don't rats have a gallbladder, unlike other rodents?",0
10068,"Function to find sum of digits in the number a^b where a, b are positive integers",1
9162,That time does it mean? Is it a polynomial time?,1
10170,Simplified Pig Latin translator in APL,1
11309,Conditionally set strings if files exist,1
8360,Can Quantum Computing solve Problems not even a Turing Machine can solve?,1
7171,Longest path in grid like graph,1
8613,(semaphore y=1; int x=5) vs (semaphore x=5)?,1
10274,Same PyObject for a shared_ptr C++ object,1
1950,Compute $\lim\limits_{x\to0} \left(\sin x + \cos x\right)^{1/x}$,0
3523,Mechanism by which hypokalemia reduces insulin secretion,0
4458,"What kind of fish is this (Florida, USA)?",0
25,D and E are mid points of sides AB and AC respectively of the triangle ABC. A line drawn from A meets BC and H and DE at K. What is AK: KH?,0
7262,Counting paths between 3 cities in C++,1
3071,How long can the brain survive during ongoing cardiac arrest?,0
6752,"Access function to return ""number of working days until date"" for form",1
2644,"$(E,\|.\|)$ is complete $\iff$ every normally convergent series is convergent.",0
1698,Laplace transformations on a homogeneous ODE,0
7977,Binary Tree Preorder Traversal,1
6730,HTML5 Local Storage toggle and save multiple classes,1
3985,I really need some help with a plant identification,0
8334,Expected development of 'fitness histogram' for PSO over time,1
802,"Integral extensions of rings, when one of the rings is a field",0
4238,Snake with orange spots found in South Florida,0
1036,Computing the degree of the splitting field of $x^3+18x+3$ over $\Bbb Q$,0
1665,"$X_1,X_2$ connected. Show that $X_1\times X_2$ is connected.",0
11737,What do CPUs do when a program aborts with an error?,1
4154,Acid/basic chemicals that can be used without extraction hood?,0
7416,Finding the longest path of sum $0$ in a weighted tree,1
5966,Preprocessing microarray data to detect increased male expression variance due to dosage compensation?,0
706,Calculate minimal polynomial of a matrix,0
11559,optimal flow for index multiple source and destination in directed graph,1
325,Multiple solutions of non homogeneous differential equations,0
1448,H-polar decomposition,0
898,Application of wavelet analysis in computer science,0
10143,How $N$ qubits correspond to $2^N$ bits?,1
3532,Can suppression of the immune system help cure chronic diseases?,0
8363,How long does it take to crack a password by brute force,1
5314,How do tear glands secrete tears?,0
11389,Program to find dollar words,1
296,solve differential equation $f'(x)=f(x)$,0
11416,"Given a regular language, calculate its equivalence classes",1
10024,regex - difference between $\Lambda+(a+b)^*b$ and $(b+aa^*b)^*$,1
8823,Prevent multiple ifelse statements in php,1
7524,Reduce number of operations to get one array value,1
6746,Recursive sorting algorithm,1
7697,C++ Interrupted Bubble Sort,1
4272,Identify this larvae that lives on a musrhoom?,0
589,series of the integrals converges then the series converges almost surely,0
582,"How can I show that a bijection between $[0,1)$ and $(0,1)$ cannot be continuous?",0
9564,Django class-based generic views - am I doing it right?,1
1006,Schubert Cells of Flags,0
2606,Necessary and sufficient conditions for a set to lie in a hemisphere.,0
8527,Minimum edge weight k-exact cover with triangle inequality,1
5169,Can plants live forever?,0
5002,Neurophotonics vs. Optogenetics,0
6662,Understanding a proof for the existance of a non-computable function,1
3787,About how many covid-19 virus particles is required in the human body before infection and sickness follows?,0
11369,Any book for learning to correctly find out complexity of one's algorithm?,1
269,"Show $\lim_{(x,y)\to(0,0)}\frac{x^3-xy^3}{x^2+y^2}=0$",0
4196,Does the brain and the body use the same energy source (glucose/ATP)?,0
1479,Does the integral $\int_{2}^{\infty}\frac{dx}{\sqrt{1+x^{3}}}$ exists?,0
6299,"Check if path exists directed graph, without using collection",1
5103,"Like size and colour constancy, why does the brain not maintain focus constancy?",0
11596,Algorithm to check that one sum is less than another,1
2543,Books and bookshelves combinations w.r.t. to book order,0
9931,A variant of the vertex cover problem on trees,1
3070,Diffusion of Hypotonic solution into solution with glucose and starch,0
2776,About the uniqueness of a quadric determined by sufficient points,0
8114,Selecting and copying event log entries for some machine,1
1566,Differential of Stochastic process,0
5622,What insect would make a hole and lay eggs in it,0
5185,Is the skin of feline jungle predators protected against ants?,0
1947,Probability that the sum of the numbers shown is a multiple of $5$,0
5330,A question involving immunoprecipitation to identify interacting proteins?,0
9013,Applying limit and offset to an array,1
8150,How to know a certain grammar is parse-able,1
11153,"A ""todo"" app built to practice Object Oriented JavaScript",1
8540,Are poly-reductions to PSPACE problems for following problems are known?,1
140,Prove that there are infinitely many integers $n$ such that $\frac {2^{6n}-4}{6n-1}$ is equal to an integer,0
7044,"Is there any concrete relation between Gödel's incompleteness theorem, the halting problem and universal Turing machines?",1
11805,How to find the minimal DFA for the language?,1
4558,Folding of bulliform cells,0
8621,Load modules conditionally Python,1
1547,hodge stars of 2-forms in 4-space,0
1966,Exponential convolution of an $L_2$ function,0
9660,JavaScript get total function,1
11378,How to optimize bitwise get/set/clear of ranges of bits on 8-bit integers in JavaScript?,1
10211,How do you call alternatives in the grammatical productions?,1
11938,How to determine if this problem is decidable?,1
1704,"Using spherical coordinates, is there an equation of a sphere not centered at the origin? If so what is it?",0
203,Find the extremals $y(x)$ and $ z(x) $ for the functional,0
9444,Proving that the language of regular expressions is not regular,1
10424,Expected Linear time Minimum Spanning Tree algorithm,1
4307,Variations in action potential threshold and temporal coding,0
2309,"Roots of polynomial in $R[X],$ where $R$ is $\text{UFD}.$",0
2022,Performing Hypothesis Testing when each test has a different probability,0
4726,Will Saliva make food go bad,0
1717,Definite Integral of $\int_{0}^{\infty}3^{-4(z^2)}dz$,0
6354,PHP : Custom trim function instead existing ltrim() or rtrim(),1
9023,Resending old frame when a damaged frame has been received in one bit sliding window protocol,1
9922,make_auto implementation for C++03 compilers,1
4998,What is a cognate enhancer sequence?,0
1031,"Prove or give a counterexample: For all $x > 0$, $x^2 + 1 < (x+1)^2 \le 2(x^2 + 1)$",0
8946,Why can any polynomial and exponential be represented as a recurrence?,1
10531,Check fragment for exclude show same fragment again,1
8898,Parsing Title from any given website,1
5397,How does intron retention make the alternative transcript non-coding?,0
11799,Can finding a witness be NP-hard even if we already know there is one?,1
4505,Trying to identify the species to which this vertebrae belongs,0
2886,Topological definition of intersection multiplicities of algebraic varieties,0
2505,The fundamental group of $SO(3)/SO(2)$,0
8284,Overloading operators in PhoneCall class,1
4052,How to interpret this cuffcompare result? Sensitivity over 100?,0
11395,What can be said in general about a homomorphism between two regular languages?,1
9024,SkipList implementation in Java,1
11028,Can a Turing Machine simulate every possible Turing Machine?,1
2834,How to determine optimal points on segments to fit dataset,0
10496,How can I prove the following problem is NP?,1
8009,Improvement of this method,1
2663,Bounded Random Variables are Subgaussian,0
423,How to move forward with Laplace transform of $e^{i(5t)}$,0
10812,Very basic isomorphic JavaScript application,1
6542,Does increasing k in a k-way set-associative cache always lead to a better miss rate?,1
3659,A question about how the brain determines the source of a sound,0
8535,Maximum consecutive subarray sum for a variable sliding window size,1
11205,What precisely is infinite ambiguity in a grammar?,1
7241,Relationship between PP and PH,1
277,Does de morgans law apply to literals within brackets?,0
6204,"For any language $A$, there is $B$ such that $A \le _T B$ but $B \nleq _T A$",1
1935,Equality of limit and supremum of a sequence,0
9167,"Given graph G and vertices v and w can you non-deterministically walk the ""least Hamiltonian path"" from v to w, if it exists?",1
6383,Match formula for loop in VBA,1
8894,Applying Akra–Bazzi with an unbounded number of summands,1
904,"Understanding the difference between two theorems related to $|G\,:\,K|=|H\,:\,K|\cdot|G\,:\,H|$.",0
572,Wolfram Alpha gives an answer to a non-convergent integral,0
4706,How HIV Affects and Its Treatment using Combination Therapy,0
5965,Gene sequence and DNA,0
11727,Uncomputing measurement gate?,1
11785,SQL Server Split function,1
1749,"Given rank($A$) = rank$(A^{2})$, can we prove A is invertible?",0
2930,Laplace Transform of $\sin^{2018}(t)$?,0
6905,Is lambda calculus suitable for expressing semantics of non-functional languages?,1
3904,What are sources for learning bioinformatics for self-learning?,0
156,Partial differential equations Richet,0
11980,Custom operator new and operator delete,1
6729,Non-Deterministic Turing machine vs Probabilistic Turing Machine vs Deterministic Turing Machine,1
2969,Dominant morphism $P^1\to P^1$ which is not an isomorphism,0
3846,Do any terrestrial herbivores use auditory crypsis for predator avoidance?,0
11286,Highest stack of rectangles,1
10228,Fnv1a hashing of C# Guid,1
9902,2-sat and vertex cover,1
8231,Date range remove/split within array of date range,1
4617,By what mechanism does elevated homocysteine level accelerate thrombin formation?,0
11352,Understanding lemma found in proof of quotient construction for DFAs,1
11685,File(s) encrypter implementation in python,1
4322,How arteries split into smaller blood vessels?,0
8646,Creating models manually in MVC,1
2748,Express AB in terms of $a$,0
11335,"Applications of derivative only, zeroth-order free optimization",1
6714,Variable creation and returning Boolean values,1
2428,Integrating matrix differential equation with linearly varying anti-symmetric matrix,0
3332,Why are the other bases not used for RNA capping and tailing?,0
2792,What is the entropy of a doubly stochastic matrix?,0
9978,Core location background update and upload to server,1
8670,Am I managing my memory correctly?,1
7446,Are regular languages closed against an intersection that keeps words with the same number of ones?,1
4904,What is meant with “the chest wall and lungs are coupled together”?,0
8551,"Rock, Paper, Scissors game in JavaScript",1
6232,What are the general applications of Computer Science in the field of Psychology?,1
10255,Is type inference done by an interpreter static or dynamic?,1
1509,Why the polynomials with real coefficient and having degree >3 is not a vector space?,0
8743,Avoiding instanceOf when finding index of an interface within a list,1
1553,Estimate $\sum_{n = 0}^N \cos (\alpha n^2)$,0
4582,"How does excessive acute inflammation damage tissue (eg, in sepsis or cytokine release syndrome)?",0
8896,Multithreaded HiLo game,1
3496,Mechanism by which water flows through xylem,0
1590,Need help with a number theory question,0
834,Is there an axiomatic approach to ordinal arithmetic?,0
11007,Executing a command using Net::SSH,1
1372,"Conditional Density, Additive Gaussian",0
3683,Why not surgically resect the tumor before CAR-T cell therapy? Won't that be more efficient?,0
9100,How does a prefix sum with 8 elements can be computed with three processors?,1
2311,"On sequences of differentiable functions, prove that $\{f'_n\}$ converges uniformly to the derivative of the pointwise limit.",0
113,Is there a relation for when a circle intersects more than half the perimeter/circumference of another circle?,0
8819,What's the point of Subnet Masks?,1
6404,JavaScript idle managing structure,1
2230,Augmented Matrix Consistent,0
10124,Is this possible to solve SAT in polynomial time by reducing it to the problem of solving system of nonlinear equations?,1
3796,Which primates can swim underwater?,0
865,A special improper integral,0
794,Decomposition of a group,0
11661,How was multiprogramming brought into computer languages,1
1868,Wald's equation example controversy,0
4923,Identify the fluff that I have found in tea,0
4236,Does the creation of memory involve mRNAs crossing the synaptic gap?,0
9302,Improving a priority queue sketch in Racket/Scheme,1
4817,How can rhodobacter possess a single 'PS-II' like reaction center?,0
1939,Set of prime numbers $q$ such that $\sum\limits_{p\leq\sqrt{q}}p=\pi(q)$,0
9441,Proof of inequality $\lceil x \rceil \le x+1$,1
10139,"Why is there no extensive Standards Body overseeing ISAs, Bitcodes, Code Representation, etc... as there is in the case of Unicode",1
10596,Create a dictionary from a list of key and multi list of values in Python,1
7667,How to solve Assigment problem on SPOJ?,1
4397,Is there a reason for the lack of full RTK structures?,0
9640,Number of triangles in an undirected graph,1
5224,What actually kills a plant that requires winter dormancy if it is kept indoors all year?,0
7447,Is this way of handling events in a Xamarin project memory safe?,1
9937,Is there a better way to thread this class function?,1
5245,Are there differing organelle to cytoplasm ratio in animal cells?,0
2094,Diagonalizability of matrix A,0
19,Action of a 1-form on the push-forward and pull-back of a vector,0
1286,"Interpreting the word ""randomly""",0
8899,Show that if language belongs to $BPP$ then also similar language belgons to $QP$,1
7889,Find magnitude pole of an array,1
4504,What kind of red and black insect is in the photo?,0
10806,Building a Building - Is the building clean?,1
1034,Is this proof for $\sum^n_{i=1} i= \frac{n^2+n}{2}$ correct?,0
2847,Does this functor commute with inverse limits?,0
3576,Why are there no WINGED flying arachnids?,0
9933,Customer ViewModel with optional JSON initialization parameter,1
5380,How come large herbivores have such thin legs?,0
3480,Does every wave length of UV kill bacteria?,0
6722,A simple encryption scheme 2.0,1
1321,"Intuition around why domain of x of arcsine and arccosine is [-1;1] for ""real result"" & domain for arctangent is all real numbers",0
1659,Galois groups of polynomial above a field of 17 elements,0
4758,Co-transformation of plasmids from the same incompatibility group,0
2018,Spivak Calculus Chapter 5 Problem 10 (b),0
7385,"If the speed of electrical charge hasn't changed, how have computers become faster?",1
2714,Minimality of the Generator of a Kernel,0
3868,What diurnal red & black moth is this?,0
11424,How many Turing machines are there with $c$ characters and $n$ states?,1
6777,Is this theorem about left-factored grammars correct?,1
7347,DFA Minimization: Finding all equivalence classes of $\mathsf{R_L}$ for language $011(0+1)^*011$,1
1703,what is the simplest way to express this expected value of a product of two variables?,0
9447,LeetCode 652: Find Duplicate Subtrees,1
8082,Runtime compiler for getting/setting runtime property values,1
6278,C++ smart pointers and the Service Locator (anti-?)pattern,1
8810,Two approaches to Logging when Unit Testing with Python,1
10865,Students with second lowest grade,1
6131,Refactoring from if-else-if to Dictionary,1
5686,Why do some moles grow longer and darker hair than the rest of the skin?,0
1577,"In a random sample of $6$ candies, what is the probability that at least one color is not included?",0
2533,Hyperbolic distance of a point from center in Klein-Beltrami disk model,0
3617,Person-years and relevance to incidence of condition,0
5759,Mechanics of going from DNA sequence to metabolic network,0
509,Which pullbacks preserve the sheaf of differentials?,0
8199,Creating lists and sublists dynamically,1
5604,Sex determination in cephalopod?,0
9041,Finding the length of the longest common substring from two given strings in Java,1
5364,Why is the upper respiratory tract so vulnerable to infections?,0
8039,Dynamic programming: maximize the number of things to be bought,1
10490,Type systems understanding problems,1
6881,How can I check if a sequence is alternating?,1
632,"Almost an optimization problem, I have the minimum, but what are the best areas in search space?",0
8412,Interfacing with instruments using pyvisa,1
9736,Find the element $x$ that maximizes $f(x)$ for $x \in \sum A_i$,1
2399,Sufficiently large chromatic number implies clique minor,0
6245,"Execute command using `asyncio.create_subprocess_shell` and yield lines of stdout, stderr and finally the return code",1
2507,"Regular value, Jacobian determinant of constant sign",0
10052,Simplify ASP.Net StreamWriter for appendtext to file,1
5487,How does exercising/starved muscle import glucose (released by liver)?,0
7037,non-deterministic finite automaton state transition table language question,1
4444,Can a portion of human skin cells be modified in some way to generate light?,0
6409,ActionGroupContext to know an id of the current context,1
8995,Quick Sort Implementation C++11,1
4633,What is/are the effect(s) of altering the Tris concentration on polyacrylamide gels?,0
10421,Case where anti-dependency doesn't need pipeline stalling,1
1179,"Let $f(x,y) = \sqrt{8y+1}$ be a scalar valued function, and the curve $C$ described by $2x^2$ for $0<=x<=1$",0
1223,What does the $X_i$ represent in the law of large numbers,0
11927,Simulate Random Risk Battle,1
9488,Transform values of hash functions like MD5 into numbers,1
134,Can this transformation be expressed as a matrix equation?,0
4936,Why don't mammals have more than 4 limbs?,0
2654,Evaluate an integral using integration by parts,0
1926,How do I tackle this combinatorics problem about married couples around a table?,0
5018,Can vitamin B17 cure cancer?,0
9139,What could 'two characters are terminals' mean?,1
3534,Is Zeiss Primo Start microscope worth the price for student use?,0
3592,Can you identify this insect for me?,0
8778,COMpatible+ Google+ Integrations+ Scoping+,1
5642,Production of $CO_2$ basal metabolism test,0
10410,No FSM/Regex exists for this language right?,1
10363,What's the difference between a reorder buffer and an instruction window?,1
1474,Probability of rolling 6 when throwing k dice one by one vs all at once.,0
10008,Optimizing an avatar toggle,1
936,Finding joint distribution of differences of iid exponential variables.,0
11972,Searching item in array,1
10040,Clarification for binary search in solving optimal TSP when a polynomial algorithm with a budge exists,1
10023,Partial page refresh Ajax call on button click,1
4130,Lyonization and X-linked disorders?,0
7097,Applied $\pi$-calculus: Name binding and if clauses,1
5657,Why do soap molecules not break down your skin cells when you wash your hands?,0
102,Silly Error calculating eigenvalues of a 3x3?,0
1866,Why is this a local isomorphism?(model theory),0
8561,Iterate through python iterable in chunk of n,1
10585,"for_each_cons and for_each_slice, variants of std::for_each working on sliding windows",1
11863,Measuring time complexity of algorithm,1
6645,Simple multiple choice quiz,1
7380,Checking if a Stack is sorted in ascending order,1
7711,Do compression tables exist and where are they used?,1
1172,Let $X$ metric space connected by paths. If $U$ is open then every connected components of $U$ is open in $X$?,0
5569,Book recommendations: biological data analysis/error,0
5284,Osmosis and hydrostatic pressure,0
8350,Arbitrary precision integer square root algorithm?,1
841,The Third Derivative,0
2126,Difference between Double and triple integral?,0
7818,Find Users by Most Badges,1
3422,What is the term for a given interpretation of a fossil record?,0
8869,Randomized Quick Sort Implementation in C++,1
10842,Recursive and iterative Euclidean algorithms,1
8423,"What are some concrete (near-)""worst-case"" examples of subset-sum?",1
4996,"What exactly are genes, DNA and chromosomes. How do they relate to each other and what is their function?",0
3733,Human Anatomy and Physiology - The Muscoskeletal System,0
457,Question about group action,0
4677,Plant with purple/white/yellow flower,0
4940,difference in genetic instuctions between male and female,0
4182,What changes would allow cutting mRNA-based vaccine safety testing to 18 Months,0
3493,"How, on a physical level, does ATP confer energy?",0
11813,Floating Point Arithmetic with 3 bits mantissa,1
9267,Parallel merge sort using hypercube connection template,1
1515,image of integer in $(Z/p^nZ)^\times$,0
2916,Reference for Math-Physics history book,0
7955,Class-Definition Comparison,1
6948,Mutex and condition variable implementation using futex,1
10462,Using bind instead of promises or stacked callbacks,1
7247,Pandas filter dataframe on multiple columns wrt corresponding column values from another dataframe,1
5274,How do wild animals get rabies?,0
7201,C++ beginner exercises: grading program,1
4214,Why do flipped cockroaches sometimes lose their heads?,0
11433,Why are these (lossless) compression methods of many similar png images ineffective?,1
10708,"Transforming tuple with (int month, int year) in string ""mm/yyyy""",1
6727,How a reduction can help up solve a problem?,1
7548,Alternating Turing Machine: Why one cannot generalize the proof of AL = P?,1
11009,Hash table solution to twoSum,1
5366,Are there axon branches that go up to cortex layer 1 and spread there?,0
1933,the street network of a given city,0
11264,Deep pipeline - cpu architecture,1
44,Prove that this set is open/closed,0
1452,"If $((X,\leq),(Y,\leq),f,g)$ is a Galois connection, show that f is a morphism/monotone from $(X,\leq)$ to $(Y,\leq)$",0
1859,About minimal subgroup of a finite group.,0
5812,Can organ-accumulated iron get shed again?,0
4868,how does a dna probe work in DNA fingerprinting?,0
6133,Complexity and hardness of undirected path,1
6464,Understanding definition of NP and co-NP,1
11796,Directed Trees: Finding all the edges and vertices in a specific direction,1
389,Are the following systems of inequalities the same?,0
7025,Print max no of recent duplicate words,1
7987,"Get specific properties for all Active Directory groups and all their users, then combine them into CSV",1
7235,Computing integer square roots in Java,1
3039,Could a fetus properly develop in micro/zero-gravity?,0
11340,Python 3 class constructor,1
2854,"Prove that $\{v_1, v_2, n\}$ is a basis",0
7379,Is there a name for this priority queue data structure?,1
4140,How does a tiny spider interpret/cope with gravity?,0
10247,Concise and exception-prone method for running method on component,1
5531,What does +60mm mean in MRI scans?,0
8456,Maximum number of positive literals in 2SAT,1
9566,# of permutations satisfying special inequalties of each element0,1
9831,Is machine learning a subarea of expert systems?,1
761,"How to use the assumption that a vector field is curl-free in a ""convex"" region,",0
4622,Why is the blood pressure in the superior vena cava during inhalation less than during the exhalation?,0
2447,Tamal K. Dey's Curve and Surface Reconstruction - Lemma 3.3. Normal Variation,0
9637,Using QXmlStreamReader to read configuration file of key-value pairs,1
4562,Can species be paraphyletic?,0
11946,Verbose mailing function,1
8759,What is the practical relevance of textbook mutual exclusion algorithms?,1
11795,Resizing and recoloring a logo using PHP GD Library,1
3466,Why is my blood group O -ve?,0
10578,Deleting node from LinkedList,1
5250,Length of anopheles chromosomes?,0
3220,Partial pressure of gases in alveoli,0
8602,Difference between CRC and Hamming Code,1
3050,Use of salt as preservative,0
6573,Start learning about Theory of Distributed Systems?,1
4575,Can androgen-insensitive genetic-males get pregnant?,0
7559,Memory management for small allocations,1
10279,"If we spoke in TM-computable English, what would it look like?",1
2469,"Evaluating the integral: $ I = \int e^{\frac xa} \sin x \, \mathrm dx$",0
11036,C++11 Blocking Queue learning exercise,1
6100,"Hangman game, with the number of guesses depending on the word length",1
10838,Simple Blackjack/21 game in console,1
2573,Integrate a two form on the sphere,0
11608,"Regex for the language over $\{a,b,c\}$ that contain at least two $a$'s but no two consecutive $b$'s",1
6301,JS exercise to process an array of animals,1
4680,Is this also a carpenter ant?,0
2771,Find the roots of these two polynomials.,0
3412,"Is it true to say that the more an organism is smaller, the faster it's going through evolution?",0
9625,Is there a degree-2 SOS rewriting of the Goemans-Williamson rounding?,1
4174,Is it humane to kill fish by immersing them in very cold water or ice slurry?,0
5461,Can anyone explain in a simple manner what is Fourier shell correlation (FSC)? And how is the conversion from 1D to 3D FSC?,0
9403,Java Pong implementation,1
4546,What is this insect that showed up after I left food out? How can I get rid of it?,0
1159,Hypothesis experiment,0
6050,How to determine if a language produced by grammar is recognizable by deterministic pushdown automaton (DPDA)?,1
11087,Transforming a list of two-dimensional coordinates into a flat list of relative changes,1
8367,Divide and conquer algorithm for max binary gaps,1
210,A problem related to intersecting lines,0
2688,Integral in manifolds problem,0
8451,What's the formal definition of Big-O notation for functions of more than one variable?,1
11071,Scraping SEDE query results with caching,1
100,$\limsup$ and $\liminf$ of real-valued function (Exercise 9.3.4 in Analysis by Tao ),0
10299,Span decimal point precision,1
5598,How are Thyroid Stimulating Ab destroying thyroid tissues?,0
5048,Calculating number of amino acids in mRNA,0
5280,Lambda red recombination without electroporation,0
6863,"""What is the maximum that Player 1 can win?""",1
731,Quadratic optimization solution using Cauchy Schwarz inequality,0
11146,Calculating positions of nodes relative to a known point,1
28,what is the area of triangle?,0
1102,Linearly independent bounded functionals,0
9295,All combinations of 2-value variables,1
11736,Algorithm for generating heat maps,1
10167,Approximation algorithms for an instance of the Monotone circuit satisfiability,1
9954,Extract version string from text file with Powershell,1
310,Minimum value of an integral.,0
8824,"What is the ""formula"" for ""any cipher can be deciphered by a quantum computer""?",1
7900,Expected length of a random walk on a line,1
2380,"What does ""coefficients from all of $\mathbf{F} _q$"" mean",0
7829,"Creating formatted ""[time] [unit] ago"" messages from a seconds value",1
6612,Can every regular expression be written as sum of products?,1
2501,"If $\lambda$ is an eigenvalue of a normal operator $A$, then $\left.A\right|_{{\mathcal N(\lambda-A)}^\perp}$ is well-defined and normal as well",0
2438,True/false: $\det(A^2+I)\ge 0$ for every $3 \times 3$ matrix with real entries and rank $>0$,0
7290,Is every program is equivalent to a Push Down Automata?,1
6345,"Why is the sequence ""3,3,4,5,2"" considered a bitonic sequence?",1
2090,Which is a better definition of a parabola?,0
11527,"Function to filter comments and ratings, with pagination support",1
9859,Concatenation property of regular languages,1
1730,"Conics: The line $\mathbf{l} = C \mathbf{x}$ passes through $\mathbf{x}$, since $\mathbf{l}^T \mathbf{x} = \mathbf{x}^T C \mathbf{x} = 0$",0
10303,Idiomatic approach to applying a keyword replace algorithm to a Java 8 Stream,1
955,How many different numbers can $a_1 \circ a_2 \circ \dots \circ a_n$ result in?,0
11686,Using a custom comparison function for BTreeSet and a foreign type,1
10768,Generating the property name of an object,1
463,Bayes rule on conditional probabilities that follow Poisson/Gamma,0
9436,Request for examples to show various types of subproblems in dynamic programming,1
2137,Groups of order 2k have a normal subgroup of order k and odd permutations,0
7828,Maximum One Third Cut,1
3195,How does the brain initiate the process of releasing the neurotransmitters?,0
858,How do I invert this sparse lower triangular matrix,0
8948,"Centre, diameter, and radius of graph",1
1230,Dinner invitation problem combinatorics,0
407,what is the value of the contour integral oriented counterclockwise?,0
1124,Identfying natural isomorphisms using Yoneda's lemma,0
7018,Can the test set of attributes be a subset of the training set's attributes?,1
5540,Why are human feces riskier than urine with regard to spreading diseases?,0
3377,How do these triplets code for these proteins?,0
2844,Examine the uniform continuity $f(x)=\frac{\tan(\sin x)-\frac{(\sin x)^{3}}{6}}{x^{5}}$,0
10127,Dividing 2 integers with some constraints,1
7005,Information about ε-greedy algorithms,1
10655,A variant of the house robber problem,1
9362,Generic Graph using Adjacency matrix - Java,1
2016,Can negative integers be prime?,0
1915,Algorithm to calculate price based on number of units,0
11144,N-Divisible Digits small program,1
11919,"Function to validate a GUID, an EntityState, and some data",1
1401,Is it possible for Markov inequality to have at least two points of equality?,0
11096,Numeral systems other than unary used in nature or in animal and human behaviours,1
6400,Practice of setting parallelism as the default behaviour,1
7969,Running time of algorithm (effect of j*j in for loops) - Theta Runtime,1
11322,Programming Language Identification in JS,1
10238,Critique & improve a file reading routine,1
4031,HIV and T helper cells,0
10103,Scalability of factor-solve vs. pseudoinverse + product,1
9308,Pseudocode for a searching tree,1
6840,Find most occurred number in sorted array of numbers,1
468,Finding a curve given only its basic form and its tangent line,0
9498,Three phase commit : study case,1
11320,Using decorator pattern to validate an entity,1
5347,Is there a good site or software to see if a primer pair spans an exon junction?,0
3835,Is there a definition of species where Lions and Tigers are the same species?,0
7982,Review my ruby for performance,1
4184,"Is it a limitation of the eyes, or the brain, that we can't see a moving bullet?",0
5136,Why do you need primers in PCR?,0
386,Why does $\mathrm{abs}(i)=1$,0
4526,How is a substance classified as a vitamin?,0
2345,Sketch the graph of an integral function,0
3077,What does reflected onto means in the text below?,0
3562,"Is this flying bug swarm termites? Found in New York city, approx 7mm",0
3949,How different is breathing in wildfire smoke in urban areas compared to sitting by a campfire for a night?,0
3927,Dreaming after passing out,0
10583,Producer / Consumer implementation for Parallel Processing in the TPL,1
6085,Why Does the Deterministic Selection Algorithm Run in $O(n)$ and not $O(n\log n)$?,1
2941,Use moment generating functions to find the distribution of $Y$?,0
9234,Stoppable asyncio thread class,1
10830,Obtaining column status definition,1
8980,Idiomatic Clojure? Performant & functional enough?,1
6922,Is Myhill-Nerode equivalence class of a language which contains all palindrome pairwise distinct?,1
7368,Horridly Inefficient Project Euler #14 in Python - Collatz Sequences,1
3525,Isolating gene of interest from a large strand of DNA,0
1567,"Does the function $f:\mathbb R^2\setminus\{(0,0)\} \to\mathbb R$, defined by (see below), have a limit as $(x,y)$ approaches $(0,0)$? .",0
10330,Do any industry programming languages use Martin-Löf style identity types?,1
1399,How to prove that this generalized polynomial has exactly one root?,0
3004,Problem with an analogy (Cell Membrane),0
9006,Filter table with drop down values given multiple constraints,1
11756,Calling API only once on changing segments,1
11346,Finding unique values in an array with possible nested arrays,1
4764,What impacts on metabolism are likely from the 6x increase in water consumption by Americans at restaurants since the 1950s?,0
5418,Effect of pupil responses on the electroretinogram,0
765,Total derivatives explanation,0
10443,Mean and median distance in unweighted graph,1
7326,Limit fgets input to up to a certain number of characters,1
7486,Log table with a summary of claims,1
6148,"Filter one array based on values of another, is this the best way?",1
2943,Intuitive Approach to de Rham Cohomology,0
7413,How to prove formally that grammar isn't LR(1),1
852,"Prove or disprove: $\phi(Ax,y)=\phi(x,A^Ty)$",0
7941,Whiten black contours around a skewed image,1
7748,Is there any advantage of using an Integer Linear Program over Backtracking in a combinatorial optimization problem?,1
10123,Alternative to null check after DOM traversal?,1
1957,The composite of all unramified extensions inside an algebraic closure,0
6647,Building vertex-edge visibility graph among polygonal obstacles on 2d plane,1
531,Book Recommendation For Ordinary Differential Equation.,0
2672,Pick the true options for a $n\times n$ matrix $A$,0
5031,How can a good SD / Kozak sequence enhance translation efficiency?,0
371,Average points given a win ratio,0
783,"Compute the following Lebesgue integral $\int_{[0,\pi/2]}fd\mu$",0
1420,Problems on deriving cumulative distribution function,0
8209,If A is polynomial time reducible to B does that imply not(A) is polynomial reducible to not(B),1
849,Equivalent Norms for Intermediate Subspaces,0
20,Convergence in $L^1$ coincides with convergence a.e.,0
6762,Improving rendering of JOGL,1
8071,Checking for one- or two-dimensional palindrome strings,1
2071,Prove that two random variables are independent distributed normally,0
4314,Crusty eyes in the morning,0
2098,Puiseux decomposition over a field with positive characteristic,0
7685,What is minimum cost perfect matching problem for general graph?,1
5866,Why ravens play with garbage?,0
5586,Do human visual functions degenerate due to genetic factors or by external factors?,0
9651,How to prove that the probability that a random graph has a stable set of size $2\lceil \log n\rceil$ is sub-constant?,1
11372,Normalizing data in Excel table column with multiple values,1
3988,Cell division - meiosis,0
10832,Depth First Search to find Minimum spanning tree,1
10161,What is the best way to get the child class name for use in a parent class,1
475,If $f$ is an odd function then $c_n = 0$ for $n$ even,0
5144,A question related to qPCR analysis,0
3742,Why did the indigenous peoples of northern Asia and America not evolve the same physical characteristics as people of Nordic ancestry?,0
7924,Error Handling When Using Dictionary,1
6227,Promise for request/response with timeout,1
6184,First-come first-serve job scheduling algorithm,1
757,How May I Determine if a Number is Divisible by a Given Set of Numbers?,0
2962,Intuition and name for $a^T R a$,0
10386,Are type variables really only used in mathematical conversation about types?,1
3095,What is the evolutionary or biological origin of apathy and indifference. Is it uniquely a human thing?,0
6712,Regular expression for words containing single 1 and even number of 0s,1
10577,Python script to test music sight reading,1
11095,Analogue of the topology-computability correspondence for computational complexity,1
10535,"What is the definition of a ""Clustering Feature"" in BIRCH algorithm?",1
10433,Best accuracy and performance with timers in JS,1
5597,Is there a durable surface that ants can't pass?,0
1552,Using Fredholm alternative to prove a necessary condition for existence of a weak solution.,0
3750,Encephalitozoon cuniculi,0
10660,C permutation generator,1
3400,"How far in evolutionary distance is the P-distance estimator ""accurate""?",0
4660,Can foraging worker ants become queens?,0
9210,How to structure device driver software?,1
8586,Should I use an intermediate variable in a complex C# expression?,1
4651,"These Mammals Had a Good Run, So What Happened?",0
10601,Saving and listing Category model,1
11305,Neural Network Normalization and de-Normalisation of data,1
3275,"What kind melanin do fair or light skinned black or mixed people have, eumelanin of pheomelanin?",0
11435,How to represent semantics with Combinatory Logic,1
9881,Aggregation on list forEach and maps improvals,1
5771,Which cells are prefered by the HIV virus to establish an infection?,0
7597,BFS shortest path program,1
6088,Encrypting/decrypting messages in java,1
2424,Disjoint Lines in Projective Space,0
1905,Convergence of a product series with one divergent factor,0
6469,Generating all directed acyclic graphs with constraints,1
4279,What obstacle(s) would be most prevalent in an attempt to use virotherapy to inject Cas into cells to target a cancerous mutation?,0
5549,How does the peptidoglycan layer of a bacterial cell wall help prevent osmotic lysis?,0
2064,There're no $x \in \mathbb{Q}$ which verifies $x^2=12$.,0
4291,Which wavelength to use to determine algae using a colorimeter?,0
5627,3' or 5' DNA capping protein,0
7200,Scoped time sink implementation,1
5093,Explanation of universal model of energy flow,0
3793,How are lophotrichous flagella of helicobacter pylori produced?,0
6288,Read text from stream char by char,1
7170,My first random password generator,1
11935,Laravel 4 search function,1
1074,How far from a matrix the rank does not decrease?,0
6321,Count elements of a sorted matrix that fall into a given interval,1
9443,Building a SharePoint Search URL,1
9111,Scraping weather conditions for mountain peeks,1
968,Non full rank differential and holes,0
33,Every prime ideal of the integers is a maximal ideal. Assume the ideal is not $⟨0⟩$.,0
6906,Difference between an a microcontroller and a system on a chip?,1
4201,Protostomia classification and characteristics,0
9101,Alien Numbers - how Scala-ish is my solution?,1
2011,Prove that $f : \mathbb R \smallsetminus \{−1\} \to\mathbb R \smallsetminus \{1\}$ given by $f(x) = \frac{x − 3}{x + 1}$ is bijective,0
193,Transform quadratic form into canonical form.,0
10882,Simple version of the Game Of Life,1
3827,Why do we blink instead of winking each eye independently?,0
5466,Histidine aromaticity,0
9976,Sorting lower bounds for almost sorted array,1
2736,About $n$'th rooth of $-1$ in a finite field,0
6974,Find all the missing number(s),1
4092,What is the definition of a stringent/relaxed plasmid?,0
11348,Rvalue copy and and assignment for secure array class,1
6504,Statistical calculations with sets of genes,1
10960,C program to generate Seed programs from statically defined Befunge code,1
3745,The evolution equations under different year classes of a age-structured model?,0
1017,"Abelian group - set $G$ of all complex roots of $1$, of all possible orders",0
8090,Sorting in computing longest increasing subsequence,1
6201,Count Characters Function PHP,1
2843,Eigenvectors of the companion matrix,0
5723,Lifeless Lake in Siberia,0
2815,homotopy between continuous functions to an absolute retract,0
6210,Why there is no polynomially large sequence of polynomial large weights that derandomize the isolation lemma?,1
8806,PHP program to generate random phone number,1
1558,Functions whose limit at infinity is zero are closed,0
8237,Simple equation parser and evaluator,1
4588,I need a site for online courses,0
7822,Databases and B-Trees: What are Keys and how are they related,1
1732,Determinant of submatrix,0
4709,Are there available fluids that can be used in place of blood to facilitate oxygen and carbon dioxide exchange during major surgery/trauma?,0
3362,Plasmid: Empty Backbone?,0
4035,How screeching affects the body?,0
2940,Geometric series in a probability question,0
2012,Does a normal number contain each sequence of digits infinitely often?,0
5431,Cell cycle selection,0
7608,Can preorder and postorder traversals be used on any type of trees?,1
11850,Project Euler #52 - Permuted multiples,1
9002,Locale language reducer,1
1536,Why this expression is a characteristic function? (Infinitely Distributions),0
4974,Sorting beads with FACS,0
11634,Flood game implementation,1
4630,Can anyone identify this mystery caterpillar?,0
3229,Proteases in the blood,0
5424,Why reference genome is a reference?,0
403,Limits using Maclaurins expansion for $\lim_{x\rightarrow 0}\frac{e^{x^2}-\ln(1+x^2)-1}{\cos2x+2x\sin x-1}$,0
7810,Complement of context free language,1
303,Perimeter of the Unit Ball in $\mathbb R^n$,0
8725,Wrapper for caching methods in ASP.NET,1
5893,mutations induced by transposons,0
1423,Inequality on sequence of integers whose only prime factors are $2$ or $3$,0
5130,Deciduous trees in tropical rainforest,0
10525,What is the largest sum that can be constructed with the given recipes?,1
1086,Using ODE to model a discrete phenomenon,0
1000,Question Regarding Equivalence of Definitions of Homomorphisms of Groups,0
11213,Is my pumping lemma proof correct?,1
978,Depth of infinite direct sum,0
9468,Finding occurrence of a given character in a String?,1
742,Probability with my Facebook friends,0
1896,How to determine the equation and length of this curve consistently formed by the intersection of Circles,0
10283,Assert LinkedHashMap element in jUnit test,1
718,Are these facts about the Poisson process correct?,0
8628,Security check using an SQL call,1
1355,Reason for existence of 'swapping' elementary matrix operation,0
3405,Cat purring: What are some possible underlying mechanisms behind purring and bone remodeling and formation?,0
8301,Passing listener to customized extended View in Android,1
7735,How are files managed in a filesystem?,1
1100,Show $h$ is continuous on $D$,0
5165,"Do adult humans exchange beneficial bacteria? If so, how?",0
2236,Error minimum when it is minimum,0
6768,C++ smart pointers and classes,1
5831,What insect is this? (India),0
6821,method to decide if two strings are anagrams,1
3174,Neisseria meningitidis transformation into a pathogen,0
11388,The minimum three elements from two tuples of size 3,1
2360,"Joint Distribution, find $P(X-Y>z)$",0
6161,Making feature vector from Gabor filters for classification,1
11052,Improving and optimizing Tic-Tac-Toe game written in Python 3,1
247,"In general what happens in Conway's Prime Game given $2^n$, with $n$ composite, as the initial value?",0
11162,Constant Time implementation of String Uniqueness Algorithm,1
107,Example of two non-homeomorphic spaces with the same de Rham group,0
1630,"Proving that the set of all graphs of continuous functions $f:[0,1] \rightarrow \mathbb{R} $ is closed",0
2668,Covariance matrix of a set of spherical coordinates,0
2477,domain and range of trigonometric function,0
3113,Why are antibodies Y-shaped?,0
5456,How can a YAC be screened against a cDNA library and a cosmid library of genomic DNA to find a gene?,0
4241,What insect is this case from?,0
7501,Binary integer programming problem without exponential memory,1
5233,Is the information in the brain stored in the connections rather than neurons?,0
4644,Recommendations for a haemocytometer (phase-contrast),0
4830,What are flagged primers?,0
1119,"Let $\lim_{n\to\infty}\frac{a_n}{n}=0$, the series $\sum\frac{a_n}{n^2}$ converges?",0
10796,C++ Caesar cipher - follow-up,1
7932,custom smart pointer class template,1
1615,Knight's tour problem existance proof,0
2509,Show a real polynomial has at least one zero,0
8029,Is $\{w~|~\forall x \in T(M_v):|w|>|x|~\}$ decidable?,1
4510,Is this a variety of banana slug (Ariolimax columbianus)? (California),0
3503,What are the minimal chemical requirements for a food which we all can eat?,0
3946,Can rats pass on memories of a maze to their offspring?,0
11409,Factory for object init and configuration,1
1735,The Closed topologist's sin curve,0
549,derivation of geometric series summation rule?,0
2971,existence of a unique vector in a Hilbert space,0
786,Have I been rigorous in this simple argument with summation and expectation operators?,0
5698,Reproduction number of a SIR model with mortality,0
9178,Optional arguments in a function,1
7428,How to avoid column wise access in matrix multiplication?,1
5889,How does a smoker's finger or mustache get yellowish by nicotine?,0
3511,Where does the additional 1 proton cost of oxidative phosphorylation come from?,0
9975,Operator-precedence grammar,1
8069,Determining the number of walks between two vertices in a graph,1
538,Conditional probability with exponentially distributed random variables,0
10444,Mapping Reductions to Complement of A$_{TM}$,1
8849,Quick Sort vs Radix Sort,1
9789,Removing nested for loops to hasten API call response time,1
4609,Is there a biological basis for different accents?,0
1290,Subbasis of a weak topology,0
9045,Building tree from edges puzzle with performance requirement,1
5646,"How to quantify the ""stability"" of a protein complex?",0
6182,Graceful shutdown of applications/servers,1
1135,A sentence false in a field of characteristic $0$ but true in all fields of positive characteristic?,0
11674,Are there simple core languages which are consistent and expressive?,1
7346,C# Program that checks on the status of the Capslock with each character insert,1
6013,Idiomatic way to construct a SQL INSERT query in Python,1
5861,Are the asymmetrical positions of owl ears consistent across species with this trait?,0
11167,Checking if a binary tree is balanced,1
7886,How to revert a carryless polynomial multiplication?,1
7061,Activity scheduling with activities that can move around,1
7745,"Is the language $L=\{a^nb^mc^k | k \ge max (m,n) \}$ CF",1
1328,"Is $R\operatorname{Hom}(\bullet,R)$ a triangulated functor? What is the opposite of a triangulated category?",0
3896,What property of water explains how sweating helps the runner continue running?,0
3965,What are the types of interactions in biological network (protein networks)?,0
175,Forming a combination that is mathematically possible?,0
7103,When did idea of document file format or markup language first appear?,1
5350,"Claim: Cat litter with different colors each son, could have different fathers",0
1473,"A question of the book ""a guide to quantum groups""",0
10276,All the knight moves in all the right places,1
6361,Why Does the Fixed Point Theorem Apply to Quines?,1
10328,What does does $O$ mean in this context?,1
8341,Python implementation of netcat,1
8761,Safely aborting thrid-party code using TPL,1
6293,"Why ""Choice Points"" introduce non-determinism in a program?",1
1795,"In △ ABC, D is the midpoint of AB, while E lies on BC satisfying BE = 2EC. If m∠ADC=m∠BAE, what is the measure of ∠BAC in degrees?",0
11534,Check whether given a pair of arrays are permutation of each other,1
9691,"How can I compare two different neural networks, from a theorical point of view?",1
9478,Storing localStorage data as part of rxjs reducer?,1
6356,Can a Turing Machine decide if an NFA accepts a string of prime length?,1
10942,Grouping dates by weeks using reduce(),1
3575,"What is the biological basis for a human's ability to think clearly and be aware while ""fighting/competing""?",0
10584,"Finding the Largest ""Ordered"" Difference in Elements of an Array",1
9792,Reference enum values in Angular template without aliasing the enum type,1
5897,Can enzymes catalyze thermodynamically unfavorable reactions?,0
5034,Antiparallel DNA Strands - Error Correcting Code?,0
3504,Insect identification by example,0
778,(Tensor) Product of irreducible representations,0
10541,Regularity of the exact middle of words from a regular language,1
1441,Question on Riemann's Derivation of the Zeta Functional Equation 2,0
7709,Arden's Lemma in case $X_{i}=AX_{i}$?,1
5683,Is there a difference between polarity and hydrophobicity?,0
4939,Are human disease-causing organisms living in other creatures helpful to them?,0
10629,What is a certificate in plain english?,1
4482,What does 'H' in BamHI stand for?,0
5168,Why does a housecat (or other predator) play with it's food before killing and eating it? Does it make the food taste better?,0
1431,Does the order of extraction in Urn Problem matter?,0
4888,How much DNA of Albert Einstein is recoverable?,0
10940,Is how much memory a program needs computable?,1
9291,How to construct a NFA that the third symbol and the third from last symbol are same?,1
6804,Check the address String for presence of a New Brunswick abbreviation,1
4288,Difference between pulse coupling and diffusive coupling In biological oscillators,0
3621,Why did eukaryotic cells develop?,0
6607,Reduce repetition in these Redux CRUD actions,1
169,Unclear if this del vector identity is true,0
839,Pontryagin Duality and Adjoints of Group Automorphisms,0
7035,Securing an Image Upload Script,1
771,Almost sure convergence of Newton's method,0
7832,Normalising fractional numbers,1
2827,Show that if $A$ is a nilpotent matrix then there exists $k\leq n$ s.t. $A^k=0$ without using Cayley-Hamilton,0
8582,Upvote/counter in Javascript,1
3874,What is the mechanism responsible for long-lasting detectable antibody titers?,0
5447,Strange Cordeyceps-looking Mushroom in Australia,0
10477,MST - algorithm to add an edge to the graph,1
346,How do I prove that $f(x) = ln(x) − (x − 4)^2$ has exactly two roots.,0
3997,Why there are no plants that offer salt fruits as opposed to sweet fruits?,0
2173,"Limits of integration, surface joined by paraboloid and plane",0
10457,Compression with random dictionary,1
1285,What is the inverse of $f(x )= x \operatorname e^{|x|}$?,0
3006,How do susceptible organisms prevent parasites from overcoming resistance?,0
2905,"$\lim_{x \to 1} \dfrac{\ln(x^2+1)-\ln(2)}{x-1} $ = 1, why?",0
6677,number of balanced binary trees,1
9877,Persisting objects in a ListBox ObjectCollection,1
7369,Linear Grammar in less than cubic time,1
10975,How do I form a parse tree for equations?,1
5179,Is there a biological or technical reason for a 40 Ct cutoff in nucleic acid detection assay?,0
9977,Help need to learn Quantum Computation and Information,1
11993,Heap down - What is math logic and intuition behind $\sum_{i=1}^{\log n}(\log n - i) \times 2^i $,1
318,Finding the equation of a curve by using the points of intersection of tangent and normal on the X and Y axis and other information.,0
3388,What part of the brain controls depth perception?,0
8930,Image quantization for grayscale images with alpha channel,1
905,Piecewise step function for changing dollar amounts?,0
6808,Are neural networks a type of reinforcement learning or are they different?,1
1383,Bound on the $2$-norm of a diagonal sub-matrix,0
2033,"Let $R$ be an infinite comutative ring with unity, $M,N$ be $R$-modules, $f:M \to N$ be a surjective module homomorphism; then $|M|=|N ||\ker f|$?",0
2535,integral of a (cotan) rational function,0
6834,Isprime Android app with kivy,1
1375,Understanding Kelly's criterion,0
1812,What is the class of languages accepted by DFAs whose transition monoids are transitive permutation groups?,0
265,Geometrical explanation for Derivatives,0
7620,A bitwise common prefix algorithm in Python,1
2794,How to compute this integral...,0
4516,What is the minimum-volume : neutral-volume : maximum-volume of the molecules that make up the SARS-Cov-2 virus-fusion machine?,0
10556,Regular expression for even/odd string on alphabet,1
1684,Set $J$ contains elements $c$ from commutative group $F$ such that $c^3=e$. Why is $J$ a subgroup?,0
26,Intuition behind this construction regarding eigenvalues?,0
6414,Making recurring requests to a web service using Task.Run,1
3693,Why slow worm lost ability to walk in evolution/ecology perpective?,0
10821,how to allow user to input results in Array using java?,1
2877,Show that $\{\sqrt{2a}\operatorname{sinc}(2ax-k):k \in \mathbb{Z}\}$ is an orthonormal basis for $H_a$,0
6456,Select Top N elements nested objects,1
8783,Using static management class to control db transactions through an EF6,1
9425,Compressed row storage: What happens if last row is all zeros?,1
8662,Derive integer lengths for given areas,1
5952,Seizures and blood pressure,0
3418,What kind of fish is on the picture?,0
11062,How to find a path in maze with navigator physical size constraints?,1
5272,Were there lifeforms before LUCA?,0
1349,Question regarding the formal definition of NP,0
11964,Asking Windows for real-time priority,1
2564,what is the significance of the annulus in laurent series?,0
8908,Analyze Stock Market Bottom Timing without Looping over Data Frame Rows,1
9595,Popular questions by view count,1
3383,Is Panmixia very rare?,0
6916,Reactjs Tab Component,1
5882,Is an X ml dose of a drug at 50% bioavailability roughly equivalent to a 2X ml dose at 25% bioavailability?,0
11000,Sorting a 2-dimensional array with counting sort,1
10988,Printing all paths of a tree and sorting the weight of edges,1
8704,Copying items in arrays while checking their indexes,1
9990,copy_if_max() algorithm,1
11129,"Bare minimum neural network, random weight update etc",1
8523,What is the approximation ratio of this randomized algorithm for finding matchings?,1
2622,Explicit use of Mean Value Theorem,0
4080,What is the difference between an alpha subunit and a non-alpha subunit in ACh receptors?,0
10388,Duplicate vote checking,1
3435,How are chromosomes counted at the end of mitosis in a plant cell?,0
10750,Check if multiple lists contain an element from a large external list,1
5506,Can scientists create totally synthetic life?,0
9967,Double Hashing and Variations for Bloom Filters,1
10223,Punch-card computers running today,1
3269,Amphibian blood circulation,0
7260,How many unique counting functions there are for strings of N bits?,1
9374,Question of checking the $n$th root,1
3442,Does the second law of thermodynamics cause aging?,0
10224,criterion for two line segments intersecting,1
4545,What is happening to this spider?,0
9704,"Is a computer without RAM, but with a disk, equivalent to one with RAM?",1
10785,Allow users to add custom queries to Mustache variables,1
42,Visualization of rotation in $\mathbb R^3$,0
9316,I want to learn more about computer science. Where should I start?,1
1657,A space with an isometry group of $\operatorname{Spin}(d)$?,0
6775,CSS3 transitions performance enhancement,1
8391,Simulate Turing machine,1
11965,Understanding of Turing's Answer to the Entscheidungsproblem,1
7455,stat the word count for a given stackexchange user,1
3225,Does every mitochondrion in a cell contain the same DNA?,0
11258,PHP autoload class design for a framework,1
1350,A stick of fixed length is broken into 3 pieces. Construct triangle,0
1644,Convexity of the set,0
3353,The effect of pH on catalase,0
6412,Getting a key's value in a nested dictionary,1
2412,Should the set of Continuous Functions on an Open Interval be a Vector Space?,0
8252,How to prove Big-O when $F(N)$ is even or odd,1
9907,jQuery handler for closing a login box,1
3247,Can a same gene stretch from one chromosome to another separate chromosome?,0
11423,Lower-bound complexities for finding common elements between two unsorted arrays,1
4527,What is the relationship between DNA molecules and the chromosomes?,0
2228,Question about probability in infinite game of chance,0
1233,Curry-Howard correspondence,0
8054,Is this grammar LR(1),1
2134,"Does an extraneous root of a polynomial in trigonometric functions have meaning? (Eg, the root $\cos\theta=-2$ of $\cos^2\theta+3\cos\theta+2=0$.)",0
6914,Non-regularity of the set of primes in unary encoding using Myhill-Nerode,1
9849,Definability of Truth Assignments,1
3953,Does DNA polymerase I require a $3^\prime$ end?,0
5275,Is water movement across cell membrane purely diffusive or it always requires channels?,0
790,A map which has at most one extension to a homomorphism,0
1455,How to prove this identity nicely?,0
1108,"Let F denote $M(R)$, the set of all mappings $f : \mathbb{R} \rightarrow \mathbb{R}$, made into a group",0
5159,Is it harmful for someone to consume things full of bacteria if they don't get physically sick from the bacteria at all?,0
6015,Abstracting device IO / glue logic in a CPU emulator,1
182,Infinite sum evaluation-square root,0
3699,Why do asparagine and glutamine have two different abbreviations?,0
5845,How to choose the most appropriate measure of genetic distance,0
9433,Python function to find the next smaller number with same set of digits,1
1786,Splitting field of $x^3+x^2+1$ in $\mathbb{Z}_2$,0
11311,"Python recursive function that receives list of strings, and returns a nested list of anagrams",1
3133,Programmatic way to differentiate homodimers from heterodimers?,0
9684,Find outlines of a tile collection,1
920,Find the value of $f(t)$ for which $f ' (t) = 0$,0
9385,object oriented Node.js class RiddleInfo.js,1
10845,GetHashCode of a Dictionary,1
7791,Do Karnaugh maps yield the simplest solution possible?,1
8634,Finding a minimal subset of strings whose bitwise OR is the all ones string,1
10253,Find all words that satisfy unknown letters (Hangman),1
4303,Is the male bee's penis homologous to the female bee's stinger?,0
2529,Show that the set of zero of a polynomial of $n$ variables has dimension $n-1$.,0
9689,Optimize mapping over large DF,1
2963,Intersection of compact subsets of metric space / seeking alternative proof,0
10054,Run-length encoding in Haskell,1
4040,Can erythrocytes Function without plasma?,0
7903,Complexity of domino tiling with dominoes placed in a line,1
7404,Check-digit algorithm that includes characters?,1
5655,Acetylcholine and muscles- excitatory or inhibitory? (muscle atonia and myasthenia gravis),0
5190,"If one endures the same form pain over a long period of time, would the pain begin to lose intensity?",0
7562,Python program to calculate the area of two-dimensional shapes,1
6408,is it always true that the depth of BFS is $\leq$ DFS?,1
10589,Do compilers of high programming languages always compile them directly to machine code?,1
8129,What would be the best way to update data from associative array?,1
1775,Finding an appropriate axis of rotation for two points such that they can be rotated and translated to overlay a given line,0
8392,"Model disjunction in a $\{0,1\}$ integer linear program",1
8401,Replacing simple jQuery methods for better use,1
7176,The theoretical upper bounds for duplicate detection in a set of objects?,1
6581,Breadth-first search in Java: competitive style,1
3471,At what g force do bacteria start to pellet down a tube?,0
2531,No unique stationary distribution?,0
1833,Riemannian connection on product manifolds vanishes,0
11381,What's a trivial property?,1
1381,Find $\int_{3}^{5}\left(\sqrt{x+2\sqrt{2x-4}}+\sqrt{x-2\sqrt{2x-4}}\right)dx$,0
2846,Main branches of mathematics,0
9656,ViewModel constructor with many parameters,1
7345,Follow Up post: Proper handling of exceptions in MVP,1
4387,Troubleshooting bioconjugates migration in a SDS-PAGE gel?,0
4375,"Flower identification: Moscow, Russia",0
3558,"What is the biology behind a skin ""mole""?",0
7116,Convert hex to base64 and then fixed XOR,1
11822,Creating Extension Method to map entity with subentities object to Poco object,1
5003,What model of epistasis best fit the reality?,0
2780,Solving an equation in a noncommutative ring.,0
6831,Pros and cons of representing strings as lists of characters,1
7488,Random number guessing game,1
11912,How Does an Operating System/BIOS Determine Physical Addresses of Devices?,1
6389,How is a nondeterminisitic automaton running on an input?,1
239,existence of a linear map,0
5888,Osmosis vs protein-binding in preserving foods through salting,0
270,A particular combinatorial identity,0
8085,Concatenation of two Turing machines,1
7902,What is the practical difference between an neuromorphic processors and GPU's?,1
988,Using $\epsilon-\delta$ to prove that a limit is not a specific number,0
5495,Why are fearful stimuli more powerful at night?,0
7060,"On an AVL tree insertion/deletion, which nodes have their height changed and why?",1
5220,In a sugar such as a disaccharide are both ends of the sugar known as reducing ends?,0
8629,binary tree to binary search tree,1
6700,Minimize the maximum Hamming weight of basis vectors spanning a binary subspace,1
6701,FPTAS algorithm to find flow at each link for multi commodity flow problem?,1
744,Increasing the set of marked points for a relative homotopy,0
2083,"Probability density function of the sum of $n$ dice, each with $m$ sides numbered $0$ to $m-1$?",0
8062,Lispy code? Sum multiples of 3 or 5 up to 1000,1
543,Example of a continuous point on function with no RHS and LHS derivative?,0
2998,Compact subsets of convex sets,0
4906,"Can you help me identify this ""thing""?",0
2434,"Proof $d(A \cup B,C) = \max\{d(A,C),d(B,C)\}$ in any complete metric space",0
8250,Fast sampling from discrete space,1
10700,Best Practices Generics in Typescript,1
3893,Why are X-linked illnesses less common in females if females have X-chromosome inactivation anyway?,0
9231,Loading in two CSV files and storing them in two separate arrays,1
8515,Singly Linked List Implementation in ES6,1
5552,Why don't birds in flocks fly into each other?,0
1916,$\Omega^*(M)$ as a graded algebra over the ring of smooth functions. Is there a notion of basis?,0
4667,How is it that ionic diffusion is independent of other ions?,0
1440,Generating Standard Uniform random variable,0
8338,$m/p$-equivalence holds after union with an arbitrary finite language,1
2863,Multiplicativity of the Euler characteristic,0
10751,How to prove that the expected depth of kth smallest element in a complete binary heap (min-heap) is O(logk)?,1
3223,marine animal tracking databases,0
9027,Very small JonTron quoter,1
7211,Slow query joining orders and products,1
10741,Can Shortest Job First Scheduling be subject to convoy effect?,1
10636,"Printing a list as ""a, b, c."" using Python",1
7092,Wrapping argparse to use configuration file,1
6894,Find the exactly correct separating hyperplane of SVM when the data is not perfectly linearly separable,1
7417,Jaccard distance between strings in Rust,1
5522,Effect of soap on the survival of non-enveloped viruses,0
6499,"The read tape in the definition of L and NL (logarithmic space) (DLOGSPACE, NLOGSPACE) (sublinear space)",1
10393,"What is an example of a Turing-recognizable infinite word, which is not Turing-decidable?",1
11511,Converting the comma seprated numeric string into int array,1
6965,Simulation of Central Limiting Theorem (CLT),1
1576,Fourier transform and complex vector space,0
5647,Are SLC52A2 and GPR172A really the same?,0
1397,homomorphism inducing Galois cover,0
4105,How to estimate a genome's size?,0
11503,Adding 0 to a balance on an object,1
6474,"What does it mean ""given a NFA and its accepted language L build the DFA that accepts L*""?",1
312,"Average no. of objects in a box,when m objects are filled in n boxes.$(m>n)$",0
4688,Limit of muscle atrophy,0
1258,Wronskian of two solutions to a second-order ODE is zero $\implies$ linearly dependent,0
11821,Restricted version of the Clique problem?,1
6810,Calculate mean of vector primitive numerical values generically,1
170,Differentiable function impleis uniform convergence,0
2216,Cauchy heat equation problems,0
2072,What is known of when do solutions exist for the equation $x^3+y^3+z^3=n$?,0
11518,Closure properties of undecidable languages,1
3926,Why does the heart use lipids (and not glucose)?,0
10365,Determining whether a string can be rearranged into a palindrome,1
5471,Pox virus infection process,0
11630,Sorting a list of phone numbers by teleconference provider and location,1
5448,Why aren't mammals and reptiles considered amphibians?,0
7421,Grouping sales transactions by person,1
11906,If the two generals problem is unsolvable how can we human beings agree on things?,1
11283,Shopping list sent by email using Python 3,1
9816,Python Firewall-Connection-Event Filter too slow,1
1011,"Partial converse of the fact: $f\in L^p , g\in L^q \Rightarrow fg\in L^1$",0
9032,function to check if word matches search word,1
6843,Basic expressive Swift background thread execution,1
11209,Factory for arbitrarily high-order operations,1
6600,Fair division of two-dimensional cake,1
289,proof using field axioms only,0
8868,Raft algorithm: What's the meaning of concept `index`?,1
9700,Finding combination of coins that can produce a given sum,1
2461,Consider the non-homogeneous linear recurrence relations $a_n=2a_{n-1}+2^n$ find all solutions.,0
8770,Finding compound words with Trie in python,1
10076,Using Gibbs sampling to segment an image,1
7978,Single Digit Math Quiz,1
1419,Why is the morphism induced by this linear system birational?,0
9546,"Most intuitive way to register ""commands"" in an extensible IRC bot in Go",1
3166,How do sarcomeres coordinate contraction?,0
5186,"What does it mean for a hormone to be ""active""",0
3959,How to cut out a specific named gene from plant DNA,0
5678,"What is the difference between ""lineage restriction"" and ""differentiated"" in terms of stem cell biology",0
7274,Changing from Kernel mode to User mode (and vice versa),1
6589,Slim down Javascript MomentJS Function,1
2753,Find $\phi_1(x)$ and $\phi_2(x)$ such that $\phi_1 + \phi_2 = \psi$,0
871,How can I construct these homeomorphisms?,0
3002,MRI maximum field strength,0
9854,NHibernate (UoW) + cCommand pattern,1
1283,How to calculate percentile rank if all values are equal to zero,0
5368,Is the coronavirus getting less dangerous?,0
11064,Longest Peak without backtracking,1
4763,Does muscle get bigger by increase in size of individual cells or increase in number?,0
1627,Is this relating to continuous functions conjecture correct?,0
10439,Printing out prime numbers from an array given a max number,1
4172,How do a particular arrangement of atoms become self aware?,0
10475,Is a DTM with k-tapes not the same thing as a NDTM with k-branches?,1
2304,Find the sum of all values of $x$ which satisfy the following systems of equations:,0
5290,Function of the 'double' leaf on a pomelo tree,0
2468,How to compute the quadric form matrix of the B-spline norm $\int_{k_1}^{k_n}f(t)^2dt$?,0
2910,Computation of $\omega$- limit set of the given system.,0
2605,"Find the absolute maximum and minimum values of the function $f(x, y) = xy^{2}-y^{2}-x$ on the region $D$",0
1434,Observations (aka realizations) of conditional expectations,0
3708,Which is the best way to fix and preserve comet assay slides before staining with Ethidium Bromide?,0
4691,"Is there a standard definition for plant ""maturity""?",0
9371,Analysis of the Banana Game,1
6166,Building cycle in rectangle,1
11327,MaxHeap implementation in JavaScript,1
7692,Computing the shortest path in a labyrinth,1
11752,Worst case runtime for binary search,1
3468,Why are large amounts of DNA required for analysis?,0
10080,"Is this a variant of ""Path Covering""?",1
11891,Change Data Capture using HIVE,1
11706,Algorithm to add sum of every possible xor-sum sub-array,1
3315,What is this pink angiosperm from Morocco?,0
9352,"Creating readline() function, reading from a file descriptor",1
29,How to define a continuous surjection from two sets,0
10062,What other than programming does a computer science degree usually involve?,1
10499,Local variables get assigned global addresses based upon call tree,1
2177,"Show that $m^*[(a,b)]=m^*[[a,b)]=m^*[(a,b]]=b-a$ here $m^*$ is the outer measure.",0
2732,Evaluate using cauchy's integral formula,0
8113,Finding pairs of vertices which would disconnect a graph,1
11158,For every $L \subseteq \{a\}^*$ we have $L^*$ is regular,1
2109,Sample mean: dependence,0
4022,"What is mean by the term ""an organism's genotype is its specific combination of alleles for a given gene""?",0
9898,Handling a maze in JavaScript,1
2312,What conditions are necessary or sufficient for this manipulation of differentials to be justified?,0
11578,Simple Uniform Hashing Assumption and worst-case complexity for hash tables,1
9126,"Validating a string for a positive number, null/empty string",1
9526,Worst case using the first fit $2$-approximation for the bin packing problem,1
3614,Why do I often see male robins with female robins?,0
2164,"Why ellipse is a ""conic"" section?",0
4071,Does food continue to stay sequential once it is inside my body?,0
5348,Would expression of GroEL and GroES in erythrocytes be a potentially effective therapy for sickle cell disease?,0
11508,Traveling Salesman Problem with Neural Network,1
7752,Delete file from server (php function),1
807,Solving a Word Problem relating to factorisation,0
9135,Activity-based permission checking,1
6693,Logical shift with signed numbers,1
6827,Drawing an ASCII grid in Ruby based on a 2D array,1
8847,Determine whether two languages are context free,1
52,Pivot points in augmented matrix,0
11513,How to avoid carrying around a lock with my variable when multiple threads instantiation in Python?,1
10074,Combinations (repetition not allowed & order not important),1
4371,How many co-expressed genes would be expected in a tissue?,0
8186,Balanced Distribution Of Items,1
10933,"Mini Binary Tree ""library""",1
5868,What are the problems in using an ssDNA or an mRNA for expression instead of using a plasmid?,0
1551,"Global maxima/minima of $f(x,y,z) = x+y+z$ in $A$",0
7234,Mapping from multiple sources to destination using JMapper,1
10644,"why it said the ""The left recursion has been removed at the cost of an extra non-terminal symbol(E1) and a little extra complexity""?",1
5153,Identification - What kind of animal leaves these tracks?,0
1907,How to show the convexity of this set,0
9710,Does this constitute as an LL grammar?,1
6527,Hiding multiple elements' parent container (by child element id),1
4260,Why isn't there a standard unit of promoter strength?,0
8858,"Running time of heap sort, when all number are identical",1
1057,"Probability of rolling 2 and 3 numbers in a sequence when rolling 3, 6 sided dice",0
5808,What kinds of animals does insular dwarfism affect and how large does an island need to be to escape it?,0
8828,Return first duplicate,1
11577,speeding up matrix corruption,1
10018,Filter array of objects by comparing nested object properties,1
6956,Algorithm for finding the set of minimum coordinate pairs,1
76,supremum norm and submultiplicativity,0
8141,if $DSPACE(\log^2n) \subseteq NTIME(n^2)$ is $DSPACE(\log^3n) \subseteq NTIME(n^2\log n)$?,1
7,What are PDEs of the form $\sum \partial_{tt} w = \sum \partial_{xx}w$ called?,0
3875,Why aren't we ambidextrous?,0
11855,Data + data schema needs dependent types to be type-checked statically?,1
11272,PHP santization of textarea input,1
2611,What structure is preserved in a vector space isomorphism?,0
6014,calculate average CPI,1
5846,Monochromator in fluorescence microscopy,0
10448,Bloom Filter which does not fit in RAM,1
558,How to find out the overlapping area of circles?,0
7999,Cut costly functions in inter-procedural abstract interpretation,1
553,How can I find maximum and minimum modul of this complex?,0
8864,Counting occurrences of a word in a file,1
3381,Why might long telomeres be selected for in laboratory mice?,0
11206,Basic Palindrome check comparing chars,1
1871,What's the name for this sort of join?,0
9575,What do assemblers translate macros into during assembling?,1
8802,Minecraft block generator,1
2073,Convergence properties of nets and filterbases,0
3489,Could the growth rates of Vibrio vulnificus be affected by an oil spill?,0
1468,Minimizing a system of linear equations,0
2497,Is the following rule valid to whether or not limits exist?,0
3842,Transposons and the net amount of DNA,0
121,Does a truly random sequence in the range of x..y average to the average of x and y?,0
514,How much faster is $T_2$ than $T_1$ in percent $\%$?,0
6599,How not to solve P=NP?,1
11164,Duplicate code in day of the week event handlers,1
9647,dlinfo(... SERPATH ...) C++ wrapper,1
652,I have $17$ red and $8$ blue balls how can i distribute them to max $5$ groups and every group will have more red balls then blue ones,0
6130,Approximately counting the number of marked elements in a list of n numbers,1
10158,Send an email if a URL is down twice only,1
7553,Zipfile password recovery program,1
6530,How to choose value of additive smoothing in naive Bayes and why a higher value gives bad accuracy?,1
8652,ASP.Net Core WebAPI Authorization Policy for User or Admin,1
5152,Is it possible to express the cistrons from a polycistronic insertion fragment in a single plasmid?,0
7945,Difference between Lamport timestamps and Vector clocks,1
11794,"""Skewed"" average in Lisp",1
6099,How to generate a pushdown automata for accepting a language?,1
1116,"How to interpret the equation of a line in 3D through two points, when there are $0$s in the denominator?",0
9160,Does Second chance Page replacement algorithm suffer with Belady's anomaly?,1
10317,Format A TimeSpan With Years,1
7185,Why not use large $k$ in a $k$-ary tree?,1
4464,What is the efficacy of an Ebola antibody response,0
5836,Why doesn't the spinal cord get thicker the further up we go?,0
5497,Is the eyes' movement discrete?,0
9125,Is it possible to write a universal loop program for if-then & loop programs and it is possible to write a universal while program for while progra,1
8369,Shifting event times to and from time zones,1
6083,Thread-safety and delegates with generated numbers,1
8974,Rust/WebAssembly VS pure JavaScript benchmark in Node.js,1
8419,Simple bcrypt Register User and User Login using PHP - is this approach acceptable?,1
11471,Bash script for tagging the current git workspace including uncommitted changes,1
596,Norm independent solution for partial differential eqution,0
8200,Why do we pop the dollar symbol when it's already present in the stack in PDA?,1
7371,Solving a recurrence relation involving square roots,1
10219,Worst case $O(n \ln n)$ in place stable sort?,1
7493,Dependency on overridden method,1
5417,Could an annual plant be genetically modified to be a perennial?,0
10566,Custom DataContract Serializer,1
935,Algorithm for Chebyshev series derivative,0
11399,JSON API Scraper v2: Limited concurrency AJAX from a shared queue (ES2017),1
5403,Where do I find standard tissue and cell names?,0
1911,The trace norm cannot be increased by composing with a unitary operator,0
5982,Identifiying a conserved residue in multiple PDB structures,0
11638,(Leetcode) Snakes and Ladders,1
9570,Python rock paper scissors,1
118,"What is ""every inductive set""?",0
9837,Moon lander algorithm,1
8003,Regular languages - models of computation,1
5316,Giardia lamblia cases of infections,0
3151,Why do nerve cells convert electric signals to chemical signals?,0
11897,Divide a clock signal by 8,1
9808,"Thread-safe ""singleton"" that destroys object when not used anymore",1
8504,Null replacement - Is this LINQ readable?,1
7875,Reading a DHT11 to a file,1
1078,Any subgroup of a cyclic normal subgroup is also normal.,0
11519,JavaScript Tic-Tac-Toe,1
1104,A question concerning the right side of an autonomous ODE,0
6087,"What exactly is ""pattern matching""?",1
10465,What are the state-of-the-art algorithms for pathfinding on a continuous map of the Earth?,1
10463,Maximum weight vertex-disjoint paths,1
6390,Stream JSON from Azure Cosmos DB to browser in Web API,1
4949,How much mass does a person lose in a day through breathing and perspiration?,0
6194,fix ugly initialisation in while loop over queue,1
5554,What are the differences and similarities between fimbriae and adhesins in microbes adherence factor?,0
9121,Counting unordered factorizations with distinct parts,1
3689,Kinesiology Tape Benefits,0
9804,Laravel user permission system,1
1451,"$E_{k} \subset [0,1]$ such that $\lim_{k \to \infty} m(E_{k}) = 1$ but $\bigcup_{n=1}^{\infty}\bigcap_{k=n}^{\infty}E_{k} = \phi $",0
3085,Immune System - B-cell receptors,0
5902,Will eukaryotic RNA fold in the same way in prokaryotes?,0
8821,Why does my Genetic Algorithm not work for higher number of individuals?,1
1620,"Subsets of $\{1,2 \dots n\}$ with no consecutive integers",0
2609,Is this a possible coordinate change matrix?,0
9306,Communication complexity: fooling set bound for inner product function,1
7178,Convert FoxPro/dBase DATETIME field to Win32 SYSTEMTIME struct,1
304,logarithmic inequality with different bases,0
3248,Compatibility between spytag/spycatcher versions,0
8687,Bin Packing across multiple iterations,1
2007,Subgroups of $ \mathbb{Z}^n $,0
618,Why should the fibers of a surjective morphism of curves be finite?,0
361,Smooth cubic surface in $\mathbb{CP}^4$ is covered by lines,0
8177,Short Eratosthenes Sieve,1
9102,Reading keyboard input,1
6107,QVSquareLayout implementation for Qt that makes all internal items to be squared,1
10608,How does Warrens Abstract Machine work?,1
805,Proving an equivalent definition of the $\lim_{x\to a}f(x)$ exists,0
529,Is the space of maps which satisfy this vanishing condition finite-dimensional?,0
845,How does ~ distribute over parentheses?,0
1209,Confusion with the definition of a convergent numerical process of integration,0
11058,Tight upper bound for forming an $n$ element Red-Black Tree from scratch,1
7747,Does the following transformation preserve context-freeness?,1
3932,What is the effect of a pure-oxygen environment on a plant?,0
9138,Convert NURBS curve into Cubic Bezier Curve,1
8848,Write a function to determine whether an array contains consecutive numbers for at least N numbers,1
10378,Pointer handle - absolute follow-up,1
11316,What is the language feature which allows a variable to be associated with values of different types?,1
3921,Why Egg shell is not called a cell wall?,0
1669,"Probability, Discrete random variables",0
4585,Spread of malaria from an infected person,0
10870,Dividing EX stage of a pipeline into EX1 and EX2 stages,1
7804,Avoiding loss of significance without series expansion,1
8589,Why do neural networks seem to perform better with restrictions placed on their topology?,1
2798,a powerset define a group?,0
8115,Single Linked List Implementation in Ruby,1
2643,Is there a ring R for which R[x] contains only finitely many irreducible monic polynomials?,0
9076,"Concatenate two containers, e.g. vector or strings",1
6267,AngularJS wrapper for p5.js - p5 directive and service,1
10019,"For two regular languages, why is the set of words from one that don't have a subsequence in the other also regular?",1
6438,Prime number generator exercise,1
2153,Linear Independence proof.,0
11707,"If $L=\big\{\langle M_1,M_2\rangle\mid M_1, M_2\text{ are TM and } L(M_1)\cup L(M_1)=\Sigma^* \big\}$ is in $RE$ or $coRE$ or not in $RE\cup coRE$?",1
1024,"Geometric Brownian motion, Itô formula",0
7258,SICP exercise 2.28 - counting leaves in a tree (recursive process),1
1758,Integral with respect to the sum of two complex measures,0
8095,How to handle same code parts in Factory Method?,1
3662,"Where happens MHCII coordination to a self-peptide, and what happens if the bond would be irreversible?",0
2250,"Proving that $x\mapsto \sum_{y\in A\cap\left(0,x\right]}r\left(y\right)$ is right-continuous",0
11816,Difference between normal-order and applicative-order evaluation,1
8315,Show that kleene plus language is a regular language by describing how you build a DFA or NFA for it,1
1831,Finite subgroups of $SO(3)$ for specific elements,0
7228,Plots of prior and posterior distributions for a model,1
298,How to write correctly when performing integral calculations?,0
5121,can self-fertilization in flowers be called asexual reproduction?,0
1650,"Twin square-free numbers of the form $6k-1,6k+1$?",0
2289,"if $a$ is are real number that $a \neq 0$, and $\cos x = \sqrt{\frac{\cot x}{\cot x -a^2}}$, $x$ is on which trigonometric quadrants?",0
4087,Shortest strings not present in the human genome,0
6169,Creating multiple observations from single observation depending on conditions,1
3439,Kegg in Cytoscape: how to get plots with reaction IDs in place of EC numbers using KeggScape?,0
7651,Favorite Game List utilizing vectors and iterators,1
5920,Do ring species exist?,0
985,"What is the proof for $\sqrt{-a}\times\sqrt{-b}\neq\sqrt{ab},\text{ where }a,b\in \mathbb{R}$",0
8441,Loading xml data to shift array keys,1
10385,How can I refactor the validation code to minimize it?,1
1346,Fuzzy sets: extension principle,0
7259,Dynamic programming: how to solve a problem with multiple constraints?,1
6675,Is the language of words containing equal number of 001 and 100 regular?,1
4382,What are the advantages of heterologous expression systems?,0
7582,How do you solve a recurrence relation with multiple subproblems of different sizes?,1
10992,"Checking hash and passwords with a wordlist, more efficient",1
8676,Constructing xor separable boolean upper bound,1
5094,How can I save bacillus strains on filter paper without an -80 degree freezer?,0
73,Estimator for Gamma distribution is biased or unbiased,0
2952,Strongly additive property of measure,0
1345,Show that a local ring is equicharacteristic iff it contains a subfield,0
1728,How to prove a function of two variables is Lebesgue measurable?,0
11580,Print a right-justified list of a list,1
725,Probability recursion,0
3231,"What plant is this? Edible, tastes like cress",0
11163,Read multiple files async,1
11524,Understanding the Sipser-Gacs-Lautemann theorem,1
8563,Oracle Relations Between Complexity Classes,1
1146,A superspace of an eigenspace,0
8147,finding common navigational paths / central nodes within a graph,1
3729,cloning and blue white screening in pet21a,0
1134,Uniform convergence to the derivative,0
7643,Scheduling a dependency graph for parallel computing,1
9229,Improving function that parses string and returns first integer present,1
809,Question about differentiability and sequences,0
5825,Measurement equation of Tree-Step pathway model,0
6656,Calculate the crc32 of the contents of a file using boost,1
3045,Difference between vacuolar and symplast pathway,0
1374,Functions with the property $\frac{d}{dx}(f(x)\cdot f(x))=f(2x)$,0
8560,"Function to calculate ""Persistence Rate"" by group with a logical argument to determine whether to include overall persistence",1
2908,How to prove that $w\lambda(h)=\lambda(w^{-1}(h))$?,0
2988,Evaluate $\int_{D} \frac{dw}{w \cdot (1-w)}$ where $D$ is the rectangle,0
9307,Splitting URL query string to key-value pairs,1
4567,What is Saccus in Embryology?,0
397,"implicit differentiation, can't find my mistake",0
6857,Project Euler 407: Is there any more optimal way to solve this idempotent equation (modulo n ring)?,1
9971,Large table mousehover effects,1
3415,Beetroot white skin mould,0
7572,Efficient algorithm to simulate dealing cards from a large deck of cards?,1
11104,Creating a user profile from an omniauth hash,1
10685,Finding negative cycles for cycle-canceling algorithm,1
7668,Generation regular languages by context free grammar,1
8660,CPU cache - retrieving data from memory,1
9164,Implementing parser combinators in a functional manner,1
2238,An Algorithm to Find the Generators of the Radical of a Monomial Ideal,0
6333,Using SMT solvers to generate random solutions to given predicate,1
2637,Finding the vertices of a convex set of matrices,0
8672,Handwritten character recognition as characters are being traced,1
551,Understanding generalizations of the wave equation.,0
227,A complete metric space with some convex-type property,0
10739,LeetCode 862: Shortest Subarray with Sum at Least K,1
7970,Countdown script in JavaScript,1
10885,Spiral printing of 2D matrix,1
10736,Getting prices and volume,1
11941,R-tree insertion procedure when leaf is full,1
7472,Does quantum computing convert any O(2^n) algorithm into a polynomial running time and how?,1
9858,Line rendering optimization,1
5609,Is exon order always preserved in splicing?,0
9014,What is the case 2 in master theorem?,1
11818,Transitions between lexicographical orders,1
2671,Taylor series method for differential equations,0
10083,Is a language of some deciders decidable?,1
6522,How design a Deterministic finite automata which accept string starting with 101 and how to draw transition table for it if there is a dead state,1
7513,Check string value of boolean to a mapped enum,1
844,What's the cardinality of this set?,0
10692,Why are forks in the Blockchain eventually resolved?,1
8853,Beginner's Knight's tour in Python (BFS),1
6418,"construct a TM decides in linear time, if valid bracket",1
11884,"If a predicate is not computable, what can be said about its negation?",1
4334,"Is this mammalian embryo blastocyst, gastrula or only phase between them?",0
9256,Proof that $(L_{all})^C$ is not recursively enumerable,1
10354,Can a Turing Machine have infinite accept states?,1
4148,"Are these 2 procedures to fight cancer (cancer ""vaccine"", and cancer drugs which can attack all tumours) related?",0
1658,Weak compactness of a set of translates in $C_0(\mathbb{R})$,0
237,How can we evaluate $\int_{0}^{\infty}e^{-xt}\sin(t)dt$ without using Laplace transforms?,0
7238,Powerset (all subsets of a set) in Java,1
3491,Denaturation of protein,0
1602,Bounding a polynomial from above,0
9807,Reducing independent set to triangle-free subgraph,1
4470,Relation/difference between metabolism and cellular organisation,0
3654,How to conceptualize the action potential?,0
7571,Order of argument application in lambda calculus,1
11207,Best approach on handling function that returns either a promise or just synchronous code,1
305,How to calculate maximal square size when fitting N squares in a given container?,0
6951,Output the most used non-trivial words from a file,1
9022,Why do modern processors need a runtime stack?,1
10754,Dijkstra's algorithm for undirected graphs with negative edges,1
4918,Energy consumption of a resting synapse,0
5692,Can DNA be considered as a fractal antenna?,0
9948,Finding a '1' cell with a '0' to its right in a binary array,1
9756,Function to convert a title to a slug,1
6020,Small space hash functions that are weakly but not strongly universal,1
5142,Reproduction in horses and donkeys,0
4245,"How does the body ""know"" how to metabolize foreign substances",0
4628,are dead ants returned to colony?,0
2757,"$E(\max\{X_1, \ldots, X_n\})$ is increasing in n for iid random variables",0
8678,Extract multiple attributes values in XML tags,1
3408,How are haplotype blocks different from genes?,0
10027,Lower bound of a summation with an exponential,1
5502,Identification of a red arachnida (?) (picture and video),0
8537,Give LL grammar for this language?,1
8232,Finding a certain prefix of a string,1
9395,"Is there a cleaner way of building a list of the previous, next months than this?",1
7382,Cleaning up Compiler class,1
4424,Are SNPs or SSR copy number variation mutations more prominent?,0
6565,What does $\text{dom}(\Gamma)$ mean in the context of an inference rule?,1
4292,Is there a way to see what representations are currently displayed in PyMOL?,0
2269,Extension of Yau's theorem to general bundles,0
6709,Programs for artificial system design?,1
7563,maximal independent set on grid-based graph proof of approximation ratio,1
3593,Can viruses be deformed?,0
10600,Sanity Checking an unordered_set of unique_ptrs to objects,1
3430,Why use RRBS (reduced representation bisulfite sequencing) instead of general BiSeq?,0
5171,How to convert nanogram to picomole?,0
9853,Decidability of language of TMs which accept only their Gödel number,1
2331,Formula for $M_{p^k} = \{ x \in \Bbb{Z} : x^2 = 1 \pmod {p^k}\}$?,0
6479,How does a transition function behave in a FSM when an input is not recognized (i.e. the input is not contained in the alphabet)?,1
7305,Python Knapsack greedy,1
10648,NFA on 3 states with equivalent DFA on at least 8 states,1
7218,Excessive use of lambda with variant of Sieve of Eratosthenes?,1
2514,Solve $5^{2x+2}-5^{x+2}+6=0 $,0
10737,"Calculate total cost of items, based on bulk discount",1
2218,Dot product cancellation,0
9009,JPA Query to Return a Map,1
7511,"Are too many function calls bad(as in slows speed performance) for programs written using interpretor-based scripting language(JavaScript, Perl)?",1
1351,"Given two equations $(xax)^3 = bx$ and $x^2a = (xa)^{-1}$ in a nonabelian group, solve for $x$.",0
625,find the minimal polynomial of the following over the Rationals,0
4439,Is COVID-19 more deadly than swine flu?,0
4411,Differences between Heracleum mantegazzianum and H. sphondylium,0
4074,Simple Mendelian sex-linked chromosome fruit fly question,0
6112,Truth and lie in infomation theory: negative amount of information,1
10256,Rotate an array to the right by a given number of steps,1
10362,Finding path with best distance/cost ratio from a node in a graph,1
2541,Tricky trigonometry question (distance of a ship),0
1168,"If $ f \in \mathbb{Q}[x] $ is irreducible and has a root in $ \mathbb{Q}(\sqrt{2}, i) $, then it splits",0
11145,Converting partial XML (Node List) to a String,1
1317,Optimization on Lipschitz manifold,0
8290,Fitter Nearest-Neighbor function with three nested loops,1
7669,Convert a double to a string containing rational and surd,1
282,"Is the subgroup $H:=\langle xyxy\rangle$ normal in $G:=\langle x,y\mid x^3=e, y^2=e\rangle$? If so, find $G/H$.",0
10730,Refactoring Into Generic Methods,1
8427,Naive demosaic for bayer images,1
9176,Are empty-set languages recursively enumerable?,1
9982,Underlying codes for Niederreiter cryptosystems,1
534,Prove the non-existence of the set of all functions,0
11434,Is it possible to design a programming task that is unsolvable?,1
7206,CodeEval Interrupted Bubble Sort,1
9972,Servlet responses to upload/download requests,1
2429,suggest textbook on calculus,0
3318,"Is glycolysis the beginning part of fermentation, or does fermentation follow glycolysis?",0
2553,proving that an improper integral diverges,0
1938,Determining if two general conic sections are tangent to each other,0
2906,Names for left- and right-total relations,0
2623,How to find the probability of a score falling in between 11 and 14 using z-scores?,0
9727,How to shorten this terrible HTTP header parser?,1
9421,How to realize applicable meet-in-the-middle algorithm for 0-1 Knapsack?,1
9899,Generic DialogueBox class with different parameters,1
11115,Number of words within Hamming distance $\delta$,1
9413,Arithmetic Encoding vs Adaptive Arithmetic Encoding,1
6917,Reasoning for awkward style of TreeMap.getHigherEntry,1
1766,"If $m$ and $n$ are relatively prime positive integers, prove that $m^{\phi(n)}+n^{\phi(m)}\equiv1\pmod{mn}$",0
8501,Why isn't the Swift programming language type inference more aggressive?,1
151,Clayton's copula limit to infinity,0
5606,Where to obtain metabolic pathway datasets,0
4902,Why do some people have symptoms of salmonella and others not?,0
3292,Does increased cell turnover cause cancerous mutations?,0
2600,right continuous implies countably additive,0
234,Solving a nonlinear reaction-diffusion PDE,0
6348,Capitalizing a string,1
9116,Primitive Recursive Function for Division and Hailstone function,1
9923,Perceptron learning rule doesn't work,1
981,Convergence in mean of a series of random variables,0
9284,Simultaneous execution on a Von Neuman architecture,1
4121,What is the lifespan of haemonchus contortus in its L5 adult form?,0
3121,Do carrier proteins constantly open and close or do they only work when a substance binds to them?,0
5851,How does a neutral allele change relative to a nearby allele under selection?,0
3143,Does anyone know what type of Cocoon this is?,0
5004,Does cooking ginger reduce its anti-nausea effect?,0
89,Relation between complex-valued analytic functions and (anti-)holomorphic functions,0
7963,Hardness of finding all Control Flow Paths of a function,1
10491,what are the BUS MASTERS in a processor?,1
9271,Numbers to words converter,1
11111,Scala 3 Typeclass derivation using low-level mechanisms: The `Eq`-example,1
6376,Custom header with React-Navigation and React-Native-Paper,1
4197,Why do some insects constantly move their abdomens?,0
7162,JettyGwtSpringSample web application,1
7327,Leetcode - First Unique Character in a String,1
4762,Does the speed of electrical impulses through neurones decrease with age?,0
8243,Why does converting a NDTM to a a DTM result in a higher time complexity?,1
4896,What's inside the males body in the space where females have the ovaries and the uterus?,0
11386,Kolmogorov complexity of a random string conditioned on another random string,1
8684,O(1) distinct elements in an array implies?,1
8002,What's the meaning of the $\top$ symbol in a Hoare triple?,1
9286,Understanding deep cutoff in Alpha–beta pruning algorithm,1
7359,Using pumping lemma to prove irregularity of regular language - what is my error?,1
6940,Error handling for Stripe credit card processing,1
1178,Counting Solutions to $x_1 + x_2 + \dots + x_k = n$ with $x_i \leq r$ Closed Form,0
5909,When is the lactase in lactose-free milk active?,0
6811,Adding/removing map values: unsymmetric implementation,1
11623,Submiting form and transform model to match backend,1
6137,A condition ensuring that a bipartite graph have a perfect matching,1
5751,Turning publicly available genome data into proteins,0
938,odd/even function hybrid combination,0
2873,Evaluate $x+4/x$ when $x$ is a solution of $x-6/\sqrt{x}=11$,0
6202,Classifying the aspect ratio of the screen dimensions,1
10914,Better way to determine date,1
5309,Are there any major noticeable limitations to genome sequence compression methods that use reference templates?,0
2342,Using epsilon delta definition show $a_n=\frac{2(n!)}{n^n}$ converges to $0$,0
5396,Easy Hardy Weinberg Equilibrium,0
5270,Role of Intermediate Filaments in cell - cell signalling,0
5828,Are SNPs and alleles the same thing?,0
4766,Protein half-life regulating gene expression,0
8204,Prioritizing one column over the other column of the same table,1
3483,Can photosyntetic cells be genetically modified to grow at a faster rate?,0
3608,Do deaf people sleep better?,0
4518,Do we have information on differential reproductive success for many species?,0
8993,"Given a path of 2d points and a maximum distance, find the minimum number of line segments needed to ""connect"" all points",1
6303,Ensure that a Sinatra hash always has a valid value,1
2124,Strategy for finding integral roots for polynomials with large coefficients,0
7994,"If a comparison-based algorithm finds the ith smallest element, it also classifies all the elements as ≥a[i] or ≤a[i]",1
5918,What is the definition of the life biologically ?,0
9080,How to order DataColumns with LINQ?,1
4594,Which of the three is true for insulin receptors?,0
1670,Can a density function in a closed ball have an unbounded expected value?,0
1980,Partial derivative not parallel to $x$ or $y$ axis,0
7123,Swift class to check ApplePencil reachability,1
561,Transition map for Möbius band in differential geometry.,0
5541,Why do animals yawn? What is the biology behind it?,0
4957,What is splice junction pairs?,0
5567,Is touching or inhaling 70% isopropyl alcohol dangerous to humans?,0
4229,How are isopotential maps computed from EEG channel data,0
1357,How do I produce a Bézier curve with 4 points and without just using a website?,0
8097,Two-head one way finite memory machine accepts non-regular languages,1
1836,Partial derivative of an integral transform,0
9115,Quick testing tool for context sensitive grammars,1
3323,What stops myosin during muscle relaxation?,0
4348,What are the characteristics of a living organism?,0
3475,Can I use TBE to elute a plasmid shipped on filter paper?,0
6315,Using deftype to create a wrapper class for byte arrays,1
2823,find a formula to cacluate if a moving object goes to a target,0
633,Asymptotic distribution of a linear function,0
10958,Runtime of Divide and Conquer Flavored Bogo Sort,1
10116,Deciding on decidability of a problem and reducing it to halting problem if not decidable,1
4367,"In cell division, are daughter cells ""newer"" than the parent cell?",0
5637,How did palaeontologists discover the age of the Tyrannosaurus rex named Sue?,0
11610,Decrease CPU usage in while loop,1
5282,"Hybrid, Japanese or European larch please?",0
7964,Drag and drop selected array items in Javascript,1
351,Precision matrix of AR(2) matrix,0
1232,Endomorphism ring of indecomposable representations,0
3903,Are there any scientifically based predictions or theories of future human evolution?,0
7311,Python REST API clients,1
3093,"Definition of ""Niche Complementarity""",0
10674,Find two numbers that equal to target value,1
3270,does the amount of blood circulate in a body is same before and after amputation?,0
9366,Storing configuration data in a global variable on application startup,1
9042,"Given N*N matrix, rotate it by 90 degree to left and right without extra memory",1
2946,Speed Networking for Small Group (10 people),0
11169,An approach to the network messaging service,1
8986,Table of Tribonacci sequence using NumPy and PANDAS,1
7360,Getting filepath of a specific asset,1
1892,"show that:for every $x\in S$, there exsit $y,z,w\in S$, such $x=y^2+z^2+w^2$",0
10215,Halting problem - one issue that's bothering me,1
1234,Stationarity of the sum of an ARMA processes,0
2146,"Good low-rate, short-length block codes",0
4129,The most reliable way of identifying deer antler measurements?,0
4392,Does RNA serve as the genetic material of some plants and animals along with viruses?,0
1815,Show that every linear transformation $\mathbb R^{n}$ ->$\mathbb R^{m}$ transforms linear dependent vectors into linear dependent vectors,0
9771,Prove that every undirected connected graph with $|V | > 2$ results in a connected graph if two vertices removed..,1
1334,Do we have $\int_{0}^x \frac{t^N}{1-t} dt \to 0$ if $N \to \infty$ and $1 \leq x < 1$?,0
1272,prove - For symetric matrix with zero diagonal there exists $UU^t$ s.t $A+2I=UU^t$,0
3103,How do Rab proteins ensure specificity in vesicle transport?,0
11,"Question about equlaity of two language, simple but tricky.",0
8070,jQuery plugin boilerplate jquib,1
11647,Angular directive with use of scope.$parent and $timeout,1
10774,Determine if two edges of a graph cross?,1
5694,"Why do mountain gorilla eat just 1.7% fruit, while lowland gorillas eat 25%?",0
7769,Perfect Probabilistic Encryption still requires key length about as long as message,1
1872,Algebraic construction of a state space system,0
5649,Is there any strong factor against human edible plants being widespread and easy to gather?,0
8510,Showing the domain of a URL,1
8463,Live-streaming tweets and plot its sentimental value in colors on a world map,1
2658,Homotopic function question - very basic,0
2045,Duo Fresnel-like integrals $(??)$,0
5469,Can human perception differentiate between monochromatic and polychromatic light?,0
442,Proof of Kolmogorow-Riesz for $\ell^p$ space,0
6884,Parser for file made up of sections,1
6613,Probability of winning a turn-based game with a random element,1
422,How do you show that $7a^2 - 12b^2 = 8c^2$ has no integer solutions?,0
5148,Recommended reading to quickly get up to speed on infectious diseases,0
11698,Chat Viewer working with files,1
1490,Eigenvalue of derivate of Poincáre map,0
10519,"What is the point of the ""check"" array in a triple-array trie?",1
9583,Determine if all characters are unique in string: Without using Bitwise operator,1
6265,time complexity when power is involved in iteration,1
11771,Performing redirects based on taxonomy terms associated with nodes,1
1091,Bounds on polynomial roots,0
11160,Uniform sampling over non-standard simplex,1
1583,Venn Diagrams confusion.,0
8846,Calling different class objects using python,1
2991,paint $\mathbb{R}^2$ with two colors,0
2419,Discrete and compact subset must be finite,0
8910,Waiting for a file to be accessible with Thread.Sleep() and exception catching,1
1608,Mean Absolute Percentage Error,0
3816,High frequency tone/ringing in movies/music and its effects,0
6309,Is this a divide-and-conquer algorithm?,1
435,Find all functions $f:\mathbb{Q}^+\rightarrow\mathbb{Q}^+$ such that $f(x)+f(y)+2xyf(xy)=\frac{f(xy)}{f(x+y)}$,0
8714,"Number of states in NFA and DFA accepting strings from length 0 to n with alphabet Σ= {0,1}",1
11260,Variation of omega definition,1
4460,Is this a type of fruit fly?,0
6999,Implement Immediate Smaller Element problem using Stack,1
5205,Why do scary situations make our skin crawl? Why do we have goosebumps in such situations?,0
4832,The genotype of a hybrid plant from a cross and its determination?,0
4683,"Can ant colonies have two ""branches""?",0
9299,Prove that the TM which would go over the leftmost position is not decidable,1
1061,Proving an equivalence relation on a group $G$.,0
3111,"Why can cats interpret things on a monitor/tv, but dogs cannot?",0
1578,Finding the flux of a cylinder using the Divergence Theorem,0
8455,Context-Free Grammar Question,1
6947,Text Snipper WordPress Plugin in JavaScript,1
9766,Rule of Three for non-circular singly linked list,1
9457,Regular expression for words in a language where each letter appears at least once,1
6841,Hash Table: How to Calculate Max Load of a Bucket in Practice,1
3767,What is the antagonist of epinephrine?,0
1864,"Mass of a wire positioned along the interval $[a,\ b]$",0
41,About the definition of divergence,0
7328,Multi-User Roles in Laravel,1
1170,Trail Mix Packaging problem part 1.1,0
171,Are the quantifier negation rules in first-order logic derivable?,0
10624,Prove that PRE-WORK-POST is Turing Complete,1
5490,Larva of Halyomorpha halys?,0
8808,why is the max number of Nodes mod(N/m) + mod(N/m^2) + 1 in R-tree?,1
8776,checking whether a language is turing recognizable,1
11515,Simple proof that circuit satisfiability problem is NP-Hard,1
7082,Implementing a method that escapes single quotes in a string,1
10765,"What is a ""model"" of lambda calculus?",1
286,"With a product and sum of $x$ and $y$, calculate $9x^2+15y^2$",0
6631,Is order of matrix multiplication affecting numerical accuracy of the result?,1
406,Simple group of order $3420$ has no element of order $171$,0
3826,What is the difference between Integrin to Cadherin?,0
11567,Swift lazy observe and mutate pattern for arrays,1
7519,How do I prove that a language is deletion closed?,1
4383,Identification of black growth on onion skin,0
3560,Why have a placebo control group when testing a new drug if existing drugs can be used?,0
5289,Software to model and analyse protein–ligand interactions,0
8408,Array that defines product information and generates the html for the product,1
5086,How do animals handle light refraction in different media?,0
10722,$L = \{a^{n^3} | \ge 0\}$ Use the Pumping Lemma to show that L is not regular,1
5613,Why are low throughput methods more trustable for protein interaction?,0
2700,Likelihood Function is a random variable,0
3123,What is this giant mosquito-like insect?,0
5266,Telomerase as cancer target,0
3027,Hybridization capture: Array-capture vs. in solution,0
10331,"Calculus of constructions, type-in-type and recursion",1
7023,Procedure to automatically solve field theorems in a SMT solver,1
10467,Language Decidability,1
11171,Serial port write buffer,1
2796,$n_p$ - the largest power of the prime $p$ which divides $n$,0
11019,Why the 127 encodings of ASCII needed to be extended to 256?,1
11195,Populate two arrays with two different SQL queries,1
9000,Multiple loops versus multiple stringbuilders,1
10092,Login and account system,1
3607,"What's the real meaning of ""brain shrinkage""?",0
5656,Is it possible for a human to live forever if he/she didn't catch any diseases?,0
6010,Finding lost bottle (algorithm problem),1
4023,Structure coordinates in PDB file,0
11105,"How to speed up this IP sweep, Port scanner python",1
4769,What is the difference between endomysium and sarcolemma,0
11360,Populate Comboboxes with Hashtables using PowerShell,1
7581,Figuring out the language accepted by a DFA?,1
6509,How to do training & inference with denoising autoencoders?,1
3668,Growing Penicillium Digitatum Mold,0
2810,Dividing by $\sqrt n$,0
454,"Showing $\mathbb{Z}\times\mathbb{Z}$ is isomorphic to the group $\langle x,y,|xy=yx\rangle$",0
5475,What are the uses of centrioles and matrix of centrosomes?,0
9582,Unity3D script for controlling a character,1
9801,First problem to be considered np complete?,1
6297,Porting x86 assembly that is used to increment a value,1
1829,Interpolate daily values from monthly averages,0
8285,Calculating longest increasing sub-sequence recursively,1
373,"Proof that a function is Riemann integrable if for any $\epsilon > 0$ there exists a partition P such that: $U(P, f) − L(P, f) < \epsilon$",0
8274,Get element at a specific position in a string with separator,1
7387,Floating point format: why must `1−emax ≤ q+p−1 ≤ emax`?,1
10190,Need solution for infinite right recursive grammar in Predictive parsing?,1
7971,Gradient Descent With Constraints,1
882,Finite colength ideals in a power series ring,0
6262,Properties of language that can be enumerated in a finite amount of time with an enumerator?,1
6147,parsing a flat file and removing duplicates,1
4306,"Unlike humans, why do plants not have something blood-like to transport $O_2$ throughout their body?",0
3935,Identify a large wasp (?) from southern Poland,0
11652,Choosing which workers (limited number) to use in a binary assignment problem?,1
9962,"How skinny should controllers be, how fat should models be in CakePHP?",1
6720,Better code for converting a char to its UTF-8 percent encoding representation?,1
1890,Constructing a special point in quadrilateral,0
6489,Is it decidable whether a Turing machine will ever leave the start state on any input?,1
400,Lifting properties of morphisms in category of sets,0
730,Finding interest rate without principal,0
1133,Regarding the normal closure of a finite extension,0
5369,How does the embryo inside a shelled egg get oxygen?,0
11782,Unit testing Roman-Arabic-Roman numeric converter,1
8158,Is $\frac{n}{\log n} \log \frac{n}{\log n} = O(n)$?,1
3083,Serological assays not detecting native proteins,0
3181,Is there any conclusive study relating the food consumed and the occurrence of acne?,0
3771,What nutrients are best suited for growing E.Coli,0
5688,Do birds grieve and feel emotion?,0
6094,Modal component in Angular 2,1
8247,Most efficient know way to match orders,1
360,Maximum of the expectation of a concave function,0
9764,Playing the game of Chaos,1
8773,"How do you ""sordid sort"" alphanumeric strings?",1
4917,Watering plants with soaked forest soil,0
3179,"Why do NK cells not destroy bacteria, even though bacteria don't have MHC-I?",0
4262,Are all non-breeding naked mole rats the same sex?,0
3167,Does a presence of ants on a plant mean that the plant has been infested by aphids?,0
4745,"Bird identification: song two low, two high, five short",0
6789,How to turing reduce equivalent languages $Q$ to infinite language $I$,1
6180,NP-completeness of a problem with pretty fast algorithm,1
11170,Stack Permutation Algorithm,1
1804,How to prove that an ordered set is a lattice.,0
2229,Optimization for tank,0
585,what are parameter and constants in orthogonal trajectories?,0
5821,Is it possible to estimate the age of a wasp nest by its size?,0
7595,"Does the ""dictionary of stacks"" ADT have an accepted name?",1
10104,Check equality of an objects array property and a nested object property,1
3886,Why is wombat scat (feces) shaped like cubes?,0
2887,How to express the oscillator equation $y'' + 3y'+2y=\cos(t)$ as a first order system?,0
2024,Let A and B be any propositional formula,0
10351,Big Theta Proof: May I chose any constant?,1
7285,Custom Web Api asynchronous filter implementation,1
366,Specific problem on distribution theory.,0
10360,"What does Harper mean by ""class""?",1
6187,Simplifying Code for Drop-Down-Box in JQuery and HTML,1
9131,Saving a sales order - too many repositories?,1
3684,Is it true that there is a spider that eats parasites from caterpillars,0
7054,If there's algorithm which returns true if Hamiltonian cycle exists in polynomial time then an algorithm to find the cycle in such time also exists?,1
8697,Why AKS primality test is called polynomial?,1
334,Sphere homeomorphic to plane?,0
4692,Color vision across species,0
6604,Summing Sequence with Combinatorics,1
8951,Minimizing catastrophic risk in Gale-Shapley matching,1
9913,Conversion between QString and BSTR,1
11427,Follow up to Pay Rate Calculator,1
11539,Check if each element of my list param contains all data string passed as a parameter,1
4703,Validity of Acoustic Weapon Effects on Biological Organisms?,0
10058,Conversion of $\epsilon$-NFA to a DFA,1
10188,Can the effective branching factor be negative?,1
3286,What is the name of cell structures that have an adaptation to increase their surface area?,0
1192,Eigenvalues after Givens-Rotation,0
5639,Drinking and eating ability of infants soon after birth,0
7536,Squeezing decorators into functional extensions,1
1616,Playing rock paper scissors over online chat.,0
4549,Why do neurons have a negative resting potential?,0
9705,Using Statement for OleDB - Is this overkill?,1
8056,"Adding object to database, using linq or sql connection",1
5774,"Does the brain process sound in ""clips"" or ""frames""?",0
5796,What is the highest pressure at which plants can survive?,0
5394,Do genetic modifications exist to enhance the taste of tomatoes?,0
678,$L^p$ boundedness of Riesz potential.,0
4329,Rice left in water for several months - what biological reactions or growths would occur?,0
7389,SPOJ Emoticon challenge,1
10371,Generate random numbers from an interval with holes,1
5710,"How do traits with no negative effects get ""weeded out"" via evolution?",0
11438,Efficient algorithms for finding a region in $\mathbf R^2$,1
6120,Is Virtual Memory unreliable?,1
6876,Breadth-first search on a tree in Python,1
8013,Practical exponential time algorithms for polynomial-time solvable problems,1
1912,Global Solutions on Compact Space,0
1447,Line and surface integrals $R^{3} $,0
5660,Has network theory been successfully applied to protein expression within a cell?,0
11593,Non-recursive implementation of MergeSort,1
6692,Is this good practice with unit-testing?,1
2301,asymptotic of a geometric like series,0
1745,Is it possible to extract a variable from this equation?,0
1498,Pre-image of a submanifold by a submersion,0
6704,optimizing project euler #83 solution,1
9973,Calculating the seconds between 2 numbers in a specific place in a string,1
1001,Probability of this event of a tuple not being deleted: Is this correct?,0
9514,Intuition for the convergence of the distance vector routing protocols,1
4296,How increased potassium intake increases sodium excretion?,0
7925,Back end validation as front end validation,1
656,Prove the comparison test for convergence of real valued series,0
7539,Difficulty in updating the balance factor of nodes in AVL tree,1
1988,Fundamental group S^2/~,0
9376,Is the following repository pattern properly applied?,1
8203,How do I use the Myhill-Nerode theorem to show that a language is not regular?,1
10097,Player assignment in Tic-Tac-Toe,1
10843,Correct cost function of multi classification problem using neural network?,1
762,Connected field must be path-connected?,0
4410,"What does uniprot consider ""unambiguous"" evidence for the subcellular domain of a protein?",0
3016,"Is the technology ""identitas v1 forensics chip"" related to microarray technology?",0
3553,Why is chemotherapy-related hair loss temporary?,0
7110,Assembling a json object from an array,1
6222,Create a list of random numbers with sum = n,1
4921,Does Doxylamine have any Influence on the Monoaminergic System?,0
7322,Arduino: Change the color & color intensity of a LED periodically,1
7300,Find every 6 hours from now,1
3058,What makes teeth feel sticky after drinking Coca-Cola?,0
2119,Growthrate of Fouriermode,0
7765,Plot on a 2D grid a spherically symmetric function,1
6550,Finding bounded lexicographically largest string of digits but not larger than other with counted substitutions,1
6139,Functional composition of member function predicates,1
10889,How does this circuit work?,1
3280,How does the matter that makes up the fat of your fat cells ultimately leave your body--following weight loss?,0
5178,What is the reproductive success of a biting mosquito?,0
10278,Function to call a list of callables with retry,1
7570,Graham scan implementation in Haskell,1
9327,Are there codes that detect the position of an error?,1
7372,Python molar mass calculator,1
1776,Graph Theory Inductive proof,0
2481,Show that an equivalence relation is equal to the union of its equivalence classes,0
6486,"Gathering emails, phones, URIs, and tag related to a room",1
11445,Solving a two-variable recurrence,1
10981,"Is there any hope to use a computer to guess combinatorial formulas for a sequence of integer values, given some initial terms?",1
8992,Enumerator for Word and Halting Problem,1
3972,Are the 5 digits of all land vertebrates an accidental number?,0
10831,Notation: SPACE(n) vs SPACE(O(n)),1
10209,Computation Complexity of stream algorithm,1
1212,Cardinal of a difference of power sets,0
1768,Open sets separating points in a metric space?,0
6373,B-Tree and how it is used in practice,1
6531,Fast hill climbing algorithm that can stabilize when near optimal,1
2117,"Evaluate $\frac{\Gamma(n/2)}{\Gamma(n/2+h)},$ $n,h \in \mathbb{N}$",0
7213,How many operations to produce this superposition of 3 qubits?,1
10553,Android RecyclerView Adapter: Passing normal clicks and menu clicks over the same activity,1
5995,Germ cells vs. gametes,0
593,Definition of a Limit: Changing Signs,0
4825,Identification of unknown bagworm (Singapore),0
10989,Is the number of operators always one less than the number of values in an arithmetic Reverse Polish Notation expression with only binary operators?,1
4815,Use numbers or algebra when introducing an evolutionary biology concept?,0
7922,Programming a simple clock,1
4819,Why use DNA polymerase in making cDNA?,0
6764,String formatting for uint64_t that represents a fixed-point decimal,1
1798,$\mathbf\triangledown\times\mathbf F=\mathbf 0$ implies $\mathbf F=\mathbf\triangledown\Phi$ denpends on whether it's simply-connected domain,0
2934,Rounding unit vs Machine precision,0
6749,My login with AJAX and PHP,1
9494,Selecting a prize category based on two parameters,1
2725,"Show that $f_n \to f$ in $L^2(d\mu)$ if $f_n \to f$ a.e., $f_n \ge 0$, $f_n \in L^2(d\mu), f \in L^2(d\mu)$",0
1592,Dirac delta of a function with zero derivative,0
1520,What is the support of a localised module?,0
6043,Express product in ILP,1
7137,Preventing resubmission of form using timestamp,1
10650,Suggestions for Short Examples Contrasting Functional Programming Languages,1
10911,Irregular perimeter in Ruby code,1
998,Find a closed form for the number of divisors of $m$ that are relatively prime to $n$,0
1891,Prove an initial value problem blows up in finite time.,0
5756,What is the origin of prions?,0
11899,C++ Single instance application with interrupt of main instance,1
3159,Identify this excreta!,0
1624,Procedure with limits problem,0
11865,Search in a big dictionary Python,1
751,Reformulation of a point in the closure of an orbit,0
3841,Why do dragonflies have these special little spots on their wings?,0
1443,"If $f>0$ is continuous on a bounded closed interval, then $1/f$ is bounded there",0
1196,Third Order Linear Nonhomogeneous Differential Equation with Variable Coefficients,0
1504,A question in Rolle's and MVT theorem,0
1140,Parseval's Theorem Proof,0
9448,Is $O$ contained in $\Theta$?,1
8689,Calendar events based on user feedback,1
8206,Javascript form parser,1
452,Absolute continuity and convolution,0
3447,Has any research lab done serious work to engineer new bacteria which assemble graphene wafers?,0
2088,Closure of a point : Zariski Topology.,0
7003,"Solomonoff's theory of induction, Kolmogorov complexity and Bayesian Inference",1
7675,Questions on AlphaZero Implementation,1
3726,Protein structures given in PDB and SNP's,0
7717,Printing a huge document,1
4376,Did spiders respond to light for building webs before artificial light was invented?,0
9535,Slowest growing upper bound for the minimum length of a complementary prefix regular expression,1
11523,Are there existing extensions to behavior trees that fascilitate node communication?,1
8588,Pick a subgraph that maximizes the total cost of min-spanning tree among all subgraphs of the same size,1
10906,Formatting the names of optimization problems,1
10549,Concatenation of language to itself zero times,1
10349,Basic questions about network flow calculations,1
6189,What publication first introduced the concept of a non-deterministic Turing machine?,1
505,Exercise 2.5.6 of Understanding Analysis,0
2944,"Proving that for any cardinal number, there doesn't exist a set containing containing all sets of that cardinality.",0
2401,L'Hôpital's rule and Difference Quotients,0
5158,Can plants suffer from CO2 poisoning?,0
9620,Greedily Schedule Events based on value/hours,1
11665,Multiway Cut question,1
233,Image of a morphism of varieties,0
9523,Measuring Complexity of Boolean Satisfiability Problem,1
251,Connection between Theodorus spiral and Archimedean spirals using an analytic expression,0
7495,Maximizing a sequence of items under order and pairwise restriction,1
11574,Print largest two integers from a stream,1
3849,Does atrophy of the thymus not effect T-cell selection and tolerance?,0
2676,Why is $\ell^1(\mathbb{Z})$ not a $C^{*}$-algebra?,0
9716,Forming a dynamic dictionary based on searched key and values pair using RAW logic and not modules of python,1
7543,Weighted interval set scheduling problem,1
6177,Update existing clusters to satisfy distance and volume constraints,1
4034,How to grow a spirulina biofilm on a carbon/graphite cylindrical cathode?,0
3252,How many plants or trees should one plant to take carbon dioxide from atmosphere?,0
10426,"Assuming NP≠coNP, do we have a similar theorem to Ladner's?",1
8754,Starting a fire and forget async method,1
11510,Construct intervals from a sequence of numbers and vice versa,1
4905,How to calculate the Jaccard index,0
8140,Python Text-To-Speech program,1
1714,"How to prove that if $n > 1$ is a natural number, then $n-1$ is also a natural number?",0
8698,How to construct a truth table,1
1538,Distribution of a Sum of Independent Random Variables,0
5087,Corrupted chromosome will be in any cell of body if zygote was corrupted?,0
10481,Finding if there is a subset that sums to a target value from an array of integers,1
4055,What evolutionary explanations are there for death?,0
1830,High Degree Bézier Curve For Curve Fitting,0
4778,Why it is so difficult to treat leukemia?,0
554,Pointlike function without minimum.,0
1053,Unit vectors in $\Bbb R^n$,0
1129,Every continuous function has directional derivative?,0
4161,"How does evolution explain the apparation of different group like: mammals, insects etc",0
11803,Find the peak element using BS,1
682,"Subspace proof homomorphism Hom(V,W)",0
9093,Non-sequential template class container C++,1
5114,What determines the amount of data you would get from a sequencing experiment?,0
8422,Reverse Polish to infix,1
7028,Calculating energy from mass and light speed,1
842,"Clarification on "" the collection of subsequential limits of a sequence in a metric space form a closed subset""",0
5080,Calculating the ripeness rate in fruits,0
4774,How are newly synthesised proteins targeted to the plasma membrane?,0
11569,When can the coinduction hypothesis be used?,1
4081,Relation of conformational entropy and protein folding,0
8712,Convert JSON from a webservice to text file,1
10069,Processing a webpage source,1
10967,C++ Keyboard Controller,1
2358,Exercise 36 Ch 1 in Stein's Real Analysis,0
9601,Sort an array by value and index in C,1
1327,Well-definedness of group law on elliptic curves?,0
10580,What is the exponent of 0.00000072,1
8053,Wild and changing business rules implemented with functional programming,1
8453,iOS Body-Mass-Index (BMI) app,1
9959,How to use this jQuery search filter more effective?,1
9760,On the proof techniques of Udi Manber,1
3565,Using perceptual adaptation for enhancing realism of VR/other entertainment,0
6385,Serialize and deserialize a tree,1
5025,Immunity during pregnancy,0
6779,Check Cycles- On adding an edge in DAG,1
6783,Is there a non-linear version of ICA?,1
10807,Generating the powerset in C,1
10757,Stack implemented with linked list,1
8616,Extract climate variables on species range from worldclim and save into CSV,1
2874,Why ordered n-tuple can be defined as a surjective function?,0
3707,What is this flower?,0
8735,Calculating primes until a user-given value,1
6136,Repeatedly check URL for change on iOS,1
3773,What is (probably) the closest living relative of the trilobite?,0
6939,"Listing ordered components, recursively",1
1103,Determine orthogonal projection on column space of given matrix,0
690,Line-Ellipsoid Intersection,0
2085,find the matrix of a linear transformation $X1\oplus X2\to X1$,0
588,Inequality $\sqrt{a_1a_2}+\sqrt{a_2a_3}+\cdots+ \sqrt{a_{n-1}a_n}≤ \frac{n-1}{2}(a_1+a_2+ \cdots + a_n)$,0
4944,Cell state and cell function,0
4852,What causes the colors we see in eyes?,0
10007,C++ Range based stream,1
4200,Are trees the only source of large amounts of oxygen?,0
4414,How does increasing the temperature increase the compound action potential in some nerve cell?,0
9333,Export data from Python to spreadsheet,1
4008,Which mushroom could be this?,0
9596,Complexity of recursion T(n) = 2T(n-1) + C?,1
9763,Read a directory of CSV files in R,1
2185,Alternative to matrix inversion?,0
2394,Contradiction: finding potential function of $\nabla f$ where $f=e^x y z$ due to $e^0=1$ - violates path independence,0
181,$\displaystyle \lim_{x \to 0^-}xe^{\frac{1}{x}}$?,0
7598,Subset of nodes such that all nodes of a graph are adjacent,1
10506,Ensure groups of four 3-tuples have 9 unique numbers,1
848,Graph theory : the adjacency matrix of an n-dimensional torus,0
9026,Squaring numbers in an array,1
2220,Why is $\frac{2n!}{n^2+n}=2(n-1)!$?,0
11536,What are the differences and similarities between CYC and IBM Watson?,1
3979,What's the role of bromelain in pineapple?,0
2163,Is $\mathbb{C}$ still algebraically closed in ZF-models without the Axiom of Choice?,0
3482,Immunotherapy for tumours which do not have TSA,0
4655,Name two reasons why it is impossible to determine a gene's nucleotide sequence from the amino acid sequence of the polypeptide,0
9190,number of random sets needed to generate subset,1
10417,Determining width of paths,1
11370,machine learning- Hoeffding’s inequality and PAC Model,1
6670,Add license to beginning of files,1
3929,Can turkeys run around when their head is cut off like chickens do?,0
5972,Did the eugenics program in Nazi Germany have a measurable effect?,0
6393,Is the verifier for an $NP$ and its $co-NP$ the same?,1
8444,Order a list of tuples or a NumPy array in a specific format,1
1949,Does order of qualifiers matter in FOL formula?,0
10948,"Merge array of hashes, keeping duplicate values as arrays",1
5014,Effect of HIV on T-cells,0
8746,Tree node filtering with List,1
2530,Is the following series converging $\sum_{n=2}\dfrac{1}{(\ln n)^{\ln n}}$,0
10997,Complexity for finding a ball that maximizes the number of points lying in it,1
575,Basic Algebra Question about speed,0
9679,Ajax plugin that binds to click and page load,1
2241,"Has the diophantine equation $xyz=n(x+y+z)$ for given $n\in \mathbb{N}$ only finitely many solutions $x,y,z\in \mathbb{N}$?",0
3256,What causes pinkish hue to some skins?,0
10820,DFA containing substring to not containing substring by flipping acceptability of all states?,1
4746,Does the DNA of a tadpole change after it becomes a frog?,0
2473,"Find the coefficients $a_n$,$b_n$ of the Fourier series for a function:",0
2634,Distribute $30$ marks to $8$ problems,0
9708,Predict new ratings for each user based on their pearson correlation with other users,1
5743,Reliability of Sanger sequencing,0
9949,Validate URL with Regex and java.net.URL,1
4690,"What effect do oligosaccharides, like those found in legumes, have on the composition of intestinal flora in humans and if so how so?",0
9725,Is O(n log n) exponential speedup over O(n^2)?,1
11349,Proving B* = B on a given set,1
437,Confusion with integral domains,0
641,Provability of deduction in presence of existential quantifier,0
11764,Variation of Set Cover Problem: Finding a maximum-sized collection of disjoint set-covers,1
7654,Calculation of next week number (constrained by max 3) with rollover,1
5886,Multi-modal distribution for gene expression data,0
1325,Expectation of quotient of linear combinations of independent standard normal random variables,0
5377,"Genetic Drift: Models, assumptions and empirical observations",0
4880,Can anyone help me identify this insect?,0
2254,Find distance between two curves on plane using calculus of variational,0
10635,Evaluating the average time complexity of a given bubblesort algorithm.,1
11082,Print all anagrams together in a sentence in Java,1
10945,Dynamic array with 4x growth factor: Potential Method,1
9621,Finding all circuits in a graph,1
2544,Solving an inequality fot hyperbolas,0
2375,solve : $3^{\log_3 \sqrt{(x-1)}} < 3^{\log_3{(x-6)}} + 3 $,0
8556,Changing binary counter structure such that increament and decreament methods will work in O(1) amortized,1
5118,SNP Genotyping Scanning technology,0
3393,Why is flash light harmful to what aquatic life forms?,0
721,nabla operator under the integral sign,0
10111,How to find time complexity for functions in lazy functional languages?,1
7291,Fibonacci sequence in C,1
11245,What does this mysterious code do?,1
8680,Pick algorithm with runtime in O(n) vs. Θ(n) vs. Ω(\log n ),1
4543,Coefficient of Inbreeding - implementation issue,0
4570,Are mesophyll cells the same as parenchyma cells?,0
5041,Author statements (Readers) in biological nomenclature,0
4831,"Are microtubules in centrioles helical, like they are when in isolation?",0
4331,How to determine externally that a whale is a mammal?,0
11281,Need some advice and feedback on my C code calling Bash functions,1
6934,Filtering input characters for a numeric text field using logical operators,1
10591,Simple Todo CLI APP in Python with SQLalchemy,1
9528,Optimizing rc4 encryption,1
10418,Foreach with the aim of removing the need for a $global,1
1737,Understanding Index Sets,0
3646,Why do nearby cells have similar meiosis periods?,0
4270,Parallel Autonomic regulation of Cough and Runny Nose,0
10179,get-release npm module,1
7184,Testing a Controller in a while loop,1
11683,Filter column and row according to regex in header,1
11385,"Does exponential time always beat polynomial time? $n^{\frac{1}{2}}$ vs $2^{\sqrt{log \,n}}$",1
687,Connection of a regular surface obtained through implicit function theorem,0
7507,Is there a way to find path length to a node from root in a binary tree?,1
8762,Not sure how to interpret the question: how to find egg-breaking height,1
3431,What is the thickness of endothelial lining in blood vessels?,0
7773,Subscriptable/Indexable generator,1
11769,String constructible from short list of words? AtCoder ABC049C - Daydream,1
9268,"What is ""rank"" in a binary search tree and how can it be useful?",1
1606,"Find all pairwise non-isomorphic graphs with the degree sequence (2,2,3,3,4,4)",0
7546,ViewModel Format Function,1
7662,Static helper function to set a property on another object,1
314,Generally accepted notation for referencing function without defining it.,0
5008,Is the central axon of pseudounipolar neurons in dorsal root ganglia typically myelinated,0
3295,Placebo effect and why they work,0
2652,Derivative of logarithm function,0
9120,"An efficient data structure supporting Insert, Delete, and MostFrequent",1
9399,Community detections in networks using more than one factor?,1
1213,An application of Runge's Theorem to approximate analytic functions by polynomials,0
3871,Mating types in fungi (and somatogamy),0
973,"Sampling without replacement, final input",0
3665,What determines the differences between differentiated cells?,0
2842,Equality regarding $\vartheta$-functions using Poisson Summation,0
10552,how to solve this quality distance problem for wheelchair user,1
10921,isBalanced function for checking if string with brackets is balanced ([{}]),1
3336,James Allison's T-cell discovery technique,0
3032,What species is this mammal?,0
8311,Making a list human-readable,1
746,Radius of the circle internally tangent to three circles whose diameters are the sides of a $3$-$4$-$5$ right triangle,0
6702,BFS Algorithm in JavaScript,1
11380,Is finite abelian group isomorphism in Log Space?,1
11848,"In determining whether any segments intersect, why there must be some sweep where segments $a$ and $b$ are consecutive?",1
9212,NP-hard: an instance or a set?,1
6593,Origin of quantum complexity theory,1
3571,Binding BSA to silver surface via large difference in isoelectric points of the two materials,0
6964,Comparing algorithms to decode a String,1
10492,Python: Insertion Sort,1
6624,Reduction from Partition problem to 3-Partition problem,1
5516,exercise of gene linkage in genetics,0
11583,How to justify that if i=j=0 i will have a 0 in the Needleman-Wunsch or Levenchtein distance algorithm?,1
923,Yet another attempt to $f'=f^{-1}$: via $(f^{-1})'=\frac 1{f'}$,0
2900,How to show that $\lim_{n\to \infty} f_n(x) = 0$.,0
4269,What is a genetic marker?,0
4955,Woodland outdoor microscopy advice,0
8436,Group and send all files to filetype folder,1
6866,"Message class, with constructors for data from user and from database",1
7365,Where/when did Stephen Kleene first define the Kleene closure/star?,1
10901,Complexity of checking whether a proposition is an intuitionistic tautology given that it's a classical one,1
8375,How to think smarter when you need diff args in functions,1
1177,How find this limits $\lim_{n\to\infty}\left(\sin{\frac{\ln{2}}{2}}+\sin{\frac{\ln{3}}{3}}+\cdots+\sin{\frac{\ln{n}}{n}}\right)^{1/n}$,0
9314,Calculating time deltas between rows in a Pandas dataframe,1
5386,What is an interaction motif with respect to protein sumoylation?,0
1316,number of possible component in sinusoidal model,0
11093,"Long function as a lambda, right or wrong?",1
8928,Verifying if a car is a sports car based on speed and horse power,1
4486,Genetic networks vs genetic architectures?,0
7414,A visitor at a political convention with n delegates,1
4797,How many smaller muscles compose the interosseus muscle in the human hand?,0
567,existence of a sequence of continuous functions with two conditions,0
6679,Fire analytics tag based on message event from window,1
1993,Extension of linearly independent set to a basis in an infinite dimensional vector space,0
471,Function in the Hardy space $\mathbb H^{2}$,0
4223,What are possible health risks to women having large numbers of children?,0
5477,What pigment is responsible for the formation of blue skin color in some animals?,0
4837,RNA interference and the former Petunias experiment >,0
5410,How do veins's valve pocket sinus tend to become hypoxic?,0
178,What is the Arg of $\sqrt{(t-1)(t-2)}$ at the point $t=0$?,0
9289,What is the significance of the following equation in computer vision?,1
5421,Chemical methods to detect cell division,0
7295,Checking for spelling errors with a trie,1
8195,Exceptions to control data read flow,1
1953,How do you show that $n = 3$ is the only positive solution to $2^{n-1} = n+1$?,0
2452,Show AB and BA have the same eigenvalues,0
5807,What kind of bug or insect is this?,0
3961,Analysing the results of real-time PCR,0
7569,Linked stack implementation in C++,1
6601,Dynamic Programming - How to get the solution from the predecessor matrix,1
5038,Why do we age? or Do we have a theory of senescence?,0
2487,How to get transition matrix of markov process?,0
6106,3SAT solvable in polynomial time...but with exponential tuning?,1
9028,Streamline code for checking if a directory exists and saving a file,1
2202,Find the volume of the solid interior to both $x^2 + y^2 + z^2 = 4$ and $(x-1)^2 + y^2 = 1$?,0
3753,Why are female not competitive for reproduction like males?,0
11285,Extension of Tarski's result on the decidability of reals,1
6793,What are the applications of Rose trees?,1
168,How do I find this limit? $\lim_{n\to\infty}\frac{(n+1)^2}{4^n}$,0
4321,Schematic of neural lineage tree and position of Choroid Plexus cells,0
10639,Data retrieval from Dynamic HTML page with time-out (Web scraping w. Python),1
1747,Connectivity of a Hamiltonian path,0
649,The functional equation $f(f(x) + y) = f(f(x) - y) + 4f(x)y$,0
4993,How do scientists kill the bacteria they themselves made resistant?,0
5376,How is saltatory conduction faster than conduction of unmyelinated fibers?,0
1052,Discrete math(ternary string),0
6872,Is List comprehension equivalent to composition of filter and map?,1
11776,Proving NP is a subset of the union of exponential DTIME,1
9273,Discount card reduction calculator,1
9633,Macro to remove rows with data not meeting certain requirements,1
4098,Are sulfates or nitrates common ions in biochemistry (specifically of the body)?,0
5187,Can you knockout specific receptors in an adult?,0
99,Find local maxima of this quadratic function,0
1261,Matrix exponential question,0
9520,Pivotting SQL Table Response to JSON in JavaScript,1
10710,Map-reduce implementation for splitting strings,1
1471,Separable extensions and Hensel's Lemma,0
6434,Working with list in Java,1
2314,Why vector calculus seems inconsistent and vague,0
5060,Can telegony happen in humans like in Telostylinus angusticollis?,0
8464,Using exceptions inside CakePHP controller actions to simplify flow,1
10872,Scraping thefreedictionary.com,1
6828,How does an operating system implement the C library?,1
9238,Managing ZK Tabpanels,1
11392,"Clarification on ""clause learning"" in DPLL algorithm",1
11045,"How to write ""∀x.F(x)"" for ""F(x)=λx.Φ(x)"" in one expression (sequel from question about ""∀(λφ. (φ x m→ φ y))""?",1
4160,Getting read size less then specified in parameter file Flux Simulation,0
4332,Do adult mammalian cochlear inner hair cells regenerate?,0
2370,Extending Morse-Smale pair from submanifolds?,0
8955,"Calculate how many coins, coin values are 50, 20, 10 and 5",1
7618,Recursively find files of certain types and log their paths (C++),1
6248,CSV parsers and OrderedDictionary,1
1215,"Let (X, S) be a measurable space and a function $f: X\rightarrow R$ such that $|f|$ is measurable but f is not measurable",0
5009,Allamanda blanchetti fertilization mechanism,0
136,Binary expansion of $\frac{1}{\pi}\tan^{-1}\left(\frac{5}{12}\right)$,0
1562,How do you prove Well-Ordering without Mathematical Induction? (and vice-versa),0
3513,Gestation period of African savanna elephants?,0
4884,Can we define biological age?,0
8924,Help to Refactor PHP Flip Image Code to smallest size as possible,1
689,Are these two maps injective? (I'm trying to check a Tor group computation),0
7949,Algorithm for graph with nodes grouped into sets,1
11929,Censor the middle of words of length N from a text file,1
4445,What is the meaning of pygo and pagus in the word pygopagus?,0
9920,Finding integer square root for large integers [find asymptotic time complexity],1
11092,Modals that are centered vertically and horizontally within 80% of the browser size,1
522,Methods to solve highly symmetric non-linear equations system,0
7149,what does it mean by problem of size $0$?,1
8191,Finding football team with the smallest difference in goals,1
11735,Sequence of N operations Amortized Analysis,1
7027,Scan the user input and then work with these letters,1
5537,Difference between the spinal cord and vertebrae column,0
11404,Changing the background color when a link is clicked,1
5021,Does Science Say That We Should Die?,0
934,Box Plot Log Scaled?,0
106,Finding separable extensions in which a prime ideal in a Dedekind domain splits,0
2059,Is the supremum of an almost surely continuous random function random variable?,0
7351,Decidable language: set of context-free langauges containing 1 string,1
9054,Generic coverter for fields in class,1
9070,Is my routing good or bad? in PHP,1
11509,Recursive time formatter,1
8932,Refactoring to avoid the use of dynamic,1
4806,"Infant tissues, organs, body parts or reflexes in an adult organism",0
3116,What causes the yellow and brown spots on our sour cherry tree?,0
11235,A question about parallel algorithm complexity,1
1125,"Approximate with error bounds, the integral $ \int^1_0 \frac{\sin x}{x}\,dx $",0
4557,"Can you ""fight"" a coma or serious illness?",0
8099,Short quiz about Myhill-Nerode theorem,1
1851,Why does $b^{\log_bx} = x$?,0
506,Reducing balance with overall percentage,0
1380,"Show $f(x)={x\over x+1}$ is uniformly continuous on $[0,\infty)$.",0
4169,Long-term-potentiation and memory. Where do we stand?,0
3998,How to calculate the Position Weight Matrix score?,0
3551,What is the non-local impact of a large-scale destruction of coral reefs?,0
11658,Compressing normally distributed data,1
8490,"""Linked"" Enum value attribute",1
7080,Research on Tree Automata/Tree Transducers for implementing Tree Generators,1
1667,Conformal Mapping preserves the angles between the smooth curves.,0
8799,Will this algorithm terminate on any input?,1
11439,Context-sensitive grammars without permutation rules,1
8957,Converting a string to coordinates,1
11555,Shell script that copies configuration and dotfiles to repository,1
1746,Proof that eigenvector corresponding to simple eigenvalue is continuous,0
6040,A TSP to HamCycle Reduction,1
11110,Is $\{ 0^p1^q0^r \mid p \neq r \}$ context-free?,1
7718,Binary search for integers,1
2113,Side of the parallelogram formed between $3$ parallel lines,0
5296,"Did I understand the definition of ""gross primary production"" correctly?",0
8219,Calculate the midpoint of a polyline,1
11713,Automating the installation and configuration of Vim,1
3867,How does noradrenaline result in rise of systolic blood pressure even when the cardiac output is decreasing?,0
9509,Pattern matching deeply nested arguments in Elixir,1
8474,Router Class In a Lightweight MVC Boilerplate,1
8596,Finding number of days until a certain date,1
3097,How to determine the probability that a mutation is lost / fixed?,0
4861,Is it possible for a human and another ape species to reproduce?,0
2118,Confusion about Proportion and Percentages,0
1878,"Explanation of ""generic point"" with examples?",0
1007,Prove that compact sets are closed under arbitrary intersections and finite unions.,0
3960,How can a waterborne disease be transmitted,0
9321,Regex in combination with file compare,1
7219,begin() vs rbegin(): how can I avoid duplication?,1
9396,Initializing a multidimensional with many default values,1
7386,Monitoring the clipboard,1
6632,Determine the ratio of the contents of a pot to the (metal) volume of of the pot,1
2550,Isomorphism and $\mathrm{id}$,0
10761,Dictionary lookup of non-nullable struct into nullable destination,1
8656,Stock quote checking script,1
3013,Blood clumping in mosquitos,0
3914,Does one neurotransmitter travel all the way through the nervous system?,0
1305,Show basic scheduling problem is NP Complete,0
7277,Shredding XML into an SQL table,1
3717,DNA replication in $ E.coli $,0
9193,Which non-regular languages are in $AC^0$?,1
5735,Cytology urine samples,0
5395,"What is this plant & it looks like USA tree "" Carya ovata""?",0
9782,Are consensus (and atomic broadcast) protocols limited by single node's resources?,1
9092,Formatting floating point number as mixed fractional in Ruby,1
9519,"Given a sorted array with n integers, how to find the element that has no duplicates?",1
8133,Quicksort Partitioning: Hoare vs. Lomuto,1
3629,How do poiklotherms survive at different temperatures even though enzymes work at specific temperature?,0
7911,A* implementation is not running efficiently but gets correct result,1
11498,Maximum sum subset of an array with an extra condition,1
268,Problem related to continuous complex mapping.,0
859,"Maximal ideals of $k[x_1,\cdots,x_n]$ and degrees of field extensions",0
11641,Pushing instantiated class in an array,1
9069,Merge sort worst case running time for lexicographical sorting?,1
7143,"Difference between assignment, binding, and substitution?",1
1378,"An easier way to find the integral of: $\int {x\sqrt {2 + x} {\rm{ }}dx} $, where ${u^2} = 2 + x$",0
6526,Examples of NP Complete key exchange algorithms,1
1459,A path has only two vertices which are not cut-vertices,0
2313,Determining the transformation matrix R,0
3958,Resource for finding what proteins bind?,0
8448,Creating boilerplate for jQuery plugins,1
1987,Algebra Distance Question,0
11601,How to search an almost sorted array faster than O(n) time?,1
70,Whitney sum bundle vs. direct product bundle,0
1437,linear transformation matrix relative to a basis,0
3372,How can I find some pieces of the genome of a microorganism?,0
4876,Identification of South Indian plant,0
11011,Propositional Logic Time complexity,1
2936,Find the complex square root of $7+6\sqrt2i$,0
8686,Stored procedure to swap account holders,1
11635,Displaying random elements for a quiz app,1
7715,Best way to preload images with callback on completion with pure JavaScript (ES6),1
11243,C# + Linq - grouping objects by frames of time found in the data,1
1151,"In a joint distribution, is it true that $P(A_1, \dots A_n, A) = P(A_1, \dots A_n, A^{c})$ if $A = A_1 \cup A_2 \cup \dots \cup A_n$?",0
2677,A consequence of Wilson's Theorem,0
11174,Decidability of $\lbrace \langle D \rangle \mid \text{$D$ accepts $a^kb^k$ for some $k > 0$}\rbrace$,1
5439,How does motor nerve innervation determine type of muscle fibre?,0
4404,What is this little white creature?,0
2559,"Why is a statement such as, ""It's 5 o'clock"" excluded from propositions?",0
5801,Evolution of Upside Down Catfish (Synodontis nigriventris),0
838,Greatest integer function inequality solution,0
2788,Ptove that $3\prod\limits_{cyc}(x^2-x+1)\geq x^2y^2z^2-5xyz+\sum\limits_{cyc}(x^2y+x^2z)$,0
11845,Routes requiring authentication in react,1
2130,construct inverse point with respect to the circle by the use of the compass alone,0
9614,How to refactoring function when I've to do many things in one function,1
129,Integer solutions of $a^3+2a+1=2^b$,0
691,find the angle between 2 points in space and the line vertical to one of them.,0
3347,What restriction enzyme was used in cutting this DNA piece?,0
4479,How much energy would it cost to synthesize all cholesterol requirements de novo?,0
8814,Counting the number of page turns to arrive at some specified page,1
3710,Which of the following lacks DNA?,0
7078,planar max cut graph with constrains,1
7283,Javascript Performance Optimization,1
2478,Undefined Subintervals - Riemann Integrals,0
5170,Does the deletion of Chromosome 20 cause immunity against prion disease?,0
7437,Counting inversions with index constraint,1
6931,$k$-SAT completeness proof when $k$ is linear in number of variables,1
2659,Non normal operator examples on Hilbert space.,0
1033,"$A\in\mathcal{S}^+_n,A={}^tMM$",0
10537,What is the best way to prove (S+)+ = S+?,1
153,What does this notation mean?,0
3098,Is this bird a woodpecker?,0
7399,Replacing data in a .csv file,1
6420,"Not getting the clear picture of Goto actions , reduce and shift actions in SLR Parsing",1
8025,Capture Min() And Max() Of Numbers Input,1
4480,Which is a good methodology to find out a domestication process?,0
4016,"Do we know of any ""species ending bugs""?",0
7048,Javascript run length encoding algorithm,1
3800,Stay young by reinserting own DNA from years ago?,0
2881,Contraction map on tensor product of symmetric powers is surjective.,0
4977,What prevents the human intestine from 'exploding' as a consequence of bacteria growth?,0
7088,Test data for tasks that communicate over network,1
1613,"Is it possible to add computational facilities to otherwise ""mathematical"" formal systems by adjoining identities to types?",0
11211,"Compression functions are only practical because ""The bit strings which occur in practice are far from random""?",1
11815,Building 30 day alarm,1
9480,Optimizing program to output all numbers summing to 100,1
10244,Theta bound for runtime analysis of nested while loops,1
4685,How does Reissner's membrane rupture cause Ménière's disease symptoms?,0
5745,Distribution of the number of clover leaves,0
7506,Select the n closest nodes from a starting node in a weighted directed graph,1
6229,Eliminating $\varepsilon$-productions during elimination of left recursion,1
7647,Force attribute value on potentially non-existent or locked PyNode,1
5035,Function of testosterone in women and estrogen in men,0
6417,Hyperexponentiation modulo a prime,1
9751,Private client-server chat,1
4937,Why haven't environmentally-reactive bodies developed as an evolutionary advantage?,0
10336,Linking to an image asset from a JavaScript file in Symfony 2,1
4602,Presence of reaction module in bacteria but not in Eukaryotas (human),0
10684,"Computing critical pairs, confluence and Normal terms",1
315,very basic verification of pre-image of a function,0
8229,Merge sort and selection sort comparison taking too long,1
11053,Regular Expression simplification,1
6,option: $X$ can't be homeomorphic to an open subset of $\mathbb R$ to be false,0
5922,Does the harvesting time of broccoli sprouts change their glucoraphanin content and sulforaphane formation capacity?,0
6885,"In a LP problem Ax = b, how to solve for A instead of x?",1
10873,Showing that $BPP \subseteq EXP$?,1
7796,Hash table collisions: why use a linked list if we can use a hash set?,1
8347,How many ways to find a sum totalling n using only certain Integers?,1
1626,Example for a nearly injective sequence with subexponential growth,0
147,Is this an equivalent definition of Hölder continuity?,0
7056,PyYAML - Saving data to .yaml files,1
5524,Do uerotelic organisms save roughly 3/4ths water compared to ammonotelic?,0
436,permutation group and cycle index question regarding peterson graph,0
9852,Prevent Variable Overflow from InputBox user error,1
4674,Why does getting certain chemicals in cuts hurt?,0
9195,Print Integers in a Pyramid,1
7733,Small website with MVC,1
1847,Examples for topological vector space,0
1661,Symplectomorphism and compactness,0
739,Exponential integral representation,0
2850,Second fundamental theorem of calculus on the unit sphere,0
6369,Script that retrieves trending topics from Twitter,1
4265,How is the human oxygen absorption dependent on the concentration of oxygen in respiratory air?,0
5054,What jellyfish is this?,0
11728,Proof of contention of the wait-free consensus algorithm,1
11644,Using GeoComplete with RequireJS (with shim config),1
10923,Sum all numbers in text using regexp,1
4247,Is it dangerous to eat a mutated eggplant descended from a radioactive ancestor?,0
2711,"Knowing $\int\sin(nx)\cos(mx)\,dx$ shortcut for $\int\sin(nx)\sin(mx)\,dx$?",0
7208,Basic control statements for Turing equivalence?,1
1634,Inherited topology of logical Stone's spaces.,0
7983,Topological sort in Java,1
791,Absolute value of power sets,0
10234,Are there any implementations of computability logic?,1
4487,How does DNA from sperm fuse with DNA in egg?,0
917,"Given the volume of a grain silo and the height of the cylinder of the silo, solve for the radius.",0
2632,Find the values of the real parameter $k$,0
4927,"Do any known viruses contain ""junk"" or parasitic genomic information?",0
11832,Create User profile with separate social media data,1
11008,Java and C++ stack implementations with dramatically different performance,1
1979,Showing that the upper packing dimension is the packing dimension,0
4152,Ligase Chain Reaction: Determining the annealing temperature for gene synthesis,0
2240,Find the probability that a family has $k$ kids and two of them are boys (no more boys),0
6174,How can I prove impossibility of generalizing a given higher order function from pure to monadic or applicative?,1
10000,Processing delimiter characters in C?,1
5201,Does sex-chromosomes exist in all the cells in a human body?,0
9812,Is Turing Reduction always in context to decidable languages?,1
2710,prove thatt $\sum_{cyc} \frac{1}{{(x+y)}^2}\ge 9/4$,0
3803,Solving Hardy Weinberg problems,0
1190,Monotonic functions bijectively mapping rational numbers to $n$-adic rationals (numbers having finite expansions in base $n$),0
10260,Why is this verifier for primality wrong?,1
7880,Eight queens with Java,1
9351,Function to censor single word in a sentence,1
5840,Why does the gc content deviate from 50% in prokaryotes,0
45,Norm on a certain quotient C$^*$-algebra,0
7504,Voronoi Diagram: Exactly 2n-5 vertices,1
6984,Asynchronous Array.map,1
5648,Where can I find a file listing the genetic differences in humans?,0
1405,Find the minimum value of $x_1^2+x_2^2+x_3^2+x_4^2$ subject to $x_1+x_2+x_3+x_4=a$ and $x_1-x_2+x_3-x_4=b$.,0
3819,Does the given pedigree show a Y-linked dominant trait?,0
5000,How does translation invariance in vision happen?,0
1432,Why are the random variables independent?,0
4525,Transformation of E.coli cells,0
10484,Are turing machines and formal languages the same mathematical object?,1
1406,What could the formula of the present value for such a saving plan?,0
4600,Can you increase the microbiota in an insect?,0
5538,What does the acronym ‘PIN’ stand for referring to PIN proteins in plants?,0
5619,How to Design an siRNA Experiment?,0
7111,Excel VBA code midStr() function using left and right position instead of length used with mid(),1
1754,Solving for beta with gamma function,0
5564,What is the Attributable Risk of birth defects in Zika infected pregnancies?,0
8617,Question about let syntax in type systems,1
8912,Check for valid parentheses nesting,1
8045,Can someone clarify this unification algorithm?,1
11588,Python: Parse string of bracketed list items into list of strings,1
4211,Range for which the Verhulst-Pearl model is a good approximate,0
4702,Identification of a small mammal,0
1130,"If $A + B$ is invertible, do we know if $A$ and $B$ are invertible separately?",0
9878,Sort three numbers using only if-statements,1
3573,Herd immunity without vaccines? (corona question),0
826,Partial derivative of a loss function,0
1623,Orthogonal basis square integrable function on real line,0
508,Limit point of isolated singularities,0
3942,Can formalin fixed tissue stored in absolute ethanol be used for histology?,0
6663,Densely connected non overlapping subgraph,1
1826,Verification of Alternate Proof for Identity Theorem in Conplex Analysis.,0
11987,Validating a password format,1
10220,Printing a binary tree in vertical strips,1
3257,How are cells of the cornea transparent?,0
8884,Implementation of a sparse Markov Chain,1
10538,Repository pattern for books in EF6,1
2170,How to define a profinite morphism,0
4584,Which method of gene amplification for toehold switches?,0
2955,Probability of finding at least $k$ consecutive heads in $N$ coin tosses?,0
9017,Very simple interpreter,1
2702,Trying to find an $\arctan(x/y)$ identity.,0
5432,Shouldn't evolution have taken care of baldness already?,0
9552,HackerRank Grid Search challenge,1
11783,Monster Buff/Debuff System Design,1
43,The intersection of Riemann-Stieltjes integrable functions,0
5736,"Chickpeas as feed for house sparrows , ringneck parrots?",0
5365,To what extent does the cooking time impact the nutritional content when boiling potatoes?,0
857,linear transformation of a finite dimensional vector space,0
374,Verify Lipschitz condition,0
4643,Why are killer whales found in the Gulf of Mexico smaller than ones found in the Pacific?,0
11027,What algorithm to use for this problem?,1
10789,recursive lambda expressions,1
10558,Path validation helper in a 'path input box',1
11870,Changing desktop background to the next available one,1
4373,Silene virginica Endangered in FL,0
1789,how to choose which one holds?,0
1945,Why not an Absolute maximum in an open interval?,0
2112,Let $A$ a Markov matrix and $x\in H_c$. Show that $e^{tA}H_c\subset H_c$ for all $t\in\Bbb R$,0
7139,Are all PDA equivalent to two-state-PDA?,1
10863,Text file searching using SQL,1
7318,Is there a Dijkstra like pathfinding with condition satisfication algorithm?,1
11833,Exact cover with cover size known,1
10118,What does 'buffering' mean?,1
2208,solving an equation of the type: $t \sin (2t)=2$ where $0<t< 3 \pi$,0
2851,About the integrals $\int_{0}^{+\infty}\sin(x)^k e^{-x}dx$,0
11041,Read until EOF and realloc as needed,1
8958,Handling optional parameters in a servlet,1
7860,Finding the (probable) maximum of a large set of integers *without* iterating over all of the values,1
1268,Monge-Ampere equation and maximum principle,0
6039,Function declarations using macros to support multiple platforms,1
2862,Surface parametrization,0
5209,How can I separate the abundance of the incidence results?,0
6290,Comparing products sold by several merchants,1
10971,Notation for average case complexity of an algorithm,1
11910,Good way to structure a SDL project,1
1313,"If $f (t) = |t - 2|$, find $f (-t)$",0
10098,Count number of bits to convert one integer to another integer,1
884,"How do I find, by the definition of a derivative, the derivative of $\tan x$?",0
7130,Find cycles in Graph using Union Find Algorithm on Adjacency List,1
214,"Vector space, direct sums involving linear maps and polynomials",0
3557,When did our ancestors switch to a menstrual cycle instead of the estrous cycle?,0
11882,Find all rational roots of a polynomial equation,1
6744,Successful Encoder and Decoder for messages,1
10916,Calling a script with a setuid set,1
8269,Wator planet program,1
9821,Counting solutions of a particular type in HORN SAT,1
8404,How do you check if two algorithms return the same result for any input?,1
3401,Santa Fe xeric indigenous tree,0
10004,Algorithms or specific approaches for maximum independent set problem in triangle free graphs,1
8303,Finding the mode of an array/iterable,1
4889,Are chromosomes from each parent split between gametes with equal probability (esp. in humans)?,0
11159,Why is the halting problem semi-decidable?,1
3848,Recombination between DNA segments question,0
8127,"Given $k$ sorted lists, $O(n \log k)$ complexity, Mergesort rather than Heapsort",1
7636,Implementing a queue using a circular buffer,1
4874,Pollinator mating system in orchids,0
6765,Lingo game using Python,1
3734,What are the floating translucent little objects called in the field of view?,0
9950,Correct Implementation of Custom UIView into ViewController Programatically,1
1995,Determine at which points $f(x)=[x]$ has a limit,0
408,How would one go about finding the Trinity Hall Prime number?,0
5829,Effect of single nucleotide deletion or insertion on primer annealing,0
7740,File-encryption utility application,1
11680,Retry mechanism for failed downloads,1
1361,isolation of zeros of continuous functions,0
1326,Left shift invariant ergodic measures not supported on a periodic orbit,0
9628,Monte Carlo: what is a seed?,1
8856,"""Function"" to extract a file in Batch",1
11696,"Country, city, and address tables for a customer",1
1347,Show $Px \perp (x-Px)$ and prove $||P|| \leq 1$,0
932,Solving $U_{n+1}=(U_{n})^{2} (n+2)$,0
607,How to prove $2\sin^2(80^\circ) - \sin(70^\circ)=1$?,0
4634,Free software for measuring parts of an image?,0
7766,Non-recursive (iterative) DFS with $O(n)$ size stack,1
3262,What is it the most common reason for community acquired pneumonia?,0
9981,Online set cover variant? Routing of requests,1
11579,I can't seem to convert a NFA to a regex. What am I doing wrong?,1
592,"If $G$ is isomorphic to $H_1\times\cdots\times H_n$, $H_i$ subgroup of $G$, then *is* $G$ the internal direct product of $H_1\cdots H_n$?",0
9936,Content management system for media,1
11332,Filtered date range function,1
5151,What is this thorny plant with cute leaves?,0
4596,NCBI blast for exact match of short sequence,0
1003,"Relation between Ramsey Numbers: $R(s, t) > (t-1)(s-1)$",0
9391,Connect 4 game for AI agents,1
283,What are the commutative rings $R$ for which $A \otimes _{\Bbb Z} B = A \otimes _R B$ as abelian groups?,0
8496,Functor to compare two floats with tolerance,1
7242,Checking if any competitors have a non-empty name,1
10202,Coordinate Systems in Files (pixels),1
7599,Renaming Files and/or Directory,1
1127,Prove that $\sqrt[3]{\sec\frac{2\pi }{7}} + \sqrt[3]{\sec\frac{4\pi }{7}} + \sqrt[3]{\sec\frac{8\pi }{7}} = \sqrt[3]{8-6\sqrt[3]{7}}$,0
6900,Bootstrap show many move one carousel modification,1
2183,Rotman Abstract Algebra Correspondence Theorem clarification,0
6096,Simple string tokenizer wrapper,1
372,Maximum Volume of Cube Inscribed in Sphere of Radius 2,0
10637,Prime number calculator using Sieve of Eratosthenes,1
1844,Applications of Perfect Numbers,0
7787,"CISC, RISC and anything else?",1
6713,Finding sessions associated with an IP address using PDO,1
10298,P versus NP and what we are looking for,1
7303,"If $g ∘ f$ is primitive recursive, are $f$ and $g$, too?",1
4053,Where can I find SARS-CoV-2 genome sequences for the UK?,0
8609,Approach / data structure to wait for N tasks to complete in arbitrary order,1
1904,Function induction contradiction,0
7557,Longest collatz sequence using dynamic programming,1
5297,(Genetics) Is a silencer the same as gene silencing (heterochromatin)?,0
5269,Which insect is this?,0
11026,Buses in a processor,1
1400,"Notation for permutation, use for summation indices.",0
6838,A lambda calculus evaluation involving Church numerals,1
7253,Converting CNF to GNF,1
3035,Plant dependence on CO₂ levels,0
7494,A recursive function that performs a binary search,1
4781,What is the most common way of administering loop diuretics and what is their time course of action?,0
9169,Steiner tree four points example,1
8335,Performance of dynamic Fibonacci generator and dead rabbits,1
578,Laplace operator in polar coordinates,0
10713,Project Euler #10 in Ruby. Three ways to sum primes below 2 million,1
3364,Why is Lamarck's evolutionary theory considered incorrect?,0
5718,How are viruses in vaccines weakened in a laboratory,0
7046,Logging leads when interactions happen for a contact,1
157,Converting a Cartesian ODE to Polar,0
493,Further interesting examples? Obtaining (co)monoids from dual objects,0
383,Is the curl of every non-conservative vector field nonzero at some point?,0
9739,Is this the only or best method for classes serializing in Java?,1
1010,Path connected compact set with given property,0
3790,Do butterflies see behind?,0
2280,Is this process a martingale,0
1097,The idea behind Green's theorem,0
6772,Random name picker for a contest,1
5036,Function of carapace,0
4947,What's the rationale behind freezing one's eggs if cells can be cloned?,0
1231,A formula for higher order derivatives of inverse function,0
10032,One-dimensional packing problem: Optimal decomposition of music structure,1
6868,Mocking IElasticClient in unit tests,1
1991,Purpose of the Perturbation function in Convex Optimization,0
5306,I need some forearm bone motion pictures,0
1373,How to evaluate this integral ($\int_{0}^{\infty}\exp(-\alpha x^2)\cos(\beta x)dx$)?,0
91,Primes of the form $x^3+y^3+z^3 - 3xyz$,0
6244,Angular Checkbox Filtering,1
1480,"Let $F_n$ be free on $n$ letters and $g_1,...,g_{2m}\in F_n$. Can $F_n/⟨⟨[g_1,g_2],...,[g_{2m-1},g_{2m}]⟩⟩$ have torsion elements?",0
4519,Antibacterial soap impacts on septic system?,0
6086,Transferring large amounts of data in web editor,1
1002,How is the constant of integration being included in the final derivation?,0
9464,Octree code performance,1
6493,"Given tree with 0 or 1 assigned to each node, count paths with odd number of ones in it",1
5815,Minimum and maximum exposure to virus,0
2826,Do abstract harmonic analysts use topological methods to solve problems or deal with Borel hierarchy?,0
3322,How are asexual species classified?,0
11554,"What is the point of traversing a binary tree in preoder, inorder or postorder?",1
1175,Computing $\int_0^1\frac{\ln^3(1-x)\ln(1+x)}{x}dx$ or $\sum_{n=1}^\infty\frac{H_n^{(4)}}{n2^n}$,0
2253,A problem with two dimensional vectors and scalar multiples,0
9194,KMP algorithm searching from the right,1
1579,"Lie algebra representation induced from homomorphism between spin group and SO(n,n)",0
10047,Places and their PlaceCategories,1
1436,Holomorphic functions: is it true that $f(\bar{z})=\overline {f(z)}$?,0
10322,Connection betweem treewidth and feedback vertex set,1
10698,Function composition in Python3,1
10029,Does the k-clique problem became easier on sparse graphs?,1
7879,Is this program susceptible to a buffer overflow exploit?,1
7431,"Representation of unsigned integer on a little endian, big endian computer",1
9794,"A number of points on a line, with initial positions and speeds - find a minimum time that any two points meet",1
781,Asymptotics of a series involving cos integral functions,0
8829,Why can no task have a utilization rate greater than one?,1
10009,Convert an integer to its Roman numeral equivalent,1
2879,Linear Algebra Done Wrong -- Appropriate for first course?,0
8414,"Finite automaton for all words whose length $n$ satisfies $\operatorname{gcd}(n,504) \geq 6$",1
5699,Spider identification,0
9709,Optimize cURL requests to Google API,1
2335,a question on GNS space,0
3853,How do mushrooms react to being grown in a microgravity environment?,0
4405,Why are high levels of epinephrine and low levels of cortisol signs of stress?,0
5753,Venom Denaturing with Heat,0
7649,Single instance of reusable HttpClient,1
3259,Aquarium snail identification,0
7325,"The proportion of halting programs vs non-halting programs, of decidable programs vs undecidable languages",1
11314,VBA code to read Excel file and conditionally complete formulas based on the contents,1
40,"If a relation doesn't apply, is it considered true?",0
5404,What's this spring-like structure in the plant parenchyma cell?,0
11484,Is deciding solvability of systems of quadratic equations with integer coefficients over the reals in NP?,1
1020,Puzzle about six travellers going through bridge above canyon with an oil lamp,0
5458,harvesting fertilized eggs from Tetraodontidae species?,0
1507,What is a function called that maps the minimum of the domain to the minimum of the codomain?,0
5219,How can low cholesterol cause mortality?,0
7550,Creating a set of buffers for tiles,1
640,When to use L2 regularization?,0
2929,Proving that if $a \le -1$ then $\underset{n \to \infty}{\lim} a^n$ does not exist,0
5781,Excretion of monovalent and divalent ions in sharks,0
4059,What Genus Is This Ant Queen?,0
3000,What was the evolutionary reason for cross lateralization of the brain?,0
9397,Finding the k-th element in a BST,1
2618,Probability that a random graph on countably many vertices is connected,0
11861,How do you read this context-free language?,1
4342,"In the NCBI Taxonomy tree what does ""no rank"" mean?",0
1943,Solve $y''-xy=0$ about the ordinary point $x=0$,0
7081,Calling API (with rate of 5 calls/second) using Jersey client,1
9929,Promise-driven animation,1
11132,Decidability of languages,1
11182,How many maximum height AVL trees given height?,1
11223,Project Euler #3 with Python,1
9050,Proof (by contradiction) of the emptiness problem,1
6238,Format a number to include commas,1
4248,What is the fate of NADH produced in the liver during oxidation of lactic acid?,0
3375,Significance of having goosebumps?,0
986,"$gcd(p,a-1)$ or $gcd(b,p-1)$ where $p$ is a prime factor of $a^b-1$",0
8844,Canonical representation of programs,1
5605,What is the term for all of the RNA in a cell at any given time?,0
5500,Bacteria utilize short chain fatty acid as energy source,0
800,Ring of remainders definition,0
10706,Luhn algorithm in Ruby,1
6584,NodeJS controllers for a bus and a user,1
4963,Is it dangerous to rub closed eyes?,0
4899,How can we decide at which level does natural selection apply?,0
714,Probability of exponential distribution less than normal distribution.,0
7000,Asymptotic bound of a heap's height,1
7438,Limited typecasting with regex,1
7245,Hashing a Specific Range Of a Character Array,1
7937,How to prune branches in a branch-and-bound solution for Flow Shop Scheduling?,1
5256,Why does the Vas Deferens detour over the pubic bone?,0
8618,Reading and writing binary data in C++,1
5650,"In oscillometric blood pressure measurement, why do we assume that highest oscillations correspond with mean arterial pressure?",0
2320,Finding the point of intersection between a linear and quadratic function.,0
921,Groups question about center,0
9752,Optimize query containing too many inner join and rows,1
8117,Is there a language that can be Turing-reduced from all languages?,1
10156,"What changes, if any, are required to make the following Perl eval bullet proof?",1
8438,Game Of Life OOP Python,1
3802,Nucleoside analogs that cause mutation,0
11270,Improve worst case time of depth first search on Euler graphs,1
2104,Problem defining root automorphisms on Galois Group,0
4687,A Hadeeth on the fly,0
7981,Data Integrity Through Custom Variable,1
5929,What animals have a blood-brain barrier?,0
4252,What causes REM atonia to be lost in sleepwalking?,0
11496,Login using VBScript,1
6564,Roughly removing 'duplicate' photos based on filename,1
10108,Combining Runtime Complexity Expressions with respect to Dijkstra,1
8820,Naive Implementation of Automatic Memoisation,1
8407,What is the theoretical result of flattening a list containing only itself?,1
2353,Uniform convergence for a sequence of function,0
2576,Discrete subspace in the product of Sorgenfrey's line.,0
5803,How is sexual selection evolutionarily stable?,0
7352,Binary tree implementation in Scala,1
4903,Why and how do red bone marrow concentrations in humans change during traditional aging?,0
10375,Proving that $(A \cup B)^* = A^*(BA^*)^*$,1
772,Attempt on proving $e^x$ is continuous on $\Bbb{R}$,0
2805,Covariant derivative do Carmo help clarification concept,0
6268,Maximum Subsequence Sum : Mark Weiss:,1
2699,Connections between Levy Processes and Exponential Families,0
3718,How Do White Blood Cells Learn? Or Do They?,0
11224,"Extract, filter and match three letters from the given arguments and predict the name",1
1532,Taylor series of infinitely differentiable function,0
963,solve coordinate and quadratic system,0
11034,Why is this function computable,1
7415,Calculating the classification threshold efficiently,1
8233,there are a better solutions to set FIELDS as data at ADODB query from xls file (exported from SAP),1
577,How to Show that $1+\left(\left\lceil\dfrac{x}{n}\right\rceil -1\right)n\leq x$?,0
7015,"Solving $T(n)=2T(n/2) + n \lg n$ , For ex: Counting inversions implemented with full mergesort",1
4834,How does symbiogenesis explain reproduction of organelles along with the cell?,0
7602,Making user login system secure with $_SESSION,1
3521,Identification of this bug or insect,0
9524,Why are so many internet protocols text-based?,1
1022,Linear Regression: Finding a quadratic function that approximates a given set of points,0
496,"Show that the Markov chain, with $p_{k,0}=a_k$ and $p_{k,k+1}=1-a_k$, is transient if $\sum_ka_k<\infty$",0
6135,How can I improve this RL algorithm?,1
7331,Random index generator in C++,1
10952,Either or case in Python and Regex,1
3781,tandem repeat sequence; causes of contraction and/or expansion question,0
7358,I can construct DFA for $a^{3n+1}$ but pumping lemma says it is not regular,1
729,finding and analyzing critical points,0
7549,Mergesort performance in C,1
10262,Archiving data while running update statement,1
6186,Selecting k rows and k columns from a matrix to maximize the sum of the k^2 elements,1
7425,Live plot with many subplots,1
10470,Prime number generation algorithm,1
11203,"Minimal, very simple, implementation of an HTTP server for static content, using only core node.js modules",1
5959,What is variation in Speciation,0
9186,Universal/existential quantification?,1
6987,"""Speed date"" interview questions",1
8152,"Hello, First Name Last Name",1
1879,Trace of matrix power,0
9015,Small LP for directed min cut?,1
6854,"A scheme macro that defines the ""where“ syntax",1
4586,Is B27 necessary to culture neural stem cells?,0
5990,What happens during metamorphosis?,0
10675,Repeating code fragments in XML editor,1
11915,"ES6 Promise with the ""co"" module",1
10364,MVC4 approach to checking authorization after POST,1
5703,Why is there a seeming dichotomy between mobility and photosynthesis?,0
18,Proving that three co-normal points on a parabola and its vertex are concylic.,0
8914,Robot OOP Class in Python,1
139,Proof the degree of a reflection through a hyperplane is −1.,0
3682,Does the apical bud grow back after being removed?,0
11679,"Prove: if $\delta_D(q0, w) = p$ then $\delta_N(q0, w) = {p}$",1
11582,"KMP Algorithm, Pratt's Minimisation/optimization of Knuth's original DFA based algorithm",1
7947,Command Line Program for EC2 instances,1
10250,Is this language semidecidable?,1
3371,Possibility and feasibility of producing designed antibodies with bacteria,0
7047,What can I do better in this ViewModel Creator?,1
10423,"Number of planar graphs, given an embedding",1
11376,Recursively find all objects of type System.Web.UI.Pair in an object array,1
7282,Adding time offsets to create future dates,1
3574,Can radiation exposure cause cancer later in life even if no traces of radioactive material are present in the body anymore?,0
2638,Covering compact sets,0
10088,Techniques to prove lower bounds on randomized algorithms,1
10122,Finding tuples of numbers subject to constraints,1
10333,Chaining HTTP requests becoming unreadable,1
3806,Can Naegleria fowleri enter through wounds into the bloodstream?,0
11528,Sliding effect with bounce,1
4294,What are the binding sites (or receptors) of cortisol?,0
1760,Concavity and critical numbers,0
4431,What is the right definition of 'Sex Linkage'?,0
1965,Finding the radius of convergence from a closed form representation of a series,0
3011,"If crocodiles are k-selected, why do they supposedly ""not age,"" as in avoid senescence?",0
5963,DNA of cellular organelle,0
5832,"In chromatin, what are the differences among states, interactions, and structures?",0
1559,measure theory - cantor set,0
8435,Computing the correlation of an analyzed stock ticker,1
5947,Bee (?) identification,0
5989,Is half-a-tablet of X a substitute for a tablet of X/2?,0
1302,$f(x):=x^4+ax^3+\frac{3}{2}x^2+1$. For which constant $a$ the function $f$ will be convex on $\mathbb{R}$?,0
11581,Volatility updating with Heston-Nandi model,1
3130,Crude oil contamination hazard,0
365,A point minimizing total great circle distance to a given set of points on a hemisphere,0
7849,Difficult Question to Understand (Computer Artitechture),1
11996,Basic structure of commandline applications,1
4808,what do I need to use for protein protein interaction network,0
6667,Validations in filter class,1
3434,why on hydrolysis ATP bond releases energy?,0
11313,PySide Label Subclass Widget,1
6500,"Pythonic way to convert XML attribute to float, or else get None",1
10413,Preventing Division by Zero,1
9631,$TSAT$ is $NP$-complete,1
5810,Recommended applications for commercial antibodies,0
6869,P-Completeness and Parallel Computation,1
2025,Coin toss puzzle with 1 biased and 2 unbiased coins,0
11710,Adjacency list graph in Java,1
10740,PHP upload script might be vulnerable,1
9466,Minimizing sum of $w_i(y_i - y_c)$ over $y_c$,1
11790,Logging conditionally repetitively in code,1
8674,Test connection to database C#,1
8368,Can you recognize or decide if a Turing Machine has an infinite sized language?,1
3316,Why do fully grown organisms need protein intake?,0
8577,Beginnings of Go web server with mongoDb,1
10735,Basic shift cipher in Python,1
5160,In what stage of bacterial growth can penicillin inhibit the growth of the cellular wall?,0
8926,Security of API Keygen for a cryptocurrency trading platform,1
1652,Unique Solution to Equation in Two Variables & Possible Use of the Implicit Function Theorem,0
5286,What are the standard bio-safety protocols for preparing plant pathology herbarium specimina?,0
11396,Question regarding a particular type of graph,1
1874,"If $z_1z_2$ is real and non-zero, then $z_1=p\overline{z_2}$ for some real $p$.",0
10944,Why values can not be replaced with their extensionally equal values in an intensional system?,1
5819,Location of genes encoding ribosomal proteins,0
9377,JavaScript: Find the number in an array which is closest to an given number,1
5462,Predict if a given protein is recognized by antibodies,0
5635,What are the clotting factors' effect on avascular necrosis development?,0
13,Nonexistence of Morphisms between Schemes of Differing Characteristic,0
11172,Stripping time information in a DateTime object,1
1884,Simplify $\frac{[m+n-1]!}{[m]![n]!}$ where $[k]=x^k-x^{-k}$ and $[k]!=[2][3]...[k]$.,0
10934,How to optimize the code to save data at GAE datastore?,1
8807,Faster and cleaner SHA-1 leading zero histogram with Python,1
2897,the Expected value of a gambling game,0
2266,Meaning of holomorphic Euler characteristics?,0
5570,How do white Caladiums perform enough photosynthesis to support their mass?,0
979,How to find $\lim_{n\to\infty} \sqrt n \left(\log\left(\frac x{e\sqrt n} + 1\right)\right)$,0
6236,"Iterate from ""0"" to ""ZZZZZ""",1
8323,Add To Query Based Off Date Picker Or Drop Down List,1
11754,Lazily computing a random permutation of the positive integers,1
2291,Visualizing Conditional Gaussian,0
10551,Range checking function,1
3838,Is a butterfly one or two animals?,0
8792,Space complexity for storing integers in Python,1
9805,Hackerearth - Learning Graph,1
6832,A semaphore implmentation with Peterson's N process algorithm,1
6140,Random Teams based on Positions in Sports,1
6902,Upper bounds for $NP$ based on $NEXP = EXP$,1
8277,Shortest Path with a twist,1
4681,Can a person really die quickly from biting their tongue?,0
6833,"Iterating an array of nodes, each of which can have children",1
9435,Select/Barrier statements in $\pi$-Calculus denotational semantics,1
11540,Why is Machine Learning taught in Computer Science Courses but not in Mathematics?,1
5544,Assumptions of the models for haploid and diploid selection,0
8180,Check whether loop invariants are correct?,1
3970,Can I breed the most productive hen by hatching eggs from the most productive ones?,0
1162,"Show that $f(z)=0$ for all $z$, where $f$ is an analytic function on the closed unit disc with additional conditions.",0
1989,Can differential equation with integration factor be solved on another way?,0
7319,React higher-order component: withHigherHandlers,1
4068,Dinosaur bones found,0
6696,Using deque for composing a string from 2 alternating stacks,1
11210,Why don't compilers automatically insert deallocations?,1
2015,"Does convergence in distribution imply ""convergence of supports""?",0
7091,Validating that all open/close parentheses are correctly matched,1
4436,How long is saliva viable?,0
3001,condensed protocol for sequencing a portion of human DNA from buccal sample,0
8348,Approximate String Matching Interview Question,1
11968,Inventories of iPods for different countries,1
6285,How to handle missing attribute's value with ID3 algorithm?,1
8119,"Divide decimal by range of fractions, and then convert the fraction that is closest to a whole number to a mixed fraction",1
5163,What does Δcys mean after a gene name?,0
3674,Cockroaches and magnetic fields,0
5953,The pBR322 convention,0
3957,How does the mutualism of figs and wasps exactly work?,0
3524,Why is freezing bacteria not a problem?,0
8531,"Given N, generate sequence of random numbers from 0 to N - 1 with no repetitions",1
3828,Why don't plants use radio waves?,0
10291,Array-based queue implementation,1
6068,Rövarspråket Language Encoder and Decoder,1
2264,"If $a\ge b\ge-c\ge0$, is $\sqrt[3]{a-b-c}\ge\sqrt[3]{a}-\sqrt[3]{b}-\sqrt[3]{c}$?",0
8960,How to find number of blocks in cache?,1
478,The Picard Group of the Affine line with double origin,0
7890,Similarity based document classification compared to the user profile ratings,1
10400,Translation from Intermediate Language into 'three-address' machine instructions,1
1821,A $m$-dimensional differentiable manifold that has a non zero continuous $m$-form is orientable.,0
8393,Sending HTML-formatted mail in Java,1
11304,Which algorithms exhibits Greedy Choice Property but not Optimal Substructure Property,1
10728,Practical applications of multi-prover interactive proof protocols,1
11343,Seeding the Mersenne Twister Random Number Generator,1
4822,Why do cats' claws retract?,0
10798,Are Java and C# also purely interpreted languages?,1
9062,"Is shuffling a set of items after popping an item meaningfully more random than doing it once, before starting?",1
11731,Clean and tidy Python code for dictionary look up and API interactions,1
10292,Enum Class in Fortran,1
1772,Limit of power series,0
5923,What is this anise smelling plant?,0
3384,Animal reproduction when resources are scarce,0
390,When are we allowed to match coefficients?,0
3618,Making Cupriavidus metallidurans in laboratory?,0
912,Group action on an ultraproduct,0
7575,How to write stack programs for arithmetic terms?,1
8566,Chunk a large set of characters by a specified set of delimiters and a maximum chunk size,1
3370,Resources for the study of the environment of Laramidia in the Late Cretaceous,0
6323,"Learning C, basic string reversal function",1
7957,Json type-safe builders using jackson-annotations,1
6970,"How can I make this CouchDB view code more ""correct""?",1
9512,Calculating a payment price based on a selected phone,1
586,"Convergence/Divergence of Integral, can P-test be used here?",0
5720,Why don't onion root tips show mitotic stages?,0
4816,How does the body survive Ebola?,0
5383,why selecting cells after gene editing with CRISPR Cas9?,0
806,How to show $A=\begin{bmatrix}A_1\\A_2\end{bmatrix}$ is non-singular when $N(A_1)=R(A_1^T)$?,0
6649,"Faster way to render XML (10MB) file, loop the content and display output",1
428,derivative and integral,0
4377,How do macromolecules (large drugs) in the eye reach the bloodstream and what are the relative significances of these pathways?,0
9591,"Scroll with multiple, and going different directions",1
1008,Does the homotopy equivalence of a space with its subspace imply deformation retract?,0
5058,ATP yield of fermentation: study to cite?,0
10173,Programming Puzzle - N Teams K Wins each,1
10794,Selectable date filters,1
2989,"How to prove$\int_0^{\pi}f(x)\sin{x}\,dx$is a integer",0
643,Please check if my reasoning about whether this topological space is connected is correct,0
2267,The Curvy Rebound: One of the most interesting (Geometric) Probability problems.,0
9393,Assign undirected edges in a mixed graph to make graph cyclic/acyclic,1
5217,How a biologist attempts to explain the structure of the ribosomal proteins?,0
2547,Finding the confidence level and number of successes?,0
11507,Words dictionary out of a text file,1
6524,Git delete all merged in local branches,1
4671,Is it possible to artificially select for flight in pigs?,0
2100,Intersection of two clubs.,0
1070,Solving a simple homogeneous ODE,0
5285,General anaesthesia and brain cell damage,0
3785,Cellular Respiration in Boiling Conditions,0
3836,Fibronectin glass surface adsorption,0
764,Computer Science maths - graphs and trees,0
3243,Which animal species is this?,0
2689,Convergence in distribution implies stochastic boundedness,0
571,${\mathbb Q}$ as a direct product.,0
1092,"Given $A$ , $m \times n$, $b \in R^m$, $x'$ is a solution to $A^TAx' = A^Tb$",0
9141,Language member explanation,1
10544,Disjoint Set - Tree Implementation with Union-By-Rank and Path Compression,1
3971,What is the second phase of photosynthesis?,0
11470,how does rotation works in AVL trees and what is a good way to understand it?,1
10615,Does this classify as Information retrieval?,1
1909,Proving a couple of logical equivalences related to the statement $A \leftrightarrow (B\vee C)$,0
8702,Using Task.Run(..) in a .NET property,1
9191,Question on the paper ``Self-Testing/Correcting for Polynomials and for Approximate Functions'',1
6396,LuhnyBin - my first Ruby script,1
8305,Trie - code review request for improvement,1
9423,Creating HTTP proxies for services,1
2277,When there a subgroup isomorphic to $H\times K$,0
2182,Need help with the first step in Theorem 1 of Nair's classic paper on Least Common Multiple,0
3235,How are we able to selectively inflate our cheeks?,0
7606,Cache Blocks Direct Mapping,1
7339,Link-cut trees: using access() and link(),1
4168,How to calculate the occurrence of a stretch of nucleotides in a genome?,0
7962,Python 3: Why is my prime sieve so slow?,1
1835,Question about Fatou's lemma,0
10455,Inversion count via divide and conquer,1
11181,Finding circular primes,1
8509,Having Moore's law is it worth looking for more algorithms?,1
9525,Using `from select`-syntax to pass through elements from a collection unmodified,1
4176,why can't we digest cellulose,0
10093,How do modern Operating Systems detect process starvation?,1
7518,Remove range of keys from Binary Search Tree in O(s+h),1
10951,Why Church-encoded types aren't sufficient to express inductive proofs?,1
11200,Reusable configuration reader for Java,1
80,"Why are the Gegenbauer polynomials called ""ultraspherical""?",0
7851,Pumping lemma for an involved non context free language,1
309,Find the Solution Set to the Exponential Equation,0
5521,What is the maximal insert length for PCR based homologous recombination in S. cerevisae,0
1963,What does $\frac{d^6y}{ dx^6}$ mean?,0
5261,Do cuttlefish know how to mimic animals since the moment they are born or do they learn by observing?,0
3114,How does the bladder transition from releasing urine at night to being able to hold urine at night?,0
7251,Animation for android ImageViews acting as game pieces,1
9445,Is there a condensed way of adding multiple event listeners each with different functions to the same group of elements?,1
8101,Refresh the token before Expiry,1
7892,Fastest way to remove/hide a lot of elements from a list,1
7923,"Using promises to zoom to a project, then to a task or comment",1
10871,Increase performance of Bayesian likelihood equation,1
7062,Smallest set non-disjoint with other given sets,1
10251,What does it mean to prove that a set of binary integers is regular?,1
9529,External consistency vs linearizability,1
6519,Is it true that P is not equal to deterministic linear space complexity class?,1
6781,Two solutions to 2-sum,1
5156,Why do some people have a fear of depths?,0
7776,Generate sinusoid as Wave file,1
10540,Multi object image segmentation methods,1
10532,Returning lines for a given function from a JavaScript file,1
3807,Has the acronym DNA ever been widely understood to stand for deoxyribose nucleic acid?,0
9861,SEDE Query to Find... Weird Questio​n/Protect Combinations,1
9707,Implementing the Barabási–Albert model,1
166,When convolution of two functions has compact support?,0
1936,Sketch the locus of points that satisfy $|z-1+i|<2.$,0
11627,Periodic Pattern recognition In a Sales Log,1
8470,First text game with Python - Higher or Lower,1
5795,Equation for accurate prediction of PCR yield,0
11284,Find 2 sets with an empty intersection,1
6678,How does the OS detect B&B violation from hardware?,1
11482,Set manipulation (javascript arrays) using lodash,1
9649,How can I reverse the first K elements of an array?,1
3142,The role of voltage-gated ion channels in chemical synapses,0
11748,Method for adding error messages to a dictionary given a key,1
8861,Naming of Monte Carlo and Las Vegas Complexity classes,1
60,Find the minimum value of $|x+1|+2|x-5|+|2x-7|+|\frac{x-11}{2}|$,0
2006,Two quadratic equations to get an expression,0
7792,Find a particular connected graph within a complete graph keeping all vertices,1
2722,$L^2$ convergence by the sequence of domain,0
4786,How does a higher channel density increase speed of propagation of an Action Potential?,0
7338,Consider a 1-tape TM that starts with n ≥ 1 written in unary/binary notation on its tape. Explain how it can count down from n to 0 in O(n) steps,1
7120,Using the wildcard when importing packages,1
8225,Quantum CNot algorithm problem,1
8257,K String Turing machine,1
4254,Why is the skin of European bog bodies brown?,0
7777,Command line utility to output modified Markdown,1
10719,PHP login form with PDO,1
3831,All or nothing phenomena,0
9690,What are the options of head movement for a Turing machine?,1
4625,Gene copies vs. gene paralogs - what's the difference?,0
4192,Why don't antibiotics affect mitochondria?,0
2303,area or volume (amc)?,0
3968,From STRUCTURE to FSTAT format,0
1430,Bijection between dominant rational maps and morphisms of function fields?,0
6306,Does the Y combinator contradict the Curry-Howard correspondence?,1
3149,Why does weight loss lower blood pressure?,0
4358,How to validate the regulatory interactions inferred from gene expression data?,0
1385,Clarification needed on finding last two digits of $9^{9^9}$,0
4995,By what mechanism do our nerves lengthen as people get taller?,0
4813,What is allele-specific binding?,0
1641,Differentiation and integration,0
7249,Why can we ignore the constant factor in Weis's proof of the Master Theorem,1
3331,What is the evolutionary advantage of regret?,0
527,"One-One, Simple And Jordan Curves",0
5927,Effect of pH on protein solubilty and denaturation,0
3859,Ribosomal DNA references sequences,0
6820,Why is $BPP$ closed under complement?,1
3273,How are elements like iron recognized and routed to the right places for use in the body?,0
5786,Plasticity between excitatory and inhibitory neurons?,0
10282,Question about the conditions to find articulation points in a graph,1
9722,Protect from people bruteforcing the PHPSESSID,1
4556,Gene density percentage,0
481,About period of elliptic points,0
1569,Does $ \sum_{n=1}^{\infty} (-1)^n\frac{3n-2}{n+1}\frac{1}{n^{1/2}}$ converge?,0
7986,The Rust Programming Language Pig Latin Exercise,1
381,"How is $\{\mu (U): A^{-1} \subset U, U \text{ is open}\}=\{ \mu (U^{-1}): A \subset U, U \text{ is open}\}$?",0
485,Calculating correlation given a joint cumulative distribution function,0
4472,How much does a human brain's metabolic rate vary?,0
8495,Project Euler Problem #10,1
7722,Word comparison in Python,1
8183,How motion capture system works?,1
2352,Product of two complementary error functions (erfc),0
11196,"""Pill"" with thumbnail and link",1
5755,What happens if nerve impulses go the wrong way?,0
3382,Can you find the amount of heterozygotes in a pop. from the phenotypes shown in the pop,0
11930,Reduction to $n\log n$ time problem,1
4517,What is a Singleton Variant,0
3622,Why rectus abdominis is not proximal muscle?,0
9938,Presenting collections for code generation,1
6054,Query against history table,1
3954,Oldest Triceratops fossil,0
4675,Do eukaryote cells contain DNA that isn't part of a chromosome or located in the mitochondria?,0
9033,"Approximate a smooth f(x,y) function with a polynomial function",1
2148,How to find an asymptotic expansion of integral?,0
9616,Summation of Arithmetic Progression Modulo Series,1
6270,Aggregate prescriptions per drug in a CSV file,1
6302,Binary Search Tree implementation in Python 3,1
10647,Efficiently sampling shortest $s$-$t$ paths uniformly and independently at random,1
10795,Question about simple perceptron code,1
5542,Sister chromatids during meiosis,0
8161,What makes lambda calculus relevant to study?,1
10862,Why it is not $O(m)$ but $O(\log m)$?,1
7993,"Value store (""optional"" type)",1
1977,Confused about variation used instead of weight in variational formulation based on method of weighted residuals,0
4044,Kidney failure → Inhibition of Na+/K+ pump → Heart failure,0
11493,"Exceptions handling, what would you do?",1
1335,"Find a partial sum $S_n$ that approximates the sum of the ""$S$"" with an error smaller than $0.1,$ and deduce if $S_n$ is smaller or greater than $S.$",0
2983,Complex Infinite Sum,0
8990,Create release package from git tag with Powershell,1
2259,Problem in finding a bijective map.,0
2984,"Interpreting fundamental theorem of calculus when the domain of $x$ is $(-\infty,\infty)$",0
9915,Print binary tree level by level,1
3587,Why should evolution not be equated with progress?,0
10050,Optimizing code from spectral subtraction algorithm,1
7270,Placing a point between two nearest ones,1
11546,String Concatenation in Scheme,1
9906,"What is the solution of $T(n, m) = T(n, m-1) + T(n-1, m) + c$?",1
7782,Why Does The Division Alorithim Need [Register Size] + 1 Iterations,1
8953,"Implement `fold` on a ""Rose Tree""",1
1695,About the Fourier transform of the surface measure of the unit sphere,0
9863,Can hypercomputation compute all kinds of incomputable numbers/functions/problems…etc?,1
10195,Comparing $\log^\alpha n$ with $n^\beta$,1
1046,"Why when $f$ has a local minimizer that is not global minimizer, then f have another critical point?",0
1264,2nd uniqueness Theorem in primary decomposition,0
1072,"Let $|A|=0.$ Show that there exists a positive number $\delta$ such that $|A+\epsilon I| \neq 0$ for any $\epsilon \in (0,\delta).$",0
4345,Is 'disorientation event' a common term among biologists?,0
3907,Why more than one chromosome in an organism?,0
4406,Why is there more variation in proteins than genes?,0
1723,Galois group of $x^{15}-1$,0
9204,Implementation of ordered lock pattern,1
4811,How does NHEJ cause indels?,0
9483,"Read from csv file, transform to dictionnary",1
9265,Delete orphaned SIDS + change to full control,1
2402,"Such thing as inverse/undo ""search"" or ""filter"" operator",0
7968,Weighted probability using Huffman Tree,1
2231,Hilbert Spaces; eigenvalues of $PBP$ vs. $B$ for $B$ compact selfadjoint and $P$ orthoprojection.,0
11738,Proof that n-dependent Set in Graph theory is NP Complete,1
11018,CSP Forward checking with n-ary (and binary) constraints,1
2836,"Finding the integral closure of $k[x]$ in $k(x)(\sqrt{f})$, where $f(x)=x^6+tx^5+t^2x^3+t\in k[x]$.",0
2837,Showing that $k | 12$ given $k$ is the order of $2$ mod $13$.,0
11020,Logger module in child processes from os.fork(),1
2528,Set theory and function composition,0
5701,Plant growing very rapidly near my house,0
2040,Probability of answering question in an exam,0
6399,Iteratively process an identically named file all subdirectories and plot analysis to root directory,1
2093,"Prove or disprove that If $a\mid c$ and $b\mid c$, then $ab \mid c$.",0
9431,Routing in MVC with PHP,1
715,Are the trees well-quasi-ordered by induced subgraphs?,0
3936,snake identification,0
9156,How to find an algorithm's complexity from actual running times,1
1206,Find error estimation of remainder term of an integration formula,0
8576,Custom class for a borrowed unique_ptr?,1
3860,Why do dozens of preys run away from a clearly outnumbered predator? (e.g. zebras and lion),0
10458,Computing binomial coefficients and factorials modulo a composite number,1
820,"Finding $\sup$ and $\inf$ of $\{\frac{nk}{1+2n+3k} : n,k \in \Bbb{N}\}$",0
507,What is arcsec (-2)?,0
6065,Is reduction from Rudrata/Hamiltonian path to Rudrata/Hamiltonian cycle O(1)?,1
2120,What does this symbol mean (white circle connected with black bullet; both are linked by a horizontal line) and how can I write it in LaTeX?,0
5913,What about this bat?,0
10927,Simple: Need help refactoring this awkward looking method,1
6590,Find the closest unvisited visible home,1
3691,design and assessment of qPCR primers for COVID19,0
9344,Proof of correctness of reversal algorithm for array rotation,1
530,Find $C^1$ class function such that,0
4003,How do large herbivores get enough protein?,0
4437,Interpretation of picture of human chromosomes,0
5321,Why are there ghost images of objects just out of focus,0
6510,Simple yet efficient integer-to-object dictionaries?,1
3298,Grasshopper identification,0
5854,Egypt bug needs identification please,0
3761,Map gene IDs to Ensembl gene ID,0
11604,How to improve my PHP adding script?,1
4073,Are molecular machines encoded in the DNA?,0
4128,Do all different types of neurons serve different roles?,0
1043,"prove that if given $n$ islands and $n-1$ bridges, and no loops are formed, all the islands are connected",0
4879,Difference between Sphyraena obtusata and Sphyraena novaehollandiae,0
7040,2D matrices addition,1
6836,python httplib snippet,1
3837,Can one switch the DNA present in a sperm cell?,0
7491,Generate Symmetric Ascii,1
8890,Some terminologies in Wirth's book and the satisfying of deterministic algorithm,1
10472,Lots of click handlers that hide one element and show another,1
6453,"Movie info website (React, axios and Semantic UI)",1
888,"Show that if $(m,n) = 1$, then for any number $p$, we have $(p,mn) = (p,m)(p,n)$.",0
11739,Eliminate nested HTML elements for jQuery animation?,1
2325,Find a sequence $a_n \downarrow 0$ such that lim$_{n\to\infty}na_n=0$ but such that $\sum_{n=1}^{\infty}a_n$ diverges.,0
7965,Does $\mathcal{P}\neq\mathcal{NP}$ imply $\mathcal{NP}\neq\mathcal{NP}^{\mathcal{NP}}$?,1
186,"How many sequences we can make from 4 digits, such that they don't have more than one zero.",0
2086,Residue fields of a principal ideal domain,0
6991,XML attribute analysis,1
3127,Can two humans with 44 chromosomes produce viable offspring?,0
5517,Can a creature fly and also walk?,0
1142,Find $f(5)$ of a non-constant polynomial function $f(x)$,0
535,Trivializing the vector bundle of $S^n$,0
9670,Combining the text from selected TextFields into 1 TextView - Conditionally,1
4046,What to look for when buying a light microscope?,0
144,Proof by induction of Bézout's identity for $n$ integers with no common factors,0
11098,Optimizing OpenCV's undistortPoints,1
8012,"Function to set nested property by dot-path, like _.set",1
1415,"The formula of $E_{16}, E_{18}, E_{20}$ and $E_{22}$ where $E$ is Eisenstein Series.",0
10976,Login and create username and password program,1
2821,Multiplying last row of matrix with the matrix's inverse,0
4078,"From a purely biological perspective, how does an optimal human diet look?",0
5960,Identification of an animal building,0
6570,"Identifying numeric substrings of an alphanumeric string, and summing them",1
11986,How to optimize this SQL delete,1
2518,Example of a engineering problem solved using the Euler's method,0
10145,Generating a large task queue,1
9163,Embedding a Text -> Maybe MyDataType function in a Parser to parse JSON into a custom data type,1
4328,Improving Gel Extraction yields,0
10466,List all possible numbers from a given array that sums up to a given number,1
11772,"Machine learning, kNN and Naïve Bayes algorithm",1
2696,A nonlinear optimization problem: numerical solution fails,0
6995,Cleanest way to get list of Django objects that have same foreign key and display them in a view,1
1221,square squares with diagonals also squares,0
109,Two questions about the evaluation functor,0
2493,Proving or disputing existence of required linear transformation,0
8620,How can I refactor Api::SessionsController?,1
1257,Is $~f(x+dx)=f(x)+df ~$ true? How to prove it?,0
2801,Probability that I choose the $k+3$th candidate after rejecting first $k$ candidates,0
5663,What causes people to feel sleepy due to recycled air?,0
8978,Generic Makefile for C projects,1
196,Set theory question equinumerous sets,0
7298,Asymptotic Proofs - BigOh/BigTheta,1
3663,Does anyone know what kind of caterpillar this is?,0
8433,Zipper trees implementation,1
7246,Handling pagination on a particular page,1
1242,How to show that $ze^z$ is univalent on the unit disk?,0
6038,Part 2: Send HTTP request for each row in Excel table,1
3349,Does there exist a reagent that can only be precipitated by Haemoglobin and nothing else?,0
7304,Clean up Rails Routes,1
3945,Why is blood collected at crime scenes?,0
8275,Parsing JSON with generics,1
1466,Playing audio files at lower % of regular speed - how long will they be? negative percentage / ratio calculation,0
10896,Is the kernel loaded into memory for every user simultaneously using a Multi-User O.S. system?,1
3603,Why does mold grow on silicone caulk?,0
5948,Why do men have a higher hematocrit (red blood cell count) than women?,0
1501,Probability that a card drawn is King on condition that the card is a Heart,0
1026,Reference request: crowded space,0
3398,What would cause bands to appear lower on a nonreduced SDS-PAGE gel?,0
10231,Find the lexicographically smallest order of N numbers such that the total of N numbers <= Threshold value,1
1018,How to find $m$ if $m+7$ & $m-34$ are both perefect squares?,0
7695,How to improve my these specific math skills?,1
1027,Confusion with $U(1)$ and $SU(2)$,0
3611,recolonize earth desert with plants : which plants first?,0
5465,Plasmid copy number and Rop protein,0
10117,Constraint Algorithm Optimization in C++,1
2624,Proof that $SupA$ = $SupB$,0
8270,Read and convert binary files to ASCII text,1
491,Show that if $|G| = n$ and 3/4 of G have order 2 then G is abelian.,0
10749,Theoretical foundations of Divide and Conquer,1
911,"Expected area of the intersection of of triangles made up random points inside a circle, all the triangles must contain the origin",0
4678,"Is there any way bicondylar/bigonial, bizygomatic or bitemporal breadth can change in adults?",0
10786,Product of all but one number in a sequence,1
11420,Tower of Hanoi: graphical representation of optimal solution,1
11703,extended transition function for NFAs,1
1600,Inverse function table,0
11265,N Queens in Python using backtracking,1
3022,When does the vertebral column finish chondrifying and begin to ossify?,0
2721,"Is ""$f$"" the function or is ""$f(x)$"" the function?",0
6711,Formatting and writing data,1
5765,How EGDS (endurance genetic distance score) is calculated?,0
10468,Cleaner Code for custom query,1
679,solving quation : Summation of variables equals k (with conditions),0
11806,A redundant data service,1
5754,How does use an action potential from innervation selectively modify tropomyosin over time?,0
3311,What does the hornet do on the ivy blossoms?,0
1199,Show that there are infinitely many primes congruent to 1 or 4 or to 2 or 3 modulo 5.,0
3240,Are these two same insects?,0
5591,In which organs is water that we drink absorbed into the blood?,0
6125,Calculating the circumference and area of a circle,1
4713,Using evolution of bacteria against themselves,0
9246,Find all pairs of nodes whose deletion disconnects graph,1
10048,Cash Register Challenge,1
8949,Marriage Problem: Is both sided stable matching strongly pareto optimal?,1
11894,"If a DFA can be simulated by a real program, can it be simulated by a TM",1
8491,Transition System Problem,1
4072,Can elements of one's environment act directly as hormones?,0
7933,Matching superimposed image,1
2715,How high can a loose rope around a circle pulled above ground,0
6608,Keeping attribute names simple when using getters and setters,1
1709,Partial derivatives of $xy^2/(x^2+y^2)$ at the origin,0
6785,Changing color on button click,1
2361,Building a triangle from random segments,0
7881,Math term for Associative arrays/Maps/Dictionaries,1
7732,Twitter scraper using tweepy,1
6864,Comparing Server Version Number History,1
5804,"Honeybee decision process: new food, new home, new threat",0
3813,Popular science on carcinisation,0
9776,"Stream ""on the fly"" from matrix",1
4639,Are all mutagens carcinogens?,0
7980,About the SOS degree of a function and optimization algorithms for the function,1
9154,Reversing an array recursively,1
3759,Is the resting state of the forearm in the pronated or supinated position?,0
5691,Has an artificial symbiotic relationship ever been created?,0
5955,Why would a bacterial population show initial growth when it is in unfavorable growth conditions?,0
8302,Solve a basic mutex lock problem while preventing deadlock,1
9215,Find the longest word's length,1
11405,"Method that concatenates strings, some of which may be null, with several different separators",1
2876,About the Cantor-Schroeder-Bernstein theorem.,0
9406,Shifting an 128-bit integer consisting of four 32-bit integers,1
6162,Simple boolean gate with two TriState inputs,1
10028,Applying Scikit-Learn Linear Kernel with a generator for low memory pressure,1
3186,Identification - hornet,0
5983,Why do most negatively charged phospholipids concentrate in the inner leaftlet?,0
11671,What is the difference between luma and luminance?,1
10839,Why does $L = \{ 0^n 1^n \space | \space n \in \mathbb{N} \}$ belong to $\mathrm{P}$?,1
900,Solve the second order ODE $(2x^2 + 1)y'' − 4xy' + 4y = 0$,0
7029,Are there some good algorithm to select m by three matrices which satisfies certain conditions?,1
10652,Why do we have to trade abstraction for speed?,1
5528,Liebig's law of minimum,0
4257,Why doesn't blood remain on a mosquito's proboscis in quantities that could spread blood-borne diseases?,0
5189,Currency metabolites vs. current metabolites: What's the right term?,0
75,Justify $\gcd$ of $f(x) = x^3 - 6x^2 + x + 4$ and $g(x) = x^5 - 6x +1$,0
10854,Do different variants of Mergesort have different runtime?,1
3484,Can a cell start a mitosis if it lacks energy or molecules to complete it?,0
6686,Why is Binary Heap never unbalanced?,1
11453,Unique representation of 5-number sets with values 1-13,1
6049,Search Heuristics Where the Search Space Has No Gradient,1
11973,Query messages and 'bold' part of a message. Show one query at a time but get the next query in advance for better user experience,1
6580,DFA for at most two $b$'s and at least one $a$,1
7530,What time complexity is a reachability algorithm?,1
6694,Assigning an array of different (but convertible) type to concurrency::array in C++AMP,1
6311,Turing Machine-Like Formalism for The Actor Model,1
8943,Object oriented architecture with an image processing code,1
5700,What bird is this seen trekking in Nepal during descent on Manaslu circuit?,0
8067,Most occuring digit in an array of numbers,1
4795,What is the chemical process involved in human hairs changing colour after sun exposure?,0
7498,Cook completeness of a variant of Vertex Cover,1
4428,Does food really give our bodies the energies that we have determined by burning them in the lab?,0
6331,Small FizzBuzz program,1
6391,"Reduction for the proof that COMBI $:= \{\langle G,k \rangle | G$ has Clique $\geq k$ or Independent Set $\geq k\}$ is NP complete",1
11134,"Finding added keys, removed keys, and unchanged keys in ordereddict",1
1398,Characteristic Subgroup Definition - $T(C)\subseteq C$ or $T(C)=C$,0
3538,What is the direction of the processing of light by the (human) retina and how does it happen?,0
6384,"Dataflow framework for global analysis: Why meet, then apply?",1
10072,"Is it possible to compute the minimum vertex covering set in quasi-polynomial time, by knowing the vertex cover number?",1
9392,Is $(\sqrt{n})!=Θ(\sqrt{n}^{\sqrt{n}})$?,1
6076,Selection sort algorithm in Swift,1
9589,Finding possible misconceptions in ColumnChart,1
9611,"Public Function to remove empty or """" elements from a single dimension array",1
7484,Closure properties between 2 languages of different types,1
7122,Why do we use multiple data structures?,1
10403,Getting a compass point from 140°,1
4725,"If species are reproductively isolated, then how are interspecific hybridisations carried out?",0
7835,Optimizing Laravel Eloquent multiple joins,1
8786,Why we don't care about minimizing Push Down Automata & Turing Machines?,1
5176,What do we call these containers used in biotechnology?,0
9372,What is the difference between Boolean Algebra and Boolean Lattice?,1
2464,I need a little help with a Calculus problem.,0
7093,Finding Matches and writing results to file C#,1
2723,Show that $1<|G:\ker\psi|$ and that the index $|G:\ker\psi|$ divides the order $|G'|$,0
9143,Limitations of Stack Inspection,1
780,Is the empty set a relation?,0
7841,js oop best practise,1
10640,How to determine if an automata (DFA) accepts an infinite or finite language?,1
10856,Maximize distance between k nodes in a graph,1
8165,Resource Allocation Graph: Two processes want the same resource,1
4401,What is the relationship between the e value reported by HMMER and BLAST? (Are they equivalent?),0
3008,Death from too little salt?,0
10512,Longest increasing subsequence algorithm,1
10953,Testing whether a tetrahedron lies inside a Polyhedron,1
11714,Safely storing and output data,1
6673,Showing a message when the column is true,1
1640,Transform $\sum_i c_i (B_i + \alpha)^{t_i}$ to $\sum_i \beta_i(1 + r)^{t_i}$ to compute Excess IRR,0
5070,Understanding the Amino Acids,0
11859,What is the connection between combinatorial circuits and finite state automata?,1
8445,"Given a number represented as an array of digits, plus one to the number",1
3338,How to know which residues belong to the variable or constant regions of a Fab (fragment antibody)?,0
2346,Asymptotic Approximation and Sign Convention,0
9687,General way to add persistence to a class in Python,1
9090,my constructor is doing work. Is this a code smell in this example?,1
8137,Regularity of a language constructed from a know regular language,1
10315,"Find all pairs (i, j), such that i + (i+1) + (i+2) + ... + j = n",1
4280,What is the substrate for glycogenesis?,0
5582,How is there no limit to a human lifespan again?,0
7874,iTunes playlist copier,1
3101,Telomeres in cloning experiments,0
11044,"How do I ""tell"" a simple perceptron/adaline neural netrork its output can't be negative?",1
2242,Showing $T$ is continuous.,0
1601,"$X_n$ ~ $\Gamma(n,n)$, find the limit in Law of $X_n$",0
7800,Check array in linear time with a constant space complexity,1
4157,Machine-readable APG III trees?,0
6416,Huffman Coding in C++,1
994,Is the ring of analytic functions at the origin the localization of the ring of analytic functions on $\mathbb{R}$?,0
9603,Simple DFA using the State Monad,1
5460,Assays during drug discovery,0
11219,HarckerRank 2D Arrays Hourglass challenge,1
2586,Markowitz portfolio optimization,0
2562,epsilon and delta multivariate proof,0
11770,Directed graph reachability,1
8956,Triangulation algorithm for an arbitary amount of points?,1
6921,Creating a scraper using multithreading,1
4768,RNA-Seq library construction challenges: the biases of RNA fragmentation vs cDNA fragmentation,0
2574,Joint probabilities given three variables,0
2195,Number of combinations of ice-cream with limited quantity.,0
396,Cyclic inequality with $a+b+c=1$,0
8167,Boyer Moore Horspool Search Algorithm in Go,1
6118,What is the denotation for identifiers?,1
7503,"Proof of non-regularity, based on the Kolmogorov complexity",1
10334,Efficient Django model for blog post,1
7153,What is the complexity of classification with SVMs?,1
1962,Find type of $f(x)$ problem,0
10194,How do I find the intersection of subgraphs in a directed acyclic graph efficiently?,1
8832,Simple C++ program to add two integers,1
4971,Can I find out what resistance bacteria has based on strain? where do I look for that info?,0
7099,Submitting forms on pages linked from a main page,1
11366,How to solve the loan graph problem,1
9264,How to give the nearest text that the user has written,1
5354,Identify this insect - beetle (?),0
9323,Timer class for games,1
11692,Messy Representation Encoding example,1
8696,Does this PDO process look protected from SQL injection?,1
5879,"Exactly what kind of spider is this in Louisville, KY?",0
3289,Will a nucleic acid sequence deduced from a protein sequence be expressed from a plasmid?,0
63,Specific matrix has no 2-dimensional invariant subspaces,0
9243,Multiway Ruby conditional,1
10049,Optimizing bilinear interpolation,1
11097,Generate a matrix of booleans from another one,1
10868,Function to validate a file name,1
7617,Algorithm for real time Coordinate smoothing,1
10815,Implementing multiple Producer Consumer using custom Blocking queue,1
5255,Cross section through the right arm question,0
8544,Determining if there is data left after fetching a page of data,1
11548,General TicTacToe in Haskell,1
5887,Can P. falciparum and other malaria parasites be cultured and genetically engineered?,0
103,"Limit $\lim_{(x,y)\to (0,0)}\frac{\sin(xy)}{xy}$",0
5784,Why was the Davson-Danielli model rejected?,0
10678,Finding arcs between strongly connected components,1
4119,Can jellyfish sting outside of water?,0
9217,12 hours to 24 hours conversion function,1
5164,Question about cutting gene in Plasmid,0
3044,"Pharmacologically, can tricyclic antidepressants have a side-effect profile similar to neuroleptics?",0
7254,How to prove universality in complex systems?,1
6657,Gradient Boosting Class/Module using sklearn. (My first Python Module),1
6769,Java reflection and static classes,1
5411,Why is coffee a stimulant?,0
10946,How is my injection protection?,1
734,"For $f(x) = x^{3.2}\times e^{-0.35x}$, at what $x$ value does the maximum occur",0
4796,Various Genetic Loads and their Definitions,0
10778,Array offset without losing values,1
9474,Given regular expression construct regex for the complement language,1
9373,Generating project network graph,1
9857,Criticize C argument parsing method,1
69,"About projective modules, tensor products and injective homomorphisms.",0
4648,How exactly does alcohol solution kill or neutralize viruses?,0
4222,What is the general mechanism behind perfusion PET imaging,0
707,Find two finite abelian groups of same order $G$ and $H$ such that $G \ncong H.$,0
7006,Integer Exponentiation,1
11793,Interactive proof system for graph nonisomorphism,1
11890,Binary search tree in C++ 17 using iterator pattern,1
2197,How do I show this integral surface area relationship?,0
9437,Satisfy edges' constraints when updating node in directed acyclical graph,1
4595,If hermaphrodite C. elegans can reproduce with females?,0
9721,Worst case time complexity of heap sort,1
11088,Powershell remote script execution pattern,1
9213,Basic Game Model in Scripting Language,1
1163,Mean and variance of $\ln(u)$,0
11556,Is Coq synthetic or analytic?,1
8503,Optimization with a lower value constraint for positive solutions,1
8927,Perl script to rename multiple files with vi(m),1
9320,Image-processing filters using decorator pattern in Python 3,1
8055,About the paper Privacy-preserving in association rule mining using an improved discrete binary artificial bee colony,1
11184,"Concatenate strings (originally binary) in 8-character chunks, 2 per row",1
9434,Why does packet delivery time only count transmission time once?,1
927,Does every polynomial over a finite field have a square root modulo an irreducible polynomial?,0
4263,Triangulation number of the SARS CoV-19 virus,0
552,Understanding Linear Least Squares Problem Statement,0
11983,Implicitly passing client context to services in Node.js,1
7684,How to iterate through all values of an array?,1
426,jacobian times its inverse - should be identity,0
1426,Introducing Dimensionless Variables into PDE and Performing Change of Variables,0
3664,"Aside from Homo Sapiens, do the males of any other species care for the offspring of those unrelated to them?",0
6634,Backward mapping with bilinear sampler,1
6447,Is the credit assignment problem a well-posed one?,1
5374,Why does ant queen keep the eggs out of her hive?,0
516,How to prove a smaller collection of subset of E has smaller σ-algebra on E,0
11918,What is the term for the object to be identified in a pattern recognition problem?,1
3413,Darwin's first sketch of a phylogenetic tree,0
9994,How to use the value of a method result based on a test?,1
9896,Speed up Crawling Every File C:\ and hashing using Java 8,1
1023,Display cans of food in a square-based pyramid.,0
2679,Differential dilemma,0
8842,Is the usage of SQL Cursor appropriate here?,1
8610,Web-scraping through a rotating proxy script,1
2922,"A problem on number theory involving concepts of primes, divisibility and factorials",0
10888,Classification of the Summit supercomputer,1
10204,"Alternative to CELL+ATOM as ""the ultimate data representation form""",1
4352,Weighing 2 vertical halves of the human body,0
430,Prove that $B ⊆ A^c ⇔ A ∩ B = ∅$,0
6122,half precision floating point multiplication,1
9886,Retrieving all directorie names (relative path),1
4099,What does factor VIII have to do with thromboplastin formation?,0
11571,calling Cancel() on CompletableFuture after get() is correct approch,1
7934,"What's the purpose of the ""o(1-o)"" in the back propagation algorithm",1
3276,Missing cells from immunopanning,0
5975,How to quantify quality of vegetables and fruits?,0
2516,Questions about $\mathbb C[x]/(x^2+1)$,0
1910,Find a linearly independent set of vectors that spans the same subspace of $\mathbb{R}^3$,0
3931,Does the anatomy of our hand result in (computer) mouse-accuracy that varies by direction of movement?,0
9890,Threaded and asyncio API library,1
9034,React continuous polling,1
5322,Is it possible to completely puncture a human hand and have no blood come out?,0
6969,Insertion sort with pairs of numbers already in order,1
3616,Eye strain using 3D screens,0
2421,"Evaluate $\iint_{S} 2 x y \,dx \,dy$ where $S=\left\{(x, y) \in \mathbb{R}^{2} \mid 0 \leq x^{2}-y^{2} \leq 1,0 \leq x y \leq 1, y \geq 0\right\}$",0
4890,"Is ""cell proper"" considered a biology term / well defined concept?",0
