,question,target
10717,Printing a huge document,0
7009,Optimization of Signal Peptides,0
10173,"Script to calculate width, and either resize, show, or hide HTML menu",0
4060,"If $f$ is a uniformly continous function, then $|f(x)|\leq a|x|+b$",1
1815,Show that every linear transformation $\mathbb R^{n}$ ->$\mathbb R^{m}$ transforms linear dependent vectors into linear dependent vectors,1
9578,Liveupdate phone number forms and test for international numbers,0
4258,Differentiable functions $f'(x)=f(-x)^4f(x)$,1
11398,Splitting a command line into key/value pairs,0
7458,"What kind of fish is this (Florida, USA)?",0
6835,Is there a definition of species where Lions and Tigers are the same species?,0
1085,Topological properties and product product topology,1
4416,Angles of triangle $\triangle XYZ$ do not depend on the position of point $P$ (proof needed),1
2466,Exponential and Logarithmic Functions $\log_3 (x+7) - \log_3 (x-7) = 3$,1
7808,what do I need to use for protein protein interaction network,0
1750,Factorization of Symmetric Matrix,1
1072,"Let $|A|=0.$ Show that there exists a positive number $\delta$ such that $|A+\epsilon I| \neq 0$ for any $\epsilon \in (0,\delta).$",1
10576,Dynamically create a table of input fields,0
5916,Euler function - all values of n give $\phi(n)=10$,1
8005,Short videos on evolutionary biology,0
11944,Graph problem known to be $NP$-complete only under Cook reduction,0
2370,Extending Morse-Smale pair from submanifolds?,1
10275,Randomized and deterministic reduction,0
11488,"Hover effects for red, blue, and green boxes",0
11129,What would be the best way to update data from associative array?,0
2710,prove thatt $\sum_{cyc} \frac{1}{{(x+y)}^2}\ge 9/4$,1
9811,Adding/removing map values: unsymmetric implementation,0
961,Difference between supremum and upper bounds and between infimum and lower bounds,1
9564,Roughly removing 'duplicate' photos based on filename,0
6465,Gene Circuits; experiments,0
4557,Proving Metrizability is a topological property,1
1725,base change of a reduced scheme over $\mathbb{Z}$,1
4342,Definition of vertex decomposable,1
4742,Trigonometry proof- finding an angle,1
4770,Find a eigenvalues of matrix $A$ without using characteristic polynomial,1
3848,Integral $\oint_{\gamma}\frac {\cos z}{z}dz$ on 2 curves,1
3742,differentiability of a function consisting of a bilinear form,1
2268,Why do people lose in chess?,1
9088,Encrypting/decrypting messages in java,0
5669,What are the $393$ trillion possible answers when computing $13^{th}$ root of a number?,1
8592,Alternatives to fittest-win and Moran processes as simple mathematical models of selection,0
8425,How to linearize target vector by PCR,0
10529,Simple text DataBase,0
8432,Shouldn't evolution have taken care of baldness already?,0
11174,Assigning database credentials,0
9352,"How to prove the optimality of the ""patience sort"" algorithm?",0
7456,Why don't we have more cone cells (bigger fovea)?,0
10246,Handling pagination on a particular page,0
10204,Procedural style Rock Paper Scissors game using Python 3,0
1558,Functions whose limit at infinity is zero are closed,1
1160,Solving the logarithimic inequality $\log_2\frac{x}{2} + \frac{\log_2x^2}{\log_2\frac{2}{x} } \leq 1$,1
430,Prove that $B ⊆ A^c ⇔ A ∩ B = ∅$,1
8013,Text Book Recommendation: Organic Evolution,0
2215,indefinite integral of $\int \frac{dx}{\sqrt{(x)(x+1)(x+2)}}$,1
11894,Applying Akra–Bazzi with an unbounded number of summands,0
5726,Prove a function is not of Class $C^1$,1
9789,How to turing reduce equivalent languages $Q$ to infinite language $I$,0
2873,Evaluate $x+4/x$ when $x$ is a solution of $x-6/\sqrt{x}=11$,1
9810,Calculate mean of vector primitive numerical values generically,0
3712,Can't figure out how $\sin\left(\tan^{-1}(x)\right)=\frac{x}{\sqrt {x^2+1}}$,1
10220,Need of reducing problems if we already know that a problem is undecidable,0
6518,Propensity Score for amino acid,0
5035,Show continuity using the difference quotient.,1
10266,Does every large enough string have repeats?,0
6868,What diurnal red & black moth is this?,0
10782,Why Does The Division Alorithim Need [Register Size] + 1 Iterations,0
9312,Write a function to print numbers,0
11467,Peak finding algorithm,0
1147,First order logic: finding and proving homomorphisms,1
7394,Why do rabbits often have white hindquarters?,0
2959,Find a closed formula for the number of regions in a graph,1
266,"If $\{u_1,...,u_n,v_1,...,v_k\}$ is a basis does it necessarily follow that $\{u_1,...,u_n\}$ is linearly independent?",1
7477,Where might I find a list of all recorded instincts by species?,0
2202,Find the volume of the solid interior to both $x^2 + y^2 + z^2 = 4$ and $(x-1)^2 + y^2 = 1$?,1
10626,Converting numbers to English words,0
10864,Partition overlapping polygons,0
8740,new DNA sequencing technologies?,0
7421,What's the meaning of this notation?,0
11384,Find the smallest triangular number with more than 500 factors,0
8297,(Genetics) Is a silencer the same as gene silencing (heterochromatin)?,0
1313,"If $f (t) = |t - 2|$, find $f (-t)$",1
2843,Eigenvectors of the companion matrix,1
7096,What effect does ambient temperature have on the cardiovascular system?,0
358,"Let $v_1, \ldots, v_r$ be non-zero elements of a vector space such that $\langle v_i, v_j \rangle = 0$ if $i \neq j$. Show that they are independent",1
3762,Absolute Determinant: Geometric Argument,1
4874,"If $X \sim N(0,1)$, why is $E(X^2)=1$?",1
10317,Loop termination check for multiple types of host reachability tests,0
11527,Minimum edge weight k-exact cover with triangle inequality,0
3572,Proving an implication in a linear regression,1
6792,Dawn simulation - does color change affect waking up?,0
5612,Obtuse-angled Triangle Repeated,1
2502,Conics and path of orbit question,1
11970,What kind of runtime behavior should we expect of Finite Element Methods?,0
4110,Arcsine law for Brownian motion,1
11137,Regularity of a language constructed from a know regular language,0
1444,partial differentiation or total differentiation?,1
10750,Normal Order Reduction - is Leftmost Outermost order simply Leftmost?,0
19,Action of a 1-form on the push-forward and pull-back of a vector,1
1010,Path connected compact set with given property,1
11214,Simple decision tree in Haskell,0
1746,Proof that eigenvector corresponding to simple eigenvalue is continuous,1
4827,Calculate the inverse of a matrix of variable size,1
6738,Why does V. cholerae produce a human specific choleragen?,0
10851,Pumping lemma for an involved non context free language,0
2337,How to prove this equality about Eulerian numbers?,1
8299,What is the relationship between migraines and histamine?,0
11452,Invoking subscribers of an action in parallel c#,0
3606,The proof of Hadamard' Lemma,1
11800,Random Prime generator,0
6866,Manipulating phylogenetic trees,0
5921,calculating the Taylor series remainder of $\ln(2)$,1
6532,Can suppression of the immune system help cure chronic diseases?,0
8610,Rampant low Vitamin D,0
4860,Integral Curves of Parallel Vector Field,1
1448,H-polar decomposition,1
9211,How is n-gram different from k-mer?,0
5961,Proving that $\{x|\varphi_x \; \text{is extendible to a total computable function} \} \neq \omega$,1
8819,Location of genes encoding ribosomal proteins,0
4724,Finding values of quotient and remainders for Gaussian integers.,1
3227,Proof of $\sum\limits_{n=1}^{\infty} \frac{x^n \log(n!)}{n!} \sim x \log(x) e^x$ as $x \to \infty$,1
7387,Troubleshooting bioconjugates migration in a SDS-PAGE gel?,0
2558,Why do we choose the limits for double integrals in this way?,1
10787,"CISC, RISC and anything else?",0
945,Proof using the Principle of Mathematical Induction,1
11880,Text file manipulation with Java 8 and Guava,0
7237,What exactly are computers used for in DNA sequencing?,0
4841,How to efficiently calculate $ax+b$ once I know $a$ and $b$?,1
1188,Proving that the axioms for addition hold in $R$ -- Associativity. Principles of Mathematical Analysis by Walter Rudin.,1
5180,Matrix exponential of a skew-symmetric Toeplitz matrix,1
4956,$[U \cap H : G \cap H] \le [U :G]$,1
4881,Addition of two algebraic integer numbers,1
158,Slater's condition for closedness of the linear image of a closed convex cone,1
1942,"How find this value if such $f[f(x,y),z]=f(z,xy)+z,x,y,z\in R$",1
11341,Python implementation of netcat,0
9253,What are some problems which are easily solved by human brain but which would take more time computers?,0
4569,Pullback square with two identical sides,1
2197,How do I show this integral surface area relationship?,1
6267,"How does ""be altruist to those who are similar to you"" evolve?",0
910,Show that $\mathbb{E}[h(x)^{2}-2h(x)y+y^{2}]=\mathbb{E}[h(x)^{2}-2h(x)\mathbb{E}[y|x]+\mathbb{E}[y^{2}|x]]$,1
1011,"Partial converse of the fact: $f\in L^p , g\in L^q \Rightarrow fg\in L^1$",1
3868,Are reflexive relations transitive?,1
5862,"How to imagine ""tensoring with Serre's twisted sheaf""",1
5545,$\mathbb{F}_p$ algebra with many $p$th roots of unity,1
6892,What is this soft cased worm-like creature?,0
1237,"Intuition for $\,c\mid a,b \iff c\mid \gcd(a,b)$",1
7210,How do the bacteria producing bacteriocins protect themselves from it?,0
1424,A binomial identity from counting permutations with cycles of length two.,1
11704,Copying items in arrays while checking their indexes,0
2238,An Algorithm to Find the Generators of the Radical of a Monomial Ideal,1
3012,Volume of the intersection of unit hypercube and Lp n-ball,1
10842,Check if given number can be expressed as sum of 2 prime numbers,0
10620,A bitwise common prefix algorithm in Python,0
6138,What is this plant with white-spotted thorny leaves from Morocco?,0
6281,"Do ants really dispose of their own dead, and how/why?",0
2343,FTOC and Path Integration,1
2970,How is there fewer zeros in the left of 1 in this language?,1
1857,Gamma and incomplete gamma functions- when are they equal?,1
7482,What does 'H' in BamHI stand for?,0
9184,First-come first-serve job scheduling algorithm,0
7662,"Estimate sex-specific survival from mark-recapture data using multi-site, sex-specific cormack-jolly-seber model?",0
6620,How does Celiac's Disease cause people to stop growing?,0
11443,Efficient loop over a integer range in Python,0
8697,What is the average age of my flesh and my bone?,0
11758,Check existence of item in collection,0
2758,A step in the completeness proof of first-order logic,1
5516,"Existence of Non-Trivial, Convex, Open Set in $C_{\mathbb{C}}[0,1]$ Under $L^{0}$ Metric",1
8915,What is the composition of human feces?,0
304,logarithmic inequality with different bases,1
11318,Sum of Look and Say Sequence,0
256,Let $\varphi$ and $\psi$ be isometries. Show that the conjugacy $\psi\circ\varphi\circ\psi^{-1}$ is of the same type as $\varphi$,1
7948,Is there any bank of animations for Embryology?,0
9477,"Which m numbers in the range [1, k] have sum equal to n",0
7690,"What effect do oligosaccharides, like those found in legumes, have on the composition of intestinal flora in humans and if so how so?",0
7744,Why do some mammals have incomplete orbits?,0
6837,Can one switch the DNA present in a sperm cell?,0
10631,Implementing factory design pattern with generics,0
10724,Memcached load generation,0
5406,The Joukowski Mapping circle unit mapping to elipse,1
1477,Try to give a description of $Q/ \sim$.,1
64,How to find number of words made using letters of word 'EQUATION' if order of vowels do not change,1
4031,Who are the two men credited with inventing logarithms?,1
1770,What is the set {$e\in(R/ I)\times(R/J): e$ is idempotent},1
10828,Maximum One Third Cut,0
11197,Wrap a callback method in an awaitable method,0
5625,Calculate a limit of probability,1
5648,Difference Between Matlab / Octave Solve and Numpy Solve,1
11770,Finding compound words with Trie in python,0
341,"Solving these types of integrals, using Monotone convergence theorem and Dominated convergence theorem.",1
1721,Find a sample size such that the probability of a sampling error less than $0.005$ will be $0.99$ or greater.,1
5520,Fourier series representation of $ x_8(t) = | \cos (2 \pi f_o t) | $,1
2109,Sample mean: dependence,1
3587,Probability of A given B and probability of A given B complement.,1
10561,prove that NDFA = { | M1 and M2 are DFAs such that there is at least one string x that is accepted by neither M1 nor M2} is decidable?,0
9641,Diagonalization argument for MAJORITY,0
2356,If and only if condition for Simpson's paradox,1
8667,"How does a single-stranded RNA bind to a double-stranded DNA to form a ""triplex structure""?",0
3067,Calculate functional determinant $\det(\partial_x)$?,1
1489,"Integration with surds, problem taking out $x^2$",1
792,"A question based on intermediate fields , separable elements , inseparable elements",1
5050,Prove Lax entropy condition for conservation law with convex flux,1
10311,Python REST API clients,0
2265,Distribution of Euclidean Distances Between Randomly Distributed Gaussian Points in n-Space,1
9751,Power8 addressing modes,0
9328,"integer = c lg n (inputs of size n, Cormen 3rd, page 23)?",0
1586,Estimate total distance using Riemann sum based on data table,1
8996,opposite subtype of stomach cancer,0
4931,"Determine the number of subsets of $\{1,2,3,4,…,50\}$ whose sum of elements is larger than or equal to $638$.",1
503,New values of vector after change of base,1
11687,Bin Packing across multiple iterations,0
5530,Approximation theorem from measure theory,1
10521,Hanoi towers recursive expression for EVERY algorithm,0
2850,Second fundamental theorem of calculus on the unit sphere,1
7767,"How can a homozygous mutation, considered pathogenic, occur on a gene such as HFE without the disease developing?",0
4642,proving the validity,1
7519,Antibacterial soap impacts on septic system?,0
7881,Does dairy negatively affect the voice for singing?,0
710,Inverse Z-transform with a complex root,1
6982,Difference between CDS and cDNA,0
11319,"If $A$ reduces to $B$ and $B$ is NP-hard, is $A$ NP-hard?",0
5640,"A triangle ABC with the internal bisector of $\angle A$, the median drawn from B and the altitude drawn from C meet at the same point.",1
6795,Why is the hexose monophosphate shunt called a direct oxidative pathway?,0
8628,How are individual neuron firing rates characterized?,0
8404,What's this spring-like structure in the plant parenchyma cell?,0
839,Pontryagin Duality and Adjoints of Group Automorphisms,1
2125,$f$ is factored into many same degree irreducible polynomials.,1
6622,Why rectus abdominis is not proximal muscle?,0
4001,3-sphere complex co-ordinates,1
160,Are all theorems of minimal arithmetic theorems of a given theory?,1
4406,Surprising results about the geometry and topology of Lie groups,1
3297,number of odd coefficients in the expansion of $(1+x)^n$,1
8379,quantification of glucose utilization in different metabolic processes,0
1631,What's the parametric function for a rotated ellipse about one of its foci?,1
1710,Cardinality of $ \mathbb R \times \mathbb R $ and $ \mathbb R $.,1
101,"If two smooth paths are equivalent, does it necessary mean that they connect the same two points, or just that their traces are the same?",1
5747,Is it true that the unit ball is compact in a normed linear space iff the space is finite-dimensional?,1
4033,Do locally trivial and smooth fibrations correspond to subbundles of the tangent bundle,1
10476,Using naturality to prove $f: \forall\alpha. \alpha\times\alpha\to\alpha$ must be a projection,0
6983,What happens to the excess immune cells or WBC in our body?,0
5122,Chess table Mathematical Induction Problem,1
2454,What allows us to differentiate closed form summation?,1
8453,"Is the ""concept of time"" coded into the genome?",0
8750,How to validate the use of an anti-virus monoclonal antibody in IHC by spiking a fresh organ with infected cultured cells?,0
3387,Resolve into to factors,1
6142,The role of voltage-gated ion channels in chemical synapses,0
2380,"What does ""coefficients from all of $\mathbf{F} _q$"" mean",1
7137,"Trying to identify the tree in this picture. Shot from the Nepenthe restaurant, Big Sur, California",0
2359,How should I solve the equation $\sqrt{x-\frac 1x}+\sqrt{1-\frac 1x}=x$,1
4759,"Fourier transform of 3-d ""disk""",1
2342,Using epsilon delta definition show $a_n=\frac{2(n!)}{n^n}$ converges to $0$,1
5639,Geometric or matrix intuition on $A(A + B)^{-1}B = B (A + B)^{-1} A$,1
6292,Does increased cell turnover cause cancerous mutations?,0
9688,Building a lot of individual programs from one Makefile,0
9951,Output the most used non-trivial words from a file,0
1623,Orthogonal basis square integrable function on real line,1
10928,Selectively mapping one object to another,0
1564,Question on series of function (Multiple choice),1
10870,Static Methods for Dealing with Conversions from and to UTC,0
5363,Partial sums of the divisor function,1
8133,Why do we urinate more often in winter compaired to summer?,0
6342,Do non-pathogenic organism not have PAMPs? Are there any research paper which proves that a certain microbe is non-pathogenic?,0
4446,Is the output of a line integral over a scalar field a vector?,1
347,Given parallelogram $ABCD$ with $M$ the midpoint of $AB$ and $E$ the foot of the altitude from $C$ to $AD$ (extended). Show $ME=MC$.,1
5605,Are true parabolic numbers possible?,1
2196,Structure theorem for finite dimensional algebras,1
10483,Maintain sync of select list,0
8308,What are phenetic analyses used for?,0
10653,Is it possible to solve this problem in less than n^2 time without using additional space?,0
11930,Image quantization for grayscale images with alpha channel,0
6677,Preferred Aspect Ratio for Human Eyes,0
3077,Cohomology of Double Complex (extreme case),1
9232,What are the general applications of Computer Science in the field of Psychology?,0
10122,Why do we use multiple data structures?,0
9206,"Displaying contacts in PHP, with options to omit some information",0
3011,How to prove equality between this integral over an $n$-dimensional space and the reciprocal factorial?,1
6756,Parametric Bootstrap Capture Recapture,0
7727,Population Growth Rate Question?,0
2797,The variety of the chords to the rational normal cubic,1
5988,Is Coherent sheaf acyclic?,1
1195,The function $\exp: \mathfrak{su}(n)\to SU(n)$ is surjective,1
10999,Cut costly functions in inter-procedural abstract interpretation,0
6831,All or nothing phenomena,0
173,Defining a sheaf of differential operators,1
11566,Chunk a large set of characters by a specified set of delimiters and a maximum chunk size,0
1630,"Proving that the set of all graphs of continuous functions $f:[0,1] \rightarrow \mathbb{R} $ is closed",1
10287,Four jQuery date time pickers,0
5118,"Interesection of two ""homogenous lines""",1
1267,Question on average.,1
6931,Does the anatomy of our hand result in (computer) mouse-accuracy that varies by direction of movement?,0
6295,Placebo effect and why they work,0
7240,Time required to evolve advanced chromatophores in octopuses and squid?,0
981,Convergence in mean of a series of random variables,1
11470,First text game with Python - Higher or Lower,0
6038,Gene transfer between Gram positive and Gram negative bacteria?,0
8480,Identification of a larva,0
483,"If sigma-algebra $\mathcal{B}$ on $X$, show that if $\mathcal{B}$ is finite, it must be generated by a finite partition of $X$",1
1756,Calculating the area under $2x^2+1$ using the method of exhaustion,1
6486,"Please help identify insect found indoor in Malaysia, south east Asia",0
7840,Can a dead tree root still draw water?,0
3835,Creating non self intersecting Quadrilaterals from 4 points,1
10979,Utilizing std::map and std::array for displaying a modulus grid,0
3025,Proof of the trichotomy of real numbers using Cauchy sequences.,1
824,Help Building a Partitioning of a Graph,1
946,A Good Example of an Argument That Cannot Be Reversed,1
8451,What does does a blood sample tell you about an individual's identity?,0
6243,Which animal species is this?,0
5208,Proving Convexity review question,1
10419,Is Event.wait necessary here?,0
1354,"Convergence of $\int_0^\infty x \sin e^x \, dx$",1
8207,Are there any proven ways to increase the rate of bone remodeling in humans?,0
9889,How to get all tree-like refutations of a formula,0
1794,All roots $\lambda$ of $\det(A-\lambda B)=0$ are $\ge1$ when $B$ is p.d and $A-B$ is n.n.d.,1
9821,method to decide if two strings are anagrams,0
6420,Is a part of the spinal cord from the mesoderm?,0
252,Construction of an integrable function with a function in $L^2$,1
3623,how do I factor this $6a^2+ 70ab$?,1
1646,"$V$ is finite dimensional vector space. $G$ is a spanning set of $V$, $I \subseteq G$ is linearly independent",1
2539,Prove the following inequality??,1
3909,Differential Equations Recipes,1
1227,Proving existence of a cycle in a directed graph using Lovasz local lemma,1
9102,Direct Mapped Cache simulation,0
11479,Neural network diverging instead of converging,0
7121,What is the lifespan of haemonchus contortus in its L5 adult form?,0
6135,Why do I have a lot in common with my mother?,0
11278,Insect combinatorics challenge,0
4249,Dummit & Foote 13.2.18,1
9463,Stopwatch exception implementation in C#,0
9337,JavaScript tournament scheduling (fixture generation) algorithm,0
2968,Proving the Archimedean Property of reals and NIP (Nested Interval Property) using MCT,1
1209,Confusion with the definition of a convergent numerical process of integration,1
5849,Elements of tensor product,1
506,Reducing balance with overall percentage,1
1050,Galois theory about automorphisms of the field of rational functions,1
11333,x86 strcpy implementation,0
8817,Using the IMGT/GENE-DB service to find RSS,0
2432,The importance of being real,1
10983,Topological sort in Java,0
7656,why does blood when oxidized over time become bluish green?,0
3966,Continuous images of compact pseudometrizable spaces,1
2744,Stating if a function being a contraction,1
11371,Simplifying working Caesar cipher,0
1405,Find the minimum value of $x_1^2+x_2^2+x_3^2+x_4^2$ subject to $x_1+x_2+x_3+x_4=a$ and $x_1-x_2+x_3-x_4=b$.,1
9879,Importing data into PostgreSQL from remote text file using ftplib class,0
8462,Predict if a given protein is recognized by antibodies,0
3078,"How do we prove that a power series centered at $a\in\textbf{R}$ is continuous on the interval $(a-R,a+R)$?",1
9799,First-class objects in Python,0
982,Regarding retractions of $X$ onto subspaces,1
11099,Short quiz about Myhill-Nerode theorem,0
6630,Difference between spiking and firing,0
4980,"Integration of $\int_0^{2\pi}(e^{\cos x}\cos x\sin x) \,dx$",1
2398,What is the number of distinct 3 letter words out of different number of given letters?,1
2273,"Solution to safe with six keys, largest number of people with 3 different keys each.",1
8855,Are there certain symmetric-pair muscles that are slightly bigger and NOT due to handedness?,0
11680,Pick algorithm with runtime in O(n) vs. Θ(n) vs. Ω(\log n ),0
9916,Reactjs Tab Component,0
9666,TicTacToe game in C#,0
5709,"Integrating $u^2(x+y)$ over $\partial B_1 (0)$, where $u$ is harmonic",1
7742,Ligation without purifying insert,0
5477,Finding Invariant Subspaces without Eigenvectors,1
8578,Reformulation of Hamilton's rule,0
6590,what are hyperbranched amplicons in DNA sequencing?,0
6670,Redundancy of the genetic code,0
8403,Where do I find standard tissue and cell names?,0
4804,Branching process: Why does the population die or explode?,1
8972,Did the eugenics program in Nazi Germany have a measurable effect?,0
9667,Validations in filter class,0
6519,No. of meiotic divisions to produce specific no. of seeds,0
4107,Calculus of Variation (Dido's Problem?),1
8302,"Are CN3, CN7, CN9 and CN10 the only Parasympathetic Cranial Nerves?",0
4297,A topology in a Vector space,1
10108,UNUSED() with teeth in C++11 debug builds,0
11862,cake pattern object assembly - using a builder function in combination with the cake pattern,0
4101,Distribution of the ratio of two Normal variables,1
5858,Reverse investigation of random variables,1
6194,Why don't phosphatases both add and remove phosphate groups if enzymes catalyze reactions in both directions?,0
3230,Generating set for wreath products,1
4350,Is using a platform like Chegg helpful for studying?,1
3953,Decomposing a tensor product space into direct sums,1
1022,Linear Regression: Finding a quadratic function that approximates a given set of points,1
11877,Using generic methods for basic crud operations,0
1324,Definite integral equal to zero,1
3239,Significance of the 1st order statistic,1
7711,What is Peter's rule in neuroscience?,0
5431,The topology of the level set of real valued harmonic function through the critical point,1
806,How to show $A=\begin{bmatrix}A_1\\A_2\end{bmatrix}$ is non-singular when $N(A_1)=R(A_1^T)$?,1
2228,Question about probability in infinite game of chance,1
2096,"Difference between continuous and essential spectrum, examples?",1
2339,Evaluating $\frac{1}{2 \pi i} \int_{|z|=3} \frac{e^{\pi z}}{z^2(z^2+2z+2)}dz$,1
3469,"Find CDF when knowing PDF, also find E[X]",1
10463,"Level sums, displacements: how to determine their effect efficiently?",0
218,Find a suitable counterexample?,1
3506,Solving Laplace's equation for semi-infinite bar using conformal mapping,1
287,How to find out if there 7 prime subtractors of a number,1
5175,How to compute the expected exit time of a simple random walk? A question concerning a typo in Sinai's paper,1
2292,Characterizing solutions to a particular equality,1
1041,Problem related to Incircle of a triangle,1
1464,Find the value of $a$ such that the series converges.,1
5835,Find volume of solid using shell method,1
10278,Jinja2 block that is unreadable,0
11030,Refining an ASP.Net MVC VeiwModel for a Table to display worked hours,0
11789,Squaring the two digits in the middle of a four-digit number,0
11061,Print matrix diagonals method,0
8970,Deuteranopia confusion lines,0
9865,Access to publicly available project with all the artefacts (files) created during the development,0
5677,IVT from FTC and Darboux,1
3173,Inverse of $2x + \cos{x}$,1
9595,How to determine seed collision probability in a PRNG?,0
5864,Solving the Cubic Equation (using Lagrange Resolvents),1
3754,Abelian subcategory which is not a Serre subcategory,1
3669,Uniform convergence of a functional sequence using Ascoli-Arzela threorem,1
405,"Proving $\{(C,x): C(x) = 1 \ \ \text{and} \ \ C \ \ \text{is monotone}\}$ is P-complete",1
705,Does the function have horizontal or vertical asymptotes?,1
1604,Find the implicite and explicite set of this little cartesian product,1
10577,Finding the longest common subsequence algorithm using hash table Slow,0
11813,What is the best heuristic function for evaluating the state in game of sprouts?,0
1403,Is the dimension of a Noetherian local ring equal to its associated graded ring?,1
6874,What is the mechanism responsible for long-lasting detectable antibody titers?,0
11046,From nand to numbers,0
2859,The maximum of $\frac{1}{(2a+b+c)^2}+\frac{1}{(2b+c+a)^2}+\frac{1}{(2c+a+b)^2}$,1
11313,What machine learning algorithm to use and how to implement it?,0
1702,rank$(R\otimes_R S)$ is the composition of $f^∗$ and rank$(P)$.,1
5444,Calculating $l^1$ and $l^2$ norms of three sequences : Do they admit a closed form?,1
7783,Calculation of water potential,0
2210,finite dimensional group is locally a manifold or product with a cantor set,1
6637,Relation between trigeminal and facial nerve in sympathetic response,0
10895,Relations among different boolean approximations,0
3943,The probability it's warm when it's sunny is 0.7. Is this a conditional probability?,1
8986,Can someone identify this ant queen?,0
6947,Questions to ask to a panel of people that will be sequenced,0
10379,Is there a name for this priority queue data structure?,0
9366,Implementing binary-heap in x86-64 assembly,0
6204,Does anyone know what are these birds?,0
505,Exercise 2.5.6 of Understanding Analysis,1
8095,Problem in understanding Operon,0
2236,Error minimum when it is minimum,1
10239,Update SQL database with using statement and SqlParameters,0
10198,$\omega$-string avoiding a set of substrings,0
5042,Pointwise version of Fejer's Theorem,1
7860,Estimation of cases with dominant inheritance,0
3097,Not null Killing form.,1
10454,Existence of suitable pseudo-random number generators to derandomize BPP to P,0
485,Calculating correlation given a joint cumulative distribution function,1
4109,Rank of the quotient of an Abelian group by its torsion part?,1
707,Find two finite abelian groups of same order $G$ and $H$ such that $G \ncong H.$,1
5124,Charts for a real vector bundle,1
7424,Are SNPs or SSR copy number variation mutations more prominent?,0
7839,Vitamin and mineral contents of common fruits,0
6427,How does RNA polymerase II CTD bind to the RNA modification proteins if the tail is flexible?,0
9804,Check the address String for presence of a New Brunswick abbreviation,0
5595,Constructing a convex polyhedron from a spherical polyhedron,1
661,Does this Stochastic Differential Equation have a name?,1
11027,Real time graph simulation of dice tossing,0
7143,How do C. elegans manage nutrition?,0
7522,What are key factors when evaluating and comparing miniprep columns?,0
4281,sequence get number in sequence from place in sequence,1
9233,Complexity of multiplying two integers of size $n$ and $m$,0
1696,Finding the coordinates of an unknown point.,1
2654,Evaluate an integral using integration by parts,1
2417,"Fourier series with filter function $f_n^g(x)=\int_0^{2\pi}f_n(y)G(x,y)dy$",1
5358,To show the given set is uncountable.,1
7472,How much does a human brain's metabolic rate vary?,0
8044,Coacervater were more like Viruses or Cells?,0
1814,"What is $\int_0^1 \frac{(1-x^2)xm^2}{m^2x^2+\lambda^2(1-x)} \, dx$?",1
5412,Principal G-bundles depend only on the homotopy type of $G$,1
10349,How to increase efficiency of recursion algorithm?,0
1842,Gaussian Elimination on Block Matrix,1
2709,"Operator norm of $T\colon H\to H$ if we know $\|T|_{W}\|$ and $\|T|_{W^{\perp}}\|$, where $W\subset H$ is a closed subspace.",1
5682,Existence if integer solutions,1
9075,How to show $L = \{0^{i}1^{i^{2}}| i \ge 0\}$ is not context-free using pumping lemma,0
9737,Compute arithmetic sum of a constant difference sequence,0
6438,How might I break down bread into glucose in a model of the human digestive system?,0
8426,How do neurons inverse an action potential?,0
6869,What is GST RhoA fusion protein?,0
7336,how many copies of tp53 (p53) gene do we have?,0
3181,Derivative with constant in the denominator,1
9105,Excel query within PowerShell,0
7238,Snake with orange spots found in South Florida,0
11375,How to think smarter when you need diff args in functions,0
4135,"Evaluate $\int_0^1 \log (1-x)\ _3F_2\left(1,1,1;\frac{3}{2},\frac{3}{2};x\right) \, dx$",1
10271,Selectively printing elements on web page using a bookmarklet,0
9508,"""Grammar inference"" for 2-D images",0
9268,Maximum Subsequence Sum : Mark Weiss:,0
11120,Displaying a greeting to one user selected from a database,0
2516,Questions about $\mathbb C[x]/(x^2+1)$,1
9082,An intuitive explanation for LR grammars?,0
9007,Bellman-Ford Termination when there is no change on vertex weights?,0
448,Prove that $\int_{0}^{1}{(1-x)(x-3)\over 1+x^2}\cdot{dx\over \ln{x}}={\ln{8\over \Gamma^4(3/4)}}$,1
10228,Plots of prior and posterior distributions for a model,0
9824,Parsing: Entity Classes to DTO,0
11628,Security check using an SQL call,0
11357,Intersect Method Slows Down Code In Large Selection Of Cells,0
7992,Confusion about the construction of the rat's mental map,0
5599,Finding multiplicative order of a,1
2608,Methods for calculating the mean and variance of a distribution created from the addition of two normally distributed quantities,1
4913,Help with this double summation,1
10402,Authentication using PDO,0
10801,Existence of d-regular subgraphs in a k-regular graph,0
352,Show that $f$ is integrable and $\int_{I} f=0$,1
4134,Proving that sequence is in $\ell^\infty$,1
10988,Why does this grammar derive into $\beta \alpha ^*$ instead of $\alpha ^* \beta$?,0
7846,What indices can we use to describe fitness landscapes?,0
1284,Closed form of recurrent arithmetic series summation,1
5553,Prove isoperimetric inequality for a closed curve parametrized by a smooth $2\pi$-peirodic complex valued function,1
6336,James Allison's T-cell discovery technique,0
2400,A divisor of a product of integers is a product of divisors,1
11695,Simple Registration Form. I would like to get rid of code duplications,0
2798,a powerset define a group?,1
10026,Prevent a UITextField from being input with aphabetic characters,0
9740,Ruby function to capitalize all words in a string,0
11295,The extension of a code is itself a code,0
6308,"Book on yeast reproduction, evolution and on the use of yeast as model organism",0
4125,Distribution of the maximum of absolute value of multivariate Gaussian,1
671,"How to prove that $\,\,f\equiv 0,$ without using Weierstrass theorem?",1
1704,"Using spherical coordinates, is there an equation of a sphere not centered at the origin? If so what is it?",1
2863,Multiplicativity of the Euler characteristic,1
1679,"Conformal map onto a circle, from an identification space composed of five square regions.",1
3586,Function $f(x)f(\frac{xf(x)+4}{x})=1$,1
1838,Product of Fourier integrals,1
4066,"Example of ring $R$ when $(R,.)$ forms a group",1
7790,Can a cell survive temporarily without oxygen?,0
1529,finding limit of a multivariable function,1
3363,Second derivatives with respect to $\mu$ and $\sigma^2$,1
11399,AC0 and first order logic equivalence,0
9569,Report a status based on a list of results,0
10951,Speeding up Codechef FROGV,0
10829,"Creating formatted ""[time] [unit] ago"" messages from a seconds value",0
4120,Dimension of isotropy group in homogenous space,1
7429,"Can it always be determined if an animal is a carnivore, omnivore, or herbivore by its teeth or are there exceptions?",0
7239,What is the recommended PPM when foliar feeding L-amino acids,0
4288,"Automorphism group of direct product of groups, proof",1
9898,Transition coverage for a DFA,0
10767,Event delegation without jQuery,0
10943,Why is $3^{\log_2 n}$ the same as $n^{\log_2 3}$?,0
6316,Why do fully grown organisms need protein intake?,0
4672,Number Of Solutions Of Homogeneous And Non-Homogeneous System,1
735,Is $E(f(x))$ always a constant?,1
3124,"What happens to the definition of a filter if we add a ""closed under union property""?",1
63,Specific matrix has no 2-dimensional invariant subspaces,1
2000,Cartesian product -- understanding the definition,1
10656,Finding Minimum and Maximum Value,0
10111,Excel VBA code midStr() function using left and right position instead of length used with mid(),0
10553,Zipfile password recovery program,0
9246,Question about turing machines,0
10666,"Is ""duplicate"" in RPN enough for replacing variable binding in term expressions?",0
3761,How does WolframAlpha calculate the alternate forms of sin(x)?,1
7417,What is the function of multiple nuclei in syncytial cells?,0
10088,Test data for tasks that communicate over network,0
1845,Want to test the series for convergence/divergence $\sum_n \frac{\sqrt{n+1} - 1}{(n+2)^3 - 1} $,1
3957,"$a$ and $b$ irreducible polynomials such that $\forall u \in \mathbb{Q}[t], a|u(t^n)\iff b|u(t^n)$",1
9872,Is List comprehension equivalent to composition of filter and map?,0
7354,Are carbohydrates an essential component of human diet?,0
11433,Zipper trees implementation,0
7621,How did shellfish and coral survive acidic oceans in earlier eras?,0
8860,Indian Spider Identification,0
11998,"Setting the path to toolbarAssociatedXibName, with fallback",0
9042,Variable declaration closer to usage Vs Declaring at the top of Method,0
5457,$Re(\frac{f}{g})\geq 0$ on the boundary of disk implies $f$ and $g$ have same number of zeros in the disk,1
11381,Complexity of finding a spanning tree that minimizes the maximum interference,0
8457,Why can't a human regenerate limbs like some other species?,0
7774,How are newly synthesised proteins targeted to the plasma membrane?,0
8867,Which mammals cannot synthesize taurine?,0
1928,$m(X) > 0$ Show that $Y \subset X$ where $Y$ is measurable can be such that $m(Y) = \delta$ for any $0 < \delta < m(X)$,1
8123,Is diabetes mellitus a sex-linked disease?,0
3988,Using the spectral method to solve $Ax=b$,1
286,"With a product and sum of $x$ and $y$, calculate $9x^2+15y^2$",1
4984,When are the topological duals $A^*$ and $B^*$ isomorphic?,1
10591,"If one shows that UNIQUE k-SAT is in P, does it imply P=NP?",0
4891,How to determine intervals where $f$ is greater than $g$?,1
10388,Dubins TSP crossing trajectory theorem,0
247,"In general what happens in Conway's Prime Game given $2^n$, with $n$ composite, as the initial value?",1
1615,Knight's tour problem existance proof,1
10355,Isometric Projection and Culling,0
1021,How do I factorise the following expression?,1
7681,Can a person really die quickly from biting their tongue?,0
7341,Why is there a notch in the Na curve for an action potential?,0
6012,How does the brain recall information?,0
5774,Commutative algebra - integral extensions question,1
11949,Marriage Problem: Is both sided stable matching strongly pareto optimal?,0
9208,Binary tree level order traversal algoritm,0
8058,ATP yield of fermentation: study to cite?,0
3559,Incomplete/flawed wikipedia proof?,1
6977,Laurasia and Gondwana,0
5236,Expected exit time of ball of Brownian motion,1
11199,Creating lists and sublists dynamically,0
2310,finding convergence for $\sum\limits_{n=0}^{\infty} \frac{(-1)^n x^{2n}}{n!}$,1
1261,Matrix exponential question,1
10789,Find equivalent weighted DAG sum of whose weight is minimum,0
11325,Finding the maximum substring for which a given predicate is true,0
3061,Directional derivative in orthogonal directions of a determinant,1
5751,Prerequsites for working through the 2nd half of Gradient flows in metric spaces and in the spaces of probability measures,1
4587,Tensor products over Ring of Integers,1
4970,Can we find the GCD of two polynomials in $\mathbb Q[x]$ by representing the coefficients as vectors?,1
10350,Algorithm for solving system of congruences,0
5629,Classification of singularities - $\frac{e^{-z^2}}{(z-2)}$ at $a=0$,1
2405,How to evaluate these $4$ integrals?,1
11264,How can I compute the time complexity of this image processing algorithm?,0
10623,Very simple RESTful API dispatching in PHP,0
6773,What is (probably) the closest living relative of the trilobite?,0
11294,Circular Array Rotation,0
993,Lower bound for Stirling numbers of the first kind,1
6881,Test question regarding botany,0
2088,Closure of a point : Zariski Topology.,1
357,Can Isosceles Triangle Properties be used in inverse to prove?,1
5950,How to solve this double integral involving trig substitution (using tangent function)?,1
4133,Finding the cross section of a couple of surfaces,1
7463,How does menstruation proceed during one period?,0
8749,What information does the nociceptor relay to the brain about stimuli below threshold?,0
10386,Monitoring the clipboard,0
3109,A kind of pumping lemma for finitely generated groups,1
3358,Does every finite poset have a rigid endomorphism?,1
4352,Details about the Brouwer fixed-point theorem,1
4380,"Facing difficulty in finding a counterexample to prove that the set SL$(n, \Bbb R)$ is not bounded in M$(n, \Bbb R)$ for $n \geq 2$.",1
5248,Definition of star in a simplicial complex,1
10449,Temporal kernel filtering on video frames coming in a loop,0
10484,Closure properties between 2 languages of different types,0
4489,Universal mapping property and field extensions,1
2736,About $n$'th rooth of $-1$ in a finite field,1
7251,What is this insect? Seems to be in Indonesia,0
5981,"Inverse element of ""-""",1
8263,Nutrition mineral intake method,0
2019,Theorem about Polynomial Rings,1
797,How the element $x$ is different from $\{x\}$?,1
11382,Codewars: Pick peaks,0
6887,Do sulfate reducing bacteria help during the formation of the mineral dolomite in low temperature environments?,0
5333,Determining linear independence of three simple functions for a third order ODE. (2.9-7),1
11684,O(1) distinct elements in an array implies?,0
6906,"What does the root ""phyllum"" mean used botanical binomial nomenclature",0
242,Bitangent lines to polygons and polygon sets,1
4345,Is the laplacian L derived from the affinity matrix A in spectral clustering always block diagonal?,1
7922,How does Mupirocin affect in staphylococcal infection?,0
7408,Transcription takes place from the 5’ to the 3’ end of the m-RNA. Why?,0
1729,Implementation of the Baum-Welch algorithm for HMM parameter estimation,1
11776,checking whether a language is turing recognizable,0
8091,Respiration of an animal cell media,0
6152,Restriction enzyme type II,0
4546,Cauchy's formula: $\int_\gamma \frac{e^{z}}{z(z-3)} dz $,1
1958,In how many ways can you paint 90 distinct buckets?,1
6891,"What is the difference in the electrical excitability between a ""large diameter soma"" and a ""large diameter axon""",0
1454,Calculate height from two right angled triangles sharing an edge,1
10273,Sandwich shop interface using the Decorator pattern,0
10652,Understanding x64 and x86 OS with 64bit cpu,0
9550,Finding bounded lexicographically largest string of digits but not larger than other with counted substitutions,0
102,Silly Error calculating eigenvalues of a 3x3?,1
11772,How can I improve my Java MethodPointer?,0
9308,Is there a flaw in this Wikipedia proof of cycle property of Minimum Spanning Tree?,0
93,studying the series $\sum_\limits{n=0}^\infty \tan (\frac{n}{1+n^3})$,1
6544,What happens when we know that there is something that we forgot but we can't remember what it was?,0
7769,What is the difference between endomysium and sarcolemma,0
7144,Do any nonhuman species have effective ebola immunity?,0
8656,Is it possible for a human to live forever if he/she didn't catch any diseases?,0
10086,Auto move files to a sub folder with Ruby,0
8977,Why are bugs attracted to light bulbs but not flames?,0
7716,"Are humans known to be ""poisonous"" to any animal?",0
3540,"how to solve the equation A=s/r for s, for r?",1
58,How to prove the result of summing the divergent asymptotic sum for $H_n$?,1
11788,"Unit test code for a private median-of-three function, using reflection",0
11449,Finite Automata: Final vs Accepting States,0
4962,Anti-derivative of a function involving exponentially distributed variable,1
9830,Running time of a nested loop with $\sum i \log i$ term,0
5591,Find the Matrix $A^{482}$ in terms of $A$,1
4090,"Why does $ -[(1-p)^2]^i = [1-(1-p)^2]$ where $[(1-p)^2]^i] = P(\min(X,Y) > i)$?",1
10701,SQL Negation: Find X when X does not do Y,0
8317,How To Avoid Macro-Evolution Confusion?,0
9635,"Organizing a ""speedback""",0
6813,Popular science on carcinisation,0
3790,Convergence of non-finite measures,1
1688,Looking for a geometrical proof,1
9765,Lingo game using Python,0
4986,"finding an explicit formula for $a_n$ if$ a_0=1, a_1=4$, and $a_{n+2}=8a_{n+1} -16a_n$.",1
6591,Are epigenetic modifications the most stable mechanisms for cell differentiation?,0
514,How much faster is $T_2$ than $T_1$ in percent $\%$?,1
3956,"If $ 0<A <B$, is it true that $||A||_p < ||B||_p$ for all $p$ positive integer?",1
1972,find sup of $\frac m{m+n}$,1
660,$s^2/s^2+D^2=4N^2λ^2$ put into $y=mx+c$,1
2724,"Integrate $\int_0^4 \frac{x}{\sqrt{16 + 5x}} \, dx$",1
1596,"Let $X$ and $Y$ have the joint pdf $f(x,y)=8x(1-y),0<y<1,0<x<1-y$. Compute $P(Y<X\mid X \leqq \frac{1}{4})$",1
8226,Is there a negative correlation between the mRNA produced by the cell and the time of extraction?,0
5228,$2xy+\ln y=x \sin x$. Find $y'$.,1
8800,Dealing with Repetitive Bases in DNA?,0
5724,Topologies on the collection of $\sigma$-algebras,1
7131,"I'm trying to identify this salamander-looking creature I found in my house today in Coos Bay, Oregon. It is about 2"" long. What is it?",0
5238,Maximisation subject to an integer constraint,1
2967,"Calculate volume of $V={\{(x,y,z)|x^2+y^2\leq z\leq \sqrt{6-x^2-y^2}}\}$",1
1408,"$(M,d)$ be a complete metric space and $N \subset M$ a closed subset $\Rightarrow N$ is complete",1
3748,Is there an identity for dividing a function's derivative by the function itself?,1
3869,Example of sequences that satisfy limsup and liminf properties,1
3359,Book about creating geometries with programming languages,1
6542,What happens when the parietal cells of gut epithelium becomes partially non-functional?,0
5481,In how many ways can I have $1.50 using exactly 50 Coins?,1
9673,Showing a message when the column is true,0
10144,Simple multiplication quiz,0
5241,How to prove that a collection of elements is a class which is not a set.,1
10394,"Sorting an ""almost sorted"" array in sub linear time",0
3375,Linearized Euler-Poisson equation,1
11875,"How to resize a large, distributed hash table?",0
8521,What is the maximal insert length for PCR based homologous recombination in S. cerevisae,0
7739,What kind of fly is this?,0
2626,Is there a logic more expressive than Default Logic?,1
1526,Poisson point process construction,1
4065,"Establishing a relationship between weak solution in $L_2(\Omega)$ and weak solution in $W^{1,\ 2}(\Omega)$ with classical solution",1
8114,What determines the amount of data you would get from a sequencing experiment?,0
11641,Find max number of repeating heads and tails,0
5485,"(X,$\tau$) with $E_1,E_2 \subseteq X$ connected and $E_1 \cap Closure(E_2) \neq \emptyset$ implies $E_1 \cup E_2$ connected",1
4084,How can you extend distributions non uniquely to sobolev spaces,1
11007,Pandas add calculated row for every row in a dataframe,0
8097,Earliest ancestor of humans who could integrate into modern society,0
6708,Which is the best way to fix and preserve comet assay slides before staining with Ethidium Bromide?,0
7132,"Why cooking make foods , e.g rice, vegetable etc, soft?",0
4168,"I need some advice for $ \; "" \; 3xy+y-6x-2=0 \;""\, $",1
3527,3 variables 'linked' to one outcome (for lack of better words),1
3467,Reference for Grassmann and Schubert varieties for Beginners .,1
4817,$f$ does not have extrema at the Lagrange multiplier value,1
45,Norm on a certain quotient C$^*$-algebra,1
8270,Role of Intermediate Filaments in cell - cell signalling,0
8282,"Hybrid, Japanese or European larch please?",0
9387,Space complexity of Chomsky Normal Form,0
9065,Is reduction from Rudrata/Hamiltonian path to Rudrata/Hamiltonian cycle O(1)?,0
5440,Continuous several variable function,1
7967,Taxonomy: Categorising Collembola,0
2420,Uniquely determining linear operators on finite field extensions,1
4875,Expectation: E(X-Y) and Variance: Var(X-Y) in statistics,1
5474,How does handle attachment work in Morse Theory,1
6413,Darwin's first sketch of a phylogenetic tree,0
11246,Luhn Algorithm in C++,0
5107,Solving $ty' + (t+1)y = 4te^{-t}$,1
9722,A simple encryption scheme 2.0,0
2740,Confusion on sets and relations,1
11100,Looking for books on creating and understanding theorems targeted at Computer Science,0
11589,Why do neural networks seem to perform better with restrictions placed on their topology?,0
794,Decomposition of a group,1
8803,How is sexual selection evolutionarily stable?,0
2765,"Given six 3D vectors a,b,c,d,e,f, find the rotation matrix R such that Ra, Rb, Rc are respectively perp. to d,e,f (assuming there exists a solution)",1
9640,Python BMI Calculator,0
10224,Computational models - proving language is decidable,0
5609,Proving that:$x^{2n}-1=(x^2-1)\prod_{k=1}^{n-1}(x^2-2x\cos{\frac{k\pi}{n}}+1)$,1
8636,Inoculation vs. vaccination,0
2931,Map between Simplical and Singular Chain Groups,1
185,Trying to find $n$ in geometric progression.,1
2351,Solving integral of $\ln(A)/\sqrt{A}$,1
4373,"Orthonormal basis and prove $\langle\phi_\beta(x), \phi_\beta(y)\rangle'=\langle[x]_\beta, [y]_\beta\rangle' = \langle x,y\rangle$",1
7483,Is there a way for a 19th century scientist to prove that the octopus doesn't revive?,0
9648,Securely delete a file,0
10230,Pull out max from each column in a DataFrame in turns,0
1862,Does a Venn diagram need a Universal set?,1
6750,Encephalitozoon cuniculi,0
5866,What to do when integration boundary is on pole.,1
11791,how to prove that every finite language is context-free?,0
11389,Scala implementation of @rolfl's integer-partitioning algorithm,0
5777,Multi-Variable Calc: implicit/chain differentiation,1
9224,Generic absolute value function,0
10323,Project Euler #5 (LCM 1 - 20) Follow up,0
11830,Efficiently decidable logics,0
10166,Convert image to grayscale,0
10478,Replace string of class of button by class so that only one button is filled in using bootstrap buttons,0
4504,How many primitive polynomials are there in $\mathbb{F}_p[x]$ where $p$ is prime?,1
1753,Impact of spurious regressors on out of sample prediction error,1
10179,Python Readability for SQL query,0
4146,Visually representing high dimensional point clusters,1
9778,Checking if a $k$-subset of a graph is a vertex cover in time $O(kn)$,0
7115,Can an upper forearm amputee correctly control the Median and Ulnar nerves,0
8760,"In microarray normalization, why is the normalization factor this?",0
691,find the angle between 2 points in space and the line vertical to one of them.,1
11742,Is relative regularity distinct from regularity?,0
1619,Divergence of $\int_{0}^{\infty}\exp(te^x-x^2/2)\text{ d}x$ for $t$ in some neighborhood of $0$,1
3146,Calculating Probability (P) given Z bounds.,1
1813,Bounding the integral $ \int_1^\infty \frac{ (\log(y))^n }{y^2} \ dy $,1
9064,how to check whether a flow network contains unique maximum flow?,0
1837,Calculate Laurent Series of $\frac{1}{z^2 - 9}$,1
9329,Reduce repetitive code in Lotto simulator,0
10104,What types are propositions?,0
528,Pseudo-code for Polynomial Long Division,1
11676,Constructing xor separable boolean upper bound,0
7404,What is this little white creature?,0
4015,Subalgebra of algebra of derivations,1
1707,Is ~(a AND b) same as (~a OR ~b)? How is the negation distributed inside brackets in logic statements?,1
2816,"First order predicate logic for ""Every bike is a two wheeler manufactured by Hero"".",1
8617,Why isn't phosphorus or nitrogen a limiting nutrient for animals?,0
10339,Link-cut trees: using access() and link(),0
8589,"Co-dependency between carbohydrates, fats and protein in the mammalian diet?",0
8159,Is it harmful for someone to consume things full of bacteria if they don't get physically sick from the bacteria at all?,0
3148,"Prove that $2$, $3$, $1+ \sqrt{-5}$, and $1-\sqrt{-5}$ are irreducible in $\mathbb{Z}[\sqrt{-5}]$.",1
4670,distances measured in space,1
2595,Do decaying exponential signals have finite energy?,1
11345,Why is the initial state of Zobrist hashing random?,0
5452,Show that P(x_k) → P(x),1
4409,How to express the tail bound of this series as a function of $N$,1
6460,Do siblings have a bias toward believing they look different from each other?,0
5896,Sequence of functions having a convergent subsequence,1
8351,"Long term liquid food diet by blending/grinding all quality foods one would normaly eat, not any weight loss or prepared drinks",0
4338,How to find $\int\log(\cos(a/x))dx$ in closed form or asymptotic estimation?,1
8785,What kind of predators do the snail's shell protect against?,0
936,Finding joint distribution of differences of iid exponential variables.,1
2376,convergence of series with $k!$,1
9716,Shortest non intersecting path for a graph embedded in a euclidean plane (2D),0
11484,Check if JavaScript input is empty,0
1233,Curry-Howard correspondence,1
1843,What is the probability that there are $k$ people between $A$ and $B$ sitting around a circle?,1
1348,Simple couter-example of preservation of Jordan-Chevalley decomposition,1
3180,Range of complex function,1
11750,What is the difference between a Standardization and a Specification?,0
3686,limits of sequences of topological rings,1
4666,"$f(x,y)=\arcsin \frac{x}{y}$ is continuous but not uniformly continuous in its domain",1
1896,How to determine the equation and length of this curve consistently formed by the intersection of Circles,1
8909,When is the lactase in lactose-free milk active?,0
260,How can I generate this log scale plot?,1
8707,Do seeds use cellular respiration when they are germinating?,0
10498,Cook completeness of a variant of Vertex Cover,0
5472,Proving properties of maps between topological spaces,1
11856,"""Function"" to extract a file in Batch",0
7186,Biological validation of computationally determined gene-gene interaction,0
1547,hodge stars of 2-forms in 4-space,1
4918,Uniqueness of Jordan-Chevalley decompostion,1
2688,Integral in manifolds problem,1
3914,Follow up on a previous question of mine (characters in star algebra),1
8615,Which is the proportion of metagenomics reads that cannot be mapped in any genome?,0
3726,What's are all the prime elements in Gaussian integers $\mathbb{Z}[i]$,1
10954,Is there an alternative to full factorization for testing the Polya conjecture?,0
2691,Reformulating problem with 'at least one of the following constraints must hold' to an integer programming problem,1
6653,Why does the stability of YAC increase with size?,0
7924,Is there any difference between strain and mutation/mutant?,0
816,Unit square in a 2-sided square,1
3353,How to find $\operatorname E(X^2\mid X)$?,1
2855,"What's wrong with my ""proof"" that the Lebesgue measure of $[0,1]$ is $0$?",1
6183,Can you please help me identify this insect?,0
10378,ObservablePriorityQueue Implementation,0
817,$f$ is injective and $f(U) \subset f(V)$ then $U \subset V$?,1
6358,what is the active ingredient in cymbopogon citratus that repels mosquitoes?,0
6631,Using expression vector to express arsenite oxidase genes in E. coli,0
10865,decidability about intersection of regular language and context free language,0
1666,Prove that $V$-valued two-player games of perfect information have an optimal strategy and payoff,1
6108,Breakdown of functional human genome by organ/What fraction of the functional human genome is devoted specifically to brain functioning?,0
1441,Question on Riemann's Derivation of the Zeta Functional Equation 2,1
11111,Why do more powerful programming languages tend to have slower implementations?,0
5055,positive definite operator and unique solution,1
5889,What is probability?,1
883,Is the inverse of the standard deviation Sub-Gaussian?,1
10579,Pumping Lemma vs Myhill-Nerode,0
9241,Building balanced BST from sorted array: recursive and iterative approaches,0
3242,Computing cohomology of dihedral group in detail,1
2213,"Mutually orthogonal subspaces of $L^{2}(X,\mu)$",1
8445,Why cannot there be multiple sources for same species origins?,0
6378,How can an animal live without a head / brain?,0
8305,"Why are eggs ""egg"" shaped?",0
5411,How to prove $\pi ^{3}$ is not constructible from the fact that $\pi $ is not constructible?,1
9024,Implement rate limiting by cookie ID,0
6359,What is meant by topographic barrier?,0
10898,What is the definition of computable partial function?,0
10226,Checking balance of a travel card with Selenium,0
8742,First documented beneficial mutation?,0
3051,"Find $\det(A^{2}+A^{T})$ when eigenvalues are $1,2,3$",1
2035,Recurrence relation involving floor function.,1
10435,Testing class which returns big dictionary,0
10032,"Rock, Paper, Scissors in C++",0
5948,"For uniformity $\mathcal{U}_1$ and $\mathcal{U}_2$, $\operatorname{id}:(X, \mathcal{U}_1)\to (X, \mathcal{U}_2)$ is a homeomorphism?",1
5397,Why isn't the following a Linear Map?,1
10619,What are address shadows?,0
2116,Show that $|\cdot|:L(E;F)\to \mathbb{R}$ is a norm under $L(E;F)$,1
208,Some Logo and Stamp on Mathematics and Mathematicians,1
11078,Quadratic Diophantine equation - Polynomial Time Cases,0
3747,Combinations Question: Burgers,1
6078,What is this white stuff inside apples?,0
10019,How do I tell if $G$ is a forest in log-space?,0
8892,Ribosomes and DNA in chloroplast,0
9613,Probability of winning a turn-based game with a random element,0
9478,Implementation of AES using CUDA,0
4176,Calculating an integral with a matrix,1
8406,"Get ""DNA"" of one parent based on its children",0
7584,Which method of gene amplification for toehold switches?,0
7,What are PDEs of the form $\sum \partial_{tt} w = \sum \partial_{xx}w$ called?,1
10020,Node.js put records to Kinesis with infinite retry strategy.,0
3066,Holomorphic functions with a zero of order $n$ and growth.,1
7893,Why do earthworms have so little colour?,0
36,"On every simply connected domain, there exists a holomorphic function with no analytic continuation.",1
3921,Will somebody look over my real-analysis/calculus solution of $\lim\limits_{x\to 0}\frac{1}{x} \int_0^{x} \sqrt{9+t^2}\mathrm{d}t$,1
127,Evaluating an integral without a parametrization,1
975,"Size of the conjugacy class of the element σ = (1, 2, 3)(4, 5) in the group Sym5 . Order of the centraliser CSym5 (σ)",1
672,What is the area of the largest trapezoid that can be inscribed in a semi-circle with radius $r=1$?,1
8768,What do Illumina HiSeq/MiSeq paired end reads look like?,0
1944,How can I express xNORy solely with NAND operations?,1
1805,Topologist's Sin Curve: Last Step in Proof,1
5037,How to find 3D point of a triangle in a 3D space,1
6803,Solving Hardy Weinberg problems,0
7611,What is the name of this plant or shrub?,0
2851,About the integrals $\int_{0}^{+\infty}\sin(x)^k e^{-x}dx$,1
11662,Derive integer lengths for given areas,0
1315,"Given nonnegative $x_1, \cdots, x_n \geq 0$, show that $x_1 + \cdots + x_n \geq \sqrt{1} + \sqrt{3} + \cdots + \sqrt{2n-1}$",1
8883,"Genes, chromosomes, base pairs and the 23 pairs",0
10308,Prove transitivity of big-O notation,0
1821,A $m$-dimensional differentiable manifold that has a non zero continuous $m$-form is orientable.,1
7338,Identifying an insect in Cambridge UK,0
10385,"If the speed of electrical charge hasn't changed, how have computers become faster?",0
9459,Tag wikis under a certain length,0
11019,If we can simulate $NP$-machines why isn't it trivial that $NP=coNP$?,0
10149,what does it mean by problem of size $0$?,0
1475,Evaluare $I(y)=\int_0^1\frac{1}{y+\cos(x)}dx$. Hence determine $J(y)=\int_0^1\frac{1}{(y+\cos(x))^2}dx$,1
2966,Projective coordinates for point at infinity on elliptic curve,1
9566,reverse string to pattern matching,0
10316,Two variants of Fredkin gate,0
11498,nonstd:: non standard classes,0
3541,"Does the equation in Aphex Twin's ""Equation"" -song have any real resemblance?",1
4013,When is $\mathbb{Z}/m\mathbb{Z}$ a module over $\mathbb{Z}/n\mathbb{Z}?$,1
10318,Is there a Dijkstra like pathfinding with condition satisfication algorithm?,0
2108,Is it possible to define $f: S \rightarrow T$ such that $f$ is continuous and onto for each of the following pairs of $S$ and $T ?$,1
5113,Extrema of a multivariable function with trigonometric functions.,1
5083,Polynomial factοrisation,1
978,Depth of infinite direct sum,1
3609,Estimating and checking the maximum of sin(t)+cos(t),1
6612,"Biological terminology: ""codes for"" vs. ""codes a""",0
8096,Why is leucine amino acid used the most in proteins and tryptophan the least?,0
7974,Sorting beads with FACS,0
7161,"How does evolution explain the apparation of different group like: mammals, insects etc",0
8388,Why would you mix polymerases in PCR?,0
4307,A closed form for $\int_{0}^{\pi/2}\frac{\ln\cos x}{x}\mathrm{d}x$?,1
2014,Find information about distance of code,1
42,Visualization of rotation in $\mathbb R^3$,1
1705,"What is the dual space of $L^2([0,1],[0,1])$",1
10075,Contiguous Subarray Max,0
8374,Why does ant queen keep the eggs out of her hive?,0
11083,sorting a numerical list using basic scheme,0
10823,Are there search algorithms that perform better on a Rope than a String?,0
958,solving a differential equation which I don't quite understand,1
6533,Material recommendation: molecular biology for mathematicians and computer scientists,0
7637,Are there any medical treatments which no longer work because humans have evolved?,0
7337,What are the constraints on an operon?,0
1616,Playing rock paper scissors over online chat.,1
9340,Acquiring a data key,0
9406,Bash script to simplify Git deployment workflow,0
10066,"If a language is not Turing reducible to two languages, may it still be Turing reducible to their ""union""?",0
6944,Braquio-abduction illusion explanation and references,0
168,How do I find this limit? $\lim_{n\to\infty}\frac{(n+1)^2}{4^n}$,1
11916,Context Free Grammar Prove Un-/Ambiguity,0
2188,"If $b:[0,T]\times ℝ→ℝ$ is Borel measurable and $(X_t)_{t\in[0,\:T]}$ is continuous and adapted, then $t\mapsto b(t,X_t)$ is progressively measurable",1
5273,If partials exist and are continuous then they are equal,1
10006,Integer Exponentiation,0
11329,Bloom filter variant,0
6548,Can living cells be imaged with electron microscopy?,0
10958,"""Subpaths"" of Dijkstra's shortest path also shortest?",0
9453,"Movie info website (React, axios and Semantic UI)",0
7803,Why did the armadillo cross the border?,0
6617,Person-years and relevance to incidence of condition,0
10776,Generate sinusoid as Wave file,0
2046,Sum of 1/n^4 using a half period cosine series,1
5190,"Find all equivalence classes of $R_{A,B}$",1
10126,Javascript coding wager,0
10689,Check digital input signals that is sent as an integer using bitwise checking,0
8893,mutations induced by transposons,0
6145,"Is ""Fight or Flight"" distance genetic",0
375,Is this proof rigorous enough? Subspace of discrete space,1
3285,What position of a ruler gives maximum area for resulting triangle?,1
5745,Evaluating Lebesgue integral on the unit ball,1
7099,What does factor VIII have to do with thromboplastin formation?,0
6925,What kind of spider is this and is it dangerous?,0
3974,Finding differential Invariants,1
2217,Solve two equations simultaneously that include $e^{f(x)}$,1
8338,Is the minicolumn the unit of the neocortex?,0
8260,Causes of monozygotic twins,0
7123,Do people even notice when insects other than butterflies and beetles go extinct?,0
4859,Proof regarding Ridge and Lasso regularization,1
4138,Domain of convergence of $\sum n e^{-n}z^n$ .,1
282,"Is the subgroup $H:=\langle xyxy\rangle$ normal in $G:=\langle x,y\mid x^3=e, y^2=e\rangle$? If so, find $G/H$.",1
165,Existence of an antiderivative for a continuous function on an arbitrary subset of $\mathbb{R}$,1
9526,Examples of NP Complete key exchange algorithms,0
5329,Continuous maps and compact-open topology,1
8525,What is solitary flower?,0
11764,Convert tree with recursive relationship to parent-child tree,0
3867,Prove that $\text{(BE)}\|\text{(JF)}$ using vectors.,1
2425,Let $a$ and $b$ be positive integers such that $ab + 1$ divides $a^2 + b^2$. Show that $(a^2 + b^2)/(ab + 1)$ is a perfect square.,1
3682,Constructive Separating Theorem from LLPO,1
10162,JettyGwtSpringSample web application,0
5403,Area of triangle(Co-ordinate Geometry),1
1034,Is this proof for $\sum^n_{i=1} i= \frac{n^2+n}{2}$ correct?,1
10728,"Query, populate, show, hide data",0
7503,How do cellular conditions change the Gibbs free energy of a reaction?,0
75,Justify $\gcd$ of $f(x) = x^3 - 6x^2 + x + 4$ and $g(x) = x^5 - 6x +1$,1
4273,Find the variance of the following dice,1
2104,Problem defining root automorphisms on Galois Group,1
7537,Why can I raise my left eyebrow independently from the other but not the right?,0
5459,Why is the sum of squares of the edges of any tetrahedron four times the sum of squares of lines joining the midpoints of opposite edges?,1
7720,"Is there a hypernym for enzymes that ""cut"" other molecules?",0
1330,"Proving the harmonic series, multiplied by a factor of 1/n, decreases monotically to zero.",1
11518,Distributed algorithms for finding n largest elements,0
11833,Extract logic applied in a sequence of integers,0
8852,Why do our eyes close when we sleep?,0
10315,Kleene star and Kleene plus,0
11654,Node.js JSON searching & updating,0
1361,isolation of zeros of continuous functions,1
10427,Light weight C++ Signals/Slots or Event System,0
6755,Trypsin and Cell Surface Receptors,0
3942,How do I describe the analytic completion to the algebraic closure of $\mathbb{F}_2$?,1
6187,What is this bug found in a garden in Utah?,0
10010,C++ Fast Fourier transform attempt 2,0
10473,Python Tic Tac Toe Game,0
5982,Dual norm and distance,1
6071,How long can the brain survive during ongoing cardiac arrest?,0
5079,Solving a complex equation.,1
10827,Proof of proposition between Precise Turing Machine and Proper Complexity function,0
195,Change coordinates by substituting $y=z+ \lambda/z$. What is this?,1
4528,How do we solve the ODE $(3-x)y' = y$,1
9612,Can every regular expression be written as sum of products?,0
5230,how to find out combination from following situation,1
8828,Are SNPs and alleles the same thing?,0
7284,PCR efficiency or DNA yield with single primer,0
2123,Is this scratch work overly complicated for a proof,1
4014,Is $\sum \limits_{n=0}^{\infty}2^n=-1$?,1
3665,boundary value problem $-u''+u=\delta_y$ where $u'(0)=u'(1)=0$,1
3635,Is there any self complementary graph of order 5 other than C5,1
568,Rectangular prism optimization using extreme values,1
8157,Sensitivity vs. Limit of Detection of rapid antigen tests,0
7705,Which Papaya (Lechosa) plant (male or female) bears fruit?,0
32,Is the polynomial $4x^3 - 3x - 1/2 $ irreducible over $\mathbb{Q}$?,1
9290,Comparing products sold by several merchants,0
4464,In how many ways can a photographer arrange 6 people...,1
9519,Is it true that P is not equal to deterministic linear space complexity class?,0
11763,Should names of built-in funtions be part of BNF grammar?,0
2752,A problem about polynomial approximation,1
3685,Coupled second order inhomogeneous ODE,1
3184,Direct image of double cover.,1
1659,Galois groups of polynomial above a field of 17 elements,1
4316,Is there a proof that the degree of the map $f: S^1 \to S^1$ given by $f(z) = z^n$ is $n$ which doesn’t use homology?,1
6948,What promoter is required for expression of a human protein Y in bacteria?,0
3133,Is this proof rigorus?,1
8334,How do plants benefit from their seeds being buried?,0
10618,Recursively find files of certain types and log their paths (C++),0
2632,Find the values of the real parameter $k$,1
6056,"Why do genetic testing companies (FTDNA,AncestryDNA,23andme) express DNA shared in centimorgans (cM) instead of in number of base pairs or in percent?",0
10217,Algorithm to find out the number of times a number occurs consecutively in an array in a range specified,0
4509,Bell type inequalities - von Neumann Algebras,1
11101,Refresh the token before Expiry,0
2102,Lower bound for the 'de Polignac constant',1
5073,Help in a mathematical induction problem involving a chess board.,1
11865,C++ Template to implement the Factory Pattern,0
439,Do tableaux proofs show syntactic or semantic entailment?,1
3482,"Does $\mathbb P\{X\in A, Y\in B\}$ mean $\mathbb P(\{X\in A\}\cap \{Y\in B\})$?",1
3554,"""invisibility of unstable equilibria",1
52,Pivot points in augmented matrix,1
1533,Probability of rolling 3 sixes in 6 rolls,1
9671,How to simulate online matching algorithms (implementation),0
8927,Effect of pH on protein solubilty and denaturation,0
2543,Books and bookshelves combinations w.r.t. to book order,1
212,Integration Limits while finding volumes,1
11653,My own algorithm to sort integers,0
9245,"Execute command using `asyncio.create_subprocess_shell` and yield lines of stdout, stderr and finally the return code",0
11425,Split a Map into sublists,0
1816,Arc length of ellipse in polar coordinates,1
6896,What property of water explains how sweating helps the runner continue running?,0
8439,How does motor nerve innervation determine type of muscle fibre?,0
2695,"Question about required inequality for proof that Hilbert Transform is weak-(1,1)",1
9288,Read text from stream char by char,0
5183,Probability of having rolled the unfair die given the result of a roll.,1
6566,Can DNA act as a translation substrate?,0
6777,What causes motor laterality/ side dominance?,0
4867,How rigorous is multiplying both sides of an eqaution for the differential of a function?,1
10049,Encapsulating game data,0
6448,Reference Request: Human visual system takes in $10^7$ bits/sec at the periphery and compresses it down to 50 bits/sec deep inside,0
11195,Exceptions to control data read flow,0
8215,What are unmapped reads?,0
4397,Page 132 from Algebra vol1 (2ed) by P.M. Cohn,1
10661,Sorting a list of strings in lexicographic order of sorted strings,0
2512,Proof that two balls intersect,1
3016,Subgroup of $S_4$ of order 4,1
2346,Asymptotic Approximation and Sign Convention,1
5525,What is the difference between Herbrand Logic and Relational Logic or Predicate Logic?,1
3110,$\lim_{x\to 0}\frac{\sin(x)-x+\frac{x^3}{3!}-\frac{x^5}{5!}}{m x^n}=\frac{8}{7!}$,1
10770,Haskell#concat Implementation,0
7638,"What is the difference between a human being, a Homo sapiens, and a Neanderthal?",0
7174,Is it humane to kill fish by immersing them in very cold water or ice slurry?,0
7883,What portion of America needs the Flu vaccine for herd immunity effects to become substantial?,0
10935,Dual Signed Kahan Summation,0
1121,Soving a specific nonlinear elliptic equation.,1
3343,Derivative of an entire function of finite order,1
4907,Growth and multiplication of $p$-adic formal power series,1
2497,Is the following rule valid to whether or not limits exist?,1
2076,Let X be sequentially compact. Then X is also countably compact.,1
8020,How long do human egg cell grow up?,0
3947,The maximal connected compact submanifold of $O(n)$,1
7523,What biproducts do vinegar eels produce?,0
5808,Generlized eigenvalues of matrix power,1
8089,How do castes evolve in eusocial species?,0
4632,Integral $\int_{0}^{\frac{\pi}{4}}x\ln(\cos(x))dx$,1
5,"What is the cardinality of $[a,b] $?",1
3568,let $x$ be in finite group $G$ and let order of $x$ is $p$. If $h^{-1}xh = x^{10}$ for a finite group show that $p=3$,1
11440,Crawling pages to obtain .htm and .txt files from sec.gov,0
2403,Why does $\frac {1}{a}-\frac{1}{b}=\frac {b-a}{ab}$?,1
1343,Prove that $\sqrt m$ is irrational by showing that the set $\{n\in\mathbb N: n\sqrt m\in\mathbb N\}$ is empty,1
7292,Is there a way to see what representations are currently displayed in PyMOL?,0
10730,General pathfinder in Python,0
540,Does every algebra automorphism preserve augmentation ideal filtration?,1
1053,Unit vectors in $\Bbb R^n$,1
1336,Is there a description of the ring of endomorphisms of $\mathbb{Q}$ as an abelian group?,1
3214,Different elliptic curves over given $\mathbb{F}_q$ can have different orders?,1
5056,Find volume of the cone $z^2=x^2+y^2$ between the planes $z=0$ and $z=1$ using spherical coordinates,1
10466,Pixel interpolation (binning?) algorithm,0
1591,How do you use the Undetermined coefficients method for solving this non-homogeneous DE?,1
8665,Which sequence assemblers I can use to compare different paradigms?,0
6883,Is there such a thing as an autotroph that doesn't use photosynthesis?,0
2587,Upper semicontinuity of $dim_k(m_y/{m_y}^2)$,1
9425,Domino tiling of a 2xN rectangle in O(ln n),0
3499,A subspace of $\mathbb R^n$ is compact iff it is closed and bounded in the $l_1$ metric.,1
3479,how to get $\sum_{k=1}^\infty \arctan\biggr(\frac{10k}{(3k^2+2)(9k^2-1)}\biggr)=\log3-\frac{\pi}{4}$,1
3573,Lemma for showing that presheaves are colimits of representables,1
6511,Where does the additional 1 proton cost of oxidative phosphorylation come from?,0
307,Convergence of an integral around the origin,1
784,a problem of polynomial over non-commutative ring,1
7607,Does common X-like picture represent one doubled chromosome or two homologous chromosomes?,0
4415,Using Haversine formula to solve for a single coordinate X miles away,1
10535,"Parse WAP-230 ""variable length unsigned integers""",0
521,exponential equation system without log,1
5678,Asymptotic distribution of sample mean of the sum of two poisson distribution,1
2326,"Prove $x\sin2x$ is uniformly continuous on $(0,1)$.",1
3415,Prove: $\sin (\tan x) \geq {x}$,1
2513,"Always prime? $6n+1$ and/or $6n-1$, if neither divisible by $5$ nor semiprime",1
5592,Using predicate logic to verify the theorems of Euclid's elements?,1
957,"How can I prove $\int_{0}^{1}\ln x\sqrt{(1-x^2)^{2n-1}}\,dx=-\frac{(2n-1)!!}{4(2n)!!}\pi[\psi(n+1)+\gamma+\ln(4)]$",1
3576,"Given S is non-empty and sup(S)=inf(S), prove that the set S has only one element.",1
567,existence of a sequence of continuous functions with two conditions,1
8759,Mechanics of going from DNA sequence to metabolic network,0
11709,Stack implementation using arrays,0
1107,Why: $2^{n+1} = 1 + \sum_{i=0}^{n}2^i$,1
3607,The altitude of an isosceles trapezoid; given area and diagonal,1
3600,What is the simplest way of getting the solid angle $\Omega_d$ in a space of $d$ dimensions?,1
1920,Computing the Laurent series of $\frac{1-z^4}{z^4}$ at $z_0=0$,1
7796,Various Genetic Loads and their Definitions,0
4094,Is There A Name For Matrices Formed By Appending Rows?,1
1556,Reducts of categories,1
2788,Ptove that $3\prod\limits_{cyc}(x^2-x+1)\geq x^2y^2z^2-5xyz+\sum\limits_{cyc}(x^2y+x^2z)$,1
9982,Longest word simple online challenge,0
5039,Equation for an ellipse from 2 points and their tangents?,1
8382,Identification: Stinging walking/flying skin cells,0
11816,"Algorithm to minimize surface area, given volume",0
10302,JS cross-fade transition,0
7832,The genotype of a hybrid plant from a cross and its determination?,0
9922,Is Myhill-Nerode equivalence class of a language which contains all palindrome pairwise distinct?,0
4529,Subspace $U\subset U^{\perp}$ has dimension at most $n/2$,1
9801,Python/Pandas code creating 12 month product balance forecast,0
316,"For a primitive Pythagorean triple $(a, b, c)$, is it always true that $\gcd(a,b) = \gcd(b,c) = \gcd(a,c) = 1$?",1
4991,Composition factors of a module and relation to the irreducible representations,1
9857,Project Euler 407: Is there any more optimal way to solve this idempotent equation (modulo n ring)?,0
733,"Find all functions which satisfy $f(m^2+n^2)=f(m)^2+f(n)^2$ $\forall\space m,n\in\Bbb{N}$ and $f(1)>0$",1
4508,How to count Terminal Zeros from subtraction,1
2751,Maximum of function under constraints,1
1544,Inclusion Exclusion Probability Proof Using a Partition of the Space,1
7491,"from an ageing reproductive stem cell's DNA to baby's ""brand new"" somatic cells' DNA",0
9081,How to find the spot which is furthest away?,0
636,Tensor Product with a Free Abelian Group,1
8430,Does Alzheimer affect more than day-to-day memory?,0
5701,Strange symmetry regarding sum $\sum_{n=0}^\infty\frac{n^ne^{-bn}}{\Gamma(n+1)}$ and integral $\int_{0}^\infty\frac{x^xe^{-bx}}{\Gamma(x+1)}dx$,1
9986,Checking if a directory is empty when having over a million files inside,0
5955,"Weird submartingale sequence, $X_n \to -\infty$ but $E(X_n) \to +\infty$.",1
7736,How to put a gene under the control of a regulable promoter?,0
852,"Prove or disprove: $\phi(Ax,y)=\phi(x,A^Ty)$",1
1194,Question Regarding Linear ODE-Trouble Using Integrating Factor,1
5047,The wedge of an exact form with a closed form is exact.,1
1899,Inverse of a 4x4 Matrix,1
7820,Why is DNA replication so much faster in prokaryotes than eukaryotes?,0
10590,A WinAPI C++ program for printing the master boot record of the hard drive,0
5157,What does Nonconvergence mean? [Article referenced] A Factor Analysis Context,1
9379,Prove $L = \{M \mid L(M)\text{ is infinite}\}$ is not Turing-recognizable,0
9227,Promise for request/response with timeout,0
5342,Lipschitzness of derivatives,1
2075,Rearrange all the real numbers between $0$ and $1$,1
7721,Yeast transformation plate confluent with growth,0
7266,What do we mean by MHC molecule diversity? Does each human have a variety of MHC molecule isoforms?,0
6105,What is accumulation and release centre of neurohormones?,0
10231,Designing stack and queue from scratch in C,0
488,"Joint density function of X and X+Y, standard normal random variables",1
457,Question about group action,1
2471,Derivative of $(Ax)^T Ax$,1
388,Is there a generalization of the twin prime conjecture to rings or certain rings?,1
233,Image of a morphism of varieties,1
5015,How to prove that $V \otimes W \cong V^{\ast \ast} \otimes W$?,1
3390,Limit of a exponential sequence,1
11696,Does this PDO process look protected from SQL injection?,0
11012,"Function to set nested property by dot-path, like _.set",0
699,Can someone explain the ABC conjecture to me?,1
5760,Calculating fundamental matrix Question about Projectin Matrices,1
3617,Matrix polynomial - is there a trick?,1
6141,Why are dolphins born tail first?,0
35,Is the sequence of functions $f_n=\sin(nx)$ equicontinous in $\mathbb{R}$?,1
5387,Using the Definition of Uniform Convergence to Prove : $\sum\limits_{n=0}^{\infty} \frac{x^n}{n!}$ in any Finite Interval,1
2517,What does $\sigma(v(t))$ in a Langevin equation refer to?,1
8032,Osmotic Pressure Clarification,0
9169,Creating multiple observations from single observation depending on conditions,0
2635,"Is each ""elementary + finite functions"" function ""elementary + finite functions""-integrable?",1
6749,How do our muscles get tired?,0
9010,Finding lost bottle (algorithm problem),0
6526,How to analyse an ECG?,0
11451,What's the formal definition of Big-O notation for functions of more than one variable?,0
11603,Would a five color display have higher image quality than an RGB display?,0
1785,Does tensoring with a module preserve this injection even if the module is not flat?,1
10347,DFA Minimization: Finding all equivalence classes of $\mathsf{R_L}$ for language $011(0+1)^*011$,0
10343,Countdown timer for new year,0
1393,Exponent of convergence $\limsup_{n\to \infty}\frac{\log n}{\log |a_n|}$,1
2258,Area of parallelogram from a linear operator,1
7428,Does food really give our bodies the energies that we have determined by burning them in the lab?,0
9049,Search Heuristics Where the Search Space Has No Gradient,0
10195,Proving NP-completeness for a not so cheesy problem,0
8994,Which life is supported in sterilized 100% pure water?,0
9822,Minimum edge deletion partitioning,0
1642,"In number theory, is it always true that..",1
9999,Implement Immediate Smaller Element problem using Stack,0
11881,Twiddle table computing,0
2074,Lower std.deviation of a distribution?,1
5561,Inverse function theorem with topology,1
11679,BST implementation in c++,0
9437,Is binary tree just a two-dimension-doubly-linked-list?,0
7554,Applications of shortest path problem,0
7270,Parallel Autonomic regulation of Cough and Runny Nose,0
3036,Combinatorial view of binomial identity,1
2484,How do I prove there is a homeomorphism between these two topological spaces?,1
6110,Removing bacterial contaminants from resin,0
2542,Zeroes And Local Extremum Of Polynomials,1
5632,Completely regular spaces,1
3071,Simplification of $\int_0^{\frac{\pi}{2}}\sin^{n-1}x \sin x dx$,1
8939,"Does our brain really ""flip"" images perceived by our eyes?",0
325,Multiple solutions of non homogeneous differential equations,1
2782,How to show convergence and evaluate $\sum\limits_{n=0}^{\infty} \frac{n}{(n+1)!}$,1
4119,Working backwards from cylindrical shells,1
3107,Double integral for $\int_{0}^{1} \int_{-1}^{0} \frac {xy}{x^2 + y^2 + 1}\ dy\ dx$,1
5573,"How many Hamiltonian cycles are there in $K_{10,10}$?",1
2790,When is the inverse of a sparse matrix dense?,1
6636,Vesicular and non vesicular transport,0
10684,How to iterate through all values of an array?,0
2044,Name of a special right limit,1
7837,RNA interference and the former Petunias experiment >,0
3615,Multivariable-calculus,1
2091,How can I characterise the error of an interpolated surface?,1
10679,Where can I find a data set of graphs with known domination numbers?,0
5720,Proportion population dynamics,1
11715,How an insertion can be decoded in Varshamov and Tenengolts (VT) codes,0
3400,Solving the inequality $\frac{|x + 3| + x}{x + 2} > 1$,1
8357,Are there any techniques for manufacturing exosomes in the lab?,0
80,"Why are the Gegenbauer polynomials called ""ultraspherical""?",1
7978,Is it possible to identify a particular gene sequence from next gen sequencing techniques (especially RNA-seq )?,0
9164,Thread-efficient nonce generations,0
3753,Find an equation for the plane that contains the following line and passes through point P,1
346,How do I prove that $f(x) = ln(x) − (x − 4)^2$ has exactly two roots.,1
1637,Prove that $U$ is an open set of a topological space $X$ iff for all $A\subset X$ we have $Cl(U\cap Cl(A))=Cl(U\cap A)$,1
3811,Basic Analysis Help. Open & Closed Sets; Topology,1
2020,Delta-Epsilon Proofs and Bounds,1
387,Help with this Trigonometry integral,1
1055,q question regarding the numerical zero finding of Riemann zeta function and actual proof of Riemann Hypothesis,1
5750,How to estimate the money given by a kid when the goal is to purchase a computer game?,1
8233,Is the information in the brain stored in the connections rather than neurons?,0
11543,Arduino driver for 7 segment display with bit-shift register,0
6642,What is the significance and method behind Ramachandran plots?,0
11809,"If $A \le _m B$, then $A$ decidable $\not\Rightarrow B$ decidable",0
2081,Notation $K^+$ where $K$ is a cone,1
1635,Percentage increase of two percentages,1
6112,Does someone know of a website that keeps track of a species population?,0
11069,Determining the number of walks between two vertices in a graph,0
11563,Oracle Relations Between Complexity Classes,0
3079,Phase 10 probabilities,1
6002,MRI maximum field strength,0
1394,Prove that a set is compact with respect to a different metric in $\mathbb{R}$,1
11483,Is it a good practice to wrap datatypes in custom classes?,0
5324,Show linearized Riemann tensor is gauge invariant,1
5619,n choose k proof with mathematical induction,1
10063,Implementing cat function in Julia,0
6557,When did our ancestors switch to a menstrual cycle instead of the estrous cycle?,0
1476,Poisson Process Help,1
10205,Create all combinations of length N from a given alphabet (2),0
2162,Product rule for logarithms works on any non-zero value?,1
21,What's the explicit difference when looking at Differential Equations vs Stochastic Differential Equations?,1
2333,Modular arithmetic problems,1
1481,Show that the product converge,1
2182,Need help with the first step in Theorem 1 of Nair's classic paper on Least Common Multiple,1
8534,I2D vs STRING for protein-protein interactions,0
1610,Are $(\exists x)(\exists y)$ and $(\forall x)(\forall y)$ equivalent to $(\exists y)(\exists x)$ and $(\forall y)(\forall x)$ respectively?,1
2901,"In a linear program, how to add a conditional bound to x?",1
9217,Algorithm to find optimal currency denominations,0
862,Orthogonal complement examples,1
30,Question about rudin's proof of the change of variable theorem,1
8031,How can a good SD / Kozak sequence enhance translation efficiency?,0
10606,Cache Blocks Direct Mapping,0
8704,Hardy Weinberg Equilibrium problem,0
7778,Why it is so difficult to treat leukemia?,0
4518,Mathematical objects,1
1931,Show about cyclic group theorem.,1
8894,Why Lungs can't work in water and gills can't work in air?,0
8526,What are the structual differences between DNA and RNA?,0
7164,What are the applications of predicting the structure of proteins?,0
7873,Function of the alpha subunit in mitochondrial ATP-synthase?,0
7699,Coefficient of relationship and path of coefficient,0
11624,Compact ways to filter even numbers in Java int array,0
3935,Find the fundamental period of $f(x)=\sin\left(2m\pi\{x\}\right)$ and $g(x)=\sin\left((2m+1)\pi\{x\}\right)$,1
4814,Subtracting Rational Expressions,1
9940,Error handling for Stripe credit card processing,0
5871,Weak convergence in $L^1$ with a bounded factor,1
11956,Triangulation algorithm for an arbitary amount of points?,0
1878,"Explanation of ""generic point"" with examples?",1
1989,Can differential equation with integration factor be solved on another way?,1
10372,Python molar mass calculator,0
7869,Formal definition of a 'genetic trait reservoir'?,0
10975,Why finding the difference between the adjacent elements of the array to find the maximum difference?,0
6547,Does focusing on a certain part of the body increase electrical activity in that region?,0
4974,What new geometric information about a matrix does eigendecomposition of the matrix tells us?,1
1802,Improper Integral Question,1
3473,Solve the equation $x=1-5(1-5x^2)^2$,1
9782,What happened to Active Databases?,0
4982,$\int_0^1\int_0^1\binom{\text{something}}{\text{something}}\binom{\text{something}}{\text{something}}\cdot \text{something }dxdy$ with closed-form,1
5672,Are all infinite sets equivalent by an indexing function?,1
386,Why does $\mathrm{abs}(i)=1$,1
8315,What is the difference between drought resistant non-succulent plants and plants that cannot be allowed to dry out?,0
9679,Fire analytics tag based on message event from window,0
7438,What causes people to smell one persistent smell during Covid-19 infection?,0
4431,Expected value of conditional probability event,1
2309,"Roots of polynomial in $R[X],$ where $R$ is $\text{UFD}.$",1
3456,A complex 4×4 matrix,1
7683,"Can ant colonies have two ""branches""?",0
10966,What mathematics can be interesting for these CS areas?,0
11548,Recognizable vs co-recognizable languages,0
6787,About how many covid-19 virus particles is required in the human body before infection and sickness follows?,0
8092,Land Shrimp Sighting (Western Europe): What is it?,0
8686,Why do some moles grow longer and darker hair than the rest of the skin?,0
5263,$A^3$ When $A$ Is Skew-Symmetric,1
4436,Equality symbols in modular arithmetic,1
9189,What publication first introduced the concept of a non-deterministic Turing machine?,0
1676,What does $p+q=k$ mean in the index of summation?,1
7674,Why does getting certain chemicals in cuts hurt?,0
10082,Implementing a method that escapes single quotes in a string,0
7497,What types of light can't a plant photosynthesize in?,0
3678,Given: $\lim\limits_{n\to\infty}a_n=0$ prove $\lim\limits_{n\to\infty}\frac{1}{a_n}=\infty$,1
8138,How are targets formed for axon growth cones (CNS)?,0
8420,L-tryptophan in mammalian cell culture,0
6392,Why some cells don't produce purines?,0
7352,Weighing 2 vertical halves of the human body,0
4679,Find derivatives with respect to parameter or initial condition,1
23,Monotone likelihood ratio without densities,1
5152,Νumber of irreducible elements in $\Bbb Z_n$,1
9339,String Split a phrase into sentences,0
1059,Linear inhomogeneous PDE,1
1657,A space with an isometry group of $\operatorname{Spin}(d)$?,1
1432,Why are the random variables independent?,1
592,"If $G$ is isomorphic to $H_1\times\cdots\times H_n$, $H_i$ subgroup of $G$, then *is* $G$ the internal direct product of $H_1\cdots H_n$?",1
226,What is the lebesgue measure of irrational numbers between 0 and 1,1
7068,Dinosaur bones found,0
8620,Do the centrioles in the centrosome differ in their angle to one another?,0
10421,Grouping sales transactions by person,0
4367,Interesting integral $\int_0^{2\pi}\tan(\cos(x))dx=0$,1
741,Can the general septic be solved by infinitely nested radicals?,1
6082,"What is the etymology of ""moura"" in Mourasuchus?",0
9499,"The read tape in the definition of L and NL (logarithmic space) (DLOGSPACE, NLOGSPACE) (sublinear space)",0
1973,The ideal generated by $X^{2}-Y^{3}$ and $Y^{2}-X^{3}$ is not prime,1
9187,Simplifying Code for Drop-Down-Box in JQuery and HTML,0
7964,How do Opioids Stimulate a Histamine Release?,0
1376,Disjunctive normal form to conjunctive and vice-versa,1
2389,Prove that $\mathbb{Q}+ \mathbb{R}$ is not order isomorphic to $\mathbb{R}+ \mathbb{Q}$: is my proof correct?,1
1426,Introducing Dimensionless Variables into PDE and Performing Change of Variables,1
10559,Memory management for small allocations,0
9192,An OEIS Lookup tool in Python,0
105,Seeking Alternate Proof Regarding Closure Of Recursively Enumerable Languages Under Shrink,1
350,Applying Ferrari's method to a quartic,1
10481,Implementing a generic class and choosing a collection based on a type,0
5662,Probability of Binomial twice of Geometric,1
8431,Cell cycle selection,0
7425,Spatial sequence of autumn leave colouring: top to bottom,0
10987,"Get specific properties for all Active Directory groups and all their users, then combine them into CSV",0
1775,Finding an appropriate axis of rotation for two points such that they can be rotated and translated to overlay a given line,1
10578,Optimal quantization of histogram,0
10012,Metal King: A JavaScript Game,0
6081,What is mold detection threshold in humans?,0
6441,From where did the selfish gene get its selfishness?,0
1112,Generating set of Baire sigma-algebra,1
11968,Check if a site is indexed by google and stores status in Database,0
1865,Prove the product of two discrete Gaussians is subgaussian,1
4396,Proving Ratio of Errors = Ratio of Differences in Second Order sequences.,1
11958,Handling optional parameters in a servlet,0
4035,Is my Quaternion multiplication correct?,1
7339,Coefficient of relatedness for a locus on the Z chromosome,0
6329,What is the lower temperature limit for ion channels function?,0
3144,Showing that the integrating factor of the equation is $\mu=\frac{1}{xy^3}$,1
10790,Split string by list of separators and return used separator in the correct order,0
8340,Does it make sense to express membrane transporters as concentration?,0
1052,Discrete math(ternary string),1
7702,Identification of a small mammal,0
1263,How to simplify the polynomial $T=(a+t_1)+(a+t_1)(a+t_2)+\cdots\prod_{i=1}^n(a+t_i)-(a+a^2+\cdots a^n)$,1
1280,Higher centers are characteristic.,1
219,How to transform points from a plane to a different plane?,1
8926,Any species returning to the land twice throughout their evolution?,0
1026,Reference request: crowded space,1
9487,Remove elements that appear m times,0
5125,Is it possible to study the properties of sequences by studying the family of polynomials generated with the elements as coefficients?,1
4171,Representation theory of $SO(n)$,1
224,Theory of bijection with no finite cycle has trivial associated geometry,1
5356,What does OBF mean in the context of linear programming?,1
5814,Closed form for $1+\frac{1}{2} + \frac{1}{3} + \dots + \frac{1}{n}$?,1
10657,Applications affected by memory performance,0
5826,Differentiating an infinite sum,1
2722,$L^2$ convergence by the sequence of domain,1
7692,Color vision across species,0
2457,What is the greatest $b<1000$ for which 2015 is a member of a sequence $s_n$,1
4445,$\mu(E\setminus (E+x)) $ vs $x$,1
9990,Creating user accounts while avoid SQL injection attacks,0
2304,Find the sum of all values of $x$ which satisfy the following systems of equations:,1
2149,"""Squeezing lemma"" for tubolar neighborhoods",1
6736,Where can I get my exomes sequenced?,0
9555,LeetCode 928: Minimize Malware Spread II,0
796,Use the Sequential Continuity Theorem to show that the function $f(x)$ is discontinuous at $x = 0$,1
11473,"Copying content from Excel into PowerPoint as a picture, with error handling",0
5291,Is the pointwise limit of a uniformly bounded net of increasing positive continuous functions on a compact Hausdorff space Borel measurable?,1
1673,find area of square part,1
614,"Probability in a series of events, during the series.",1
7731,"Red and yellow insect found in kitchen in Conrad, Montana (USA)",0
1525,What are some research problems that fit as a good candidate for undergraduate research?,1
1255,How to prove the limit $\lim_{n\to\infty} \frac{(-1)^{n+1}}{n}$ equals $0$?,1
9650,Classes and variables in PHP,0
11515,Singly Linked List Implementation in ES6,0
203,Find the extremals $y(x)$ and $ z(x) $ for the functional,1
6818,How are the various classes of E coli genes determined?,0
10038,"N-Guest Table, Graph Problem",0
6655,How to ligate DNA to an RNA molecule,0
2557,Question about using Washer method,1
7918,Energy consumption of a resting synapse,0
9856,Big theta notation in substitution proofs for recurrences,0
5576,"Irreducibility of a polynomial in $F[x,y]$.",1
659,if $n$ is natural odd number then the polynom : $P(x)=x^n+ax^2+b$ has at the most 3 different roots,1
5458,The study of Hausdorff distance as a pseudometric.,1
6972,Are the 5 digits of all land vertebrates an accidental number?,0
6733,Human Anatomy and Physiology - The Muscoskeletal System,0
11109,Calculating pi with Monte Carlo using OpenMP,0
9878,Regular Expressions to Automaton,0
9776,Calculate age given the birth date in the format YYYYMMDD,0
9728,Contraint with three variables into three binary constraints,0
1793,"Given a set of nonnegative numbers, put $\pm$ between them to minimize the magnitude of the result",1
8510,Is there evidence that some non-human species perform sexual selection based primarily on intelligence? How do they do this?,0
6085,Immune System - B-cell receptors,0
2034,"If the dual of a topological vector space separates points, does it separate a point and a closed subspace?",1
7777,RT-qPCR of selected differential expressed genes: which dilutions in calibration curve?,0
9829,Is at least one of L and L complement Turing recognizable,0
3298,Can't find the Jordan form of this 3x3,1
9162,Simple boolean gate with two TriState inputs,0
9966,Convert boolean list to list of base10 integers,0
9201,Count Characters Function PHP,0
879,Find the value of the power of a hypothesis test,1
11932,Refactoring to avoid the use of dynamic,0
7041,Why are some animals so much more intelligent than others?,0
10900,Expected length of a random walk on a line,0
4949,Evaluate $\int_{-\pi/4}^{\pi/4}(\cos(t)+\sqrt{1+t^2}\cos(t)^3\sin (t)^3)dt$,1
2297,Show $ \sum_{n=1}^\infty { {\left(-1\right)^{n+1}} \over \Gamma(n+1)} = 1 - \frac1e $,1
3905,Calculating the mass of the Earth atmosphere,1
10878,One-dimensional k-center problem. Finding minimum distance,0
6272,Why is yawning contagious?,0
6602,Can the restless leg syndrome may have been caused due to natural selection?,0
8523,Importance of germline and somatic genomic mutations to the purpose of treatment in cancer,0
8629,Why are bacteria immune to snake poisons?,0
7464,What is the efficacy of an Ebola antibody response,0
4691,Why are these NO counterexamples for Baire's Theorem?,1
2205,Particular case of Ramsey's theorem $\mu \rightarrow (\mu)_{\kappa}^{2}$,1
2353,Uniform convergence for a sequence of function,1
2138,"Prove that if $m$ and $n$ are positive integers, and $x$ is a real number, then: $ceiling(\frac{ceiling(x)+n}{m}) = ceiling(\frac{x+n}{m})$",1
8687,Is there any standard of notation for ecological diagrams?,0
6480,Does every wave length of UV kill bacteria?,0
7413,Are phylogenetic tree construction algorithms any different than general clustering algorithms?,0
1727,Denoting a proper subset,1
3127,Steepest-descent optimization method,1
11485,Bubble sort: average number of total key comparisons,0
10327,Leetcode - First Unique Character in a String,0
8990,What happens during metamorphosis?,0
651,"If $F$ is increasing and $\mu$ is the measure induce by $F$, does $\mu(A)=m(F(A))$ for all measurable set $A$?",1
10593,Multiple for loops in Sudoku solver,0
2124,Strategy for finding integral roots for polynomials with large coefficients,1
5920,"Does this ""half-line"" convexity imply full convexity?",1
3476,Cut locus of $\mathbb{CP}^n$,1
4265,Describe how to obtain a sphere in $\mathbb R^3$ as a quotient of a closed disk in $\mathbb R^2$,1
791,Absolute value of power sets,1
9788,Logical conjunction of two binary decision diagrams,0
3123,Peano's Axiom: Is it implied that successor of a number is not the number itself?,1
10885,"Get chat message data from table, grouped by date",0
8285,General anaesthesia and brain cell damage,0
4017,Showing $\int_0^{2\pi} \frac{1}{\sin^p x}$ is finite for $0<p<2$.,1
3232,Clarification on proof that all groups of order $< 60$ are solvable,1
3594,Is there a simpler equation for this 2-d Analog to Coefficent of Variation?,1
10572,Efficient algorithm to simulate dealing cards from a large deck of cards?,0
280,"Let $(g_n)$ be a sequence of functions on $[a,b]$. If $(g_n)$ converges pointwise and uniformly continuous on $[a,b]$",1
1786,Splitting field of $x^3+x^2+1$ in $\mathbb{Z}_2$,1
213,Uniform convergence of a series of sine functions,1
561,Transition map for Möbius band in differential geometry.,1
9909,Mutually exclusive expandable panels (needs to work in IE9 and above),0
8328,Why do Centipedes always have an odd number of pairs of legs?,0
9649,"Faster way to render XML (10MB) file, loop the content and display output",0
3989,Solving second order differential equations when it equals a number,1
1836,Partial derivative of an integral transform,1
5402,Spivak's treatement of Conic Sections,1
6464,What's the difference between a free chromosome fragment and an extrachromosomal array?,0
10967,0/1 Knapsack problem with minimal cost,0
4235,AM-GM Proof in Spivak Calculus,1
1584,maximum value of $a+b+c$ given $a^2+b^2+c^2=48$?,1
3500,Is there a coordinate free proof for this result?,1
7050,Is there a special reason why ferns are so early in evolution?,0
340,About Trigonometric Transformations in Python,1
10616,How to combine items in List to make new items efficiently,0
9299,"Check if path exists directed graph, without using collection",0
7882,Database for Macroinvertebrate Taxonomy,0
2833,Open and Closed Set Problems using a Ball,1
6494,Can viral proteins cause infection?,0
6472,Does the genetic sequence of SARS-CoV-2 end with 33 A's?,0
4536,Binomial theorem shifting numeration,1
6015,How do scientists create specific mutations?,0
171,Are the quantifier negation rules in first-order logic derivable?,1
4523,Doubt regarding the Non-locally pathwise connected space.,1
3292,Is the Frobenius norm minimizer the same as the $2$-norm minimizer?,1
11492,AsyncTask and IntentService,0
10696,Reduce ATM to REGULAR_TM,0
11436,Group and send all files to filetype folder,0
11426,How to avoid using exec() and eval() in Python,0
11427,Naive demosaic for bayer images,0
10124,Depth first search implementation,0
10213,How many operations to produce this superposition of 3 qubits?,0
1418,Bundle that is isomorphic to the bundle of Whitney sum,1
5302,Construct sequence of disjoint sets from monotonic sequence of sets,1
685,How to prove the formula for the are a portion of a circle.,1
2594,Calculating the angle for a path between two nodes in a graph,1
9200,query optimization and indexing,0
5001,The range of sum/difference/product/quotient of two functions is the intersection of the ranges of the individual functions,1
4791,show that $\{ 1/n : n\in \Bbb N \}$ is not compact using open covers,1
10113,Simple Tic Tac Toe game,0
11924,Help to Refactor PHP Flip Image Code to smallest size as possible,0
7805,Can the value of heritability be greater than 1?,0
7449,Building a PDB file from amino acid sequence of non-folded structure,0
1699,Eigenvalues and eigenvectors in $\mathbb{R}^\mathbb{N}$?,1
11713,"Split-Find: maintaining dynamic graph connectivity information, under edge deletion",0
465,How to do partial fraction decomposition with exponentials,1
7929,Which domains or motifs are capable of attaching to both DNA and RNA?,0
10693,Calling method with complex arguments,0
10833,Transmitting/Sending big packet safely using TcpClient/Socket,0
9994,How does a hard drive knows what bit is the beginning of of a byte/word?,0
3040,Prove multiplication in fields is commutative,1
9137,A condition ensuring that a bipartite graph have a perfect matching,0
1790,Solving system of equations with sums of odd power,1
9544,Finding the largest prime factor,0
5101,Complete developable surface in $\mathbb{R}^3$ is ruled,1
9279,Why is the Marking Algorithm takes O(number of marks) ?,0
4925,Moore neighborhood of range r?,1
6461,Which human cell lines do not express the GLP-1 receptor?,0
372,Maximum Volume of Cube Inscribed in Sphere of Radius 2,1
11733,Quicksort Algorithm Efficiency,0
8129,"Is there a color changing organism that is by default translucent or otherwise ""colorless""?",0
5779,Continuity in multivariable calculus: How is it derived from single variable counterpart?,1
5247,Proving convexity of $S = \{x: x^tQx \leq \beta\}$,1
2480,Is this a metric in the space of continuous martingales?,1
5252,"If $u,v\in H_0^1(\Lambda,\mathbb R^d)$ are divergence-free, does $(u\cdot\nabla)v$ belong to $L^2(\Lambda,\mathbb R^d)$?",1
7700,What gases are needed for humans to breathe?,0
5463,Characterization of integral quadratic forms representing the same numbers?,1
3417,Derivative of L2 norm,1
3544,Evaluate the integral $\int \sqrt{(x-a)(b-x)}$,1
9984,Asynchronous Array.map,0
157,Converting a Cartesian ODE to Polar,1
502,Direct sum of subspaces projection,1
11706,An Awk program to find all primes till N,0
7019,"What happens when you mix catalase found in yeast with a small, medium, and large amount of isopropyl alcohol and hydrogen peroxide?",0
6599,Why can we sniff so much?,0
9537,"UVA online p957 - ""Popes""",0
8209,How can I separate the abundance of the incidence results?,0
2052,Differentiation of $v(a)=18^2 \cdot a$,1
6347,What restriction enzyme was used in cutting this DNA piece?,0
7952,Help identifying an insect (I think it was an insect),0
6604,What happens to lactic acid I eat?,0
6339,What is the attacking mechanism of RF on IgG?,0
4998,What is wrong with my Laplace transformation with cover-up method?,1
1192,Eigenvalues after Givens-Rotation,1
10251,Animation for android ImageViews acting as game pieces,0
7689,Why can't we defibrillate the heart within 1 minute after ventricular fibrillation by electroshock?,0
10676,"Is ""super-exponential"" a precise definition of algorithmic complexity?",0
9552,Array Implementation of Queue,0
2655,Then which of the following statement(s) is(are) true? about uniform convergence,1
5076,Dirac measure on periodic orbits for Hamiltonian Dynamcis,1
10528,Full-page background in HTML,0
10649,Single instance of reusable HttpClient,0
2418,Compact subset of $\mathbb Q$,1
7694,Are there any situations in which phenylephrine is preferred to pseudoephedrine?,0
4306,Solids produced from finite constructive solid geometry operations,1
8036,Function of carapace,0
7454,Why are carbohydrates the most common short-to-medium-term energy storage form in biology?,0
11140,Python Text-To-Speech program,0
10574,Number of distinct single-assignment forms with $j$ binary function calls?,0
10840,Compacting this repetitive JavaScript bit which trims values in an object,0
3697,How to attack solving for similarity transformed quantities,1
3663,Linear Algebra intuition behind subspaces,1
1991,Purpose of the Perturbation function in Convex Optimization,1
9656,Calculate the crc32 of the contents of a file using boost,0
11055,About the paper Privacy-preserving in association rule mining using an improved discrete binary artificial bee colony,0
2817,Probability on a 8x8 chessboard with pieces and kings. What is the chance the piece can be captured?,1
10095,In-Memory FileSystem in Java - Is there a better OOP approach?,0
9895,Lower-order term constraints and wrong guess,0
332,Expected value and variance of step of random walk with barriers,1
10560,"Why does $A(L)= \{ w_1w_2: |w_1|=|w_2|$ and $w_1, w_2^R \in L \}$ generate a context free language for regular $L$?",0
11526,Copy sheet contents faster in Excel,0
9350,Computational complexity based in the input size,0
468,Finding a curve given only its basic form and its tangent line,1
3834,Viewing groups as objects of the concrete category $\mathsf{Grp}$,1
8903,Do Marsupials have a standard classification system for their blood groups?,0
557,A question about centralisers in Lie algebra.,1
2041,"Is $C[a,b]$ complete when given the norm $||f||:=\sup_{x\in [a,b]} \Big|\int_a^xf(t)dt \Big|$?",1
11493,Conversion into hexadecimal using C++,0
11536,Term for size of maximum independent set,0
4864,The sum to n terms of the series $\frac{1}{\sqrt 1+\sqrt 3} + \frac{1}{\sqrt 3 +\sqrt 5} ....$,1
738,assessing linear relationships as logarithms,1
1199,Show that there are infinitely many primes congruent to 1 or 4 or to 2 or 3 modulo 5.,1
11826,Unit Test class from iOS,0
8355,Why can DNA tests with mixed DNA of several people not be used to detect a criminal in a database?,0
7582,"How does excessive acute inflammation damage tissue (eg, in sepsis or cytokine release syndrome)?",0
11933,Snippet to get all local classes from a module,0
7492,PedigreeAnalysis Genetics,0
3458,Showing the minimal polynomial for an element in an extension field is the same as the minimal polynomial of a linear transformation.,1
8398,"This strange looking thing was on the leaf, can you identify what this is?",0
3475,$52$ cards reciprocal sum probability,1
7219,Why would growth hormone (somatotropin) cause both lipid AND glucose release?,0
10490,Comparing performance of multi- and single - thread search of a maximum number,0
9724,Factory pattern along with DI using Unity container,0
4709,"Show that for any $x_0\in \mathbb{R}$, the one sided limits exist and that $f^+(x_0)\geq f^-(x_0)$.",1
6754,Database of Medical Assertions,0
9899,Fast k mismatch string matching algorithm,0
4037,Doubly transitive actions,1
4075,"Proof wanted that there is no positive integer matrix with positive integer eigenvalues u,v,w, if $0<u<v$ and $1\le w-v\le 2$",1
4857,Poset generated by intervals with inclusion,1
6264,An introduction to nuclei in the pons?,0
2747,Dense open subsets of schemes,1
4387,"Given $f(x) =x^4 + 2x^3 + 6x^2 + 8x + 8 $, why is $f(3) = 65$?",1
10326,Limit fgets input to up to a certain number of characters,0
3825,Difference between point matrix and coordinate matrix,1
7307,Variations in action potential threshold and temporal coding,0
3470,Circles to Lines in the Stereographic Projection of a Sphere,1
8781,Excretion of monovalent and divalent ions in sharks,0
2249,Method of Undetermined Coefficients Using Complex Arithmetic,1
11192,Prime Implicants in Boolean Function,0
7780,Do birds have quadriceps and thighs fused into their hips?,0
2915,Principal ideal ring if and only if it is both a Noetherian ring and a Bezout ring.,1
3987,Limit of partial derivative,1
10181,Grammar for square numbers in unary,0
776,"Check to see if the function $f$ which satisfies the following relation is one-to-one or not: $\forall x,y\in \Bbb R: f(x+f(y))=f(x)+y$",1
9639,Function to find text between two tags,0
1150,"Let $Y$~$Gamma(a,b)$ with PDF $f(y)$= $y^{a-1}e^{-y/b}/\gamma(a)b^a$; $y>0$ For $a>1$, show that the mode of $Y$ is $(a-1)b$.",1
3281,Solve the equation $\sqrt{1-x}=2x^2-1+2x\sqrt{1-x^2}$,1
2372,Is the running maximum of random walk a martingale?,1
6343,can animals override instinct?,0
1823,What are some advanced techniques for matching sequences to a formula?,1
8101,Modularity of transcription factors,0
10207,Efficient Implementation of functional and Lazy evaluation in C++,0
7622,Why is the blood pressure in the superior vena cava during inhalation less than during the exhalation?,0
7524,Do we know what the earliest stages of integument like fur or feathers looked like?,0
5075,Write a function in GAP that returns the elements in the coset gH as a list.,1
2,How to check if a set of vectors is a basis,1
1310,"Evaluating $\int_{x=0}^a e^{-x}e^{-1/x}\,\mathrm dx$",1
5723,Show that $n(2n + 1)(7n + 1)$ is divisible by 6 for all integers $n$ and find all integers $n$ such that $n(2n + 1)(7n + 1)$ is divisible by 12.,1
3200,Corollary of Green's Identities/Formulas,1
10715,Best way to preload images with callback on completion with pure JavaScript (ES6),0
6165,How does sequence independent single primer amplification work?,0
10520,Thought process for the following problem?,0
9061,Merging K Sorted Linked Lists,0
11346,"What is ""memory coalescing""?",0
10193,Roguelike Building Generator,0
11457,"Abstract the (duplicate?) behavior between ""sort"" and ""replace""",0
7005,Which part of the genome are the developmental sequences of embryogenesis located?,0
7187,Can a person become addicted to tea?,0
57,"If average salary is correlated with number of men and women in a company , should it be correlated with ratio of men/women?",1
898,Application of wavelet analysis in computer science,1
3788,Integration related to Bessel function,1
155,Showing that there is a $\varphi : U \to \mathbb{R}$ such that $y_0 = \varphi(x_0)$,1
4771,write as difference of two squares,1
11901,How do quantum computers find the global minimum?,0
2036,Calculating sign of a permutation,1
1712,Use DeMoivre's Theorem to prove $ \cos 5x = 16 \cos^5x - 20\cos^3x+5\cos x$,1
11974,Rust/WebAssembly VS pure JavaScript benchmark in Node.js,0
6676,Chest muscle and female breast size,0
3630,Category of sets equivalent to category of finite dimensional vector spaces?,1
8084,Key points of Wagner's theory of innovation,0
2174,"How to understand why $x^0 = 1$, where $x$ is any real number?",1
4184,Describing the action of T (linear transformation) on a general matrix,1
9148,"Filter one array based on values of another, is this the best way?",0
1316,number of possible component in sinusoidal model,1
8247,What happens to human dopaminergic reward system once a teenager becomes adult?,0
1870,Angles of lines tangential to a circle,1
3341,"How relevant are theoretical convex optimization convergence rates in practice, when parameters are unknown and function may be nonconvex?",1
6447,Has any research lab done serious work to engineer new bacteria which assemble graphene wafers?,0
2769,When is a functor uniquely determined by where it sends objects?,1
6685,What do HG and NA mean in Geuvadis project RNAseq sample labels?,0
8223,Brownian motion : Understanding the output of mvBM function.?,0
1918,Existence of Designs,1
5624,Graph Theory - simplifying parallel branch dependencies in directed graph,1
9915,Can we say that Zookeeper updates are ACD (ACID without the I)?,0
8132,"The difference between ""Hunger"" and ""Appetite""",0
415,Vector: Vector properties?,1
8417,Could an annual plant be genetically modified to be a perennial?,0
6259,Aquarium snail identification,0
272,Proving real polynomials of degree greater than or equal to 3 are reducible,1
6614,Why do I often see male robins with female robins?,0
9458,Reading Values From Enviromental Monitor XML Feed,0
8175,What did cyanobacteria gain from photosynthesis?,0
6564,What is the name of this tiny spider?,0
4236,"If a linear operator takes an orthonormal basis to an orthonormal set, then is the orthonormal set a basis?",1
11507,Swift: extract string with regex and range,0
2673,Proof that Bellman update is a contraction,1
10853,Need help constructing a Deterministic Finite Automata with AT MOST,0
6999,HELP hepes preparation,0
5469,"Convergence of ${\large\int}_{-\infty}^\infty J_0(x)\,J_0(x+a)\,dx$",1
525,Pick coloured balls from given urns,1
9529,More protection needed? PHP secure,0
9780,JavaScript HTTP regular expression,0
10015,"Solving $T(n)=2T(n/2) + n \lg n$ , For ex: Counting inversions implemented with full mergesort",0
9651,Displaying IP addresses in Go using Stringer interface,0
9590,Find the closest unvisited visible home,0
10871,"Stack class in Ruby to calculate maximum number, get the average, pop, push",0
2944,"Proving that for any cardinal number, there doesn't exist a set containing containing all sets of that cardinality.",1
4399,How to evaluate this integral when $\lambda < \frac{3}{4}$,1
9416,Huffman Coding in C++,0
11661,Expanding compressed string,0
3713,"Showing that the mapping $a\in M, a^3=1,x\mapsto ax^2a^2$ is an automorphism of $M$",1
1159,Hypothesis experiment,1
1101,What is the significance of magnitude when we put a point in $ax+by+c$.,1
3505,Finding the projection of a vector into a subspace,1
8199,Is there a correlation between incidence of type 1 diabetes and vitiligo?,0
4621,Understanding Second Principle of Mathematical Induction (Strong Induction),1
1096,"Let $0\to F_1 \to F_2 \to F_3\to 0$ be a S.E.S. of Abelian sheaves. If $F_1$ and $F_3$ were flabby, would that imply $\mathcal{F_2}$ is flabby too?",1
5065,Determine the expressions of base change,1
3773,Linear change of variables and Integration domain,1
9739,Permute and count between nested dictionaries,0
1975,Abel's test for uniform convergence in Fourier series,1
7117,String-db locally downloaded,0
10189,Python style with-statement in C,0
8973,Modelling how much cadmium a cell will be able to chelate with phytochelatins,0
6184,Can coding DNA be used for DNA fingerprinting?,0
5166,"What is the name of this ""set similarity"" function?",1
6065,A website for identifying birds,0
2281,Generalizing Green's Theorem,1
3038,Additive but not multiplicative,1
6501,Are there any organisms with larva more advanced than adult form?,0
3118,Calculate $‎\lim‎_{ ‎r\rightarrow ‎\infty‎}‎‎\frac{\Gamma(r\alpha)}{\Gamma((r+1)\alpha)}‎‎$,1
8274,How do wild animals get rabies?,0
5798,How large can the smallest integral solution of a Mordell curve be?,1
9017,Optimizing puzzle game involving sequence numbers,0
2143,"If $(Ω,A,\text P)$ is a non-atomic prob. space and $μ$ is a prob. measure on a Borel space there is a variable on $(Ω,A,\text P)$ with law $μ$",1
1485,How do I find the solution for these exponential equations?,1
7914,What is the another use of de Bruijn graphs in bioinformatics except DNA assembly?,0
134,Can this transformation be expressed as a matrix equation?,1
3386,proof of l'Hôpital's rule,1
6172,How standardized is lab-grade skim milk?,0
6810,Why is dimethyltryptamine (DMT) being released during death?,0
8775,Identify a lone bone (jaw including teeth) found on a beach at Trouville-sur-Mer (France) in 2018,0
7222,What is the general mechanism behind perfusion PET imaging,0
4082,Proving a partial sum with induction,1
2066,"L. C. Evans, weak convergence in Hilbert spaces of bounded sequences",1
11907,How the code travels,0
4950,Finding a nullspace of a matrix - what should I do after finding equations?,1
5691,Number multiplied by itself does not give a square number,1
11050,Enormous Input Test - reducing program runtime,0
5506,Is there a notion of a continuous basis of a Banach space?,1
8571,Measuring body size in flies/insects,0
10093,Finding Matches and writing results to file C#,0
6245,Can hair follicle miniaturisation affect hair color?,0
1179,"Let $f(x,y) = \sqrt{8y+1}$ be a scalar valued function, and the curve $C$ described by $2x^2$ for $0<=x<=1$",1
1287,How to solve trigonometric equation $\sin(x)+x\cdot \cos(x)=0$?,1
5755,How Different is an Eigenvalue Problem from an Ordinary Differential Equation,1
2299,"When deriving the multivariate normal distribution, please explain this limit",1
7785,What are the differences in ultrastructure of cilia and flagella?,0
4208,Half-b form for quadratic equation,1
8142,Reproduction in horses and donkeys,0
8833,Amplified Fragment Length Polymorphism (AFLP) primers,0
7410,"What does uniprot consider ""unambiguous"" evidence for the subcellular domain of a protein?",0
11895,Select the element out of the array if its index is a Fibonacci number,0
1893,Summing powers of complex root of unities gives 0,1
1333,Inequality involving series,1
1180,Let $(x_n)$ be a $\epsilon$-additive sequence. Prove that $\lim\limits_{m \to \infty}\frac{x_m}{m} = L$ exists.,1
802,"Integral extensions of rings, when one of the rings is a field",1
7085,Can a protein falling below a threshold trigger another response?,0
11081,Prove that inserting $n$ sorted values in to an AVL using AVL insertion is $\Theta\left (n \log \left ( n \right ) \right )$,0
7951,what is this mushroom and how to grow this mushroom?,0
79,Differential equations and Kalman filters,1
1396,$f_1(x) = \sqrt x$ and $f_{n+1}(x) = \sqrt {x + f_n(x)}$,1
7599,The Viceroy Evolution Paradox,0
6271,Can herbs absorb harmful substances leached in water supply,0
4203,"Is it common notion to call limits that can be evaluated with algebra ""intermediate limits""?",1
8008,Is the central axon of pseudounipolar neurons in dorsal root ganglia typically myelinated,0
3087,Understanding counting.,1
1568,Almost sure convergence of L1 bounded sequence implies L1 convergence,1
6208,Are there terrestrial plants that thrive on sea water?,0
11095,How to handle same code parts in Factory Method?,0
8631,Name/term for mechanisms by wich the relative size/number of cells of some tissue/organ are preserved,0
2522,Normal approximation to a Binomial distribution,1
5384,Pendulum with **friction** : La Sall's Invariance Theorem,1
4560,Existence of proper self-map of Euclidean space whose image has non-zero co-dimension,1
8131,How do you store membrane proteins?,0
7971,Can I find out what resistance bacteria has based on strain? where do I look for that info?,0
9025,Find a strategy to evade hungry lions on the real line for the longest time,0
6216,Ascending loop of Henle,0
2282,Equation of a Tangent Plane and Surface Area,1
3303,Finding the points of a circle by using one set of coordinates and an angle,1
1031,"Prove or give a counterexample: For all $x > 0$, $x^2 + 1 < (x+1)^2 \le 2(x^2 + 1)$",1
10137,Preventing resubmission of form using timestamp,0
2583,Show the $\mathbb{C} S_3$-module of dimension 2 has $S(V \otimes V)$ is not irreducible,1
11200,Why do we pop the dollar symbol when it's already present in the stack in PDA?,0
10926,Digital root recursive function,0
11045,Can someone clarify this unification algorithm?,0
1363,Deduce information about $\mathrm{E} |X|$ and /or $\mathrm{Var} |X|$ from $\mathrm{E} X$ and $\mathrm{Var} X$,1
1401,Is it possible for Markov inequality to have at least two points of equality?,1
8408,Is there any situation where bloodletting should be paired with transfusion?,0
7171,"If the top epidermal layer is burned away, what is it replaced with?",0
11074,Trello list scraper that extracts all numbers from boards and logs the sum,0
8222,To what extent is Ebola airborne? (aerosols),0
5086,Trying to show $1-\frac12 -\frac {1} {4}+\frac {1} {3}-\frac {1} {6}-\frac {1} {8}+\frac {1} {5}-\cdots =\frac {1} {2}\log 2$,1
10712,"Given a shape, return all triangles that can be formed",0
4884,"Given $A$ and $B$ are $n \times n$ matrices, show that every vector $x$ in null space of $A$ is also in null space of $AB$",1
7561,Relationship between body size and damage done by electricity,0
9784,Calibration and overlay of RGBD with a thermal camera,0
8106,Where can I find mutation datasets for cancer?,0
6148,Why are market squid attracted to fishing lights but also avoid naturally lit surface waters during daytime/full moons?,0
4233,Square root of a matrix.,1
9226,How many edges before a random graph is connected?,0
5522,An example of a group with $1+np$ Sylow $p$-subgroups,1
10301,Why does the operating system switch an active process to different cores?,0
1930,Determine if the power series is continuous,1
1744,Is the tensor product of irreducible representations of different groups irreducible?,1
10441,Designing a rationing algorithm for a store,0
11872,Interview solutions to reverse a string and reverse a sentence,0
3843,Basin of attraction (Eigenvectors),1
6997,Why there are no plants that offer salt fruits as opposed to sweet fruits?,0
9917,Reasoning for awkward style of TreeMap.getHigherEntry,0
1151,"In a joint distribution, is it true that $P(A_1, \dots A_n, A) = P(A_1, \dots A_n, A^{c})$ if $A = A_1 \cup A_2 \cup \dots \cup A_n$?",1
6767,What is the antagonist of epinephrine?,0
7180,Through which mechanisms did the Drosophila Histone Cluster evolve?,0
2402,"Such thing as inverse/undo ""search"" or ""filter"" operator",1
289,proof using field axioms only,1
5963,"Reading, Writing, and Proving Math: Cartesian Product",1
1197,Inequality with a twice differentiable function,1
11367,Divide and conquer algorithm for max binary gaps,0
3279,Questions about Heisenberg lie algebra and it's representation.,1
7677,Plant with purple/white/yellow flower,0
7277,mRNA Transcription from Nuclear DNA,0
1165,Show that $\int_0^1 \frac{x\log x}{(1+x)^2} dx$ is Lebesgue integrable,1
10083,Showing that the number of primitive-recursion programs for each function is countably-infinite,0
7025,Does modern theory of evolution include modification of physical environment?,0
4543,"What is the Cartesian Product of two nonempty sets, one of which includes Ø as an element?",1
3288,Gradient direction / descent,1
34,Show that $x \in W_{x}$ is undecidable,1
7038,If two definitive ovums are fused will they form an organism?,0
2900,How to show that $\lim_{n\to \infty} f_n(x) = 0$.,1
9866,"Message class, with constructors for data from user and from database",0
4268,How to intuitively understand the power set of $\emptyset$,1
8107,Help in identifying crusty formation on Eucalyptus leaves,0
11731,Counting characters in a text file,0
1728,How to prove a function of two variables is Lebesgue measurable?,1
2176,Can the PDE $u_{xx} + u_{xy} + u_{yy} = 0$ be separated by variables?,1
6681,What are chromosome dimers and how do they relate to recombination?,0
3579,How find this vmatrix of this $a_{n}=\frac{(2n-1)!!}{(2n)!!}$,1
3422,Solving PDE with D'Alembert's Formula for $x >0$,1
295,Understanding a comment by Thurston,1
380,What do I need to know to understand the Riemann hypothesis,1
6246,Why would the Camargue horses have a white coat while the foal have a dark coat?,0
8692,Can DNA be considered as a fractal antenna?,0
11615,CTL vs LTL - when a formula satisfy a model,0
9185,Lower upper bound on # variables in k-SAT with m clauses,0
5297,Finding a unit tangent vector as a function of t.,1
7064,How do ribosomes contribute to their own synthesis?,0
2058,COmbinatoric : Guess who is the winner candidate?,1
3449,Is the constant group scheme for $\mathbb{Z}$ affine?,1
3037,A function with only a partial derivative not Hölder-continuous,1
3254,"Circle, tangent to parabola",1
11512,Is this a good way of managing parallel go routines when I care about ordering of results?,0
1012,Prove that number is a primitive root for all $k$ in range,1
22,Group theory: How does binary operation define its associated set?,1
5642,"In Banach algebra $A$ if $a^2=a$ show that $\sigma_A(a)\subseteq\{0,1\}$",1
7422,Where is the H+ ion in this step of glycolysis coming from?,0
5666,How do pocket calculators calculate exponents?,1
6192,Chiral (a)symmetry of curly hair (and fur),0
4453,What alternative measures of infinite sets exist?,1
3334,A problem about  uniform convergence,1
8316,Giardia lamblia cases of infections,0
4521,Find the volume of the solid under the plane $x + 2y - z = 0$ and above the region bounded by $y=x$ and $y = x^4$.,1
1323,Show that $\int_0^1 {\sin \left( {\pi x} \right)} x^x \left( {1 - x} \right)^{1 - x} \mathrm dx = \frac{{\pi e}}{{24}}$,1
5401,finite dimensional representation of $C^*$ representation,1
7188,What's the recommended maximum passage number for mammalian cells (NCI-H441)?,0
2373,"Example of a differentiable $f$ and $(x^*,y^*)$ where $x^*=\arg\min_x f(x,y^*)$, $y^*=\arg\min_y f(x^*,y)$, yet $(x^*,y^*)\neq \arg\min_{x,y}f(x,y)$?",1
11208,I cannot find an invariant for the following program,0
3356,Show that the sequence of norms of inverses of a convergent sequence of matrices diverges to infinity.,1
8224,What actually kills a plant that requires winter dormancy if it is kept indoors all year?,0
6207,Relationship between toxicity of drugs and negative effects on brain,0
11510,Showing the domain of a URL,0
8369,How does the embryo inside a shelled egg get oxygen?,0
3746,"$A$ is element of $M_n (C)$ and $A^n=I$ and $A^k \neq I$ , $1\leq k <n$. Show that $A$",1
8548,Would it be possible/plausible for a type of spider to fly by weaving web between it's legs to create bat-like wings?,0
10041,Finding all topological orders,0
11969,Finding columns of a matrix that are the same for combinations of events,0
10540,Convert a list of dictionaries to a dictionary of dictionaries,0
9669,$\mathbf{NC_2}$ is closed under log-space reduction,0
941,Complicated comparing sets,1
9989,How can I clean up (DRY) this verbose jQuery code?,0
403,Limits using Maclaurins expansion for $\lim_{x\rightarrow 0}\frac{e^{x^2}-\ln(1+x^2)-1}{\cos2x+2x\sin x-1}$,1
3477,what is diffrernce between limit point of sequence and limit of sequence,1
1834,Find the minimum and maximum of $P=x^2+y^2$,1
5614,Identification of integration on smooth chains with ordinary integration,1
6908,Identification of a mammal in cage,0
6231,"What plant is this? Edible, tastes like cress",0
743,How many proper nontrivial subgroups do D5 have?,1
2478,Undefined Subintervals - Riemann Integrals,1
7382,What are the advantages of heterologous expression systems?,0
2929,Proving that if $a \le -1$ then $\underset{n \to \infty}{\lim} a^n$ does not exist,1
6597,Is there any reason for the variation in mitochondrial DNA size?,0
10909,Stateless tooltip component using React hooks and ref,0
5103,"If $f(z)= \sum\limits_{n=0}^{\infty} c_nz^n$ has radius of convergence 1 and if $c_n\geq 0$ for each $n$, then $f$ is not analytic at 1.",1
7236,Does the creation of memory involve mRNAs crossing the synaptic gap?,0
8377,"Genetic Drift: Models, assumptions and empirical observations",0
9980,Is $\Gamma \vdash x x : T$ possible in the simply typed lambda calculus?,0
475,If $f$ is an odd function then $c_n = 0$ for $n$ even,1
3175,Classical differential operators with complex functions on Riemannian manifolds,1
10417,Jaccard distance between strings in Rust,0
10009,Utilize loop or other efficient way to find string and copy offset columns to certain cells,0
552,Understanding Linear Least Squares Problem Statement,1
8359,Why is there a mass limit on biological powered flight?,0
9158,Processing XYZ data from a large file,0
10604,Verify that a CSV file contains a backup job for every prod job,0
2396,Integrating $ \frac{\int_{-\pi}^{\pi} \cos^2(x)|\cos(x)| |\sin(x)| dx }{\int_{-\pi}^{\pi} \cos^2(x)|\cos(x)| dx } $,1
10060,"On an AVL tree insertion/deletion, which nodes have their height changed and why?",0
851,strong maximum principle - harmonic function,1
9817,Counting Sequential Booleans,0
473,A function in $\textit{D}(\mathbb{R})$,1
674,Cardinality of a minimal set of generators.,1
3368,Prime number theorem and how many primes are close to $x$ for sufficiently large $n$,1
4903,Measurable functions on a $\sigma$-algebra generated by a collection of mappings,1
3871,Must a sequence in a metric space $X$ be a function from $\mathbb{N}$ to $X$?,1
144,Proof by induction of Bézout's identity for $n$ integers with no common factors,1
9080,Filters for a JSON collection,0
188,Let $n=x^2+y^2$; $n=2^{2k}m$ or $n=2^{2k+1}m$ with $m$ odd. Prove that $2^{k}$ divides both $x$ and $y$.,1
9450,Size of the largest connected component in a grid in Python,0
3319,Are these two products of random variables independent?,1
7517,What is a Singleton Variant,0
7556,Gene density percentage,0
460,"Are $P(A,B) = P(A \text{ and } B) = P(A \cap B)$?",1
3272,"Prove that the function ${f(x)=1+(1-x){\ln(1-\frac{1}{x})} > 1}$, ${\forall x \in \mathbb{R}}$ such that $x>1$",1
3073,Solution to a complex first order cubic nonlinear ODE,1
7855,Is there a biological mechanism for evolution encoded into our DNA?,0
2619,How is it possible to implement inverse cotangent function on range $0<\theta<\pi$?,1
6087,fibrinogens and fibrins - are they the same molecule?,0
2701,Proving that $ (A \triangle B) - C= (A - C) \triangle (B -C)$,1
10573,How to deal with elimination of duplicate logic vs. cost of complexity increase?,0
9937,min vertex cover to access k edges in a tree,0
7788,Genetics problem-Height of a plant,0
8244,Big cat in heat for months?,0
4383,Square root of complex number.,1
4140,Generation of a constant term is observed,1
10512,Encoding order relations in CNF,0
3486,Showing uniform convergence of a sum,1
3646,Orthogonal complement of a vector bundle over paracompact base,1
2718,Solve system of nonlinear equations using non-numerical method,1
5430,Clarification and Proof of 'equivalence' asserted in Matsumura,1
8389,Why does the brain produce cannabinoids?,0
2324,English translation of Minkowski's Geometry of Numbers,1
10814,How can I improve this PHP MySql Rank generation function?,0
5700,Help with a formula for Google Adwords,1
4501,Equivalent metrics and open sets,1
7897,Immunology Book Suggestion,0
8755,What happens if nerve impulses go the wrong way?,0
3887,Is $f(a+b\epsilon)=f(a)+b\epsilon f'(a)$ true for non-analytic smooth functions of dual argument,1
6680,Which mammal produces the most milk?,0
6587,Why should evolution not be equated with progress?,0
9545,Testing ServiceController Class,0
3060,"Compute $E[X \mid Y]$, $E[X]$ and $E[XY^2]$, knowing the distributions of $Y$ and of $X$ conditionally on $Y$",1
11673,LeetCode 284: Peeking Iterator,0
8890,Stomata during night (respiration),0
3252,Exponential Distribution - the average lifetime,1
10187,Check if two separate ranges have some number in common,0
9078,Loading either all shops or a specifically named shop from a DataTable,0
11167,Boyer Moore Horspool Search Algorithm in Go,0
2536,What trig identities must one know to derive the others?,1
6369,How to measure trajectory regularity?,0
6926,Why does the heart use lipids (and not glucose)?,0
501,Unitary matrix with special relation on matrix entries,1
5048,Is this an inequality law? with division,1
111,Function on half open interval is Riemann-integrable on closed interval,1
9018,Naïve optimization by stepping until the error falls below a threshold,0
5976,How to define a canonical basis set?,1
10989,Prime numbers in given range,0
8706,What is that insect?,0
1665,"$X_1,X_2$ connected. Show that $X_1\times X_2$ is connected.",1
10159,Graph isomorphism and the automorphism group,0
1701,Extending function with local maximum in a bounded smooth domain.,1
3551,"What are the differences between $H_n(X/A)$ and $H_n(X,A)$ for $A\subset X$?",1
1772,Limit of power series,1
2507,"Regular value, Jacobian determinant of constant sign",1
4021,Find the two points where the shortest distance occurs on two lines,1
6584,Are brain cells replaced over time?,0
915,Partial derivative of a function of a matrix,1
6221,How do we know if the folding@home project results are right?,0
11062,Lispy code? Sum multiples of 3 or 5 up to 1000,0
637,Uniqueness of hyperplane,1
455,Prove that $a_n:=\sin(\log(n))$ isn't Cesaro summable,1
6674,Cockroaches and magnetic fields,0
11302,Solve a basic mutex lock problem while preventing deadlock,0
6219,Could someone recommend an introductory book on epidemiology?,0
8540,Why are human feces riskier than urine with regard to spreading diseases?,0
10453,Object - Text Validator,0
10110,Assembling a json object from an array,0
5462,"Let $G,K$ be groups with $H\le G$. It is not always possible to extend a homomorphism $\sigma:H\to K$ to $G$",1
1051,When does Big-O notation apply to functions with arbitrary constants?,1
7211,Range for which the Verhulst-Pearl model is a good approximate,0
5900,Smooth grid lines and implicit surfaces,1
715,Are the trees well-quasi-ordered by induced subgraphs?,1
78,Intuition behind the definition of direct sum of linear subspaces,1
9516,Suggestions on Point Cloud fusion,0
8913,What about this bat?,0
1095,A question about current and Dirac measure,1
11066,leetcode 230: kth smallest element in a Binary Search Tree,0
5155,Problem in understanding a statement on finding the velocity field of fluid.,1
4169,"Show that the only continuous solution of $g(s+t) = g(s)g(t)$ with $s,t \ge 0$ is $g(x) = e^{-\lambda x}$",1
7756,"If bacterial resistance randomly occur, then why limit broad-spectrum antibiotic use?",0
3641,Is this solution to this power series problem correct?,1
4507,How to show that $B^{-1}\cdot A^{-1}=B\cdot A$?,1
10894,Is there a way to shorten a set of conditionals like this?,0
7543,Coefficient of Inbreeding - implementation issue,0
11645,Achieve error differentiation in Promises,0
5497,function differentiability of $g(x)=|f(x)|$,1
10299,Is it fine to use my domain model as DTO (Entity Framework Core)?,0
858,How do I invert this sparse lower triangular matrix,1
6149,Why does weight loss lower blood pressure?,0
8809,Inheritance patterns in individuals with triploidy,0
10103,When did idea of document file format or markup language first appear?,0
4772,Statements dealing with variables independent of bound variables in a quantifier,1
8968,Calculating the frequency of a recessive allele in case of three segregating alleles,0
7379,Banana peel bruises after a hit,0
10017,How can I represent a set of graphs for learning purposes?,0
1872,Algebraic construction of a state space system,1
6453,What is the cause of the packaging capacity limit of recombinant adeno-associated viral (AAV) vectors?,0
8751,Turning publicly available genome data into proteins,0
6701,Amino acid characteristics that determine their chemical properties?,0
1974,How many real roots has the equation?,1
930,"Compute $\lim_{ (x,y)\to (0,0)}\frac{x^ny^m}{x^2+y^2}$",1
7972,Which animal that lives in the forest makes this noise?,0
3880,What are Stochastic Processes and Combinatorics useful for?,1
5809,Conjugate gradient method's convergence steps,1
3223,"Does there exist a nicer form for $\beta(x + a, y + b) / \beta(a, b)$?",1
7880,Can anyone help me identify this insect?,0
5371,Baby Rudin chapter 3 problem 12.,1
5615,How to simplify $\sin^4 (x)$?,1
7414,How does increasing the temperature increase the compound action potential in some nerve cell?,0
9361,Why Does the Fixed Point Theorem Apply to Quines?,0
4527,Open sets are $\mu*$-measurable in a metric space with a given condition,1
10037,non-deterministic finite automaton state transition table language question,0
1377,Probability of meeting someone infected,1
2023,Evaluating $\sum_{n=0}^{\infty } 2^{-n} \tanh (2^{-n})$,1
4595,In the Miller–Rabin primality condition why do we know the odd power case is congruent to 1?,1
3430,Seifert-van Kampen understanding,1
10550,Creating a set of buffers for tiles,0
6409,Do all cells have the same DNA?,0
172,Probability of selecting consecutive floors in an elevator,1
7390,What is an irreversible reaction?,0
9404,JavaScript idle managing structure,0
2239,Prove that ≿ is transitive iff ≻ and ∼ are transitive,1
3952,Let $G$ be an abelian group with identity $e$. Let $H=\left\{g\in G\mid g^2=e\right\}$. Show that $H\le G$.,1
8642,Production of $CO_2$ basal metabolism test,0
5819,"Is $\mathbb{C}[x,y]/\langle x^2+y^2\rangle$ a field?",1
8441,Origin of term ‘confluency’ in cell culture,0
4767,Non convergence of Cauchy random variable,1
10793,Print which CPU flags are set at the start of the program,0
4242,Prove Gödel's incompleteness theorem using halting problem,1
4834,Over an artinian ring every nonzero module has a simple submodule?,1
5881,Countable basis preserved by compact-open topology,1
11551,"Rock, Paper, Scissors game in JavaScript",0
10056,PyYAML - Saving data to .yaml files,0
8585,Is there a simple way to generate sets of sequences that re-capitulate the topology of pre-defined phylogenetic tree,0
11874,Number of 1 child nodes in a binary tree,0
4594,Proving this identity $\gamma=1+\ln(\frac{1}{2})+\sum_{k=1}^{\infty}(-1)^{k+1}\frac{\zeta(k+1)-1}{k+1}$ where $\gamma$ is the Euler-Masceroni constant,1
2027,Proving that $\{\vec{x}\in\mathbb{R}:\lVert \vec{x}\rVert\ge 1 \}$ is closed,1
2377,Matrix Similar to an Upper Triangular with ones along the diagonal,1
8522,Effect of soap on the survival of non-enveloped viruses,0
8004,Does cooking ginger reduce its anti-nausea effect?,0
8765,How EGDS (endurance genetic distance score) is calculated?,0
1946,Is a non-empty Language required to contain the empty string by definition?,1
2005,Does 'a graph is a DAG $\iff$ there exists a topological sorting' hold for graphs with a non-finite number of nodes?,1
7526,How is a substance classified as a vitamin?,0
3927,How do I prove that $R^n\setminus R^k$ is homeomorphic to $S^{n-k-1}\times R^{k+1}$?,1
10991,Finding dynamic programming algorithm,0
8077,How do insects recognize their host plants?,0
7183,Biological key file format,0
11370,Functional coffee dispenser,0
3119,What is a natural morphism of stalks?,1
9216,Prettify this code - combine items in a list,0
10733,Small website with MVC,0
10335,"Converting a natural number to a permutation matrix in Python. How to speed it up perhaps avoiding messing around with lists, sets and dicts?",0
6517,Is an athlete's heart rate after exercise greater than a non-athlete,0
9155,Pyramid of doom Grape endpoints,0
7518,Do we have information on differential reproductive success for many species?,0
4607,Prime factorization word problem,1
1966,Exponential convolution of an $L_2$ function,1
644,Basic probability counting,1
7370,Olympic's epidemiological impact on Zika?,0
11891,Is the complexity of this algorithm O($\sqrt{n}$) or linear?,0
971,Calculating probability for exponentials,1
5699,Fundamental understanding of the Del Operator,1
6062,What is the genetic difference between two cone branches?,0
3305,"Natural Deduction: Universal Introduction rule concerning free variables in Van Dalen's ""Logic and Structure""",1
1374,Functions with the property $\frac{d}{dx}(f(x)\cdot f(x))=f(2x)$,1
3925,How do I convert these conics to standard form?,1
1119,"Let $\lim_{n\to\infty}\frac{a_n}{n}=0$, the series $\sum\frac{a_n}{n^2}$ converges?",1
3370,How to obtain a Lie group from a Lie algebra,1
6957,How does the mutualism of figs and wasps exactly work?,0
3894,Why is the formula for the expected value of two random variables the same as the formula for the volume?,1
3955,How does Riemannian geometry yield the postulates of Euclidean Geometry?,1
11221,How to set an interval to std::map,0
1456,Possible mathematical finishes to the darts game 501,1
8442,How does chromosome fusion get fixed in the population?,0
55,Bolzano and Cauchy's proof of Intermediate value theorem,1
61,Polynomial Transformation Involving Mean,1
517,"In a ring $R$, Show that if $x^2 =0$ then $x-1$ and $x+1$ are units .",1
5975,"Combinatorics: 3 heads in succession in 5 coin tosses, using inclusion exclusion",1
3136,necessary conditions of measure approximation theorem,1
8191,How are neural pathways discovered?,0
8716,Do Black Hair Fuzzy Caterpillars bite?,0
10304,Clean up Rails Routes,0
2935,Minimize $a^5+b^5+c^5+d^5+e^5 = p^4+q^4+r^4+s^4 = x^3+y^3+z^3 = m^2 + n^2$ with distinct positive integers,1
11997,Efficiently read in 2nd column of CSV into List of Lists in Python 3,0
2320,Finding the point of intersection between a linear and quadratic function.,1
4199,Proof that common differences imply a polynomial-generated sequence,1
10356,Sanitizing and validating a user signup form before submission,0
4460,Subsemigroup of a finite semigroup,1
4478,Conditional expectation probability question,1
1138,Free frame generated by a poset,1
3439,Transfinite induction on a ascending chain of subgroups.,1
9399,Iteratively process an identically named file all subdirectories and plot analysis to root directory,0
3262,closure of nets in von-Neumann algebras,1
2327,How do I find the remainder for the following?,1
4676,Is the set of Valuation Functions finite?,1
89,Relation between complex-valued analytic functions and (anti-)holomorphic functions,1
10986,The Rust Programming Language Pig Latin Exercise,0
6111,"Why can cats interpret things on a monitor/tv, but dogs cannot?",0
1224,The probability that the last ball in a box is white,1
7216,How are epiphytes symbiotic?,0
10961,Linq version of the simulated annealing algorithm,0
2340,Product of a family of sets.,1
2047,Using L'Hopital to find $\lim_{x→∞} ( \ln \sqrt[3]{4x^3-4x^2+5} - \ln \sqrt[3]{2x^3-5x+4} )$,1
10694,Comparing variations of A*,0
3335,Prime divisors of $a^{p - 1} + \ldots + a + 1$ for $p$ odd prime,1
7651,"These Mammals Had a Good Run, So What Happened?",0
6037,Using proportion or a diversity index when dealing with just two strains,0
2171,Is the image of a parametrization a manifold?,1
1434,Observations (aka realizations) of conditional expectations,1
4459,Can a graph be both bipartite and tripartite?,1
4245,"If A, B are $n \times n$ matrices and AB=BA.",1
543,Example of a continuous point on function with no RHS and LHS derivative?,1
6789,"Are fruiting bodies, basidiocarps, heterokaryotic?",0
2612,Prove this integral $\int_0^\infty \frac{dx}{\sqrt{x^4+a^4}+\sqrt{x^4+b^4}}=\frac{\Gamma(1/4)^2 }{6 \sqrt{\pi}} \frac{a^3-b^3}{a^4-b^4}$,1
2692,Bezout's bound and resultants - reference request,1
10442,Ancestor with a specific color,0
7549,Why do neurons have a negative resting potential?,0
10153,What is the complexity of classification with SVMs?,0
8171,How to convert nanogram to picomole?,0
5689,Showing a proper inclusion,1
7462,"If women need more dietary iron than men, then do blood donors also?",0
10645,Changing a matrix to become an ancestry matrix,0
1771,Joint Embedding Property,1
11181,How are CPU architecture and word size related?,0
5705,Tetrahedron packing in Cube,1
3533,Tiling $\mathbb{R}^2$ with polyomino,1
6424,Bioenergetics and equilibrium,0
3521,"$K=\Bbb Q(\sqrt3,\sqrt[3]{2}) $, Compute $[K:\Bbb Q]$.",1
1427,Doubt with rank nullity theorem when nullity equals to zero.,1
11652,ASP.Net Core WebAPI Authorization Policy for User or Admin,0
3046,Distance between surface and plane,1
5957,Derivative of $0$-form,1
8023,"Who were ""Dawson and Wilson"" (mentioned as authors of an embryonic postmortem examination method)?",0
10216,An oracle to separate NP from coNP,0
1628,An error on the BBC maths revision website?,1
2328,Is there a general definition of structured set and morphism?,1
2950,Show that $n^{\frac{n+1}{n}}$ is increasing,1
4781,Proof of multiplication operator form of spectral theorem for unbounded normal operators,1
9941,Lower Bounds for the Set Disjointness Problem,0
4325,Prove $\lim_{n\to \infty}\int\limits_0^1 \sin(x^n)dx=0$,1
2811,Proof of absolute inequality,1
860,Non-linear second order ODE,1
2462,How to use group theory to solve larrys square iphone app,1
889,parallel non-intersecting lines in E3,1
577,How to Show that $1+\left(\left\lceil\dfrac{x}{n}\right\rceil -1\right)n\leq x$?,1
9548,GenBank to FASTA format using regular expressions without Biopython,0
7672,Odds to clone a parent,0
4358,The transformation from Ito integral to Stratnonvich integral,1
6123,What is this giant mosquito-like insect?,0
9686,Why is Binary Heap never unbalanced?,0
9632,Determine the ratio of the contents of a pot to the (metal) volume of of the pot,0
9795,A child ID getting all parent IDs,0
539,"geodesic computation: ""energy"" minimization versus arc length minimization",1
6399,Is there a term for when a detrimental gene can be positively selected for because of linkage to a very fit gene?,0
2715,How high can a loose rope around a circle pulled above ground,1
318,Finding the equation of a curve by using the points of intersection of tangent and normal on the X and Y axis and other information.,1
9536,Algorithm to find most nodes in distinct cycles,0
10734,Partition of a set of integer into 3 subsets of approximately equal sum,0
11412,Interfacing with instruments using pyvisa,0
4210,How to Rigorously Make Two Random Choices in Succession,1
1020,Puzzle about six travellers going through bridge above canyon with an oil lamp,1
11015,Shortest Path Variant (constrained max hop),0
562,Examples of topologies on R,1
443,"Is $f(x) = \theta a^\theta x^{-(\theta +1)}, \quad x\in (a,\infty)$ a complete distribution?",1
2421,"Evaluate $\iint_{S} 2 x y \,dx \,dy$ where $S=\left\{(x, y) \in \mathbb{R}^{2} \mid 0 \leq x^{2}-y^{2} \leq 1,0 \leq x y \leq 1, y \geq 0\right\}$",1
11338,$m/p$-equivalence holds after union with an arbitrary finite language,0
3612,Terminology for multilinear functionals the sum of whose cyclic shifts is zero?,1
559,Two lie algebras are isomorphic or not (using maple software),1
9967,Qt foreach-like alternative to iterate over value AND key of an associative container,0
2664,defining the riemannian metric,1
6097,How to determine the probability that a mutation is lost / fixed?,0
11112,Create all possible character combinations of any size,0
7940,difference in genetic instuctions between male and female,0
2291,Visualizing Conditional Gaussian,1
7593,Burning fat transferred from one part of the body to another,0
5541,Approximating Integrable Simple Functions by Step Functions,1
10219,begin() vs rbegin(): how can I avoid duplication?,0
8802,What is the point in the Neuromuscular Junction?,0
6555,Are there organisms that have incorporated plastic into their lives?,0
5668,Why isn't the unit square in $\Bbb{R}^2$ a 1-dimentional $C^0$ differential structure,1
6179,"Why do NK cells not destroy bacteria, even though bacteria don't have MHC-I?",0
10850,Proof that MAX CLIQUE is NP-Hard,0
2083,"Probability density function of the sum of $n$ dice, each with $m$ sides numbered $0$ to $m-1$?",1
11961,Customized JPanel desing pattern,0
6752,percentage of animal diseases caused by bacteria?,0
874,How to find the min and max of $y = x \sin(\ln|x|)$?,1
11251,How do we mathematically figure out if a SVM kernel function overfits?,0
4411,Extending a sheaf by zero outside a constructible set,1
9864,Comparing Server Version Number History,0
1276,How can I show that the map $f: GL_n(\mathbb R)\to GL_n(\mathbb R)$ defined by $f(A)=A^{-1}$ is continuous?,1
5937,Solving equations recursively,1
9588,Difference between methods of converting from finite state machine to regular expression,0
1423,Inequality on sequence of integers whose only prime factors are $2$ or $3$,1
312,"Average no. of objects in a box,when m objects are filled in n boxes.$(m>n)$",1
8960,Identification of an animal building,0
8566,What is the purpose of the viscous gel in the Pacinian corpuscle?,0
9138,Are there any tetrational-time problems?,0
2426,E measurable with m(E) < $\infty$?,1
10446,Are regular languages closed against an intersection that keeps words with the same number of ones?,0
9873,Grouping elements in array by multiple properties,0
4548,Use single variable calculus methods to find the area of the region,1
1652,Unique Solution to Equation in Two Variables & Possible Use of the Implicit Function Theorem,1
239,existence of a linear map,1
9429,Denormalizing an OrderedDict to CSV,0
3680,Prove that distance of $P$ from either of the points of contact is $\sqrt{\frac{abc}{a+b+c}}$,1
4619,Behavior of the annihilators of modules via monic and epic homomorphisms,1
5526,Tate's thesis: Trace function & different ideal of $\mathfrak{p}$-adic fields,1
6321,How much DNA does a species lose after post-polyploidization genome downsizing?,0
724,Is a set bounded in every metric for a uniformity bounded in the uniformity?,1
5398,The proof use intermediate value theorem?,1
6933,DNA extraction from agarose gel,0
9380,Function to get rows from database,0
1540,Is it possible to create a software to find formal proofs?,1
8416,"Is it appropriate to say ""selection of"" or ""selection for"" an allele that evolves by genetic hitchhiking?",0
3698,How to get the parity check matrix if I don't have an identity matrix in my generator matrix?,1
426,jacobian times its inverse - should be identity,1
7799,What is the name of this bird?,0
8407,What causes puberty to begin?,0
5834,Eigenvalues of weighted Laplacian matrix,1
1807,Showing two factors to be coprime,1
476,find real number using two percentage.,1
8997,Reflex muscular activity in three months old fetus,0
4012,"$l^2:=\{x=(x_1,x_2,\dots,x_n,\dots)|x_1,x_2,\dots,x_n,\dots\in\mathbb{R},\sum_{k=1}^\infty x_k^2<\infty\}$ is separable.",1
1954,How to determine how many members need to be in a domain to produce an interpretation that shows lack of implication between two schemata,1
11361,Determining the next payment renewal date,0
11905,How to find all paths with n-distance from a node in a graph with cycles?,0
8002,Neurophotonics vs. Optogenetics,0
1614,Let $g:\mathbb{R}\to\mathbb{R}$ be defined as $g(x)=x^2\sin\left(\frac{1}{x^2}\right)$ and $g(0)=0$. Prove that $g^\prime$ is unbounded at $0$.,1
10788,Prove that every maximal flow yields the same minimal cut,0
2954,Limit with Stolz-Cesàro theorem: $\lim\limits_{n\to \infty} \frac{1+2\sqrt2+3\sqrt3+\ldots+n\sqrt n}{n^2 \sqrt{n}}$,1
4205,"Contour integration with the contour $\sigma=[0,1]+[1,i]$",1
619,"Existance of a fixed point of a bijective, smooth function:",1
2854,"Prove that $\{v_1, v_2, n\}$ is a basis",1
3497,Language of Regular Expression,1
11194,Binary search implementation in C,0
335,Problems Finding In The Correct Derivative,1
3703,Approximate Expectation of $x^2$,1
392,Find 3rd point of triangle with the opposite angle,1
508,Limit point of isolated singularities,1
4941,How to solve real values for quadratic equations with a fractional expression,1
3315,"Norm of a linear mapping, please check if what I have done is right",1
5419,A exercise of recursively convergent sequence,1
4394,"Need a candidates for a random-walk, but limited, perturbation.",1
5347,Infinite Dimensional integral,1
1487,Integrating Expression,1
11954,Making a recursive formula for finding amount of ways to spend money on beer,0
4063,"Find every $a,b \in \mathbb{C}$ such that dividing $P=3X^{120}+\sqrt{2}X^{19}+aX^{11}+\sqrt{2}X^9+3X^2+b$ by $Q=X^2+1$ has remainder $R=5X+2$",1
1466,Playing audio files at lower % of regular speed - how long will they be? negative percentage / ratio calculation,1
7764,What impacts on metabolism are likely from the 6x increase in water consumption by Americans at restaurants since the 1950s?,0
6288,Protein Conformation Modeling,0
2316,Manifold coordinate basis,1
4217,How to get the real $k$?,1
9539,Deterministic Nonfinite Automaton - Longest Block of Ones,0
7738,Questions regarding ELISA,0
428,derivative and integral,1
3490,Representation of function applied to pairs generated from Cartesian product,1
11453,iOS Body-Mass-Index (BMI) app,0
10872,Can someone explain this conclusion for Finite State Machines?,0
7359,best book for a comprehensive introduction to biology for a computer science graduate interested in undertaking research in bioinformatics,0
11359,jQuery function that modifies a DIV,0
2763,"Prove that $n$ divides $\phi(a^n -1)$ where $a, n$ are positive integer without using concepts of abstract algebra",1
6748,What is a coupled reaction and why do cells couple reactions?,0
3209,Intuition behind independent events in introductory statistics,1
7435,"If massive animals live longer, why do humans with gigantism die younger?",0
923,Yet another attempt to $f'=f^{-1}$: via $(f^{-1})'=\frac 1{f'}$,1
9540,Nondeterministic automaton accepting only words whose first letter is identical to their next to last letter,0
5345,Laplace-Beltrami Operator defined in Conformal Flow of Metrics,1
695,Prove $A \equiv B \vdash (\forall x)A \equiv (\forall x)B$ without relying on equivalence theorem.,1
8373,DNA from sweat on the hat band?,0
9568,Island perimeter code challenge in Java,0
2703,Product of nonsingular and full rank matrices,1
10430,How to reduce load when fading in multiple elements in jQuery,0
2179,"Prove that $2\int_a^b \int_a^x f(x)f(y) \, dy \, dx = \left[ \int_a^b f(x) \, dx \right]^2$",1
436,permutation group and cycle index question regarding peterson graph,1
11049,Number of balanced binary trees (The Art of Computer Programming),0
11996,Difference between Non R.E and Co-R.E,0
2440,Use the Poincaré-Bendixson theorem to construct a Morse function,1
1115,Find the value of b for which f is continuous at all the point on $\mathbb R^2$,1
5130,How to find the trigonometric identities?,1
10650,Web scraper for a webpage article,0
5451,"Show that for any $\alpha\in (0,\lambda(E))$, there exists a measurable set $F\subset E$ such that $\lambda(F)=\alpha$.",1
10863,Entering two integers and returning a decimal fraction,0
7595,If hermaphrodite C. elegans can reproduce with females?,0
7226,How do single-celled predators chase other cells?,0
541,A post for the rejected -- influential papers that had trouble getting published,1
5192,$ \sum_{m=1}^\infty\sum_{n=1}^{\infty}\frac{1}{|m+in|^p}<\infty $,1
5003,Finding an analytic function in terms of $z$ only,1
3361,Derivative of a rotated vector with respect to the quaternion,1
5746,"Find $\text{im}(\phi^*)$ and $\text{ker}(\phi^*)$, $\phi^* : (\mathbb{R}^4)^* \to (\mathbb{R}^3)^*$",1
7450,Is starch and glycogen digestion intra or extracellular?,0
10665,Basic one way hash to store a password C#,0
2253,A problem with two dimensional vectors and scalar multiples,1
717,How to find the following limit which has $e^x$ and $e^{it}$ terms,1
848,Graph theory : the adjacency matrix of an n-dimensional torus,1
11501,Why isn't the Swift programming language type inference more aggressive?,0
10775,Complexity of recursive algorithm,0
2072,What is known of when do solutions exist for the equation $x^3+y^3+z^3=n$?,1
9258,k-basis representation of natural numbers,0
8283,What is Biradial Symmetry?,0
2488,Simple Curve Integral using Parametrization,1
310,Minimum value of an integral.,1
5873,Asymptotic bounds of $T(n) = T(n/2) + T(n/4) + T(n/8) + n$,1
9911,Polytime and polyspace algorithm for determining the leading intersection of n discrete monotonic functions,0
4300,Relation between operator norm and the minimum component of Perron-Frobenius eigenvector,1
9809,Tuple/Lookup conundrum,0
2468,How to compute the quadric form matrix of the B-spline norm $\int_{k_1}^{k_n}f(t)^2dt$?,1
7376,Did spiders respond to light for building webs before artificial light was invented?,0
11669,"Computing the ""at least k friends in common"" graph",0
2730,Prove that $x\in\mathbb Q$,1
8067,Does leaving land alone actually help nature conservation?,0
5953,Negatively Correlated Diffusive Processes,1
3003,Stokes' Theorem - Stuck with a non-elementary integral,1
8476,What is the probability of fixation for a mutant under fluctuating selection?,0
3889,Effect of 'Prime conspiracy' on the fact that prime numbers are the generators of integers,1
3855,Convex Hull of a Partial Minkowski Sum,1
2015,"Does convergence in distribution imply ""convergence of supports""?",1
10357,Project Euler #22 - Name scores,0
7111,"Can genetically engineering the DNA of a human zygote, make it a twin of another human in entirety?",0
1560,Two dimensional convex body which cannot be illuminated by a finite set of directions,1
5590,Prove that the following function is onto and one-to-one,1
5282,Particle Acceleration,1
8337,Total dark deprivation at day-neutral plants,0
2364,Simple Linear Regression,1
10050,Stanford developing calculator iOS app assignment,0
3208,Strategies For Summing Harmonic Numbers,1
782,How many distinct pair of boxes of exact size = 2 can I form from $n$ distinct elements?,1
11863,OutputStream class for use with subprocess.Popen,0
401,Can any two irrational numbers NOT of the form (m+A) and (n-A) be added to produce a rational number?,1
9978,Renaming PDF files based on given rules in a text file,0
8206,In plants why are potassium and nitrate ions absorbed faster than any others?,0
11155,Generate a Json from Strings using Jackson library,0
275,Is there a general rule for the number and type of initial conditions in a PDE?,1
9623,"Is there any sort of formal definition of terms like 'data type', 'abstract data type', etc?",0
7609,Is there a biological basis for different accents?,0
8275,Is water movement across cell membrane purely diffusive or it always requires channels?,0
2100,Intersection of two clubs.,1
10704,Application of Brent's Cycle Detection Algorithm,0
7344,Computing Percent Identity between DNA / Amino Acid Sequence,0
5465,Weighted Average from a set of averages and standard deviations,1
2361,Building a triangle from random segments,1
4627,Please help me with this Abstract Algebra question,1
3095,Meromorphic functions and embedding complex manifolds in projective space,1
1071,Can someone guide me through this functional equation?,1
1609,Find the difference between the number of rows and columns of a matrix.,1
5455,Proof of Fodor's lemma,1
381,"How is $\{\mu (U): A^{-1} \subset U, U \text{ is open}\}=\{ \mu (U^{-1}): A \subset U, U \text{ is open}\}$?",1
6621,Why did eukaryotic cells develop?,0
10221,Compare Complexity of Graph Algorithm,0
4769,Find the weak solution of the conservation law,1
10742,Complexity of a set partition derived problem,0
2222,"Prove that $\bigcup_{n \in \Bbb{N}} [1/n,1] = (0,1]$.",1
5653,Need help creating a power series for with specific condtions,1
4064,Radial limits of harmonic conjugate and Hilbert transform,1
655,Show vectors form an orthogonal basis,1
10475,Category theory (not) for Programming?,0
2382,What are these specific trigonometric functions used for?,1
8981,Can we change the direction of a neurological signal?,0
11659,Simple text toggling,0
8769,Why do we have more sweat glands in our palms?,0
5926,Does the induced $K^G$-comodule correspond to the induced $KG$-module?,1
4320,Interpreting the table of classification of the partitions of $n$,1
3196,Evaluate the limit of $e^{\pi-\ln \frac{x+4}{-x}}/x$ as $x\to 0$,1
2835,How to find explicit quadratic equation for a sequence of terms,1
8414,How different is an introverts brain different from an extroverts?,0
4221,"$k(tx,ty)=tk(x,y)$ then $k(x,y)=Ax+By$",1
2871,Does a proper map have to be continuous?,1
2784,Finitely $\mu$-measurable sets are the closure of elementary sets,1
8395,"What is this plant & it looks like USA tree "" Carya ovata""?",0
5825,"calculate $\int_{-\infty}^\infty\frac{e^{ix} \, dx}{x^3-3ix^2+2x+2i}$",1
760,integer solutions for $\left( a+\sqrt{b} \right) ^ n=p+q\sqrt{b}$?,1
855,Correct Process for Determine Convergence of $\sum\limits_{n=1}^{\infty} \frac{1}{(3n-2)(3n+1)}$,1
11579,Safe Reverse Polish Notation,0
279,$P = I − uu^T$ when $u$ is a normalized vector (subtraction of scalar from matrix),1
8804,"Honeybee decision process: new food, new home, new threat",0
2032,"How can it be shown that $x^x = a$ , has no real solutions when $a < (1/e)^{(1/e)}$",1
3730,Are the following graph isomorphic?,1
8354,Identify this insect - beetle (?),0
8466,Histidine aromaticity,0
3287,equivalence classes based on matrices,1
1250,Proving this complex function is not differentiable,1
6348,Abnormal Prolactin Level,0
2306,Variance of random vector,1
5278,Showing that the image of a regular frame is regular,1
2312,What conditions are necessary or sufficient for this manipulation of differentials to be justified?,1
7152,Ligase Chain Reaction: Determining the annealing temperature for gene synthesis,0
7049,Is it possible to become pregnant indirectly?,0
6945,Why is blood collected at crime scenes?,0
6808,PSI-BLAST website algorithm parameters,0
1113,Is it true that when $X$ is a positive matrix and $Y$ is a self adjoint matrix then $XY$ is positive??,1
4833,Find a limit without using L'Hopitals rule 9,1
9,Question concerning an application of Cauchy-Schwarz,1
676,"how to make a $3$-$(10,4,1)$ design using graphs",1
359,Definition of Riemann Integral: for any partition vs for some partition,1
7475,Where can I find a picture of the inflorescence of Epipremnum aureum (golden pothos)?,0
7563,Neurology: spinal tract,0
9003,data structures/ Classes for RNA & DNA,0
3255,Proving $\sin((n+1)a)=2\cos a\sin(na)-\sin((n-1)a)$ and $\cos((n+1)a)=2\cos a\cos(na)-\cos((n-1)a)$,1
8014,Effect of HIV on T-cells,0
8318,Regalecus glesne or Regalecus russelii?,0
9633,Does DFS in an unweighted DAG find the shortest path for each vertex from a source?,0
5466,There are only finitely many integer solutions to $ax^n+by^n=c.$,1
1852,Calculate an encoding matrix from inputs and outputs,1
3650,"If $A\subseteq B$, then is $\langle A \rangle \le \langle B \rangle$?",1
8866,Why ravens play with garbage?,0
6159,Identify this excreta!,0
11508,Pin an array in memory and construct a Bitmap using that buffer,0
697,Equicontinuity of $\{f^n\}$ for a continuous $f:X\rightarrow X$,1
9473,Javascript class to geocode Dutch addresses,0
3538,Solving the PDE's naturally arising from requiring vector fields to commute,1
11717,A recursive solution to symmetirc tree,0
2286,Is the following a strong proof of $\frac{d}{dx} (\sin(x))$,1
1653,probability inequality resolution finite field,1
5429,Why these two sets have to be disjoint?,1
4653,"Calculating convergence rates in a deterministic, dynamic system",1
11607,Monte Carlo simulation of amoeba population,0
7228,What is the significance to life of the anomalous properties of water?,0
3719,Finding value of $p$ which satisfies Binomial probability? Time/space considerations,1
1175,Computing $\int_0^1\frac{\ln^3(1-x)\ln(1+x)}{x}dx$ or $\sum_{n=1}^\infty\frac{H_n^{(4)}}{n2^n}$,1
11210,Is {ww^r ww^r} a context-free language?,0
5456,Range preserving matrix derivative,1
4809,"Calculate partial derivative $f'_x, f'_y, f'_z$ where $f(x, y, z) = x^{\frac{y}{z}}$",1
9755,What are the relation and differences between reification and type passing semantics?,0
3049,What is the meaning of taking the power of the set of reals $\mathbb{R}^2$,1
1660,"If the sum and the product of two sequences converges to zero, does that mean that each sequence converges to zero?",1
8813,Prolactin and Dopamine throughout orgasm?,0
1806,Rational number in $\mathbb{Z}[\omega]$ should be integer.,1
5812,Projected Gradient Method on Unit Simplex for Quadratic Programming Problem,1
2834,How to determine optimal points on segments to fit dataset,1
8446,Are the cells (structures) of deep sea fish different? And can they survive in shallow water?,0
3450,What is the relationship between rank and solutions of a linear system with multiple columns?,1
2057,I am not able to make the required GP to solve this,1
8268,Why is beta- D fructofuranose two different structures when in free form and as part of sucrose?,0
5617,Is there a name for functions from $A^k$ to A?,1
7726,Will Saliva make food go bad,0
339,Why are the fundamental groups $\pi_{1}(S^3)$ and $\pi_{1}(S^2)$ trivial?,1
5741,Does a derivative divided by its modulus value give an unit vector?,1
6660,Eyelids interconnected?,0
314,Generally accepted notation for referencing function without defining it.,1
1883,A question of a notation in homological algebra,1
5013,"Let $f$ be a differentiable function with $f ′(x) = 4$. If $f(0) = 2$, find $f(3)$.",1
9053,Evasiveness of acyclicity of undirected graph,0
859,"Maximal ideals of $k[x_1,\cdots,x_n]$ and degrees of field extensions",1
108,determine the area under the hyperbola $y^2 −4x^2 = 1$,1
5460,How to calculate the sum of $\sum\limits_{n = 1}^\infty {{{{{( - 1)}^n}} \over {{n^3} + 1}}} $,1
259,What's the relationship between lim sups of random variables and lim sups of events?,1
11849,Quick Sort vs Radix Sort,0
205,"How to prove for each weight, $E^{adj}_\alpha$ is non-degenerate?",1
8572,Are a bonsai tree and its normal version the same species?,0
330,Prove the sum of a series converges iff limit of a sequence exists,1
8720,Why don't onion root tips show mitotic stages?,0
11577,Beginnings of Go web server with mongoDb,0
7708,CD4+ as Monocytes cell surface receptors,0
7269,What is a genetic marker?,0
2078,Some questions about the proof of the properties of the uniform equivalent.,1
4131,How to show that the heat trace converges,1
1124,Identfying natural isomorphisms using Yoneda's lemma,1
740,A small college has 1095 students. What is the approximate probability that more than five students were born on Christmas day?,1
4070,Number of possible letter arrangements,1
5161,Question on circle related to chords and arcs,1
1578,Finding the flux of a cylinder using the Divergence Theorem,1
5049,Blending values on the number line,1
8945,Wild bee hive indoors - can I move it?,0
2801,Probability that I choose the $k+3$th candidate after rejecting first $k$ candidates,1
5552,What is wrong with this procedure-writing Angular momentum operator in spherical coordinates,1
1626,Example for a nearly injective sequence with subexponential growth,1
979,How to find $\lim_{n\to\infty} \sqrt n \left(\log\left(\frac x{e\sqrt n} + 1\right)\right)$,1
9204,"For any language $A$, there is $B$ such that $A \le _T B$ but $B \nleq _T A$",0
2643,Is there a ring R for which R[x] contains only finitely many irreducible monic polynomials?,1
10353,"Showing that there exists an algorithm, that converts NFA to DFA under some cirumstances",0
6473,What are the major evolutionary pressures for Bioluminescence?,0
10897,Is in-place run length encoding possible in O(1) space given that the output is shorter than the input?,0
6856,Is this ventricular tachycardia?,0
5393,"Is an $A$-module homomorphism of the $(A,B)$-bimodule $M$ also $B$-bimodule?",1
4855,Intutition behind triple integrals between two surfaces,1
11150,How to know a certain grammar is parse-able,0
2533,Hyperbolic distance of a point from center in Klein-Beltrami disk model,1
5176,Dictionaries and resources for translation of mathematical terminology,1
10418,Database Connection and Query methods,0
8978,Why is the frog genome so much larger than a fish's?,0
3545,How to prove (or disprove) this Big Oh relationship,1
276,Computing $\cos\frac{\pi}{7}$,1
908,Sequence of non-integrable functions converging to an integrable function,1
4427,Chromatic number: Topology,1
313,Find a subgroup of order $12$,1
2308,Monte Carlo Integration on a unit hypercube,1
8440,"What does x in ""Miscanthus × giganteus"" name stand for?",0
7877,What is the fate of the typical tree?,0
11752,Opening and validating an XML file,0
370,Bivariate Poisson Distribution - how can a specific case be computed?,1
1134,Uniform convergence to the derivative,1
10264,Genetic algorithm final stage,0
8037,Can a new plant grow from half a Succulent leaf?,0
4437,"Is it crazy for me to retake Calculus, 38 years later?",1
9359,Difference between Image Analysis and Computer Vision,0
2073,Convergence properties of nets and filterbases,1
7149,"What are these tiny, almost transparent, dots in my vision?",0
8812,Can organ-accumulated iron get shed again?,0
320,Integral representation of modified bessel function,1
11119,"Divide decimal by range of fractions, and then convert the fraction that is closest to a whole number to a mixed fraction",0
7368,Forest Fires and Horsetails,0
8471,Pox virus infection process,0
3394,"If $F(2) = 5$, $F'(2) = 4$, $H(2) = 3$, $H'(2) = 4$, find",1
8176,What do we call these containers used in biotechnology?,0
4677,Definition of complex vector space from Rudin RCA,1
5204,Complex Roots with improper fraction,1
2355,Solving the diff. eq. $\frac{dq}{dt}+ \left ( \frac{1}{3 \rho} \frac{d\rho}{dt} \right ) q =A(t)$,1
10848,Adapting C# 2.0 event code for C# 5.0,0
2545,Where does $\frac12$ come from in this integration?,1
3846,Prove that $a^2 \equiv 4 \mod 3^m$ if and only if $a \equiv 2 \mod 3^m$ or $a \equiv −2 \mod 3^m$,1
1158,Pdf of $Z=X/Y$ given a joint pdf,1
10091,Validating that all open/close parentheses are correctly matched,0
10232,Can the processor just turn off the interrupt request line?,0
5142,Differentiate an integral with respect to a function,1
1909,Proving a couple of logical equivalences related to the statement $A \leftrightarrow (B\vee C)$,1
6873,Why did some animals evolve inward-slanted legs?,0
466,Prime elements in $\mathbb{Z}[\sqrt{2}]$,1
1196,Third Order Linear Nonhomogeneous Differential Equation with Variable Coefficients,1
1648,Probability: Draw your own card,1
2877,Show that $\{\sqrt{2a}\operatorname{sinc}(2ax-k):k \in \mathbb{Z}\}$ is an orthonormal basis for $H_a$,1
10513,Check string value of boolean to a mapped enum,0
4743,"Smallest hexagonal lattice with no more than one point per unit Cartesian cell, as a function of rotation angle?",1
8001,Homework - Genetics linkage problem,0
11298,Examples of context-free grammars whose ambiguity is unknown,0
850,How do I solve this probability problem of randomly drawing balls from a urn?,1
9676,Display Object as a node tree in HTML with clickable trace back to root node,0
8474,How can epigenetic changes be erased if they are inherited?,0
2717,Quantifierfree formulae hold in submodels,1
8144,A question related to qPCR analysis,0
7729,Does GTP-γS (GTP gamma S) bind all GTP-binding proteins?,0
6398,What would cause bands to appear lower on a nonreduced SDS-PAGE gel?,0
8344,Why do different bacteria have different shapes?,0
11917,Shifting an array with less touches,0
2723,Show that $1<|G:\ker\psi|$ and that the index $|G:\ker\psi|$ divides the order $|G'|$,1
9090,task scheduling optimization problem,0
4725,Prove that $|p^2+2q^2-n|<\sqrt[4]{9n}$,1
11608,Hex to Double converter,0
2720,Numerical Implementation: Solution for the Euler Lagrange Equation Of the Rudin Osher Fatemi (ROF) Total Variation Denoising Model,1
5299,Continuous functions in topological spaces and neighborhoods,1
9586,Iterate list to map entries in Python,0
11303,Finding the mode of an array/iterable,0
4954,Generalized step function,1
2001,Determine if a set is linearly independent or dependent.,1
1068,Use Fubini to prove that $\int_a^{x_0}\phi'(x)\left(\int_x^{x_0}u'(t)dt\right) dx = \int_a^{x_0}u'(t)\left(\int_a^{t}\phi'(x)dx\right) dt$,1
7407,Plant tissue culture,0
8366,Are there axon branches that go up to cortex layer 1 and spread there?,0
6613,How to pipe Bwa-mem output without saving SAM file,0
5867,Extinction Probability,1
5031,How do I proof that these functions are well defined?,1
4828,Solving a PDE using Characteristics,1
8937,phylogenetics and substitution ratios for positive selection,0
4995,What is the absolute value of the following?,1
7113,Is osmosis diffusion of water?,0
6010,Why do sneezes come in pairs or more?,0
10605,Longest way for all vertex,0
10503,"Proof of non-regularity, based on the Kolmogorov complexity",0
10114,Turing machine for which it is impossible to decide if it halts?,0
10753,P=NP giving a deterministic algorithm for SAT,0
9580,DFA for at most two $b$'s and at least one $a$,0
2224,Matrix raised to a power,1
11560,"Function to calculate ""Persistence Rate"" by group with a logical argument to determine whether to include overall persistence",0
8068,Understanding presynaptic and postsynaptic inhibition,0
7322,How arteries split into smaller blood vessels?,0
7293,How to set up a slow cooling on an AB Veriti thermal cycler?,0
11238,TM that finds the middle of an input string in O(n) time,0
9131,Refactoring from if-else-if to Dictionary,0
8545,Is the increased/decreased enzyme activity (tyrosinase) caused by an environmental factor (UV radiation) considered to be gene expression?,0
3082,Clark-Ocone Formula for computing SDE,1
2010,What does the Ascoli-Arzela theorem usually refer to?,1
8103,"Like size and colour constancy, why does the brain not maintain focus constancy?",0
4936,Decomposition of graph,1
6745,The evolution equations under different year classes of a age-structured model?,0
968,Non full rank differential and holes,1
9563,Constructing a 4×4 grid of words,0
6370,Resources for the study of the environment of Laramidia in the Late Cretaceous,0
9488,SmartRandom bombing strategy for Battleship game,0
5645,"Gröbner basis of $f=x^2 y +xy^2 +y^2 $, $f_1 =y^2 -1$",1
146,What is the Fourier transform of $1$?,1
3941,Geometric series strange answer,1
4826,Graphing solution curves of a separable ODE,1
211,Connected Graph and Cycle,1
1774,not $L^1$ convergent but point-wise almost everywhere convergent,1
6541,Why can't complex multicellular organisms reproduce by regeneration?,0
123,"Prove that $f$ is differentiable at $(0, 0)$.",1
1708,Adjusting results based on its probability,1
4183,"Linear, Exponential, and Interval Decay of Distance Function Above a Threshold",1
10641,Context-free grammar for language with unequal numbers of a and b,0
5744,What cube roots are constructible using compass and MARKED straightedge?,1
2049,"How to prove that if a function $f$ from a finite set $X$ to $X$ is surjective, then $f$ is injective.",1
3442,"Maximize $\langle \mathrm A , \mathrm X \rangle$ subject to $\| \mathrm X \|_* \leq 1$",1
11263,String sanitisation function,0
680,cohomology of complement of smooth ample divisor D in smooth projective variety X,1
2255,Prove there are infinitely many fields in which the polynomial is reducable,1
6712,Gene Complementation Question,0
216,Showing a Quadratic Variation is increasing and continuous with respect to time,1
4073,Calculating the limit of two unusually hard functions,1
5621,Limit of $\frac{\log2^{x}\log\left(\log2^{x}\right)\log\left(\log\left(\log2^{x}\right)\right)^{p}}{\left(\log x\right)^{p}}$,1
11157,Placing 1d items in a 2d grid with constraints,0
3901,Epsilon-delta proof of continuity,1
8310,What is the connection between sleep requirement and age?,0
1839,How to make a WFF defining some other WFF?,1
5994,The integral $\int (1+|x|)^{-N} \text{d}x $ in $\mathbb{R}^n$.,1
2909,how to find subdifferential of a function $x^2+ |x-1|+|x-2|$,1
9808,Are neural networks a type of reinforcement learning or are they different?,0
4822,"Let $A$ be the event that the share price never moves up. Find, with a justification, the probability of $A$.",1
9934,Filtering input characters for a numeric text field using logical operators,0
9036,Solving $T(n)=4T(n/2)-1$ without using the master theorem,0
9950,Better way to write this branch with an exceptional retry in an embedded C environment?,0
8087,Corrupted chromosome will be in any cell of body if zygote was corrupted?,0
10286,RockPaperScissor in Python,0
6276,Missing cells from immunopanning,0
3251,integration as limit of a sum,1
11514,Using Enum to Handle String literals,0
8899,"What are ""inactive"" cells during Ca2+ imaging of neurons?",0
788,Show that $a_n (X_n-c) \stackrel{d}{\to} F$ implies $X_n \stackrel{\mathbb{P}}{\to} c$ for any sequence $a_n \to \infty$,1
4030,How else could we solve the congruence?,1
9423,"Given an array of n unsorted integers, how can you check that any 2 elements within k distance of some element don't vary by a multiple of 2?",0
8166,Why do Major and Minor grooves exist in dna strands?,0
5234,Prove $\liminf (s_n\cdot t_n) = \liminf (s_n) \cdot \liminf (t_n)$,1
337,"Given a bipartite graph $G=(U\cup V, E)$ with matching $M$, $|U|=|V|$. Why consists an augementing path of $M$ $2k+1$edges?",1
11852,Decomposing NP-hard sets,0
9601,Dynamic Programming - How to get the solution from the predecessor matrix,0
5391,In what fields would you like to see applications of mathematics?,1
2388,Entropy of a Linear Toral Automorphism,1
591,Let $X$ be a semimartingale with $\triangle X \neq1$. Proof that $\mathcal{L}(\varepsilon(X))=X-X_0$.,1
9492,Recursive language with non-recursive subsets,0
8030,What causes this acorn disease?,0
6601,Tissue fluid water potential,0
2092,What will be the value of sub gradient at $0$ for function $|x|$,1
1271,Faulhaber's Formula proof,1
4343,probability: arithmetic with random variables.,1
10698,Own implementation of Euclid sub algorithm in Lisp,0
8506,Can scientists create totally synthetic life?,0
5261,"Recursion series with two variable indices $u_{n,k} = u_{n-1,k} + u_{n-2,k-1}$",1
9711,Formatting and writing data,0
8378,Is the complement system a part of innate or adaptive immunity,0
4096,Determining the conjugacy classes of a non-abelian group $G$ of order $8$,1
1463,Can this generalization of the exponential function be expressed using more familiar functions?,1
2450,solution of non linear differential second order equation,1
3542,$E(X_1|X_1+X_2=k)$ increases with $k$?,1
10710,Solving complicated recurrence relation (rectangle packing),0
11180,Check whether loop invariants are correct?,0
11409,Context free grammar to Chomsky's normal form,0
4773,Product of a known prime,1
8484,Can you gain valid toxicological data about a detergent in cell cultures?,0
10403,What level of maths do I need for artificial intelligence?,0
6695,Can genes change as we age?,0
6937,How to improve DNA extraction,0
8761,Differences between synaptic connections,0
1587,every complex number can be put in this form?,1
6,option: $X$ can't be homeomorphic to an open subset of $\mathbb R$ to be false,1
814,How much is height of water in vessel.,1
1002,How is the constant of integration being included in the final derivation?,1
11013,Practical exponential time algorithms for polynomial-time solvable problems,0
11941,Generate secure URL safe token,0
1433,Help with Markov chain involving matrix diagonalisation,1
4347,Prove that $\lim_{n\to \infty} n\cdot r^n=0$ where $(0\leq r <1)$ without using ratio test,1
10537,Understanding the reduction of REGULARTM from ATM,0
7299,Effect on fitness of mutations,0
8232,CDK3 1 simple coding mutation/missense mutations (S106N) glioma,0
10165,Implementing a shared array cache without locking,0
284,Question regarding equicontinuity and joint continuity,1
1703,what is the simplest way to express this expected value of a product of two variables?,1
281,Find Integral Using Trig Substitutions with Tangent and Secant : Integral of Square Root of $x^2 + 2x$,1
4793,Equality in de Rham cohomology,1
9625,Find all pairs in an array that sum to a given number,0
6821,Why are birds have balls in the form a cork screw i dont have the scientific name,0
5268,Linear Algebra - Vector Subspace of Polynomials,1
2886,Topological definition of intersection multiplicities of algebraic varieties,1
5984,"complex no. $z$ such that $ |z|<\frac{1}{3}$ and $ \sum^{n}_{r=1}a_{r}z^{r} = 1\;,$ Where $|a_{r}|<2$",1
9870,Why does Insertion sort take linear time in this case?,0
7740,How is instinct carried from one generation to another?,0
725,Probability recursion,1
2777,Finding the gradient of a function.,1
1528,"Prove if $f$ is convex on $(a,b)$, then $f$ is bounded on every closed subinterval of $(a,b)$",1
6520,What is happening to this tree?,0
1349,Question regarding the formal definition of NP,1
7961,What is this hummingbird-like insect?,0
5697,Finding where f is well conditioned,1
10640,Time complexity of insertion in linked list,0
1169,How can I show $ X(f)(\sigma) = \frac{d}{dt}\vert_{t=0} \ [f(\sigma \exp (tX))]$,1
10109,Go functions to create a directory if it doesn't exist,0
3075,Domain of the function $g(x)=\frac{e^{\frac{1}{-\log_xe}}}{x}-\frac{2x}{e^{-\ln2}}$,1
4999,"Show that $\gamma:[a,b]\rightarrow \mathbb{C}$ has bounded variation iff exists $h:[0,1]\rightarrow [a,b]$ with $\gamma \circ h$ Lipschitz.",1
6741,What are the consequences of inbreeding?,0
1257,Is $~f(x+dx)=f(x)+df ~$ true? How to prove it?,1
6000,What was the evolutionary reason for cross lateralization of the brain?,0
7508,Auto-immune problems if immature B-cells released if bone marrow bone is fractured?,0
1622,An upper bound for integer partitions with unique summands,1
4114,Approximate integral of a function with points in the range,1
6889,Confusion related to the DAVID tool,0
9947,Text Snipper WordPress Plugin in JavaScript,0
11352,Can you give an example of a problem in $EXP^{RE}$ but not In $P^{RE}$,0
2750,Does the correlation between the measurement noise influence the result of the LS?,1
1778,Significant digits found while using an algorithm with random data,1
4731,The order of a pole is an integer,1
2030,Finding the determinant and trace of a linear transformation,1
935,Algorithm for Chebyshev series derivative,1
11328,what is correct maximum number of subnetworks?,0
6654,How to conceptualize the action potential?,0
4861,A doubt on the question $C = f^{-1}(f(C)) \iff f$ is injective and the similar surjective version,1
8135,What is atrial fibrillation?,0
1585,Find the characteristic polynomial through the induction,1
7937,Why haven't environmentally-reactive bodies developed as an evolutionary advantage?,0
5021,Application of Spectral mapping Theorem,1
3008,Prove the inequalites of complex vectors,1
10374,Global indexing of shared nodes in parallel,0
149,"Identities involving the boundary, closure and interior of a set.",1
11658,Solving the travelling salesman problem using a genetic algorithm,0
6503,What are the minimal chemical requirements for a food which we all can eat?,0
7080,What is the difference between an alpha subunit and a non-alpha subunit in ACh receptors?,0
6273,How are elements like iron recognized and routed to the right places for use in the body?,0
10990,How can I use object oriented principles in the following scenario?,0
11574,A Dockerfile for Composer (a dependency manager for PHP),0
7850,Why is HPV vaccines targeted for preteens?,0
11925,Generate line chart from SQL database output using Morris,0
8196,Which is the guideline to choose a molecular target to identify vertebrate hosts from arthropod bloodmeals?,0
11588,Pick a subgraph that maximizes the total cost of min-spanning tree among all subgraphs of the same size,0
1516,Determine if a function is bijective,1
9609,"Finite state machine written in OCaml to test for the sequence 0,1",0
7047,How to understand certain protein names,0
8168,Why does a housecat (or other predator) play with it's food before killing and eating it? Does it make the food taste better?,0
11859,Functional programming FizzBuzz,0
8108,Can telomere length maintenance be an answer to increased life span of human beings?,0
2260,Checking if all elements are prime,1
6498,Why do chlorotic leaves have green veins?,0
6483,Can photosyntetic cells be genetically modified to grow at a faster rate?,0
6228,What is the C765-Gal4 driver?,0
274,"If $V$ is an irreducible group representation over a non-algebraically closed field $F$, what's $\dim_F\, (\operatorname{Hom}_G(V,V))$?",1
551,Understanding generalizations of the wave equation.,1
7320,Does pH affect Michaelis constant?,0
7079,How was the Huntington's disease gene's location found?,0
11787,Convex hull partition of a set of points,0
3827,Are the quotient groups in a composition sequence necessarily subgroups?,1
9094,Modal component in Angular 2,0
757,How May I Determine if a Number is Divisible by a Given Set of Numbers?,1
4681,Part of proving Schroder-Bernstein Thm.,1
4699,convergence of nested recursive series,1
8705,Is the promoter region of a gene transcribed?,0
6960,How can a waterborne disease be transmitted,0
3951,Least-squares in integral form,1
9528,Is finding arbitrary length cycles in a graph NP-Hard?,0
10740,File-encryption utility application,0
3604,I want to prove that multivariate normal distribution maximizes the entropy,1
6782,Why do we have to move in the cold for higher chance of survival?,0
3642,Probability that coordinate of a dot within a square less than random parameter Z,1
4978,To find the minimum value of $n$ such that $2$ points exist not more than $2cm$ apart on square,1
7014,"The Eye, and Camera Lenses",0
9188,Is it good practice in Java to pass a StringBuffer to a method to get error messages,0
7894,Is apparent competition a suitable term in situations where one species is not negatively affected?,0
2336,Tangent vector in differential geometry: combining direction and derivative,1
11459,short text categorization with spelling correction,0
9320,Sort files in a given folders and provide as a list,0
7418,"How do trees communicate in the ""Wood Wide Web""?",0
3453,Find the domain of $g(x) = \ln \left( {\frac{x}{{x - 1}}} \right)$,1
10731,$\Theta(n^2 ) =\Theta(n^2 + 1)$,0
1760,Concavity and critical numbers,1
5030,Hiw to prove that additive inverse is not equal to multiplicative inverse?,1
6177,Why is glycine considered a nonpolar amino acid but a polar molecule?,0
4182,"Finding number of occurrences in a Boolean vector, or a portion thereof.",1
5878,Chosing the right setup for stochastic process,1
11128,Vertex cover algorithms for directed graphs?,0
9443,Addition in IEEE 754,0
8555,Do Alzheimer's patients have spaces in their brain with low interstitial space?,0
9700,Minimize the maximum Hamming weight of basis vectors spanning a binary subspace,0
47,How many bits does a digit have? (when the base is not known),1
480,DFT - Why are the definitions for inverse and forward commonly switched?,1
583,No onto map between the algebras.,1
291,Calculating the covariance of two random variables,1
9249,Finding a graph where the edge set satisfies a set of integer equations,0
3382,"How find this value of $x,y$",1
7356,Stabilizing forces between the protein sequences?,0
8409,Can the basement membrane of blood capillaries expand?,0
5337,How to prove that $1+\tan^2a=\dfrac{1}{\cos^2a}$ ?,1
6256,What causes pinkish hue to some skins?,0
3224,elliptic curve ${X^3+Y^3=AZ^3}$,1
1895,Relationship between random and non random variables.,1
3489,Remove repetition from permutation,1
9887,Error handling in express without middlewares and using class structure,0
6061,"Large spider identification, Kentucky USA",0
6565,Using perceptual adaptation for enhancing realism of VR/other entertainment,0
10913,Calculating speedup for a two-way superscalar cpu,0
11934,Number of n-node binary trees containing an m-node binary subtree,0
1953,How do you show that $n = 3$ is the only positive solution to $2^{n-1} = n+1$?,1
7364,Does fasting improves immunity?,0
9721,User authentication SQL injection,0
9041,Conditional milp formulation,0
7486,Genetic networks vs genetic architectures?,0
1084,Function problem vs. decision problem,1
6340,Are Sharks able to detect electromagnetic waves using their Electroreception ability?,0
7954,How far can free radicals from UV radiation diffuse through the skin?,0
8554,What are the differences and similarities between fimbriae and adhesins in microbes adherence factor?,0
5505,Topics in Algebra - Advice for Seminar,1
4447,Expected number of offspring with immedate vs. delayed selection,1
4617,N Gravitational Body Simulation,1
6240,Are these two same insects?,0
9173,Modular multiplicative inverse in Ruby,0
9454,Why do ACLs (access control lists) have better persistence than capabilities?,0
8985,Why would a 2019-nCoV protein sequence in the NCBI database match a protein submitted in 2018?,0
3590,What statistics can compare dataset with shared values from same data source?,1
429,Extending holomorphic function,1
11721,Using self-hosted OWIN,0
11106,Analysis of and references for Koch-snowflake-like (and other exotic) network topologies,0
9291,State of the art time complexity for getting (tree) descendants by type/attribute,0
11413,Processing user input for a form,0
10635,Finding a word ladder using Breadth First Search,0
6222,Spine found on the beach,0
9145,What are the reasons behind using constraints in convex optimization?,0
2144,How to prove this sequence tends to zero,1
7813,What is allele-specific binding?,0
4533,Exercise 9 Chapter III from Kunen's Set theory: An intro to independence proofs,1
2399,Sufficiently large chromatic number implies clique minor,1
9084,How to check if a specific ILP problem can be solved in polynomial time or not?,0
8043,How does a cell identify itself?,0
4341,cl$(B\backslash A) \subset$ int(B),1
6720,How do geneticists compute the percentage of DNA shared between species?,0
4720,Continuity of integer part function,1
1960,Equivalence of transversality conditions,1
5222,Divisible modules over $\mathbb Z[x]$,1
10773,Subscriptable/Indexable generator,0
2891,Why is $y^2 = 1+x^4$ an elliptic curve?,1
10812,Turing machine with an oracle for a proper subset of a known undecidable language,0
967,logically prove: $R$ is Relation $\to R\subseteq\operatorname{dom}(R)\times \operatorname{cod}(R)$,1
2065,Proving $\mathscr{\bar{M}}$ is closed under countable unions.,1
1266,Jech Lemma 3.10 (cofinalities),1
4937,"Consider the function space Ω, consists of all functions $\phi(x)$ that satisfy the infinite set of conditions",1
6354,"Connect the inner and outer space of cell with a wire, will there be electricity?",0
963,solve coordinate and quadratic system,1
4599,Fourier transform of odd function equals zero.,1
10970,Countdown script in JavaScript,0
8918,What is the definition of the life biologically ?,0
11994,StarCraft Map Dimensions,0
3946,Finding limits of a line integral with vector fields,1
6226,Where do butterflies sleep?,0
4671,Area between 2 parabolas,1
11193,What are the technical reasons for which the empty string is not allowed to be accepted by a Turing machine?,0
1864,"Mass of a wire positioned along the interval $[a,\ b]$",1
8567,Is touching or inhaling 70% isopropyl alcohol dangerous to humans?,0
5550,Exam Question - language recognizition,1
5413,Cosets of ramified Witt vectors,1
5643,"Find $\lim\limits_{(x,y)\to (0,0)}{\frac{e^{x}+y-1}{x+y}}$",1
11864,Counting occurrences of a word in a file,0
5566,Relation between Numerical methods and Chaos theory .,1
10847,How many bits are needed? Advantages/disatvantages of this configuration?,0
11203,How do I use the Myhill-Nerode theorem to show that a language is not regular?,0
103,"Limit $\lim_{(x,y)\to (0,0)}\frac{\sin(xy)}{xy}$",1
3463,basis for the space of polynomials $p(x)$ of degree at most $n$ such that $p(2)=p(4)=2p(7)$.,1
650,"If $f'$ is bounded on $\mathbb{R}$, then is $f$ uniformly continuous?",1
11419,Simple bcrypt Register User and User Login using PHP - is this approach acceptable?,0
1042,Non-isomorphic combinatorial classes with growth rate equal to the golden ratio?,1
11873,Extract Students with All Enrolments in the Past,0
7013,c4 cycle in photosynthesis occurs in monocots or dicots,0
3581,"For $0 \leq a_n, b_n$: Is $\varliminf a_n \varlimsup b_n \leq \varlimsup a_n b_n $ true?",1
5307,Continuous-time Markov Chain forward/backward equations and MLE,1
10984,Android music-streaming app,0
8532,Can TGF beta family induce all somatic stem cells?,0
8799,How to manufacture different sized micelles in nano -scale?,0
6779,Why do fetuses have membranes between fingers and toes?,0
9254,Social Media Hashtag Splitting,0
807,Solving a Word Problem relating to factorisation,1
7227,Mayfly identification - Oregon,0
8273,Mutation in axillary buds of trees overcoming self-incompatability?,0
10365,Where/when did Stephen Kleene first define the Kleene closure/star?,0
10135,Retain previous values in Label,0
7194,Difference between taking tissue of cancer from secondary place or primary place,0
9881,How can I check if a sequence is alternating?,0
1670,Can a density function in a closed ball have an unbounded expected value?,1
11033,How can I translate this quantified logical expression into english,0
2193,Distributive Law for 'such that'?,1
1100,Show $h$ is continuous on $D$,1
7548,Do voltage-gated calcium channels affect neuronal conduction speeds?,0
2553,proving that an improper integral diverges,1
1353,How to find the probability of a tie.,1
2893,"If $A$ is a bounded matrix-valued function, is the map $x \mapsto A(x)x$ Lipschitz?",1
3419,Generalising Plane Isometries to $\mathbb{R}^3$,1
5801,Why does an empty intersection (for families) not make sense?,1
10209,Linear programming with absolute values,0
5464,Hitting time of 2D markov chain,1
6405,Cat purring: What are some possible underlying mechanisms behind purring and bone remodeling and formation?,0
4917,How many permutations of pixels in a square?,1
10920,What is the asymptotic runtime of the best known TSP solving algorithm?,0
2486,Prove that the center of a circle within a constructed triangles lies on the angle bisector,1
3728,Prove that normal vector to the surface does not depend on parameterization,1
10416,Finding the longest path of sum $0$ in a weighted tree,0
11903,Cache Direct Map access confusion,0
2059,Is the supremum of an almost surely continuous random function random variable?,1
11899,Show that if language belongs to $BPP$ then also similar language belgons to $QP$,0
6850,Why do we have bacteria in our alimentary canal?,0
1383,Bound on the $2$-norm of a diagonal sub-matrix,1
2633,Closed-form expression $(x_{2^l})_{l\in \mathbb{N}_0}$,1
11005,Replacing n with 2n in asymptotic bounds,0
11,"Question about equlaity of two language, simple but tricky.",1
2022,Performing Hypothesis Testing when each test has a different probability,1
9501,Vue Star Rating Component,0
2870,Finitely many fixed points in interval,1
6278,How does the blood of the veins in the legs get to the heart?,0
6293,Why my base-quality in alignment is not perfect?,0
9630,Rigidness and verbose nature of XML parsing,0
6903,Are there any scientifically based predictions or theories of future human evolution?,0
5702,Help with fourier transforms,1
620,Is a Function on Bounded Domain Taking Cauchy Sequences to Cauchy Sequences Uniformly Continuous?,1
4547,"Doob Dynkin lemma, uniqueness of the Borel function",1
4801,Help to understand this property: $\int\limits_{ka}^{kb}s\left(\frac{x}{k}\right)dx = k\int\limits_a^bs(x)dx$,1
1014,Evaluating the real and imaginary parts of a nasty complex number,1
7453,Does drinking alcohol having UTI may help to kill the bacteria?,0
8865,"What are the olfactory chemicals in whiteboard/permanent markers and what do they bind to in the nose, lungs, and brain?",0
8767,variation in expression accounted for a SNP -- what's a usual percent?,0
1066,Evaluating lambda expression call by value Beta reduction,1
3694,Show that a normed space is not separable,1
11405,Asymptotic analysis of shifting/multiplying,0
3404,"A puzzling step in a solution for ""Find $\sin(x)$ and $\cos(x)$, if $a\sin(x)+b\cos(x)=c$""",1
2142,Intersection of inductive sets,1
8791,Processing of speech/non-speech sounds in the human brain,0
8746,Why do human ears have a lower boundary for the lowest energy perceivable signal than eyes?,0
4313,"Why isn't projection of $\mathbf{v}$ onto $\mathbf{u}$ defined so that it's perpendicular to the straight line segment connecting $\mathbf{u, v}$?",1
5220,What am I plugging in wrong to my normal distribution calculator?,1
10047,What can I do better in this ViewModel Creator?,0
1853,group cohomology over a trivial module (complex ),1
2961,Notation: express the minimum absolute value of a scalar function.,1
8467,$F_{ST}$ and the genetic variance in metapopulations,0
6624,Protein expression in K. lactis system,0
1226,Which propositions are true?,1
2395,Finding the equation of a line,1
1650,"Twin square-free numbers of the form $6k-1,6k+1$?",1
5887,First-order logic with conditionals,1
6162,Why babies cry after they are born?,0
3384,finite type sheaf of $\mathcal{O}_X$ modules with short exact sequence,1
2130,construct inverse point with respect to the circle by the use of the compass alone,1
6332,Why are the other bases not used for RNA capping and tailing?,0
9210,Why there is no polynomially large sequence of polynomial large weights that derandomize the isolation lemma?,0
7158,Ventricular Filling : Systole or Diastole?,0
11714,"Number of states in NFA and DFA accepting strings from length 0 to n with alphabet Σ= {0,1}",0
4701,The family $f_n=\arctan(nx)$ is not equicontinous.,1
9760,Queue with std::vector,0
8321,Why are there ghost images of objects just out of focus,0
9161,Making feature vector from Gabor filters for classification,0
8520,What is functional dissection?,0
9076,Selection sort algorithm in Swift,0
2981,Small proximity of important points of a function,1
3301,Proving Pappus' theorem in a finite Affine Geometry,1
6462,What proportion of salt in water would make it not dehydrate nor hydrate someone?,0
3817,"Can we write every uncountable set $U$ as $V∪W$, where $V$ and $W$ are disjoint uncountable subsets of $U$?",1
11593,State complexity of difference of two languages,0
6836,Fibronectin glass surface adsorption,0
9919,Why half of the medians are greater than the median of medians?,0
7642,"How does Trifluralin kill newly germinating seeds, with almost no effects on established ones?",0
9948,Mutex and condition variable implementation using futex,0
2575,Dirac delta function of a function - can I make this transformation?,1
7181,Survival curve in early humans,0
8515,Are all quadrupeds edible?,0
251,Connection between Theodorus spiral and Archimedean spirals using an analytic expression,1
11388,Pumping Lemma for $L = \left \{ a^{c}\mid \text{c is a composite number} \right \}$,0
7274,What are the (evolutionary) advantages of secondary transport?,0
4919,How to prove this biconditional?,1
640,When to use L2 regularization?,1
7032,Pain perception in animals with nerve nets,0
10190,Scheduling distributed computational graph,0
7220,Why does bacillus thuringiensis produce bt toxin?,0
3958,"Minimal sufficient statistic for Uniform$(\theta, 2\theta)$, is it a complete statistic?",1
4909,"Suppose we have $T$ is onto and $Span(v_1,\ldots,v_n) = V$. Prove that$ Span(T(v_1),\ldots,T(v_n)) = W$.",1
2845,Naming a binary relation,1
532,Tables of Hypergeometric Functions,1
7289,Proportion of amino acids from a random polymer of U and C,0
7488,Why do spiders make their web near the ceiling and near a light source?,0
4154,Does cutting an open space not increase the number of holes,1
7557,"Can you ""fight"" a coma or serious illness?",0
10489,DP Knapsack Problem With Categorical Constraint,0
1555,Excercise about convex functions counterexample,1
7262,Are all non-breeding naked mole rats the same sex?,0
1127,Prove that $\sqrt[3]{\sec\frac{2\pi }{7}} + \sqrt[3]{\sec\frac{4\pi }{7}} + \sqrt[3]{\sec\frac{8\pi }{7}} = \sqrt[3]{8-6\sqrt[3]{7}}$,1
4515,Looking for an intuitive explanation of the gamma function which can be comprehended with high school maths.,1
11839,"Show that if Automata $A$ recognize language $L$, there also exists an automata $A′$ that recognize $Double(L)$",0
929,"Is there a dilation/scaling ""equivalent"" of Wiener's Tauberian theorems?",1
6122,Why some eggs are bile stained?,0
1846,"Sum of products of positive integers and non-negative reals, the latter of which has the sum of at most 1",1
8415,Antibody-antigen database,0
9207,Are URI's a regular language?,0
10738,Android Java Splash Screen code,0
8513,Is the Opah a warm blooded fish?,0
9469,Generating all directed acyclic graphs with constraints,0
9237,"In RegExr, why is regex OR in JavaScript sometimes not commutative?",0
7513,What tool can I use to align multiple protein sequences to one reference sequence?,0
9975,"Trials, tribulations, and tributaries (Rainfall challenge)",0
7591,Why is hydrofluoric acid so dangerous if it is a weak acid?,0
2984,"Interpreting fundamental theorem of calculus when the domain of $x$ is $(-\infty,\infty)$",1
9271,Awkward Generic Repository Call,0
5687,Embedding a Torus into Plane with Cuts,1
4900,"Finding distribution of $y$ intercept given by line generated by two uniformly chosen points in $[0,1]^2$",1
9012,Beginner user registration and login program,0
4405,Modular arithmetic with polynomial,1
1694,Inner product in a direct sum of a dimensional space,1
7278,Does blood carry metallic nanoparticles?,0
6290,Where can I find DNA decryption research?,0
10151,Count the number of leaders in both sides (slices) of an array in C#. Codility EquiLeaders task,0
11562,Movement function for a Sokoban game using Python,0
8292,How to design a ChIP-exo experiment with controls?,0
5344,How to solve the quadratic matrix equation $X A X^T = B$?,1
3758,Evaluate integral: $ \int_{-1}^{1} \frac{\log|z-x|}{\pi\sqrt{1-x^2}}dx$,1
8194,Worm in water identification help,0
7058,Is there any completely Computation Drug ever launched in market?,0
1265,How to solve this differential equation: $x^2dy-y^2dx+xy^2(x-y)dy=0$,1
3030,"How to evaluate $\int_0^3\int_2^0xy\,\mathrm{d}x\,\mathrm{d}y$?",1
736,"If $P^r$ has all positive entries, then so does $P^n$",1
10253,Converting CNF to GNF,0
3724,Contracting a contractible set in $\mathbb R^2$,1
11668,comparisons vs arithmetic complexity,0
9918,Big switch statement for sorting a table,0
1691,How can I derive differential equations for polar coordinates based on these equations?,1
7618,Does human brain produce nicotine?,0
6817,Book request: systematics and evolution of vertebrates,0
5694,What is this symbol above the X?,1
770,"Let $f : R\rightarrow R$ be a function with the property $f(x + y) = f(x) + f(y)$ for all $x,y\in R$.",1
11779,Print the N longest lines in a file,0
4606,Important results of calculus before Newton and Leibniz?,1
6432,Assumptions of Hardy-Weinberg rule,0
3571,Are there Boolean homomorphisms from the degenerate (trivial) algebra to non-denegerate algebras?,1
2136,Solve differential equation with three variables,1
11633,Multiple rounds of bipartite matching problem,0
4716,Simplifying expressions when taking limit to infinity,1
1764,Prove that $\frac{1}{(n+5)^3}$ is a Cauchy sequence.,1
9357,K-Nearest Neighbors in pure Python,0
11154,Finding unique/obsolete binary Debian packages,0
9467,Gem to interact with a third party API,0
9589,Slim down Javascript MomentJS Function,0
7653,What will happen to a neuron if I suddenly remove the pump but not the leaky Na+ and K+ channels?,0
1683,Volume of largest ellipsoid fitting into a box and volume of smallest ellipsoid containing that box,1
1492,Reference request on numerical semigroups,1
6212,To which SCOP Class corresponds the following secondary structure?,0
10664,Is order of bits in byte really not of concern?,0
639,"prove $\left\{a_{1} = 2, a_{n+1} = \frac{2+2a_{n}}{2+a_{n}} \right\}$ converges",1
1950,Compute $\lim\limits_{x\to0} \left(\sin x + \cos x\right)^{1/x}$,1
6711,To what extent does the distribution of nerual transmiters in the brain vary human to human?,0
8875,Endogenous retroviral insertions as evidence for evolutionary relationships among primates,0
9313,Convert Sql LIKE to Regex,0
6307,What species of mulberry is this?,0
10145,"Shortest path using less than or equal to m edges in a directed, weighted graph with negative cycles",0
2492,Chain rule for multiple variables,1
944,How to calculate the number of subgroups of a group whose order is $19$?,1
10668,Generation regular languages by context free grammar,0
10255,Extending java.util.Random.nextInt(int) into nextLong(long),0
3056,Algebraically compute $\lim_{x \to 0}\frac{\sin x}{x}$,1
11783,Using static management class to control db transactions through an EF6,0
3750,Limit of a sequence bounded below but has no cluster points,1
4401,"Is there a difference between $f(x,y)$ $f(x;y)$ and $f(x\mid y)$?",1
7925,What can pass through the intestinal membranes?,0
10258,SICP exercise 2.28 - counting leaves in a tree (recursive process),0
8413,Why does the ring finger not move independently?,0
8298,Why do the vines change their spinning direction?,0
5734,geometry question regarding the adjustable angle of a climbing wall and how to lower the overall height,1
10563,maximal independent set on grid-based graph proof of approximation ratio,0
4412,Existance and uniqueness for diverging and converging integrals,1
11079,How large is the seed in an encryption algorithm such as stream cipher?,0
728,Question on operator theory classes of operators on Hilbert spaces,1
9046,Training preamble in convolutional codes,0
10494,A recursive function that performs a binary search,0
298,How to write correctly when performing integral calculations?,1
3189,Normalization of a Ring,1
5811,a question in Ordinary differential equation,1
6996,Two sets of chromosome and the sequencing output,0
1161,How to find the upper Riemann integral of following function?,1
10420,"Using model relationships to find number of responses by a user, to posts of a certain topic type",0
2530,Is the following series converging $\sum_{n=2}\dfrac{1}{(\ln n)^{\ln n}}$,1
5136,How to find all complex numbers and roots of z in cubic equations,1
7411,Differences between Heracleum mantegazzianum and H. sphondylium,0
1762,Double mapping cylinder- a point set question,1
7784,Are there known minimal marine ecosystems that are stable?,0
4570,Find the point of intersection of the pair of lines $a(x-\alpha)^2+h(x-\alpha)(y-\beta)+b(y-\beta)^2$,1
5767,Markov's Inequality for Negative Binomial distribution,1
10051,Find combination of vectors from array that sum up to s,0
9877,Examples of languages not decidable by a TM using certain upper bounds on space/time,0
4747,All K such that if $|\int_E f d\mu|<K$ for all measurable E then $||f||_1<1$,1
6657,Could someone Identify this Insect Hive on my Balcony Grill,0
5100,Eigenvalues of differential operator,1
8743,Reliability of Sanger sequencing,0
6579,Can I identify this black ant queen?,0
4883,Definition of compatible vertices,1
7255,Are there computational models verifying the feasibility that complex biological systems can emerge by random mutations plus natural selection?,0
9115,Averaging a set of percentages between certain important levels,0
4893,Let $f : [0;1] \to \mathbb{R}$ be a continuous function such that $f(0) = 0$. Which of the following statements are true?,1
10803,Recamán Sequence (A005132),0
891,Proof for the existence of primes not equal to $ap_\alpha +bp_\beta$ etc?,1
8186,"What does it mean for a hormone to be ""active""",0
4805,"Composition of logarithm, quadratic and $\tan$ function",1
7093,About. Autosomal recessive diseases in genetics,0
10215,Sampling among constrained partitions,0
70,Whitney sum bundle vs. direct product bundle,1
9715,Auto change page title while bookmarking a page,0
2483,Type of differential equation,1
1866,Why is this a local isomorphism?(model theory),1
10695,How to improve my these specific math skills?,0
8864,Why do we like to touch fluffy things?,0
4226,Show $f''+vf' +\alpha^2 f(1-f)=0$ has solutions satisfying $\lim_{x \to - \infty}f=0$ and $\lim_{x \to \infty}f=1$ given $v\leq -2\alpha < 0$,1
6084,Could an animal with an open circulatory system survive in a near-zero gravity environment?,0
4261,Generalization of a problem related to gcd,1
1758,Integral with respect to the sum of two complex measures,1
5759,"$(\Bbb Z\oplus \Bbb Z)[X] \not\cong \Bbb Z[X]\oplus \Bbb Z[X]\,$?",1
2430,How the free group on two generators $F_2$ is isomorphic to a particular quotient group,1
2424,Disjoint Lines in Projective Space,1
5114,group of order 21 is abelian or not,1
5249,Solve for $x$ in $\frac{\sqrt x-1}{x-1}>\frac{4^{3/2}}{2^4}$,1
6180,Can you identify this snake?,0
4061,Hello i am confused with this quadratic question.,1
1678,Choose a basis of $\mathbb{F}_q/\mathbb{Z}_p$ to do inverse quickly.,1
6380,MTHFR recessive alleles and B-vitamins,0
11227,Why is removing the second largest element from a max-heap not in O(log n)?,0
5475,showing $f$ is entire,1
3290,What is the result of a natural number power the cardinality of an infinite set?,1
3749,"Suppose $\phi\in{Aut(C)}$ and continuous, why $\phi$ must fix $R$?",1
2768,"Zorn's Lemma Proof: Definition of Tower, Union Requirement",1
10610,Find sets of weighted objects to maximize number of sets with weight >= X,0
5138,Doubt about Hatcher's proof of degree calculation,1
5131,Why the derivative of $n^{1/n}$ is $n^{1/n} \left( \frac{1}{n^2} - \frac{\log(n)}{n^2}\right)$,1
11340,Algorithm for subdividing html-elements,0
1409,"$E(X|Y)=0$ and $E(X|Z)=0$ imply $E(X|Y,Z)=0$?",1
4811,Length of path of a reflecting wave,1
11133,Quicksort Partitioning: Hoare vs. Lomuto,0
1126,Prove that $\int_0^{\frac{\pi}{2}} \frac{\cos x}{x}dx=\infty$,1
9891,A color class and a CRUD class for it,0
1136,Lipschitz condition for open sets,1
986,"$gcd(p,a-1)$ or $gcd(b,p-1)$ where $p$ is a prime factor of $a^b-1$",1
2902,Getting the best fitting distribution using the p value,1
630,A complex number is real proof,1
2733,How many combinations are possible for choosing two letters from the alphabet with replacement?,1
6352,Why is this the equation for the fitness of cooperators?,0
4335,Find number of skew-symmetric matrices of order $3\times 3$ in which all non-diagonal elements are different,1
1943,Solve $y''-xy=0$ about the ordinary point $x=0$,1
7476,What exactly happens to animals that fail mating rituals?,0
6072,Structures of cyclodextrin complexed with small ligands,0
9642,"Suggestions for alternative 3D space partition tessellation, different from Voronoi and Delaunay",0
4149,Why isn't a given relation a function from A to A?,1
11850,"Grids, Cells, and Inheritance",0
6609,Moss CO2 consumption,0
2719,Calculating sample variance,1
5830,Set of left cosets = set of right cosets implies normal,1
4858,Poincaré constant for subspace of Hilbert space,1
4454,Probability of Rolling 3 dice versus 2 dice,1
3,"Why does $S(n,k)=\sum 1^{a_1-1}2^{a_2-1}\cdots k^{a_k-1}$?",1
7208,Etymology of eccentric/concentric contractions,0
7304,Is anaerobic activity during ketosis possible?,0
1730,"Conics: The line $\mathbf{l} = C \mathbf{x}$ passes through $\mathbf{x}$, since $\mathbf{l}^T \mathbf{x} = \mathbf{x}^T C \mathbf{x} = 0$",1
2852,Determine the order of the local truncation error (LTE) of a numerical integration method,1
3487,Show that $x'(t)⋅ \nabla f(x)\geq0$,1
8475,What are the uses of centrioles and matrix of centrosomes?,0
5374,Big-Theta:What happens if $\displaystyle{a_d<0}$?,1
10981,Data Integrity Through Custom Variable,0
4390,Combinatorics: arrangement with permutations of $N$ elements,1
11817,Multi-threaded client/server/rate_controller testing harness,0
6449,Virus Mortality Selection,0
8582,How is there no limit to a human lifespan again?,0
6229,Proteases in the blood,0
11915,Minimum number of nodes to select such that every node is at most k nodes away,0
5483,Junk Mail Permutations,1
9705,What to do with the Exception when you fail to close() a resource?,0
5780,Geometric description of equivalence classes.,1
10716,Best way to structure this PHP code,0
3249,Equal number of 1s and 0s in number of n digits,1
575,Basic Algebra Question about speed,1
10629,Project Euler 18/67: Maximum Path Sum,0
11890,Some terminologies in Wirth's book and the satisfying of deterministic algorithm,0
11445,"Given a number represented as an array of digits, plus one to the number",0
3132,"In each part, find a basis for the given subspace ofR 3 , and state its dimension",1
8396,Easy Hardy Weinberg Equilibrium,0
365,A point minimizing total great circle distance to a given set of points on a hemisphere,1
8966,Preprocessing microarray data to detect increased male expression variance due to dosage compensation?,0
5529,Convolution of measures and stochastic dominance,1
3696,Outcome of rolling a fair die 6 times,1
8405,Identification of snake,0
11438,Game Of Life OOP Python,0
3055,Is there closed form for $(1-p)(1-p^2)(1-p^3)...$ or its Taylor expansion?,1
3838,Diagonalizable endomorphism with kernel equal to image,1
2028,"$\frac{y-b}{r}=\frac{y}{s}$ to $y$ for finding the closest point on a line, from a point.",1
9619,MIPS: sign extend in I-Type commands,0
7628,are dead ants returned to colony?,0
4077,"Uniform integrability, convergence in probability and weak convergence.",1
11351,Maximum value a variable can hold without documentation,0
3312,"Proving that $G-\{x_1,x_2\}$ is connected if $G-v$ is $1$-connected and $x_1$ and $x_2$ belong to different blocks",1
2006,Two quadratic equations to get an expression,1
7204,What is a good book to start with if I'm interested in Gene clustering analysis?,0
1308,Find the minimum value of $\sin^2\theta+\cos^2\theta+\csc^2\theta+\sec^2\theta+\tan^2\theta+\cot^2 \theta$,1
349,Expected value of discrete and continuous random variables.,1
8591,In which organs is water that we drink absorbed into the blood?,0
952,Show that Aut $(C_n)=D_n$,1
5179,How to show that the triangle is equilateral triangle?,1
2442,"Show that when written in terms of $ t$, where $t = \tan(x/2)$, the expression $2(1 + \cos(x))(5\sin(x) + 12\cos(x) + 13)$ is a perfect square.",1
2385,Trying to figure out my percentage raises at work,1
1193,Proof of $\frac{d \sqrt{x}}{dx}$ including proof of the limit?,1
4667,Is product of two decreasing functions (and positive) decreasing as well?,1
1906,"If $b_n$ is a bounded sequence and $\lim a_n = 0$, show that $\lim(a_nb_n) = 0$",1
7442,Does DNA polymerase always go the same direction?,0
9355,Recommender system accuracy testing using GridSearchCV,0
10705,"Prove that $\{0^n 1^{n\cdot m} : n,m \in \mathbb{N}\}$ is not context-free",0
9135,How can I improve this RL algorithm?,0
3939,Why does the domain and range of $\sqrt x$ contain only positive real numbers?,1
1406,What could the formula of the present value for such a saving plan?,1
3558,Does the series $\sum_{n=1}^\infty \frac{n}{\sqrt[3]{8n^5-1}}$ Converge?,1
3584,Finding variance with method of moments,1
6479,Horizontal Gene Transfer,0
197,$x\in H^2(\mathbb{R})\Rightarrow u(x)\to 0$ as $x\to\pm\infty$?,1
6974,How is bilateral asymmetry determined in embryonic development?,0
6993,The properties of benign tumours,0
2245,Why does the power rule work?,1
6217,Could someone please identify this species?,0
2666,Singular value decomposition of $2 \times 2$ matrix,1
4808,Bijection of pair of top spaces,1
9221,How do I simplify the code in C#?,0
9129,String Trimmer and trimmed Input routine,0
11670,Am I managing my memory correctly?,0
6284,Exhalation while holding breath,0
5148,Is there a way to isolate $x$ in $x+x^2+x^3+\cdots+x^{12}=\alpha$?,1
533,"The dual function g is concave, even when the initial problem is not convex?",1
8099,Why is urobilinogen reabsorbed from the gut just to be excreted via the kidneys?,0
11044,Concurrent quicksort in C++,0
7224,Range of feasible coefficients in an unlimited growth model,0
1083,How to find the domain interval of an inverse function,1
11665,How to make this csv-reading PHP code more efficient?,0
10603,Largest palindrome made from the product of 3-digit numbers,0
2975,Alternate formula of Archimedean property,1
10096,Major Field Test Sample Questions (need further clarification),0
9277,Is there an Interval Tree which supports O(1) dynamic space requirements for queries?,0
8458,harvesting fertilized eggs from Tetraodontidae species?,0
9956,Algorithm for finding the set of minimum coordinate pairs,0
3053,Is the collection of all cardinalities a set or a proper class?,1
7107,"Does the use of ""var"", ""x"", and/or ""ssp"" in a scientific name provide specific information?",0
3031,Number of spanning trees by dividing graph into subgraphs,1
9409,ActionGroupContext to know an id of the current context,0
3743,Factorization of a complex-valued positive matrix into product of Hankel matrices.,1
11183,How motion capture system works?,0
9620,Are constituency grammars and dependency grammars two different types of context free grammars?,0
4664,Element of a certain order in multiplicative group of residues,1
5149,Simple Dynamics Question?,1
3513,Ideas for mathematics club,1
1075,Partial Differential Equation,1
3715,Equivalent condition for the normal lines of a cruve $\alpha(s)$ to be equidistant from a fixed point,1
2317,how prove $\binom{n}{n/2} = \Omega (\frac{2^{n}}{n})$?,1
5852,"Prove that $\dim G(\lambda,T_{\Bbb{C}})=\dim G(\bar{\lambda},T_{\Bbb{C}})$",1
10069,Definition of $\alpha$-approximation,0
11162,Allocate Resource Effectively,0
1588,angles of a cyclic quadrilateral,1
7393,Identify this frog from Bangladesh,0
9089,Are fully connected layers required for convnets?,0
7580,Additive property of taste,0
3282,Spectrum of weighted shift operator,1
9274,Simple languages that are not of type-1?,0
11337,Smallest real root of a polynomial in a range,0
3485,What is the probability that I actually won the game,1
11429,Merging website info into an array,0
9494,Algorithm to sort elements of an array under uncertainty,0
6862,Can potassium ions depolarise neuron membranes?,0
6798,What happens to neutrophils in whole blood stored for transfusion?,0
605,Video/audio lectures on differential topology?,1
10362,"Manipulating a .csv file to look for two common values to create a key, then summing up values",0
1663,How find this integral $\int\frac{1}{1+\sqrt{x}+\sqrt{x+1}}dx$,1
6257,How are cells of the cornea transparent?,0
7310,Why does double vision when drinking happen?,0
9725,"Map overlay, any algorithm for face updating step?",0
6368,Is human genome editing more complicated than mice genome editing?,0
11336,Fluid tag for displaying GitHub Gists with noscript tags in a Jekyll post,0
9741,Hardware Transactional Memory Operations in a Hyperthreaded Core,0
379,Logarithms in Calculators?,1
6014,Can a firefly control its glow?,0
943,Proving set identities: empty set case.,1
4495,Quotient algebras isomorphism,1
1217,Evaluate $\int \frac{\sqrt{1+x^8} dx}{x^{13}}$,1
6387,How does the enzyme Dicer function in the RISC complex?,0
6605,Why are plasmids called plasmids?,0
10508,Methods for proving upper bound on a-approximiation algorithms?,0
1768,Open sets separating points in a metric space?,1
10862,Why Don't We Use Non-ML Artificial Evolution?,0
6843,"Virus cannot survive on surface after certain time period, but why and how?",0
9885,"In a LP problem Ax = b, how to solve for A instead of x?",0
7505,Trying to identify the species to which this vertebrae belongs,0
11690,Text class in Python,0
11204,Prioritizing one column over the other column of the same table,0
9344,Deterministic algorithm to find number of collisions,0
10497,Pattern for prototypal class creation,0
2192,In probability: is there a name for 1-x or x-1?,1
955,How many different numbers can $a_1 \circ a_2 \circ \dots \circ a_n$ result in?,1
2766,"Prove that if $f$ is bounded in $[a,b]$ and integrable in each interval $[c,b]$ with $a<c<b,$ then $\int_a^b f =\lim_{c\to a+}\int_c^b f$",1
11091,Keeping track of people's relationships using a people relation table,0
2386,$H^{-1}$ norm and $H^{-1}$ gradient flow,1
2184,Two exercises on Evans PDE book.,1
5383,Shortest distance around a pyramid,1
2965,Uniformly distributed differences,1
4361,Combinatorics problemo,1
4968,$G_{\delta}$ null dense set,1
497,Serre's proof of $ \operatorname{Br}(K/k) = H^2(K/k)$,1
5334,Let $V_n=${ $p(x)$: $p$ is a polynomial of deg(p)$\leq n$}. Show that $V_n$ is a subspace of $\mathbb{R}^\mathbb{R}$ and find a basis of $V_n$.,1
8680,Effects of mushrooms on their hosts,0
3847,Birational map and birational morphism in algebraic geometry,1
4051,Existence of solution for heat equation on manifold without boundary.,1
3245,Improper Integral Question $\int_0^1 \ln\sqrt{x}dx $,1
9681,Why doesn't Godel's Second Incompleteness Theorem rule out a formalizable proof of P!=NP?,0
11247,Most efficient know way to match orders,0
5695,Polynomial Question - Quartic,1
1788,"If we restrict the character $\chi:G\to S_{o(\chi)}$, then is this map surjective?",1
10925,Back end validation as front end validation,0
1384,What is this symmetric-like property of $n$-ary relations?,1
8682,Query regarding KEGG KGML pathway files,0
6095,What is the evolutionary or biological origin of apathy and indifference. Is it uniquely a human thing?,0
1901,How to compute the irreducible polynomial of a number,1
9861,Middleware for sending PartialViews via email,0
823,Unipotent elements in a Lie group,1
7710,How can one relate in vitro studies of caffeine (dose expressed as concentration) to dietary intake of caffeine (dose in mass)?,0
11892,Analysis of brute force decoder in a $q$-ary erasure channel,0
8257,How do I know which alleles the parents have?,0
2919,How to find the canonical form of an eliptic paraboloid,1
594,"mediant and weighted mean, fraction",1
3674,"No nonconstant coprime polynomials $a(t)$, $b(t)$, $c(t) \in \mathbb{C}[t]$ where $a(t)^3 + b(t)^3 = c(t)^3$.",1
9125,Calculating the circumference and area of a circle,0
8868,What are the problems in using an ssDNA or an mRNA for expression instead of using a plasmid?,0
7530,Is there a vaccine against the plague (Yersinia pestis)?,0
9559,Fibonacci in linear time by using an extra pointer,0
5788,Define polar coordinates of circle at origin and circle with radius $R$.,1
2413,"Two endomorphisms, $u$ and $v$, of $\mathbb{C^n}$ such that $[u,v] = \alpha u + \beta v$ are both triangular in the same basis",1
1824,$F_{*p}$ in local coordinates,1
2145,Equivalent statement of AC or not?,1
8400,What is this insect from Brasil?,0
6704,Effect of opposing electric charges on cells,0
9910,Speech Recognition Part 2: Classifying Data,0
353,Cardinality of the borel measurable functions?,1
8387,How does the bear mother ensure her cubs don't escape during hibernation?,0
3549,Ratio estimator in sampling,1
5494,Area of region r(theta),1
10036,Hover on bootstrap card overlay,0
5377,Use of GCD Distributive Law in proof of Euclid's Lemma,1
2614,"Singularities, essential singularities, poles, simple poles",1
2459,Proof that the equation $x^2=\sin x $ has only one real solution different than $0$,1
3592,Trisect a square on its sides. How many isosceles triangles can you find by connecting three of the dots?,1
4659,The function space from $n$ to $m$ and the exponent $m^n$ are equinumerous (proof),1
4929,Projection of glueing identification is open map?,1
1479,Does the integral $\int_{2}^{\infty}\frac{dx}{\sqrt{1+x^{3}}}$ exists?,1
7371,How many co-expressed genes would be expected in a tissue?,0
9063,Dynamic IP Notification Using Google App Engine,0
4246,Finding expectation where the density has an indicator function,1
4039,Why is $\sqrt{x^2}$ always $x$?,1
1499,"Particular sequence in $L^2[0,1]$ that fades at $\infty$ in $L^2$ norm and whose limit is not defined $\forall$ t",1
6651,What is the difference between organelle membranes?,0
1938,Determining if two general conic sections are tangent to each other,1
5070,"$X \sim U(0, 2)$, $Y \sim U(0, 3)$ independently: $P(Y \le X^2)$",1
7094,What is the relatedness of sisters in a haplodiploid system if you mate virgin queens with 1 of their sons,0
5279,What's a good way to get an intuition for making forcing posets?,1
4227,Chain rule for Hessian matrix,1
8921,"Are human eyes equally sensitive to AC, and DC lamps?",0
6198,Why is DNA replication not 100% accurate,0
9591,Detecting two keys pressed in quick succession,0
4602,De Rham cohomology notation,1
1658,Weak compactness of a set of translates in $C_0(\mathbb{R})$,1
5923,There are $4$ numbers. First $3$ make an arithmetic progression. Last $3$ make a geometric progression.,1
10320,Monkey patching extra events in Node.js HTTP/Express,0
8437,Why do humans enjoy spices?,0
3919,Finding basis of $R(T)$,1
1070,Solving a simple homogeneous ODE,1
5978,"Convergence of sequences, Topology.",1
4550,How to draw graph of this function,1
1742,Find the value of $(-1)^{1/3}$.,1
809,Question about differentiability and sequences,1
7999,Why do conker flowers grow upwards?,0
7903,Why and how do red bone marrow concentrations in humans change during traditional aging?,0
1039,Limits of nth-root on various sequences,1
563,No advantage to the closed form for Fibonacci numbers?,1
8641,"Is there a resource for comparing categories of life along quantifiable dimensions such as species diversity, geographic range, total mass, etc?",0
3738,If $A$ contains $B$ does $A$ have cardinality no less than $B$?,1
2753,Find $\phi_1(x)$ and $\phi_2(x)$ such that $\phi_1 + \phi_2 = \psi$,1
3928,finding the angle $\alpha$,1
1739,How to preform Voigt notation?,1
3619,Show that $\frac{3\> + \>\cos x}{\sin x}$ cannot have any value between $-2\sqrt2$ and $2\sqrt2$,1
3593,What are the coordinates of the intersection points of two circles?,1
10333,Flipping accept states DFA vs. NFA,0
2379,How to find the Cardinality of one set defined by another?,1
4271,Inverse of matrix with very structured submatrix,1
2756,Component of a vector perpendicular to another vector.,1
10013,Intersection of two sorted vectors in C++,0
2604,3 Variable Diophantine Equation,1
11748,Efficiently Generate Subset of all Permutations or Combinations with and without Repetition (C++),0
7225,How to determine the number of parameters in a phylogenetic model?,0
410,"Using Smith normal form to find basis of $K=\langle (2,4,1),(1,3,2),(1,1,1)\rangle\subset\Bbb Z^{(3)}$. Is the decomposition unique?",1
1049,Symmetrization and Contraction Principle of Random Variables,1
9020,Small space hash functions that are weakly but not strongly universal,0
5839,"How to show that $H(\mathbb{R})/ZH(\mathbb{R}) \cong SO(3, \mathbb{R})$?",1
2791,Compact and connected,1
10384,Generating words based on a list of letters,0
6049,Are there any intersections between the biochemical pathways of uracil biosynthesis (or metabolism) and methionine degradation in eukaryotes?,0
5564,"Show $\text{span}(W_1 \cup W_2) = \{v \in V \text{ with } v=w_1+w_2 \text{ for } w_1 \in W_1, w_2 \in W_2\}$",1
4296,Pointwise convergence and uniform convergence,1
5990,How can I find the nth exponent of the matrix using the diagonalization algorithm?,1
10794,What's the fastest time complexity algorithm for finding maximal paths in an unweighted directed graph?,0
1523,"Continuous function from $(0, 1]$ onto $(0, 1)$?",1
11072,Sherlock and The Beast,0
10507,Is there a way to find path length to a node from root in a binary tree?,0
11304,What does the set {n | n is an integer and n = n + 1} represent?,0
10886,How to revert a carryless polynomial multiplication?,0
7934,Why is oxygen and CO2 measured in pressure instead of mmoles/L like other ions?,0
6886,Why is wombat scat (feces) shaped like cubes?,0
5939,Showing any function in $L^p(\mathbb{R}^n)$ is a tempered function.,1
4705,Trouble trying to line integrate around a unit circle,1
11363,How long does it take to crack a password by brute force,0
7849,Calculating Protein Concentration from Kilo Units (KU),0
33,Every prime ideal of the integers is a maximal ideal. Assume the ideal is not $⟨0⟩$.,1
6032,What species is this mammal?,0
11326,Photo gallery user control,0
4010,Aspiring Engineer Math Book,1
690,Line-Ellipsoid Intersection,1
4089,"Counterexample to $g \circ f$ one-to-one $\implies$ $g$, $f$ one-to-one",1
11468,Why does NTIME consider the length of the longest computation?,0
5437,Automorphism of the unit disk that fixes a point,1
8322,Is it possible to completely puncture a human hand and have no blood come out?,0
3270,Let $(x_n)$ be Cauchy with a subsequence $(x_{n_k})$ such that $\lim_{k\to\infty} (x_{n_k}) = a$. Show that $\lim_{n\to\infty} (x_{n}) = a$,1
9955,Keep k+ties largest elements in a stream,0
7253,"What is the difference between ""physical interaction"" and ""genetic interaction""?",0
4696,Prove that $x\left(1+2x\sin\left(\frac{1}{x}\right)\right)$ is differentiable,1
8979,"How to select genes before log2 ratio on a RNASeq gene expression matrix, based on signal median",0
4043,QR and LQ solver for over and under determined systems,1
11585,"Stock price history SQL database with Python, Pandas and yfinance",0
9833,"Iterating an array of nodes, each of which can have children",0
1156,"What does ""discrete"" really mean, in plain English?",1
9326,Simple ticketing system,0
6546,Gibbs free energy and entropy in enzyme catalysis,0
9424,Are loop counters spatially or temporally local?,0
9764,String formatting for uint64_t that represents a fixed-point decimal,0
6238,What buffer should I choose for IEX chromatography for purifying IgY,0
5365,Ito process is a martingale,1
5102,Piecewise linear interpolation,1
11573,Algorithm to solve a physical ring removal puzzle,0
11799,Will this algorithm terminate on any input?,0
10522,Simple joke guessing game,0
2390,Continuity and derivative square integrable implies Holder continuity?,1
230,"Attaching space, help on visualization",1
5637,"Over a compact space, the set of continuous functions are everywhere dense in the set of all measurable functions",1
8619,How to Design an siRNA Experiment?,0
927,Does every polynomial over a finite field have a square root modulo an irreducible polynomial?,1
7928,How are Genetic Circuits Modelled?,0
2103,How to interpret root-mean-square,1
3856,Bounded family and uniform convergence,1
9096,Simple string tokenizer wrapper,0
4081,Finding an analytic function satisfying given two conditions.,1
1442,Proving a polynomial has x amount of zeros,1
3233,Hypergeometric formulas for the j-function,1
10934,"What's the purpose of the ""o(1-o)"" in the back propagation algorithm",0
997,Linear transformations of fields,1
4559,$\tan(\theta) = x/2 \Rightarrow \sin(\theta) = x/\sqrt{4+x^2}$,1
9738,Javascript array-matching beginner,0
3325,How can I solve the large scale convex optimization problem?,1
11077,Decreasing runs of inner loop in outer loop,0
3543,Integral $\int_0^{\infty}\frac{1}{(1+x^2)(3-\cos x)}dx$,1
10423,Can an NFA have multiple accepting states?,0
11682,PPT generator using SOLID principles,0
3744,Solving the improper integral $\int_0^{\infty} {e^{-ax}\cos{(bx)}} dx$,1
1458,understanding orthogonal decomposition theorem,1
11820,Naive Implementation of Automatic Memoisation,0
6897,Is eye colour of Drosophila a polygenic trait or an X-linked trait?,0
4721,"$n$ balls into $k$ baskets, $n \geq k$, no empty baskets",1
3980,Why is the $ \mathbb{Z} $ - Hodge conjecture false?,1
617,Geometry: Finding an angle of a trapezoid,1
4835,Show that $\lim_{x\to a}(f(x)-g(x))=+\infty$,1
2211,Representation of a group on a vector space induces a representation on another representation space?,1
11911,Hashing algorithm which minimizes distribution,0
609,"When asked to find bifurcations in a differential equation, am I only looking for changes in quantity/type of equilibrium solutions?",1
10467,Game loop decorator for Pygame,0
8992,Recognition of snake (image),0
336,How smooth is the distribution function of a convex polynomial?,1
11281,Number of order 4 B-trees possible with 6 distinct keys,0
3059,$k$-dimensional area on an $n$-dimensional hypersurface,1
3220,Prove that $ \int_0^1 f(x)dx - \frac{1}{n}\sum_{k=1}^n f(\frac{k}{n}) = O(\frac{1}{n}) $,1
8323,"Unidentified insect seen in southern UK, near North Downs",0
4059,On the uniform convergence of series of functions with indexes in $\mathbb{Z}$,1
9814,Printing elements of an array in C,0
2487,How to get transition matrix of markov process?,1
6545,Why do eyes change colour after death?,0
9238,Format a number to include commas,0
5499,Verifying orthogonality between two binary sequences,1
4638,definition of closure using convergence vs topological definition,1
1633,Question about nomenclature of Dirac delta function as a measure,1
5597,Solution of ODE as fixed-point of map of continuous maps,1
6639,Was there a time in Earth's history when some animal life existed on land but humans could not have breathed?,0
9604,Summing Sequence with Combinatorics,0
4733,A polynomial expansion question,1
618,Why should the fibers of a surjective morphism of curves be finite?,1
2295,Differentiating a period of an elliptic curve under the integral sign,1
8503,What is carbon in the soil?,0
11400,How to prove the following properties of Small-step semantics?,0
7182,What changes would allow cutting mRNA-based vaccine safety testing to 18 Months,0
9165,Datastructure for lookup of single point in range (3d)?,0
1422,Resources for Smith Normal Form in Abelian Groups,1
7416,"What does ""Activation"" refer to in the context of the symptoms of Schizophrenia and Schizoaffective Disorder?",0
9346,Generic comparitive array selection sort,0
11218,Requirements for a TM to halt,0
11430,Why do low fitness individuals have a chance to survive to the next generation?,0
2789,Is a finite union of countable sets at most countable?,1
5838,Cardinality of the Minimum Feedback Vertex Set of a directed graph,1
8350,"Claim: Cat litter with different colors each son, could have different fathers",0
9783,Is there a non-linear version of ICA?,0
1474,Probability of rolling 6 when throwing k dice one by one vs all at once.,1
2590,Proof by contradiction to prove an inequality does not hold,1
423,How to move forward with Laplace transform of $e^{i(5t)}$,1
2318,Images of the derivatives of different charts are equal,1
6942,Can formalin fixed tissue stored in absolute ethanol be used for histology?,0
7541,Is a fatty acid a polymer?,0
11252,How to prove Big-O when $F(N)$ is even or odd,0
2189,How to determine if a surjective homomorphism exists between two groups?,1
9455,Simulation of animal skins,0
8212,What is a good source for info on disease frequency distribution among age groups?,0
3695,Making a map injective by quoetienting by a certain subset.,1
4745,An explicit example such that no $h$-conjugate of $P$ intersects $H$ at a Sylow $p$-subgroup of $H$ for all $h\in H$?,1
5354,convergence uniform of a sequence of functions,1
9386,Selecting random element from complement of set,0
29,How to define a continuous surjection from two sets,1
3198,Determinant of a specific block matrix with 0 matrix in diagonals.,1
2004,Example Not convergent uniformly,1
2465,Dimension of endomorphisms subspaces,1
6976,How detailed a construction of the family tree of known human fossils do we have?,0
5221,Is there any sort algorithm quicker than Quicksort given a random array of integers?,1
11805,Python - Knight's tour recursive function,0
8341,Are Flippase Recognition Target sites read through during transcription?,0
10155,"Probability of having a log(n) length monotone subsequence in a random permutation of {1,...,n}",0
5971,Relationship between regular tessellations in general space,1
4429,What numerical method can be recommended to solve an exponential system of equations with two unknowns?,1
7629,How many possible human genotypes are there that produce distinct phenotypes?,0
2227,How many insignificant digits need to be used to calculate a number accurate to the same number of significant digits?,1
899,A question about fixed-point iteration sequence of a two times continuously differentiable function,1
6482,Immunotherapy for tumours which do not have TSA,0
10116,Convert hex to base64 and then fixed XOR,0
5290,"Find for which $\alpha \in \mathbb{R}, \int\limits_0^1\frac{1}{(\ln(1+x))^{\alpha}}\,dx$ converges",1
9906,Difference between an a microcontroller and a system on a chip?,0
9732,Iterative Radix-2 FFT in C,0
11071,Checking for one- or two-dimensional palindrome strings,0
3250,Why do I have to use a quadratic equation?,1
7247,Is it dangerous to eat a mutated eggplant descended from a radioactive ancestor?,0
3870,Generating points from bi variate normal mixture densities,1
11434,How are the web based compilers designed?,0
5225,System of partial differential equation,1
6258,Plant identification in Turkey,0
4614,Finding the roots of a system of 4 differential equations,1
8673,What Chemical Trigger Causes Ectomycorrhiza To Change From Asexual To Sexual?,0
11726,Ensure difference between sets,0
10163,Updating XML config files,0
6476,Why use two stop UGA codons instead of one in the spike protein mRNA for the BioNTech/Pfizer SARS-CoV-2 vaccine?,0
8411,Why is coffee a stimulant?,0
8172,What is the purpose of gluconeogenesis?,0
4430,Joint PDF inequality probability,1
9509,How to do training & inference with denoising autoencoders?,0
1202,Extracting l(G) edges from an l(G) edge connected graph with diameter 2.,1
2785,Expected time to absorption - Random Walk,1
6313,Is 8 hours of sleep necessary?,0
3347,How to solve a simple non-linear optimisation problem in order to find the minimum point in a hyperbola?,1
2254,Find distance between two curves on plane using calculus of variational,1
9647,Building vertex-edge visibility graph among polygonal obstacles on 2d plane,0
1908,Easiest Method to Evaluate $3\times 3$ Determinants,1
116,Modulus related proof help,1
5856,How to construct a B-spline from nodal point in Matlab?,1
5139,What does the p-harmonic series converge to when p = 1 + ε?,1
10982,Review my ruby for performance,0
1094,covariance of normal distribution,1
1629,How to prove that $\pi > e\ln(\pi)$?,1
9882,HackerRank - Array Manipulation - Follow-up,0
7712,Why do we find some things disgusting and others delicious?,0
518,Is there a way to integrate $\int \frac{1}{f'(x)}dx$?,1
7512,Finding proteins in DNA sequence,0
5895,Odds of nonconsecutive number draw,1
10962,Python 3: Why is my prime sieve so slow?,0
5116,Show that :$ \int_{A} X_n d\mathbb{P} \leq \int_{A} X_m d\mathbb{P} $,1
5032,$2$-element subsets of $n$ elements?,1
317,Characterization of measurability by closed sets.,1
7900,Michaelis-Menten Kinetics: Does measuring apparent Km and Vmax take into account competing reactions?,0
3671,Connected components of three-dimensional plane minus 4 planes,1
1186,Identifying a distribution from its moments,1
2288,Finding a point on the line,1
2642,"If $F : K → M$ is a group-homomorphism such that $\text{Range}(F )$ is not empty, $K$ is simple and $M$ a finite group. How to show that $|M| ≥ |K|$?",1
1275,Step function (staircase function) construction by using signum functions,1
7439,Is COVID-19 more deadly than swine flu?,0
6401,Santa Fe xeric indigenous tree,0
4979,The convention for speakers to refer to themselves at the board with a single initial,1
394,Euler's Numerical Method,1
2625,"map $\iota: A \rightarrow \mathbb{Q}\otimes_{\mathbb{Z}} A$, where $A$ is a finite abelian group of order n",1
5253,Proving independence of joint distribution,1
6104,Why does white light viewed through optical chopper appear purple/blue?,0
8483,Can bacteria or other microorganisms be killed by applying pressure?,0
3882,"$r(n)$ is the sum of the remainders when $n$ is divided by $1,2...,n$ ...",1
11273,Universal binary rewriting system,0
5016,Probability Intersections,1
48,Is there a notion of measure over arbitrary metric spaces?,1
6658,How do animals end up in remote areas?,0
6331,What is the evolutionary advantage of regret?,0
11906,What are known 3SAT to 2SAT reductions?,0
2546,Congruence of triangles: SSA criteria,1
1106,Existence of basis in both finite dimensional vector space and its dual such that their interaction has some orthogonality,1
11837,Designing a DFA that accepts strings such that nth character from last satisfies condition,0
3429,A group $G$ with $n$ elements has the property $(L)$ if for any divisor $d$ of $n$ there is at least a subgroup $H$ of $G$ with $d$ elements,1
3007,Intuition behind steps in formulating Finite Element Method,1
8630,Recommendations for an intro level virology textbook?,0
1803,The action of a Galois group on a prime ideal of a Dedekind domain,1
652,I have $17$ red and $8$ blue balls how can i distribute them to max $5$ groups and every group will have more red balls then blue ones,1
3802,How to rigorously understand continuous bases?,1
6556,Why doesn't the avocado turn brown when it is kept with its seed?,0
9296,My first React custom hook,0
9023,What algorithm solves high-order unification for untyped terms in most cases?,0
5326,Rings where divisors of $mn$ are product of divisors of $m$ and $n$; relation to UFDs,1
11401,Replacing simple jQuery methods for better use,0
11229,Merge sort and selection sort comparison taking too long,0
1278,What does an inverse matrix abstracts?,1
11089,Non-repeatability (plagiarism and time travel),0
11085,Concatenation of two Turing machines,0
6867,How does noradrenaline result in rise of systolic blood pressure even when the cardiac output is decreasing?,0
4853,Adding a non-reflecting stationary set,1
10054,If there's algorithm which returns true if Hamiltonian cycle exists in polynomial time then an algorithm to find the cycle in such time also exists?,0
1825,How to proof using only pumping lemma that something is not regular?,1
1817,Proof that there is exactly one equivalence relation that forms a partition,1
10477,Beta reduction order in Lambda calulus,0
5492,Combinatorics with vowels and consonants,1
2573,Integrate a two form on the sphere,1
11590,Analysis of Radix sort of $n$ $b$ bit numbers,0
1967,Find the cardinality of the set of all continuous real-valued functions of one variable.,1
2916,Reference for Math-Physics history book,1
8021,Does Science Say That We Should Die?,0
9139,Functional composition of member function predicates,0
11768,Merge sort algorithm written in Python,0
2307,Proving $\sqrt{p} \notin Q$ using slightly different steps.,1
8666,Why are abiogenesis and evolution considered unrelated?,0
11360,Can Quantum Computing solve Problems not even a Turing Machine can solve?,0
2089,Prove $2016^{2017} + 2018^{2017} + (2015)!! + (2016)!!$ is divisible by $2017$,1
2477,domain and range of trigonometric function,1
4926,An inverse question of uniformly convergence,1
92,An application of the axiom of choice?,1
7126,"Help identifying a mushroom found in Raymond, WA, USA",0
7088,what are the best books for the IIT-JAM biological sciences exam?,0
9624,Reduction from Partition problem to 3-Partition problem,0
11505,Finding count of character occurrences in a string,0
3355,"What is an effective means to make divisibility tests a mathematical 'habit', particularly for algebra?",1
11327,Does an algorithm exist for scheduling jobs on two processors?,0
1225,Relation between eigenvalues and a quadratic equations' discriminant,1
9260,Why is {w | no prefix of w starts with b} = {w | the first character of w is a} ∪ {e}?,0
8570,How do white Caladiums perform enough photosynthesis to support their mass?,0
9028,Algorithm for printing all accepted strings (to an upper bound if infinite amount) from a given DFA,0
11135,Python jinja2 filter to find hosts matching a group in ansible,0
9897,Regular expression for all binary words avoiding 11,0
11125,Reading image files asynchronously and displaying them on the page,0
4649,Find a pair of polynomials,1
3048,Linear system with special condition,1
422,How do you show that $7a^2 - 12b^2 = 8c^2$ has no integer solutions?,1
6330,Does vaccination lead to short-term secondary infection suceptibility?,0
11811,Reverse a linked list,0
7333,Resources of all known biochemical pathways?,0
2707,Is the number 1.1010010001... transcendental?,1
3345,Prove that $\tan\alpha =\tan^{2}\frac{A}{2}.\tan\frac{B-C}{2}$,1
4438,Conceptual question about Riemann Integral,1
6758,Blood draw from the elderly or those with tiny veins,0
3072,Prerequisites to understand Green-Tao Theorem?,1
1731,"If $\langle x,y \rangle$ is not nilpotent, then $\langle xu,yv \rangle$ is not nilpotent for $u,v \in Z^*(G)$.",1
6402,Does anyone know any statistics about the rate of cell division of malignant cells?,0
4780,Determining confidence interval with a specified certainty for a probability of a set of outcomes.,1
2605,"Find the absolute maximum and minimum values of the function $f(x, y) = xy^{2}-y^{2}-x$ on the region $D$",1
2781,Application of the Adjoint Functor Theorem,1
5676,When can a function be represented by a power series?,1
81,Vertex Colourings for Directed graphs,1
6421,Anatomy of the ear canal,0
6930,Is this maritime plant a species of zostera?,0
2592,A neighborhood of a connected subset is connected.,1
683,Writing $0.2$ with error less than $0.005$,1
6211,Alternative to Lotka Volterra,0
2675,Probability of finding the object from cache,1
6001,condensed protocol for sequencing a portion of human DNA from buccal sample,0
9214,Laundry - sort socks,0
9194,fix ugly initialisation in while loop over queue,0
6418,What kind of fish is on the picture?,0
11643,Language accepted by a RAM,0
4963,Rational Number Identity in Elliptic Functions According To Eisenstein and Kroneckor,1
8494,"Identifying a lone bone found newar Rowena Crest, Oregon (USA)",0
9786,Merging values with lists as flat-lists,0
4395,"Derivative of f(x,y) with respect to g(x,y)",1
9378,"Importing JPG, JPEG, and PNG images from a folder to an Excel worksheet",0
5043,PDEs on manifold: what changes from Euclidean case?,1
7923,Identify the fluff that I have found in tea,0
6583,Aquatic forest insect identification,0
6487,How do myosins cause myofibrils to be shortened?,0
801,How do I distribute these numbers?,1
511,Proving that $\mathbb{Q}(\omega)$ is the splitting field for $f(x)=x^4 - x^2 + 1$ over $\mathbb{Q}$,1
4264,How to find $ h : \Omega_2 \to \mathbb{R} $ measurable such that : $ f = h \circ g $?,1
6879,Evolutionary advantage of F plasmid in bacterial conjugation,0
8459,Why is the 3'UTR region highly methylated in most of the human genes?,0
6726,Protein structures given in PDB and SNP's,0
4474,The limit : $ \lim _{x \to \infty } \sqrt{x^2 +x} - \sqrt{x^2 +1} $,1
8583,Why do plants flower in different seasons?,0
1496,Sequential compactness of unit ball in $B(X)$,1
2021,Statistics: Why do we divide by $\sqrt{n}$ for sample standard deviation,1
5908,Computing $-\frac{655}{8}$ modulo 35 efficiently in Magma (CAS),1
6664,"Aside from Homo Sapiens, do the males of any other species care for the offspring of those unrelated to them?",0
5651,uniqueness of torsion coefficients,1
5173,"Choosing Colored Ball, probability of second choice not knowing first",1
9920,Python date formatter,0
4697,What is the purpose of defining vector spaces on a noncommutative division ring? Please give me some examples,1
71,Minimal trace norm on the set of matrices with fixed diagonal entries,1
5667,"Limit inferior, limit superior and Borel Cantelli lemmas",1
560,Construction based on circumcenter and incenter,1
6068,Basic question about phylogenetic trees,0
3864,Dini's theorem on a dense subset for equicontinuous family of functions,1
10434,Disproving well-quasi-order by providing an infinite anti-chain,0
3769,Maximum likelihood estimator of the survival time exponential,1
5449,"Limit proof, finding upper bounds",1
1214,Volume using Triple Integral,1
3613,Why is a certain step done in the following Z transform:,1
9414,Making recurring requests to a web service using Task.Run,0
7487,How does DNA from sperm fuse with DNA in egg?,0
3654,On graphs of congruent polynomials modulo $x$.,1
6416,Storage of energy in muscles vs fat depos,0
3557,Probability of odd-man when $n$ people tossing a coin with probability $p$ of getting head,1
8348,Would expression of GroEL and GroES in erythrocytes be a potentially effective therapy for sickle cell disease?,0
4370,Question about the definition of the Laplace Transform,1
10295,Checking for spelling errors with a trie,0
8737,What bee do I have nesting in my front yard,0
4420,Am I on the right track? - long run profit problem,1
890,Solve an equation with parameters over the naturals,1
1512,"For which $C$ is the linear map $\varphi_C : V \to V, A \mapsto CA$ selfadjoint with scalar product $\langle A, B \rangle = \operatorname{tr}(A^t B)$?",1
7207,Where does the exudate comes from during inflammation?,0
5584,Triple Integral in cylindrical coordinate,1
6799,Why doesn't submersion in water kill fungi?,0
9160,Using the pumping lemma for a proof by contradiction,0
2658,Homotopic function question - very basic,1
1297,under which conditions we can say that $Z/mZ \times Z/nZ = Z/nmZ$,1
2651,How to solve a greatest integer equation for $x$?,1
6619,What is this insect I found in northern Europe?,0
2332,Confusion about integration notation,1
8460,Assays during drug discovery,0
2524,Diffeomorphism from $\mathbb{R}^m\to\mathbb{R}^n$,1
4628,Extending an isomorphism of subgroups to an endomorphism,1
3997,Why doesn't the order of permutations matter when I build Riemann surfaces à la Hurwitz?,1
9309,Is this a divide-and-conquer algorithm?,0
2787,"Does $\sup_{x \in (-r,r)} |f^{(n)}(x)| \leq A^n n!$ hold?",1
8694,"Why do mountain gorilla eat just 1.7% fruit, while lowland gorillas eat 25%?",0
9628,GreetingCard problem with Coordinates,0
4727,Random walk with drift,1
8234,Finding targets of transcription factors,0
7545,What is happening to this spider?,0
2050,Knockout tournament.,1
8423,Trigger allergic reaction in non-allergic people?,0
10765,Plot on a 2D grid a spherically symmetric function,0
10587,Analyzing a web access log to obtaining totals for requests,0
5879,norms of Hilbert space operators,1
4610,Weak notion of equivalence in a category,1
1459,A path has only two vertices which are not cut-vertices,1
8121,can self-fertilization in flowers be called asexual reproduction?,0
6300,Have there been any experiments that duplicate chromosome copies from 23*2 to 23*3 or 23*4?,0
5489,Suppose that $f(x) \to\ell$ as $x\to a$ and $g(y) \to k$ as $y \to\ell$. Does it follow that $g(f(x)) \to k$ as $x \to a$?,1
1988,Fundamental group S^2/~,1
5636,Log function solve for x,1
11132,PDA with more than one initial state,0
4346,Is it possible to construct an incrementally accurate rectification of a circle?,1
11277,Shortest Path with a twist,0
2287,To find the integral surface of given differential equation.,1
7973,Main mechanism of the evolution of sexual dimorphism,0
8179,Is there a biological or technical reason for a 40 Ct cutoff in nucleic acid detection assay?,0
3492,Elementary differentiation problem involving logarithms: What am i missing here?,1
11017,How is the rule 110 Turing complete?,0
4898,Sectional curvature and Gauss curvature,1
8248,How does vasoconstriction retain heat?,0
5251,A question about covering number and maximal separated subset.,1
487,A proof on infimum property,1
2406,Can we have a continuous choice in the mean value theorem,1
9542,Does increasing k in a k-way set-associative cache always lead to a better miss rate?,0
6909,Identify This Glowing Insect,0
9880,Is Binary search tree in 1D?,0
11428,"A monad is just a monoid in the category of endofunctors, what's the enlightenment?",0
11957,Converting a string to coordinates,0
1952,How do I prove cardinality is well-defined?,1
10509,Algorithm for compressing binary data that can efficiently be partially decompressed,0
2439,Does a function that is twice weakly differentiable have a version that is classically differentiable?,1
3845,Reducing a boolean/logical matrix to a (non square) permutation matrix,1
3043,Notation: Subsets of elements with same function values,1
2667,Inverse Limit of Sheaves,1
9297,Porting x86 assembly that is used to increment a value,0
3259,Question on continuity and intermediate value theorem,1
643,Please check if my reasoning about whether this topological space is connected is correct,1
5288,Using Determinant to Show Linear Dependence,1
7040,Can erythrocytes Function without plasma?,0
9390,Stream JSON from Azure Cosmos DB to browser in Web API,0
9033,Hardware resource Open/Close methods,0
6254,Gender of BEAS-2B cell culture,0
602,Prove that a partial equivalence relation in set Dom(A) is an equivalence relation,1
4404,Universal Object and Preorder Category,1
4996,Establishing a set identity involving collections,1
5295,Integral $\int_{-\infty}^\infty \frac{dx}{(x^2+a^2)^b}$,1
3648,Differentiate $2^x$ from first principles.,1
6291,Can someone tell me if the example I wrote below is one possible answer?,0
4905,Asymptotic behaviour of Fourier Series coefficients for discontinuous functions,1
8604,Sex determination in cephalopod?,0
1502,Intuition for order type,1
8639,Drinking and eating ability of infants soon after birth,0
10089,Is Green's the best 16-input sorting network so far?,0
9820,Why is $BPP$ closed under complement?,0
10180,Time complexity for the 'Restore IP Addresses' problem,0
10791,Do Karnaugh maps yield the simplest solution possible?,0
9150,Read integers from coupled lines in a text file,0
3263,Backpropagation derivation error?,1
8217,How a biologist attempts to explain the structure of the ribosomal proteins?,0
2599,When are two Representations equivalent?,1
6021,How to identify a pseudogene to a specific protein coding genes?,0
9427,Size of order-preserving minimal perfect hash family,0
3408,"Determine all triples $(m,n,p)$ of positive rational numbers.",1
3842,One one & Onto functions,1
9319,Searching a nested data structure for 2 attributes,0
5740,Finding Green's function of $y'' + y = f$,1
8010,What is the best color for a PPG signal (photoplethysmography)?,0
4604,"Suppose $a,b,c > 0$. Then there are finitely many integer $x,y$ with $a^x > cb^y$.",1
4810,"Verify that the left singular-vectors (the left columns of $U$) are the eigenvectors $AA^*,$",1
2461,Consider the non-homogeneous linear recurrence relations $a_n=2a_{n-1}+2^n$ find all solutions.,1
7927,"Do any known viruses contain ""junk"" or parasitic genomic information?",0
8884,Why don't we build up an immunity to sore throat?,0
2554,">Determine subgroup $\langle (12),(13)(24)\rangle $ of group $ S_{4}$",1
6490,Can plants grow under extreme (>1%) carbon dioxide concentrations?,0
4382,"Number of $6$-digit numbers made up of the digits $1$, $2$, and $3$ with no digit occurring $3$ or more times consecutively?",1
871,How can I construct these homeomorphisms?,1
6218,can a point mutation cause a frameshift?,0
95,Modified cantor set can be identified with binary sequences,1
5828,first projection does not have a continuous section,1
10167,Asynchronously extract title from URLs using Python,0
7533,"What is bilateral symmetry in ""bilateria"", an actual symmentry",0
6969,Molecular genetics textbook (free?) suggestion for first time,0
3622,On the closed form for $\sum_{m=0}^\infty \prod_{n=1}^m\frac{n}{4n-1}$,1
4983,Stuck in calculating complex line integral.,1
2139,quotient manifold theorem,1
6686,Pathological mechanisms in asthma,0
11697,Why AKS primality test is called polynomial?,0
2218,Dot product cancellation,1
6326,"I am trying to identify this little ""bug""",0
7765,Differentiating Taenia solium and Taenia saginata Infections,0
10359,Using pumping lemma to prove irregularity of regular language - what is my error?,0
588,Inequality $\sqrt{a_1a_2}+\sqrt{a_2a_3}+\cdots+ \sqrt{a_{n-1}a_n}≤ \frac{n-1}{2}(a_1+a_2+ \cdots + a_n)$,1
11981,Finding users who liked a post,0
1827,zero's or singularity of a complex valued function at $z=0$.,1
8281,Coincidence that navel is near the womb?,0
627,principal eigenvectors of an unknown matrix,1
907,Canonical homomorphism between $K/\mathcal O_K$ and $S^1$,1
8252,What are the main mechanisms of interaction between the nervous and immune systems?,0
10599,Renaming Files and/or Directory,0
4829,Fitting to top of point cloud rather than the middle - non-linear regression with negative residuals,1
856,A question about the universal coefficient theorem.,1
7301,What Evidence Do We Have For the First Mammal?,0
5568,Clarification regarding sampling and reconstruction of $ f(t) = 2\cos(20 \pi t) + 3\cos(80 \pi t) + 4\cos(200 \pi t) $,1
7654,"Getting confused by neutralizer, fixator and stabilizer muscles",0
11022,Lazy prime counting function,0
11798,Simple Caesar Cipher in Java,0
1090,Finding a perpendicular line that connects two skew 3D lines at a particular distance?,1
4668,How to prove the existence and uniqueness of Cholesky decomposition?,1
4718,Location shifted symmetric probability distributions,1
25,D and E are mid points of sides AB and AC respectively of the triangle ABC. A line drawn from A meets BC and H and DE at K. What is AK: KH?,1
745,Finding Line Tangent to $g(x^2)$,1
3844,"Find mean, var and sd of the random variable T where T =4S-3H",1
8691,Has an artificial symbiotic relationship ever been created?,0
2093,"Prove or disprove that If $a\mid c$ and $b\mid c$, then $ab \mid c$.",1
10732,Twitter scraper using tweepy,0
9107,QVSquareLayout implementation for Qt that makes all internal items to be squared,0
9180,NP-completeness of a problem with pretty fast algorithm,0
2739,Proof of uniform continuity of the convolution.,1
3706,"With the characteristic equation, how do I get this solution?",1
1057,"Probability of rolling 2 and 3 numbers in a sequence when rolling 3, 6 sided dice",1
3098,Zeros of the Jacobi Theta function,1
3860,Independence of Random Variables and Almost Sure Equivalence Between 3 Random Variables,1
7919,Chromosomal pair possible in metaphase - I,0
5216,Complex function representing rotation of the plane,1
6573,Herd immunity without vaccines? (corona question),0
4198,Solving $15^{\log_5(3)}\cdot x^{\log_5(9x)+1}=1$,1
3910,convex cyclic quadrilateral ABCD,1
1268,Monge-Ampere equation and maximum principle,1
3157,"Let $f:\mathbb{R}^2\to \mathbb{R}$ be a function. Show $\lim_{x\to x_0}\limsup_{y\to y_0}f(x,y)=\lim_{y\to y_0}\limsup_{x\to x_0}f(x,y)=f(x_0,y_0)$",1
3460,SVD(Singular Value Decomposition),1
4376,Does this fact contradict the Picard-Lindelof uniqueness theorem?,1
6279,Conservation Law in Gene Regulatory Network modelling,0
3741,Prime inert in each subfields never occurs,1
4502,Is the Lebesgue measure of A zero,1
5888,Geometric interpretation regarding square of distances.,1
8498,Bacterial capsule vs. slime wall,0
977,What is the correct and most common noun to describe the degree of how much a system of equations is underdetermined?,1
10325,"The proportion of halting programs vs non-halting programs, of decidable programs vs undecidable languages",0
5538,Pretty solution to the trigonometric equation,1
9392,Remove points in a straight line,0
578,Laplace operator in polar coordinates,1
8596,Cationic lipid mediated transfection optimization for 150mm dishes,0
8329,"Bird Identification: New Delhi, April 2018",0
6047,epigenetic vs. environmental factors,0
8102,Rapid Decomposition Of Fruits & Vegetables During Hurricane,0
597,How to prove that $k^n=\frac{d^n}{dx^n} (1+x+\frac{x^2}{2!}+\frac{x^3}{3!}+....+\frac{x^n}{n!})^k|_{x=0}$,1
3818,Tricky problem on pigeonhole principle,1
11372,Fill a list of 2 lists from split string,0
3850,Non-Homogeneous Recurrence Relation - Particular solution,1
2134,"Does an extraneous root of a polynomial in trigonometric functions have meaning? (Eg, the root $\cos\theta=-2$ of $\cos^2\theta+3\cos\theta+2=0$.)",1
3388,Is there a formal proof of this basic integral property?,1
6796,Which primates can swim underwater?,0
3258,Verifying maxima/minima in Lagrange multipliers method,1
1337,Explaining Ito's Lemma,1
1453,Showing that the sequence is Cauchy if $|x_{n+1}-x_n|<a_n$,1
2452,Show AB and BA have the same eigenvalues,1
9944,Assembly Nasm Bootloader x86,0
5979,Using induction to prove P(k) with P(k-1),1
7762,Does the speed of electrical impulses through neurones decrease with age?,0
6610,What is the fate of micronucleus DNA?,0
8145,Do all organs of our body secrete hormones?,0
4113,Transitivity of uncorrelated random variables?,1
6024,What is the insight of Frank Starling law of the heart?,0
7671,Is it possible to artificially select for flight in pigs?,0
11780,understanding constraint satisfaction problem: map coloring algorithm,0
6615,Insect identification request. Long anteni. Grasshopper legs,0
5663,Counter example needed for the following in real analysis,1
1256,Sum of indicated series,1
5757,Check if an element is in a sequence,1
1222,Proving Bernoulli Inequality using already proved result.,1
5186,What is the purpose of imaginary numbers,1
582,"How can I show that a bijection between $[0,1)$ and $(0,1)$ cannot be continuous?",1
1461,Proving an inverse function is continuous,1
6907,Why more than one chromosome in an organism?,0
6484,Can a cell start a mitosis if it lacks energy or molecules to complete it?,0
7360,Light and Dark Reaction of photosynthesis?,0
10085,"How to show that if a relativized PH collapses, then PH collapses itself",0
11623,Can a DTM simulate an enumerator E?,0
5936,Polynomial ring as a ring of functions,1
7467,Identification of bug - California,0
10523,List nearby bluetooth devices as well as devices in the database,0
2416,Can you tell me the flaw in my differentiation of $e^{x^x}$?,1
10025,Print max no of recent duplicate words,0
6861,How do cells determine RNA types?,0
5373,Constrained Euler Lagrange equations.,1
7496,"In theory, would it be possible to create an injection of Vitamins, Minerals, sugars etc so that eating was no longer necessary?",0
6967,More informative phylogenetic trees,0
11138,Implementation of Dijkstra's algorithm in Python,0
10942,choosing right neural network architecture and input features,0
9481,Is this a good/safe way to convert enums?,0
11737,the correctness of 2-satisfiability problem algorithm by using implication graph,0
4641,How to denote the minimal bounding curve of two intersecting function curves?,1
9549,Lexicographic permutation list,0
7494,What causes the overactivity of keratin production and expression in the cells of the nail bed/ nail matrix after some traumata?,0
235,Prove that Cantor function has zero derivative almost everywhere .,1
9048,Can loops like this one be algorithmically transformed into multiplication,0
8436,How can cells produce antibodies despite error-checking mechanisms in their genomes?,0
2559,"Why is a statement such as, ""It's 5 o'clock"" excluded from propositions?",1
1992,Is there any Lie algebra that is not constructed from an associative algebra,1
7039,Expression of eukaryotic ribosomal DNA,0
5945,What happens to the frequency-spectrum if the signal gets reset periodically?,1
629,How to identify a summed number given the total and the position (or index) of the summation?,1
10836,Generic Graph Traverser,0
10340,Create new columns depending on the columns in a table,0
8793,Is it possible to induce protein activation via frequency-specific mechanical waves?,0
1132,Noetherian ring under some conditions has at least two minimal prime ideals,1
3313,How to prove that $(x-1)^2$ is a factor of $x^4 - ax^2 + (2a-4)x + (3-a)$ for $a\in\mathbb R$?,1
8957,What does this graph explain?,0
7249,Evolution home experiment?,0
3300,Counting permutations in $S_n$ which take an n-cycle to another n-cycle under conjugation,1
2865,Details in mollifiers proof - Evans' PDE,1
2383,Does $f:\mathbb{R}\to\mathbb{R}$ mean that $f$ maps to all reals?,1
8727,Do pigeons have the smallest legs-to-body ratio of any bird?,0
1288,Recursive definition of set and axiom of choice,1
7271,What is intracellular retention?,0
5844,"Integrate $\int e ^ \sqrt{x} \, dx$",1
6101,Telomeres in cloning experiments,0
2907,Sum of fractional parts of linear and logarithmic functions,1
2805,Covariant derivative do Carmo help clarification concept,1
4819,The tangent at $P$ to $y = x^2 - x^3$ meets the curve again at $Q$. Show that locus of midpoint of $PQ$ is $y=1-9x+28x^2-28x^3$,1
576,continuation of finite additive measure,1
2190,"Given $ ||\vec{u}|| = 2$, $||\vec{v}|| = 3$, and $\vec{u} \cdot \vec{v} = -1$, find $(\vec{u} + \vec{v}) \cdot (2 \vec{u} - \vec{v})$.",1
754,This is a question about elementary number theory,1
6131,Why do organisms excrete nitrogenous wastes?,0
682,"Subspace proof homomorphism Hom(V,W)",1
11067,Most occuring digit in an array of numbers,0
3495,What is the correct notation for non simultaneous (asynchronous) equations?,1
10751,How can Turing machines loop forever given that the input is finite?,0
8818,How would the result of Hershey and Chase experiment been different if protein was the genetic material?,0
10959,Finding k largest (or smallest) elements in an array,0
1576,Fourier transform and complex vector space,1
6958,Resource for finding what proteins bind?,0
10395,Hashtable vs cache-oblivious,0
11234,Is the halting problem a matter of an encoding scheme ?,0
424,Book searching in Elliptic Equation,1
4398,continuous injective function on an interval I that is neither increasing nor decreasing function,1
2574,Joint probabilities given three variables,1
4844,"If $U$ is a subspace of $\Bbb R^n$ and let $x,y\in \Bbb R^n$ with $(x+y)\in U$ then is it true that $x\in U$ and $y\in U$.",1
9585,Split function using C and dynamic memory allocation,0
5117,Decomposing a dual space in terms of annhilators,1
1281,Solution verification of Exercise 8.2.6 Terence Tao Vol1,1
4254,Largest Arithmetic Sum of Relatively Prime Numbers Under 30,1
5090,Cardinality of set of $a_r$?,1
6035,Plant dependence on CO₂ levels,0
9599,How not to solve P=NP?,0
845,How does ~ distribute over parentheses?,1
7750,How would inserting a nonfunctional protein impact fitness of an organism?,0
2241,"Has the diophantine equation $xyz=n(x+y+z)$ for given $n\in \mathbb{N}$ only finitely many solutions $x,y,z\in \mathbb{N}$?",1
6017,Do endocrine cells always lie adjacent to capillaries?,0
9358,Listing books by priority,0
6662,"Where happens MHCII coordination to a self-peptide, and what happens if the bond would be irreversible?",0
1064,Find the maximum of a nonlinear function of two variables,1
1801,Physical meaning of limit,1
8825,Measurement equation of Tree-Step pathway model,0
3094,Why these two problems lead to same answers?,1
4579,"How could I describe a function whose domain is x>=1 for integers, starts at 3 f(1)=3, then multiplied by 2 f(2)=6, then by 3 f(3)=18, repeat",1
10881,Math term for Associative arrays/Maps/Dictionaries,0
3293,How to prove $\lim_{n \to \infty} \int_0^{\pi/2}\sin^{n}(x)dx=0$?,1
9052,Shortest regex search and sum for integers,0
4746,"Is there a set of $4$ vectors in $\mathbb{R}^3$, any $3$ of which form a linearly independent set?",1
10102,Comparing two images,0
1661,Symplectomorphism and compactness,1
1898,"If $x = 3^{1/3} + 3^{2/3} + 3$, find the value of $x^3 - 9x^2 + 18x - 12$",1
9834,Isprime Android app with kivy,0
2397,Does an integrable function vanish at infinity in a suitable sense?,1
11011,Self populating view models,0
6393,Why is flash light harmful to what aquatic life forms?,0
6274,What is the appropriate method to send a strain?,0
11525,What is wrong with this reduction from vertex cover to binary programming?,0
9845,Applying Case 3 of Master Theorem to $T(n) = 9T(n/3) + n^3$,0
3222,a.e-defined integrable functions,1
2216,Cauchy heat equation problems,1
7544,Restriction enzyme digestion,0
2796,$n_p$ - the largest power of the prime $p$ which divides $n$,1
3599,Significance of the length of the Perron eigenvector,1
3897,"Let $f,g\colon\mathbb R\to\mathbb R$, where $g(x)=1-x+x^2$ and $f(x) = ax+b$. If $(g\circ f)(x) = 9x^2-9x+3$, determine $a$, $b$.",1
4105,Surjective étale morphisms on points.,1
11010,Python OOP shopping cart,0
5725,Why is the map $A-I$ an automorphism?,1
10941,Whiten black contours around a skewed image,0
4359,If L and M are algebraic over K then so is LM,1
7297,Can someone identify this worm?,0
2885,Implicit partial differentiation along $x$ and $y$,1
1531,Why does modular exponentiation always form a cycle?,1
11123,Can you multiply complex 2x2 matrices in fewer than 21 real multiplies?,0
6847,Are cell lines potentially dangerous?,0
9598,Do recursive algorithms generally perform better than their for-loop counterpart?,0
8110,"What is this tiny, transparent creature found in my home?",0
6987,What is this agglomeration of pink cells I found attached to a stone?,0
8795,Equation for accurate prediction of PCR yield,0
6176,Is there any possible way that hybrids can mate?,0
11806,PHP program to generate random phone number,0
954,Quadratic equation positive roots.,1
3668,A Gronwall-type inequality for $L^p$ norms,1
7030,Is the SRY gene the sole responsible of biological male sex?,0
4687,Covariance and variance of a Poisson r.v.,1
11860,Create and print a tic-tac-toe board,0
1190,Monotonic functions bijectively mapping rational numbers to $n$-adic rationals (numbers having finite expansions in base $n$),1
7572,Questions regarding transformation in bacterial cells,0
6410,Are neurotransmitters part of the endocrine system?,0
5147,Linear algebra/representation theory - an example needed,1
2872,Should random variables be italic or roman ($X$ or $\mathrm X$)?,1
1863,Show that $E(S)=\sqrt{\frac{1}{n-1}}\frac{\Gamma(n/2)}{\Gamma[(n-1)/2]}\sigma$,1
1698,Laplace transformations on a homogeneous ODE,1
8384,"What kind of tree is this (Seattle, WA)?",0
2267,The Curvy Rebound: One of the most interesting (Geometric) Probability problems.,1
11139,Are there any NP complete problems in SUB EXP TIME?,0
3378,"Prove that if y is not zero and is an eigen value of $A$, then $1/y$ is an eigenvalue of the inverse of A",1
5711,Determine Intersection and difference of infinitely countable sets,1
9703,Big-O notation for the given function whose runtime complexity grows faster than the input,0
6053,How is nicotinic acetylcholine receptor recognized as self-antigen during lymphocyte maturation?,0
7888,How much DNA of Albert Einstein is recoverable?,0
6155,Why is mRNA used as a biomarker for cancer over tRNA or rRNA?,0
117,"$PSL(2,\mathbb{R})$ and the set of oriented geodesics",1
11362,Input group with flex box,0
2615,"In a ""simple"" cubic integer ring, does the sign of the number always match the sign of the norm?",1
5244,Convergence rate of an estimator,1
3585,"Let $f: X \subset \mathbb{R}^n\to \mathbb{R}^m$. Then, $f$ is uniformly continuous if, and only if, for every sequence...",1
8307,Is the Andraka pancreatic cancer test real?,0
1914,Proving there exist a branch of $\log(f(z))$,1
8841,Can pulmonary infarction be asymptomatic?,0
7875,Cold water sour taste,0
10877,Get the value of the precedent day in a pivot table,0
7200,Are trees the only source of large amounts of oxygen?,0
9428,Where does the lg(lg(N)) factor come from in Schönhage–Strassen's run time?,0
8293,On which DNA strand is TATA box present?,0
9334,constant sized circular (ring) buffer,0
1356,Inflation property of Artin $L$-series,1
8500,Bacteria utilize short chain fatty acid as energy source,0
4849,Rotation between two circles,1
7870,Which pair of primers should be used to amplify the ORF in PCR?,0
5239,Proving the distributive laws for ∩ and ∪,1
10945,Difference between Lamport timestamps and Vector clocks,0
3348,Is it true that a variety is smooth if all of its local rings are regular local rings?,1
7793,Harbor Seal behavior and personality,0
7748,Is it necessary to calculate lane normalisation factor when doing western blot data analysis?,0
2164,"Why ellipse is a ""conic"" section?",1
6570,How to detect specific mRNA dsRNA by Northern analysis?,0
7586,Is B27 necessary to culture neural stem cells?,0
8784,Why was the Davson-Danielli model rejected?,0
11198,"What does the structure ($S_t^x P$) in this Existantial Instantiation imply, Skolemization?",0
5762,What is the integral of this gaussian,1
5733,Real valued function continuous at one point,1
4142,"Show that $\forall n\ge3,(2 n-1) \times(2 n-3) \times(2 n-5) \times \cdots \times 5 \times 3 \times 1\ge2 \times 7^{n-2}$",1
2963,Intersection of compact subsets of metric space / seeking alternative proof,1
7525,Transformation of E.coli cells,0
507,What is arcsec (-2)?,1
6415,Beetroot white skin mould,0
9218,Restricted version of vertex cover,0
2989,"How to prove$\int_0^{\pi}f(x)\sin{x}\,dx$is a integer",1
2505,The fundamental group of $SO(3)/SO(2)$,1
10792,Find a particular connected graph within a complete graph keeping all vertices,0
3550,Convergence of matrix exponentiation,1
9196,Cocke-Younger-Kasami (CYK) algorithem for the word $baabb$,0
6446,Why Does Salt Water Help Sore Throats?,0
2813,Prove that the set of functions $a_k(x)=\frac{1}{\sqrt{L}}e^{i2\pi k/L}$ are a orthonormal set of functions for $k \in \mathbb Z$,1
10125,Reading a web page with Python,0
4695,Solution of a functional equation $f(x+y)=f_1(x)+f_2(y)$,1
7691,"Is there a standard definition for plant ""maturity""?",0
3983,Upper bound on probability of binomial exceeding expectation,1
1473,"A question of the book ""a guide to quantum groups""",1
2362,the localization of a ring is an integral domain iff the annihilators of zero divisors are comaximal ideals,1
6727,How does the OD correlate with the number of algae cells?,0
932,Solving $U_{n+1}=(U_{n})^{2} (n+2)$,1
411,When is it enough to consider roofs in the derived category?,1
9264,Prove that if for every vertex in $G[U]$ there is an edge in to every vertex in $G[V-U]$ then there is a path from every $u$ to every $v$,0
2469,"Evaluating the integral: $ I = \int e^{\frac xa} \sin x \, \mathrm dx$",1
9901,Does an insecure router bypass the privacy guarantee of a VPN connection?,0
6665,What determines the differences between differentiated cells?,0
4488,Showing this sum is $\sim n^{3-\alpha}$.,1
6363,How large is the range of 'same origin' when determining whether two organs are analogous or homologous?,0
6429,Why does 4-thiouracil labelling to map RNA-binding proteins cause a T-C change?,0
2889,In Pollard p-1 how is the bound B chosen?,1
8719,Creatinine excretion,0
3052,Complex series should sum to zero but it's a puzzle,1
4928,Monomorphism in the category of schemes,1
6880,Is there evidence to suggest that nutrients in vitamin capsules are not as readily absorbed as the same nutrients in whole foods?,0
7861,Is it possible for a human and another ape species to reproduce?,0
3137,If $B \subset A \subset \mathbb{R}$ such that $m^*(B)=0 $. Show that $m^*(A \setminus B)=m^*(A)$.,1
10004,Parse heterogenous JSON array,0
7245,"How does the body ""know"" how to metabolize foreign substances",0
6611,recolonize earth desert with plants : which plants first?,0
8602,Why is there a layer of moist lining the inner walls of alveoli?,0
249,Probability of Train Arriving in 5-minute interval given one and only one MUST arrive every 5-minute interval.,1
6684,Is it true that there is a spider that eats parasites from caterpillars,0
9456,Select Top N elements nested objects,0
8932,"What does ""crude"" mean in this context?",0
2154,"Should one square both sides of the equation $\sqrt{1+2\sin{2x}}= \cos{x}-\sin{x}$ in order to solve it, or is there a better way?",1
2874,Why ordered n-tuple can be defined as a surjective function?,1
10250,Lowest common ancestor in recursive tree traversal,0
7713,Using evolution of bacteria against themselves,0
6785,Cellular Respiration in Boiling Conditions,0
4232,Why do I get an imaginary result for the cube root of a negative number?,1
9464,Understanding definition of NP and co-NP,0
7535,How are Mono and Diglycerides metabolized without the Free Fatty Acids of Triglycerides?,0
6088,How are single-stranded binding proteins removed from the lagging strand during DNA replication?,0
1400,"Notation for permutation, use for summation indices.",1
2815,homotopy between continuous functions to an absolute retract,1
2650,Clarification on metric preserving embedding of unit sphere $S^2$,1
6319,List of dinosaurs synonyms,0
9794,Summation and big theta,0
10845,C++ Shared_Ptr implementation,0
5479,How to simplify the integration?,1
8066,Can I use fluorophore conjugated antibody as neutralizing antibody?,0
10443,Speed up script that calculates distribution of every character from user input,0
10284,API for value boxing and unboxing,0
11985,Indentation based Grammars,0
3244,Computing eigenvectors from a transition matrix,1
355,Evaluating $\int_{0}^{\infty} \frac{x^8 -1}{x^{10} + 1} dx$,1
8147,Do all chromosomes in one human body contains same genome?,0
8211,What is Colloidal biology and does it have any scientific background?,0
10839,Why do servers use ECC memory?,0
5880,What is the definition of quasi-transversally intersection?,1
1309,"Question about weak derivative, need explanation of this paragraph",1
4042,i have to find left and right derivative can somebody help me?,1
2906,Names for left- and right-total relations,1
6703,How to prove that pork meat has parasites,0
11980,Idiomatic Clojure? Performant & functional enough?,0
8646,"How to quantify the ""stability"" of a protein complex?",0
1294,dropping a particle into a vector field,1
10739,Regular expression for string with substring 010 and ending with 01,0
3145,system of non-linear differential equations $x'=y^2$ and $y'=x^2$,1
742,Probability with my Facebook friends,1
949,Matrix of a Linear Transformation on a Polynomial Space,1
3824,A theorem about the criterion for existence of a Riemann integral,1
6382,Can you find the amount of heterozygotes in a pop. from the phenotypes shown in the pop,0
10922,Programming a simple clock,0
1961,Are linear shift register sequences corresponding to reciprocal polynomials equivalent?,1
3819,Is there a (concrete) category of superstructures?,1
9265,time complexity when power is involved in iteration,0
6459,In which phenomena does one gene pair hide the effect of other unit?,0
758,Calculating the volume bounded by $z = 5$ and $z^2=x^2+y^2$ in 2 ways,1
4095,Solving particular first order pde using Lagrange's method,1
90,"If $\int_\mathbb{R} f(x)dx = \int_\mathbb{R} g(x)dx$, then is $\int_\mathbb{R} k(x) f(x)dx = \int_\mathbb{R} k(x)g(x)dx$?",1
10336,"C++ cleaner optimised code, Calculator",0
5749,Trying to show that $e-\sum_{k=0}^{n}1/k!$ goes to $0$ faster than $n!$ goes to infinity as $n\to \infty$,1
9360,Platform game rendering method,0
5317,How does one show that $a \in S?$,1
4646,PDF of uniform distribution over the hypersphere and the hyperball,1
3207,laurent series convergence,1
8683,Is there a difference between polarity and hydrophobicity?,0
2026,Does an algebra over a ring with unity have unity?,1
1783,Between metacompactness and infinite Lebesgue covering dimension,1
7444,Can a portion of human skin cells be modified in some way to generate light?,0
6434,why on hydrolysis ATP bond releases energy?,0
199,Fix $n>0$. Is $\ln(x) \leq \sqrt[n]x$ for sufficiently large $x$?,1
5763,How can i prove that $a_n \geq a_{n+1}$ for $n > 1$?,1
11631,RC4 implementation in Go,0
4067,Countable ordinals in the reals,1
10722,Word comparison in Python,0
7755,How to dialyze large amounts of precipitated enzyme solution (ammonium sulfate)?,0
4091,A set of $n$ distinct items divided into $r$ distinct groups,1
8549,How does the peptidoglycan layer of a bacterial cell wall help prevent osmotic lysis?,0
8181,Are platyhellmintes and annelids segmented?,0
7095,Y285 Yeast Strain: Where to obtain from?,0
3065,Compact objects in Ind-categories,1
2033,"Let $R$ be an infinite comutative ring with unity, $M,N$ be $R$-modules, $f:M \to N$ be a surjective module homomorphism; then $|M|=|N ||\ker f|$?",1
4419,Hamiltonian Quaternions: A Call for Counterexample for ($AB=I_m \implies n≥m$),1
2677,A consequence of Wilson's Theorem,1
7185,"What does ""generalisation"" mean?",0
11283,A simple lotto game in Python,0
3891,Puzzling Trinomials and validity,1
9263,"Can the edges of a graph be assigned directions such that all nodes in a given subset have in- or outdegree 0, and every other node indegree > 0?",0
4592,"Define $f(y)=d(x_0,y)$, prove that $f$ is continuous.",1
8954,"Why is it called Nematocyst ""Battery""?",0
7779,Heteroduplex and Products of cleavage of Holliday Junction (Resolution),0
10841,js oop best practise,0
11520,Optionally disabling a call-tracing decorator in Typescript,0
7511,What mushroom species is this?,0
8859,Is it possible to produce bread using only microorganisms?,0
1921,How to prove that the set of Real numbers is infinite,1
2979,Prove that a complex polynomial has $|p(z)| ≥ 1$ with $z ∈ \mathbb{C}$,1
1063,"Problem involving a probability function that consists two functions, and the input to each function.",1
8364,Why is the upper respiratory tract so vulnerable to infections?,0
6840,Origin of logarithmic sense responses?,0
10194,Most frequent integer in a list,0
10855,Finding index of $p_{k}$ element in the original sorted array if elements were to be removed using a specific condition,0
8174,What is the purpose of an siRNA screen in drug discovery?,0
8245,Are there differing organelle to cytoplasm ratio in animal cells?,0
9839,"Number of ways painting graph in two colors, such that two nodes of same color are linked by edge",0
4356,Proof problem : show that $\frac{n_{1}n_{2}-1}{2}$ = $\frac{n_{1}-1}{2}$ + $\frac{n_{2}-1}{2}$ mod(2),1
6236,What is intercalary mitosis in bacteria?,0
4085,$V$ is a normal rv with mean $0$ and variance $2$. Find the PDF of the function $Z = \frac{mV^2}{2}$,1
9163,Diamond kata in JavaScript,0
7534,Why doesn't my rtPCR reaction work?,0
5024,Which is the difference between the two notations?,1
6350,Open access datasets for QTL analysis?,0
8227,Why do we get runny noses in the cold?,0
209,Convergence of maximum of iid random variables in distribution,1
5544,Eigenvalues of scaling of matrix,1
3737,Equivalence Relations and Inverse Relations,1
2774,Stable complement of a linear space wrt to a diagonalizable operator,1
1720,Find all the values: a+b=c+d=ab-cd=4n for n>1,1
8948,Why do men have a higher hematocrit (red blood cell count) than women?,0
8536,Does a theory exist for the formation of thylakoid structure?,0
8381,How do I solve this problem related to specificity and sensitivity?,0
11141,if $DSPACE(\log^2n) \subseteq NTIME(n^2)$ is $DSPACE(\log^3n) \subseteq NTIME(n^2\log n)$?,0
4112,Non-differentiability of a Markov diffusion process,1
3461,Second Derivative of Implicit Function,1
9685,Simple Text Prediction,0
11848,Write a function to determine whether an array contains consecutive numbers for at least N numbers,0
4690,A cyclic group having only one generator,1
5054,What does $\lim\sup {a_n}$ or $\lim\inf {a_n}$ mean?,1
10952,Find the sum of all digits that match the following digit in a circular list,0
6644,What is the easiest way to measure a human body surface area?,0
9977,Outlook VSTO: Fastening email loop on a large pst file,0
8835,Precursor miRNA and a mature miRNA,0
11435,Computing the correlation of an analyzed stock ticker,0
7506,Mechanism of redirected blood,0
449,Is the following set a group?,1
3537,Is there a connection between the euclidean topology and the Zariski Topology on algebraic varieties over $\mathbb{C}$?,1
6964,"What are these maggots, and how to get rid of them?",0
4686,Show uniform convergence and pointwise convergence for $\sum_{n=1}^ \infty \frac{z^ {n-1}}{(1-z^n)(1-z^ {n+1})}$,1
4369,What is a non binary adjacency Matrix?,1
8840,Why does the gc content deviate from 50% in prokaryotes,0
1812,What is the class of languages accepted by DFAs whose transition monoids are transitive permutation groups?,1
9610,"How to find number of permutations of 1-N length, each [1-N] with k values",0
5328,Proof for Tarski theorem in universal Algebra page 108,1
6248,Compatibility between spytag/spycatcher versions,0
10133,NP-Hardness of Hamiltonian cycle with $|V|$ divisible by 3,0
6700,Do oral vaccines exist?,0
4760,How to find the integral submanifold?,1
10447,Is this way of handling events in a Xamarin project memory safe?,0
10818,Find Users by Most Badges,0
11746,Tree node filtering with List,0
4680,Show that $L^1$ function is $0$ a. e.,1
5892,Forming a commitee problem,1
7800,Why re-label the strand ends in 3' DNA labelling?,0
750,Prove the half space of a polyhedron in $R^n$ is a polyhedron,1
4055,Simplify sqrt-Inequality to prove monotonicity of a series,1
4100,Find tangent line of curve that intersects point.,1
7862,What kind of bug did I squish?,0
10390,A c++ classs for recording audio samples,0
9862,Dynamic programming solution for cross river algorithm (part 2),0
8517,Can a creature fly and also walk?,0
11870,Either monad in C++11,0
9869,P-Completeness and Parallel Computation,0
2903,What is the $2n$-th partial sum of a series produced by interleaving two geometric sequences?,1
5633,Simple Bayes? Probability of a state at time t in hidden markov model,1
7811,How does NHEJ cause indels?,0
8347,Is there a good site or software to see if a primer pair spans an exon junction?,0
3117,Which one of the following ideals is radical?,1
5350,Inverse Laplace transform of $s^k$,1
6500,"In the context of heterotrophic theory of abiogenesis, what is an organism that eats other organisms called?",0
3634,difference between weak* convergence and convergence,1
150,confidence of detection in presence of poisson noise,1
4880,"Fundamental group of the $\text{Fivebrane}(n)$, $\text{String}(n)$, $\text{Spin}(n)$, ${SO}(n)$, ${O}(n)$",1
234,Solving a nonlinear reaction-diffusion PDE,1
10048,Javascript run length encoding algorithm,0
9197,Dynamic Routing PHP MVC,0
8279,Divalent cation binding to calmodulin,0
5535,Relations between spectrum and quadratic forms in the unbounded case,1
114,Are there any non-discrete definitions for the size of a matrix?,1
2764,"With circular vertical motion and linear horizontal motion, how to move in a straight vertical line.",1
2690,How to solve an arbitrary-order differential equation,1
10084,"Concatenate function arguments with ""AND"" string if they're not None.",0
3563,Proving a triangle to be isosceles.,1
1830,High Degree Bézier Curve For Curve Fitting,1
9153,Equivalence of PDA and a counting PDA,0
7366,Chromosome 2 alternate explanation - apes gaining a set of chromosomes?,0
10274,Changing from Kernel mode to User mode (and vice versa),0
6576,Why are there no WINGED flying arachnids?,0
10697,C++ Interrupted Bubble Sort,0
11243,Why does converting a NDTM to a a DTM result in a higher time complexity?,0
5932,Smoothness over complete discrete valuation rings,1
7801,Why does ionizing radiation cause only DNA double strand breaks?,0
5156,Check my answer for the derivative of $y=\tan^{-1}(40/h) -\tan^{-1}(32/h)$,1
2146,"Good low-rate, short-length block codes",1
7048,Does pupil size affect image focus in persons with no lens?,0
4207,How do I show If $f(B_r)$ is in a rectangle with side $Mr$ and $ \epsilon r$.,1
221,Martingale +OST voting question,1
7676,"Alternative protocol for evaluating RNA integrity, using a bleach gel",0
7876,Identification of South Indian plant,0
7433,Tiny worms found inside my house,0
9779,Check Cycles- On adding an edge in DAG,0
8167,Why does Nature use a 4-level system to encode information in DNA?,0
3508,Limit ordinal in the exponent,1
5259,Standard Gaussian Distribution,1
2875,Derivative with Respect to a Ratio of Variables,1
11026,Ruby code to parse and analyze social media stats in json format,0
2638,Covering compact sets,1
3945,subtracting mean of iid RVs increases mutual information?,1
2482,A general but accessible version of the divergence theorem,1
4782,"Let $f$ be continuous in $\left[0,\infty\right]$ and $\lim_{x\rightarrow\infty}f(x)=a$. Prove $\lim_{x\to\infty}\frac{1}{x}\int_{0}^{x}f(t)dt=a$.",1
4526,is showing equality 'sufficient' for proof?,1
7499,Transfect Mammalian Cells with Single Stranded DNA?,0
1840,"Probability, at least..",1
5517,Probability of obtaining at least 1 face card from 3 draws with a given formula,1
11464,Using exceptions inside CakePHP controller actions to simplify flow,0
6058,What makes teeth feel sticky after drinking Coca-Cola?,0
3501,"Determining direction based on (x,y) coordinates",1
2170,How to define a profinite morphism,1
9852,Django Unified Method for Deleting Instances of Any Model,0
6079,Why are cells affected by time?,0
8924,Cichlid fish in Africa,0
5217,What is the meant by Galois group associated the number field?,1
11940,Converting unsigned integer value into byte array,0
4147,Proving that $V/W$ is not isomorphic to a subgroup of $V$,1
2547,Finding the confidence level and number of successes?,1
223,Prove that $R x R$ is not isomorphic to $R[x]/(x^2)$,1
9690,Retrieving OS Platform .NET Core,0
183,"if $ A $ is matrix, $ T $ is a linear operator, $ f $ is a polynomial and $ f(T)(A)=0 $ for every matrix A. Can we conclude that f(T)=0?",1
6747,Sampling of Species counting same member of species twice,0
5942,Determinant of $X=\begin{pmatrix} A & B & 0 \\ C & D & I_{n-l} \\ 0 & I_{n-l} & 0 \end{pmatrix}$,1
8221,Can anyone identify this caterpillar?,0
9638,Evaluation function for minimax/alphabeta algorithm for Tic Tac Toe AI,0
5824,A Fourier cosine series of type $f(x)=\frac{a_0}{2}+\sum_{k=1}^\infty a_k \cos(2^k x)$.,1
2732,Evaluate using cauchy's integral formula,1
3578,"Example of function, continuous on $\mathbb{C}$, holomorphic in the unit disk but not holomorphic in $\mathbb{C}$",1
3822,Mean and Variance of exponential function,1
9029,Safety of globalizing config data,0
549,derivation of geometric series summation rule?,1
9438,Prime number generator exercise,0
4605,Graph properties characterized by finitely many 'simplest examples',1
6456,What is the evolutionary cause for various finger lengths?,0
10761,Naive php web hook endpoint for use in a production environment,0
6030,Curious what this bug is,0
8614,Is there variation of AT/CG ratio along species?,0
5303,Leading order solution for integral of $e^{z\sin(\omega t)}$,1
4269,Estimating the tail of alternating harmonic sum,1
3562,Clarification to: A finite group that has at most one subgroup of any size is cyclic,1
4598,Frobenius Method general solution not providing an expected solution,1
6431,What is the thickness of endothelial lining in blood vessels?,0
1904,Function induction contradiction,1
732,"To show that the function $f(x) = \inf \{d(x,x_n) : n \in \Bbb N \}$ is uniformly continuous on X.",1
7402,Is DNA replication a serial or parallel process?,0
10100,Use of Factory pattern — how to implement it,0
7294,What are the binding sites (or receptors) of cortisol?,0
6188,Is it possible to make a cancer cell that doesn’t encode any neoantigens?,0
2611,What structure is preserved in a vector space isomorphism?,1
2098,Puiseux decomposition over a field with positive characteristic,1
7427,Structure of adenoids,0
847,3D graph of a function - its projection onto xy plane?,1
10502,Is there any way to simplify this code,0
5721,Diagonal matrix basis,1
8789,Organelles present in sieve tubes,0
6647,Why can blood group O be given to all blood groups?,0
9395,Updating positions of enemies every frame,0
10127,Improving python3 processing speed (against a reference perl script),0
7718,Degree of dosage compensation in Drosophila melanogaster,0
4026,Prove that $e^{\sqrt{\log x }}=O(x^n)$,1
9193,C++ Split string into a vector,0
2525,What is the reverse distributive technique?,1
6724,Identify plant from genus *Solanum*,0
4003,Questions about Lipschitz continuity and differentiability a.e.,1
7469,Which kind of drugs get absorbed through epidermis?,0
4434,Find the norm of this operator,1
6444,Is it possible for an organism that is polypoloid with an odd number of sets of chromosomes (e.g. 5 sets) to be fertile?,0
6990,Is there any size limit to the amount of information a human (or other) brain can hold,0
3883,A type of convergence of random variable,1
9074,Linear regression on points specified by the user in a GUI,0
6816,High frequency tone/ringing in movies/music and its effects,0
2952,Strongly additive property of measure,1
7153,"Can signals travel ""backwards"" in the sensory pathway?",0
1887,Necessity and sufficiency of martingale,1
6191,What is the evolutionary advantage of having pubic hair?,0
9411,DisjointSet with O(1) find and O(1) amortised union,0
53,Which one is better to minimize SSE or MSE in ADMM?,1
4878,Basic Arithmetic in Finite Fields,1
5743,Separate incomplete elliptic integral into real and imaginary parts,1
5995,How can I show that the Lucas numbers are given by the sum of $F_{k-1}+F_{k+1}$,1
3294,Atiyah-MacDonald Exercise 4.17. Maximality assumption?,1
2105,A cubic simple graph without cut edges is matching covered,1
2011,Prove that $f : \mathbb R \smallsetminus \{−1\} \to\mathbb R \smallsetminus \{1\}$ given by $f(x) = \frac{x − 3}{x + 1}$ is bijective,1
1737,Understanding Index Sets,1
10581,Figuring out the language accepted by a DFA?,0
7265,How is the human oxygen absorption dependent on the concentration of oxygen in respiratory air?,0
553,How can I find maximum and minimum modul of this complex?,1
5063,Determining the operation of a direct product of a group?,1
1624,Procedure with limits problem,1
8383,why selecting cells after gene editing with CRISPR Cas9?,0
11519,Convert size_t to big endian on Linux,0
3777,"If an upper semicontinuous multivalued map is compact on a set, is it compact on the boundary as well?",1
1086,Using ODE to model a discrete phenomenon,1
4714,Find the minimal polynomial of a particular matrix,1
4682,"Finding $\lim_{n\to\infty} \int_0^{\infty}\frac{1}{(1+\frac{x}{n})^nx^{\frac{1}{n}}}\, d\lambda$",1
9964,Comparing algorithms to decode a String,0
10532,Recurrence Relation for Column Major Form of multidimensional array,0
5693,Uniqueness of ODE solution,1
28,what is the area of triangle?,1
3876,Calculating average cost of water including possible lottery winnings,1
5318,Expected value exercise $E[e^{-\mu Y}]$,1
1076,"What does $P(x, r)$ parallelepiped mean?",1
1897,Solving a linear system of equations use row operations,1
7598,Closing a Plasmid by Ligation,0
7098,Are sulfates or nitrates common ions in biochemistry (specifically of the body)?,0
11644,Creating user accounts as an administrative user,0
3809,Is Every Invariant Subspace the Kernel of an polynomial applied in the operator?,1
11964,Proving an algorithm satisfies $\epsilon$-DP,0
6199,Identification of Jumping Spider Species,0
6317,What is topological crossover?,0
7071,Does food continue to stay sequential once it is inside my body?,0
513,Nested subspace and the fundamental group.,1
1984,How do I re-write this propositional formula in conjunctive normal form (CNF)?,1
10256,Why does Kadane's algorithm solve the maximum sub-array problem?,0
7688,Limit of muscle atrophy,0
7165,Why does having cold hands hurt?,0
3991,Image of a multivariable function,1
4141,Why does $a^n - b^n$ never divide $a^n + b^n$?,1
8587,why is DNA antiparallel? Can it be parallel?,0
8519,Why does chewing enrage me?,0
4290,find smallest $x>0$ such that $\frac{A}{cx}e^{-cx^2}\le \varepsilon$,1
11267,Basic user registration code,0
4344,From a problem in finite field to a problem in number theory,1
7446,The GUG start codon in E. coli: identity of initiating tRNA and efficiency of translation,0
10461,Locality sensitive hashing with non-scalal values,0
9441,Initial Algebra example,0
4162,Compact Metric Space as a Countable Union of Closed Sets,1
4355,Is it possible to delete a constraint after replacing it in another constraint?,1
4850,Number of unordered factorizations into $k$ distinct parts,1
4965,Proving the inequality $\frac{a^3}{b^2-bc+c^2}+\frac{b^3}{a^2-ac+c^2}+\frac{c^3}{a^2-ab+b^2}\geq a+b+c$,1
6338,How to know which residues belong to the variable or constant regions of a Fab (fragment antibody)?,0
7845,When does a jalapeño begin to produce heat/capsaicin?,0
7035,How screeching affects the body?,0
11102,Party optimization: maximum weight independent set in a tree/graph,0
726,Computing the trigonometric sum $ \sum_{j=1}^{n} \cos(j) $,1
8770,What is this insect seen in Northern Italy?,0
11481,Apply function to every subset combination and return square matrix,0
747,Probability of Jamaica winning at least 2 medals on the 100m finals given that they have 3/8 competitors?,1
6356,How does isopropyl alcohol disinfect less in higher concentration?,0
7985,What's the worst that can happen from too much sleep deprivation? Can you die?,0
6568,What is the number of DNA strands per cell?,0
11039,Dynamic programming: maximize the number of things to be bought,0
11310,Perl switch/case module,0
8418,Effect of pupil responses on the electroretinogram,0
3979,Cycles and permutations,1
8601,"Does this ""fleeing spiders leaving fields of webs"" phenomenon have a name?",0
11871,Converting (math) problems to SAT instances,0
7055,What evolutionary explanations are there for death?,0
3311,Example of homeomorphisms with different supremum metric,1
3428,Streaming algorithm for polynomial fitting data?,1
3360,prove $f$ is bounded given $f(t^2+u)=tf(t)+f(u)$,1
10459,Toggle functions for drop down for a clock time widget,0
10346,C# Program that checks on the status of the Capslock with each character insert,0
9631,Is order of matrix multiplication affecting numerical accuracy of the result?,0
0,"$2\left|f'(0)\right|=\sup_{z,\omega \in \mathbb{D}} \left|f(z)-f(\omega)\right|$ implies that $f$ is linear.",1
8953,The pBR322 convention,0
537,Show this polynomial has a unique positive root.,1
7260,Why isn't there a standard unit of promoter strength?,0
7809,In which way would the yeast cell cope with the excess amount of methionine in the growth media?,0
3608,Why does $\lim_{x\to 0}x^{\cos 1/x}$ fluctuate between $0$ and $\infty$?,1
5025,Showing the Fibonacci inequality $f_1^{f_1}f_2^{f_2}f_3^{f_3}\cdots f_n^{f_n}\leq f_1!f_2!f_3!\cdots f_n!\;e^{({f_{n+2}-n-1)}}$ without induction.,1
462,How to calculate the area of an asteroid using Green's theorem,1
1292,How to find the expected number of days?,1
11712,Convert JSON from a webservice to text file,0
6376,"Why does it hurt when you take sweets, if you have cavities in your teeth?",0
7886,Pyruvate oxidation - where did the hydrogen come from?,0
9021,Forward Error Correction for streaming data,0
1826,Verification of Alternate Proof for Identity Theorem in Conplex Analysis.,1
8657,Why do soap molecules not break down your skin cells when you wash your hands?,0
1639,Find the unique solution to the IVP $x' = Ax$ where $A = \begin{bmatrix} {-3}&{2} \\ {-1}&{-1}\end{bmatrix}$,1
6893,Why are X-linked illnesses less common in females if females have X-chromosome inactivation anyway?,0
5418,Every Halin Graph has a Hamilton Cycle,1
2976,Dimension of linear system of divisor of two points on curve of genus greater than 2,1
7867,What is the likelihood of a single human gene to the same gene from the other human?,0
4779,Perfect numbers whose number of divisors is also perfect,1
8499,Western blotting questions?,0
1210,integral inequality increasing continuous function.,1
8367,What is this insect I found in Russia?,0
3354,Integral using Euler's substitution,1
6008,Death from too little salt?,0
8155,Which amino acids can be phosphorylated?,0
8178,What is the reproductive success of a biting mosquito?,0
8284,Osmosis and hydrostatic pressure,0
2498,Minkowski's and Holder's inequality confusion,1
10800,Check array in linear time with a constant space complexity,0
2437,How are mathematicians taught to write with such an expository style?,1
7660,Can foraging worker ants become queens?,0
10856,Decidability of dependent typing on primitive recursive languages,0
829,Cooperative Game Theory specialized forum,1
9250,algorithm for scheduling tasks based on constraints and feedback loop if possible,0
11513,Automatically push git submodule's parents recursively,0
8647,Are SLC52A2 and GPR172A really the same?,0
6949,How different is breathing in wildfire smoke in urban areas compared to sitting by a campfire for a night?,0
7752,What are the limitations to current nucleotide sequencing technologies?,0
10101,Producing queries based on user interface selection,0
6411,"What is meant in biology by the term ""evolved""?",0
4755,parallel translation within geometrical form with two different heights,1
9305,Is this a valid implementation of a 'future'?,0
6355,How does one calculate the amount of oxygen produced by trees?,0
11349,Item lookaheads versus dot lookaheads for $LR(k)$ with $k \gt 1$?,0
10396,Represent a Class which holds translation Strings,0
7770,Does hypokalemia increase sodium concentration in cells?,0
2151,"Two old papers, or an old journal, or both",1
1293,How to prove that the set of maximal elements of a set of prime ideals is finite,1
10448,Solving a Knapsack problem with a special structure,0
4930,"How can I prove using the chain rule for function $u(x,y)$ s.t. $f(s,t) = u(e^{s+t} , e^{s-t})$ that $f_{ts}= 0$ iff $x^2u_{xx}-y^2u_{yy}=yu_y-xu_x$",1
4449,Simplify $S=\sum_{i=0}^{k}a_i (2n)^{2i+1}$,1
7514,Do ants also use the Earth magnetic field?,0
11307,Should I keep a relevant constant in the Time Complexity?,0
1289,Existence of orthogonal matrices with zero diagonal and non-zero off-diagonal values,1
2564,what is the significance of the annulus in laurent series?,1
3379,Help with basic trigonometry,1
3692,"Rotating a matrix itself, not applying a rotation to a space",1
6788,Help me to identify this stream insects,0
1656,number of distinct rotations of a string,1
1439,Convert a rank-number to an nPk permutation?,1
5442,"Am I finding $f(x,y)$ correctly?",1
59,"Calculate a sum $1+4e+9e^2+...+n^2e^{n-1}$, where e is nth root of unity",1
8598,How are Thyroid Stimulating Ab destroying thyroid tissues?,0
1859,About minimal subgroup of a finite group.,1
6230,Ephedrine or pseudoephedrine indirectly central alpha2 mimetic?,0
4738,Mayer-Vietoris sequence for the figure eight,1
7083,Looking for Kelly Chibale's paper on Malaria cure,0
6952,What sort of fish is this?,0
1198,Matrix Determinant Formula,1
1687,Discretization of an EXP function,1
10062,Smallest set non-disjoint with other given sets,0
10233,Relation between RAM and Turing machine,0
4071,Solving this permutation,1
2991,paint $\mathbb{R}^2$ with two colors,1
8019,How do insects survive the winter?,0
2685,"If $x$ is rational then $\,x+\frac{1}x \,$ is an integer $\iff x = \pm 1$",1
243,The largest sum of products of pairs of number's terms,1
11792,Space complexity for storing integers in Python,0
8662,Can you extract specific data from EEG,0
11441,Loading xml data to shift array keys,0
6801,Major groups of photosynthetic prokaryotes,0
4756,Commutativity of Fourier sine/cosine transforms,1
529,Is the space of maps which satisfy this vanishing condition finite-dimensional?,1
11059,Can we use Operator precedence parsing with this grammar?,0
7539,Where does Taq polymerase migrate during electrophoresis?,0
1429,One variable Maxima minima problem,1
6970,Can I breed the most productive hen by hatching eggs from the most productive ones?,0
4612,how many zeroes does 2012! have at the end?,1
7193,Can qPCR primer with several mismatch works?,0
668,Are measures better thought of as densities than differentials?,1
8584,Inheritance of mitochondria,0
2748,Express AB in terms of $a$,1
5875,Determining if it is a permutation or a combination for this question,1
6812,Is this a bed bug skin?,0
10747,Does the following transformation preserve context-freeness?,0
5276,How many quotients/remainders can we get for a given Gaussian integer?,1
10391,Android audio recording using AudioRecord and ByteBuffer,0
10727,Using SMT Solvers in formula checking,0
9055,"Such code, Much wow, very FizzBuzz",0
11149,Gyorgy E. ReveszExercise 1.1: Show the grammar $G$ generates the language $L$,0
904,"Understanding the difference between two theorems related to $|G\,:\,K|=|H\,:\,K|\cdot|G\,:\,H|$.",1
11951,Minimizing catastrophic risk in Gale-Shapley matching,0
1087,Should I apply boundary conditions in the general solution before finding the particular solution?,1
3745,Order 2 elements in finite characteristic field,1
2804,$L^\infty$ is complete,1
11482,SQL Join with PropertyID and Name,0
2772,Why did Gauss think the reciprocity law so important in number theory?,1
11406,How to best maintain a sorted list from a stream of integers?,0
1795,"In △ ABC, D is the midpoint of AB, while E lies on BC satisfying BE = 2EC. If m∠ADC=m∠BAE, what is the measure of ∠BAC in degrees?",1
7138,Is NADPH salt still usable after an hour at room temperature?,0
8848,Is it possible to prove that a hand sanitizer can kill 100% of a person's germs?,0
3532,Show that $X$ is a $T^1$ space.,1
7550,Why do humans alone have the capability to have religious/spiritual experiences?,0
11230,Best solutions to 6 degrees of separation,0
8410,How do veins's valve pocket sinus tend to become hypoxic?,0
638,"How to find the base, given a number and its representation in the base?",1
10412,Update Google Sheet with Python,0
4622,what is the solution of this question on partial differential equation,1
4324,How do I show $x^2 \sin (\frac{1}{x})$ is differentiable?,1
2711,"Knowing $\int\sin(nx)\cos(mx)\,dx$ shortcut for $\int\sin(nx)\sin(mx)\,dx$?",1
10450,On classes $\mathsf{\oplus PSPACE}$ and $\mathsf{\oplus L}$?,0
5461,"If $\Sigma $ is the splitting field of $f$ over $K$ and $K \subseteq L \subseteq \Sigma$, show that $\Sigma$ is the splitting field of $f$ over $L$.",1
5952,On characterization of MRE estimators,1
9182,Graceful shutdown of applications/servers,0
9485,Why are the two farthest points vertices of the Convex Hull?,0
8678,"What is the difference between ""lineage restriction"" and ""differentiated"" in terms of stem cell biology",0
9282,Maximizing integer sets intersection (with integer delta),0
4869,a locally confluent and terminatting rewrite system is complete,1
7244,Are there any primary structure sequences that strongly suggest b-sheet or alpha helix?,0
11702,Using Task.Run(..) in a .NET property,0
7309,"Eating rarely but a lot, or often but little",0
5773,"$K=\frac{1}{2}mV^{2}$, random variable transformation.",1
5626,Sample size for 95% Confidence,1
7403,Why didn't humans evolve to reproduce identical twins all the time?,0
6096,Cocoon like bug on exterior walls south florida,0
3970,Period of function as result of quotient of two functions,1
5732,Show that the center of the circumscribed circle of the triangle ABC is on the line AE.,1
2016,Can negative integers be prime?,1
5099,"$\operatorname{supp}(f_{X,Y})=\{(x,y)\in\mathbb{R}^2||x|+|y|\leq1\}$ then $X,Y$ are not independent",1
3218,"Integrand is a function of one extra variable, but the definite integral is not. What can one conclude?",1
10950,String Extension improvement,0
6885,Why does the pET- expression vector contain a LacI gene additionally to the one in the genome?,0
6124,"Why are $\beta_2$ receptors present on bronchial smooth muscles , considering that they have only parasympathetic innervation?",0
6167,Does a presence of ants on a plant mean that the plant has been infested by aphids?,0
6627,Why hypothyroidism causes body ache?,0
1844,Applications of Perfect Numbers,1
10932,custom smart pointer class template,0
3904,"Find $y+z$ in the magic square, understanding the solution",1
812,The real and deep meaning of quantifiers in first order logic and set theory,1
8235,What is this insect or worm?,0
7087,Shortest strings not present in the human genome,0
3416,Henselization and completions of local rings & schemes,1
2876,About the Cantor-Schroeder-Bernstein theorem.,1
5646,How to prove $\|AB\|_1\leq\|A\|_2\|B\|_2$ (Trace-class and Hilbert-Schmidt operators),1
263,How many ways are there for eight men and five women to stand in a line so that no two women stand next to each other?,1
10907,Interactive Rock Paper Scissors,0
10030,Finding peaks in a DataFrame,0
3424,Category theory inquiry: limits,1
10290,Is every program is equivalent to a Push Down Automata?,0
3035,"Confusion about curve, genus, and rational point",1
10985,Turing Machine - Analyze brackets,0
8154,Discrepancy in time for genetic differences between human and chimpanzee to accumulate,0
7195,What does the phrase 'background level' mean?,0
3405,What's wrong in my approach in evaluating $\cos^{-1}(\cos\ 10)$,1
6163,Why Is Most Life Symmetrical Externally But Not Internally?,0
8189,Currency metabolites vs. current metabolites: What's the right term?,0
6195,How does the brain initiate the process of releasing the neurotransmitters?,0
9433,Boolean circuit with two inputs and advice input is hard-wired,0
9908,Is this FizzBuzz code idiomatic Groovy?,0
2431,$\sqrt{a-b\sqrt{c}} \in \mathbb Q(\sqrt{a+b\sqrt{c}})$,1
11239,Python Binary Search Tree Implementation,0
6451,Difference between 'Orbit' and 'Globe' in eye anatomy?,0
4483,Showing a value of certain integral by applying Fubini's Theorem,1
1436,Holomorphic functions: is it true that $f(\bar{z})=\overline {f(z)}$?,1
395,Query relating to marginal pdf (probability density function),1
3465,What is the flaw in my thinking for the graph of this function?,1
427,A theorem about operator theory,1
9626,Unreachable Real Numbers - Randomness & Computability,0
11082,Runtime compiler for getting/setting runtime property values,0
5002,Deforming contours in the saddle point method,1
11912,Check for valid parentheses nesting,0
9126,Set an image sprite depending on the lowest common number in a set,0
7114,Is there any relation between weight class and extreme lifting performance in O-lifting?,0
2024,Let A and B be any propositional formula,1
8650,"In oscillometric blood pressure measurement, why do we assume that highest oscillations correspond with mean arterial pressure?",0
3796,Integrating $\tan^2{x}\sec{x}$,1
3328,Geometric interpretation of the elements of $SO(3)$,1
2111,Solve the equation $\cos^2x+\cos^22x+\cos^23x=1$,1
5846,"Suppose that f : [a, b] → R is continuous and that f([a, b]) ⊂ [a, b]. Prove that there exists a point c ∈ [a, b] satisfying f(c) = c.",1
4597,"understanding the proof: there exists a trigonometric polynomial, which an $(\epsilon, \delta)$ approximation to the identity",1
7037,What is Meriva Phytosome Curcumin?,0
4381,Given a graph $G$ with proper coloring. There is a vertex $v$ neighbor to all colors.,1
3567,What are some of the major open problems in category theory?,1
2411,"Question about the range of $f(x,y)=\frac{x\cos x + y \sin y}{x^2+y^2+\alpha}$",1
7587,Identification of a spider from my basement,0
2279,Check whether the statement true or false?,1
113,Is there a relation for when a circle intersects more than half the perimeter/circumference of another circle?,1
4973,Question about a proof by contradiction observation involving mutually exclusive disjunctions,1
6628,Conjugation in bacteria,0
2278,I was trying to solve a complex number to a power using de Moivre's Identity but got stuck.,1
10381,How to solve a problem about balancing parentheses with smileys?,0
9832,A semaphore implmentation with Peterson's N process algorithm,0
11320,"What does ""schema"" mean?",0
3944,"How to calculate $\frac{d}{dx}\left(\int_{\sin(x)}^{\cos(x)}\:e^{t^2} \, dt\right)$?",1
10647,Force attribute value on potentially non-existent or locked PyNode,0
9660,"Sum Square Difference, which way is more Pythonic?",0
818,How to solve the below system of congruence?,1
558,How to find out the overlapping area of circles?,1
10039,LeetCode 146: LRU Cache I,0
5985,Strange behavior of infinite products $\prod^{\infty}_{n=1} \ln (1+ \frac{1}{n} )^n$ and $\prod^{\infty}_{n=1} \ln (1+ \frac{1}{n} )^{n+1}$,1
8698,Reproduction number of a SIR model with mortality,0
7932,Extreme or just rare: evolution of complex life in extreme environments,0
3717,Stone duality for ideals and filters (exercise),1
648,Taking adjoints does not preserve strong continuity of semigroup,1
10471,ES6 class that generates an area where you can draw on a page,0
3940,Prove that $A-I_n$ is idempotent,1
7054,Why does K+ move out of the cell?,0
11559,Improvements for ugly reflection,0
1109,Nonsingular projective variety of degree $d$,1
2201,"If $L^{\infty}$-norm of a set of Holder continuous functions is bounded, then does it imply that its $L^p$-norm is also bounded?",1
7389,Why does hypergranulation prevent the epithelialization of a wound?,0
10024,Deriving from a terminal word in a context free grammar,0
10589,Towers of Hanoi in Haskell,0
1009,Find the Lipschitz constant for the following function,1
9670,Add license to beginning of files,0
9100,"Hangman game, with the number of guesses depending on the word length",0
11978,Generic Makefile for C projects,0
5229,Counting right triangles with integral hypotenuse and given integral height,1
9460,Auto-registering CRTP Factory,0
721,nabla operator under the integral sign,1
4046,Is x=y=z a function?,1
3275,Simplify $\sqrt {9 + 2(1 + \sqrt {3})(1 + \sqrt {7})}$,1
1808,Showing that $A= \{x=(x_n)_{n \in \mathbb{N}} \in E \mid 0 \leq x_n \leq a_n \}$ is a closed set.,1
4259,Why does my change of variable not work?,1
6692,Periods of Heavy Speciation,0
9317,Are time complexity of followng codes equivalent?,0
8512,"How did the huge dinosaurs cope with gravity and loads on bones, etc.?",0
6497,How does epigenetics affect the birth conditions via alcohol?,0
11878,Project Euler #2 (Fibonacci Sequence),0
7109,Name of This Black and White Dove,0
2017,Equation to circle around a point in 2D grid,1
6294,what is the difference between early blight of potato and late blight of potato?,0
10686,Problem with understanding the lower bound of OPT in Greedy Set Cover approximation algorithm,0
3561,A closed set in metric space such that $A'$ is not empty and $(A')'$ is empty,1
6059,Construct a restriction map of a linear fragment of DNA using the following data?,0
7546,What is this insect that showed up after I left food out? How can I get rid of it?,0
988,Using $\epsilon-\delta$ to prove that a limit is not a specific number,1
10838,Check whether two strings are anagrams,0
10001,Why have additional symbols on a Turing machine?,0
8577,How can there be a one-to-one correspondence between RNA and genes?,0
8213,"Why would a venus fly traps mouth that's still ""chewing"" die?",0
8076,Any examples of a group of micro-organism that continuously spans two or more species classifications?,0
9178,How to deal with some of the dependencies?,0
1554,sample standard deviation given population standard deviation,1
6324,What is the lifecycle of hanging woody vines?,0
5843,Uniform bound on time derivative in Galerkin method for parabolic PDE (need explanation of text),1
9554,Shift register library design,0
2358,Exercise 36 Ch 1 in Stein's Real Analysis,1
56,two distinct elements of $GL_2(\mathbb{R})/SL_2(\mathbb{R})$.,1
2923,Prove that $f$ is a constant function if $f(x)-f(y) \leq (x-y)^2$,1
11216,Extending the MVC Routecollection,0
8149,Short dated spontaneous ringing in ear,0
3221,Prove this inequality: $E[f(A^{(p)})+f(B^{(p)})]≥(1-p)(1-q)f(\emptyset)+p(1-q)f(A)+q(1-p)f(B)+pqf(A\cup B)$,1
8763,Neanderthal minibrains vs human minibrains,0
10094,What is the difference between these terms?,0
9928,Synchronous loop with internal asynchronous calls,0
1430,Bijection between dominant rational maps and morphisms of function fields?,1
10707,Recursive math expression eval,0
8830,From what stage can you speak of an inflammation?,0
8607,can magnesium bicarbonate be absorbed in the mouth?,0
10669,Convert a double to a string containing rational and surd,0
5998,"Hilbert-Schmidt distance: $D_{HS}(\rho_1,\rho_2) = 0 \implies \rho_1 = \rho_2$",1
8995,Germ cells vs. gametes,0
5977,Complex Analysis: Convergence of Power Series,1
10783,Proving n^2 = O(log n),0
11677,Total number of non overlapping subsets,0
7782,Does evolution produce organisms perfectly adapted to their environment?,0
3471,Strictly increasing bounded function of class $C^1$,1
11244,parallel processing of files from a directory,0
2447,Tamal K. Dey's Curve and Surface Reconstruction - Lemma 3.3. Normal Variation,1
5914,Sum of floor of rational product,1
5323,Intersection of conic and line,1
6650,Cultivate snails and maintaining them alive,0
10663,Monte Carlo Algorithms : Are there any problems where two opposite Monte Carlo algorithms could solve it?,0
3128,Find the $AM$ where $AB=4$ and $AD=5$ are the diameters of a circle,1
688,Find the average rate of change of the function over the given interval,1
3839,"if $f(z)$ is continuous on the compact set $\Omega$, then $|f(z)|$ attains its maximum in $\Omega$",1
1350,A stick of fixed length is broken into 3 pieces. Construct triangle,1
5005,Why is the Probability Generating Function useful to calculate probabilities of the sum of independent variables?,1
10456,Removing duplicates from list and filtering non-letter characters,0
4308,Definition of sum of ordinals,1
3610,Contour and perimeter recognition in binary image,1
10337,What is wrong with this proof that proves that 0*1* is not a regular language?,0
7457,Why do the fastest runners tend to be black?,0
1038,Clarification for a proposition about inner products,1
3369,$\mathscr{B}$-matrix of T and Characteristic Polynomial,1
2485,"Let $u = (2, 3, 1)$, $v = (1, 3, 0)$, and $w = (2, -3, 3)$",1
5868,Definition of the Laplacian as an operator from $H_0^1(\Omega)$ to $H_0^1(\Omega)'$,1
3539,"Functional-analysis. Show that the distance $p(x,y)$ satisfies the following properties.",1
1700,How do we obtain that $(n|z|)^2-n|z|-1 \leq 0$?,1
4450,Notation: Difference between $C$ and $C^0$,1
842,"Clarification on "" the collection of subsequential limits of a sequence in a metric space form a closed subset""",1
5121,Why is this integral $0$ when $x > t$?,1
7056,Difference between clonal and subclonal mutations,0
2384,A trace inequality with epsilon in Sobolev spaces,1
10065,Main differences between intuitionistic type theory and calculus of constructions (CoC),0
3336,Are these two definitions of equi-continuity equivalent?,1
9199,Returning an object from service,0
5061,Polynomial $P(x)$ with degree $1998$,1
1976,Show that every interval is a Borel set,1
8858,Is it possible to exclude article types in a PubMed search?,0
3772,Book of problems in abstract algebra,1
4764,Prove that $K^{\times}=\langle \alpha \rangle$ where $\alpha$ is transcendental cannot be true.,1
1690,What is the correct spelling of Paul Erdős's name?,1
3588,"Find the no of digits in the sum of all integral values of a in $[1,100]$ for which following condition satisfies.",1
10883,Inserting strings in middle of a text file using streams,0
10393,Managing database connections for unit tests,0
2008,"Model selection in regression: Estimated parameters seem to be ""non-significant""",1
3047,Pigeonhole principle and the random graph,1
10139,Are all PDA equivalent to two-state-PDA?,0
11823,Prevent multiple ifelse statements in php,0
2493,Proving or disputing existence of required linear transformation,1
1912,Global Solutions on Compact Space,1
985,"What is the proof for $\sqrt{-a}\times\sqrt{-b}\neq\sqrt{ab},\text{ where }a,b\in \mathbb{R}$",1
431,Trig equation that fits the plot points (octagonal pyramid),1
1682,How to convert decimal answers into trig simplifications (symbols)?,1
10002,Strongly connected components in a graph: Kosaraju's algorithm,0
1726,Difficulty finding context free grammar for this language,1
4425,"Question on limits and trigonometry, $\cos(x)\cos(2x)\cdots\cos(nx)$",1
1579,"Lie algebra representation induced from homomorphism between spin group and SO(n,n)",1
6261,How to determine whether a newly discovered dinosaur is not a young one and not an entirely different species?,0
5690,Fermat Kraitchik Factorization Method,1
482,When does a map between CW-complexes give a relative CW-complex?,1
2185,Alternative to matrix inversion?,1
2585,Compute the Error Bound for the Lagrange Interpolation Polynomial,1
3322,Question about the definition of a complex manifold,1
6743,What is this animal that hides in dustlike structure?,0
2344,Radius of circle tangent to larger circle intersecting smaller circle at specified angle,1
6910,Structure of fitness landscapes in the NK model,0
925,Does considering a pair of vacuously true statements lead to a contradiction?,1
3826,Symmetry in graphs of polynomials,1
837,Prove and Find the solution.,1
4966,Area under a curve proof using product measure,1
7643,Why are killer whales found in the Gulf of Mexico smaller than ones found in the Pacific?,0
6776,Are human fetuses more likely to be male?,0
6128,"What percentage of the human genome hasn't been sequenced yet? If percentage estimates aren't precise, why is it difficult to estimate?",0
6550,"Why dont ""growing degree days"" have units of degrees Celsius (or do they)?",0
3147,"If $f$ and $g$  are continuous and  for every $q\in \mathbb{Q}$ we have $f(q)=g(q)$, then $f(x)=g(x)$ for every $x\in \mathbb{R}$",1
1915,Algorithm to calculate price based on number of units,1
7029,What factors affect the number of individuals in an animal group?,0
334,Sphere homeomorphic to plane?,1
1320,question related to equicontinuous set,1
10826,Temperature conversion in C,0
5874,Algorithms for Performing Large Integer Matrix Operations w/ Numerical Stability,1
1114,Proof of Proposition 2.4 in Atiyah-MacDonald,1
9747,Finding the right structure for my application,0
8028,How does 'phosphorylation of glucose' maintain concentration gradient in membrane transport (facilitated diffusion)?,0
3781,Find definite integral based on other definite integrals,1
586,"Convergence/Divergence of Integral, can P-test be used here?",1
9239,Square Progress Indicator,0
4840,Conjecture: all complex roots of $\sum_{k=0}^\infty \frac{z^k}{\left(nk\right)!}$ are real,1
633,Asymptotic distribution of a linear function,1
11725,Wrapper for caching methods in ASP.NET,0
1229,"Let $L_1 = 1, L_2 = 3$ and $L_{n+1} = L_n + L_{n−1}$ for $n ≥ 3$. Prove by induction ...",1
5040,Is there a term for the relationship of vector subspaces $U_1 \cap U_2 = \{0\}$?,1
5944,Injectivity of a map between manifolds,1
11020,What does the posterior probability of a variable mean in the Bayes' rule?,0
536,Definition of a sequence.,1
5688,Compute for the nth item from the code range of 000A to ZZZZ,1
9209,Day counter between two dates,0
11299,My own functions for working with files,0
8655,Acetylcholine and muscles- excitatory or inhibitory? (muscle atonia and myasthenia gravis),0
2837,Showing that $k | 12$ given $k$ is the order of $2$ mod $13$.,1
6763,Do babies conceived naturally or artificially have any differences in long-term health?,0
4148,A grid where every combination of two colours appears exactly once,1
2366,Why does this system of equations have no solutions? Exercise forbids trying to solve it,1
756,Mathematical idea behind tax bracket,1
5924,Convergent subsequence proof,1
8042,How are cell death like apoptosis and entropy related?,0
4422,Prove about the identity component,1
11693,(Python) Random Number Guessing Game,0
9912,Proof of Program Correctness - Loop Invariants,0
8080,Calculating the ripeness rate in fruits,0
6252,How many plants or trees should one plant to take carbon dioxide from atmosphere?,0
10283,Javascript Performance Optimization,0
6031,Does body temperature affect human lifespan?,0
2077,Converting Second Order ODE to First Order,1
6093,"Definition of ""Niche Complementarity""",0
7741,What is the minimum water consumption for Arabidopsis and other plants?,0
8649,Is there any strong factor against human edible plants being widespread and easy to gather?,0
10400,Two versions of Subset Sum Problem,0
4485,$\sum_{k=0}^n \binom{n}{k}x^k(1-x)^{n-k}k$?,1
3418,Every normal operator on a separable Hilbert space has a square root that commutes with it,1
5150,Group Theory (Abstract Algebra) question! o(G) vs o(g)??,1
1373,How to evaluate this integral ($\int_{0}^{\infty}\exp(-\alpha x^2)\cos(\beta x)dx$)?,1
761,"How to use the assumption that a vector field is curl-free in a ""convex"" region,",1
6890,Why cytotoxic T cells don't kill dendritic cells when they present antigen?,0
2649,Greens function of 1-d forced wave equation,1
803,Hilbert polynomial of a point,1
10867,Base-k representations of polynomials: state of art,0
5108,Basic sequence- what is so special about it?,1
1672,Three questions about Evans proof of the converse to the mean value property,1
7510,Is this a variety of banana slug (Ariolimax columbianus)? (California),0
1655,What exactly is the paradox in St. Petersburg paradox?,1
7706,How HIV Affects and Its Treatment using Combination Therapy,0
11843,Is a stack machine with a forward read iterator Turing complete?,0
6323,What stops myosin during muscle relaxation?,0
191,"If $\gamma:[a,b]\rightarrow \mathbb{C}$ is a piecewise smooth path and if $\beta:[c,d]\rightarrow \mathbb{C}$ is a path that can be obtained from",1
3866,Level curves and trajectories.,1
10440,Can I include some manual effort in creating an otherwise automated research prototype tool?,0
2996,Singular and regular points of a curve,1
5786,Proof of $X+\csc{\left(\frac{\pi}{X}\right)}>2\csc{\left(\frac{\pi}{2X}\right)}$,1
928,finite sets in a metric space,1
141,How to minimize the amount of material used to make a shape of a given volume?,1
9470,Efficiently selecting the median and elements to its left and right,0
7386,What species is this bushy thorny yellow-flowered angiosperm from Morocco?,0
5842,Applying linear algebra to solve a problem in mechanical equilibrium,1
9410,Workaround for overloaded constructor in PHP,0
2904,The volume of one of the regions bounded by $\sin x$ and $\cos x$ around the $x$-axis,1
4237,Laplace Transform Blues,1
11984,Can we get any subsequence of size $\ge \lfloor \frac{n}{2} \rfloor$ in a sorted order from a sequence in linear time?,0
10597,BFS shortest path program,0
7485,Use of beta-2 microglobulin staining to assess frozen tissue sample integrity,0
6120,Unknown aquatic larvae,0
7612,Purpose of poly(A)+ RNA?,0
2235,Moments of a random variable,1
1734,Eigenvalues of time-dependent matrix bounded?,1
11292,Type-classes for type inference,0
12,What does really mean by the picture below?,1
1799,Showing with only primitive rules?,1
3702,Proof: The cardinalities of two sets cannot be smaller than each other.,1
10700,"Print character + the ASCII value, 10 pairs per line",0
9363,"Initializing an Android activity by reading a CSV file with image IDs, names, and descriptions",0
1145,Prove that finite and infinite presentations of Thompson group $F$ are isomorphic.,1
6829,Why does abnormal mitosis takes place in the cells of tapetum?,0
830,Find the limit of $\lim_{x\to 0}\frac{\sqrt{x^2+a^2}-a}{\sqrt{x^2+b^2}-b}$,1
2988,Evaluate $\int_{D} \frac{dw}{w \cdot (1-w)}$ where $D$ is the rectangle,1
3984,Let $f:\mathbb{R}\to \mathbb{R} $ be given by $f(x) = x^3 -2$. Find $f^{-1}$.,1
1306,Integral with $\delta$ function,1
10354,Optimizing a problem that test all permutations of 1 array with other fixed array,0
1155,"How to integrate $\int_C{\frac{\sin\pi z}{(z^2-1)^2}}dz$, where $C: |z-1|=1$ using Cauchy's formula?",1
7235,Why do plants produce and store both amylose and amylopectin?,0
8726,What did the evolution of multicellular animals look like?,0
9694,Assigning an array of different (but convertible) type to concurrency::array in C++AMP,0
2538,How do I evaluate the limit $\lim_{n\to\infty}n((1+1/n)^n-e)$?,1
8880,Why is gel used in electrophoresis?,0
7340,Which of these methods is both effective and reliable in elongate muscle and tendon for use in humans: growth factors or stem cell technology,0
4115,How to solve this algebra problem?,1
8754,How does use an action potential from innervation selectively modify tropomyosin over time?,0
5664,Extension to a different base of an inequality (upper bound) to the hyperbolic cosine,1
41,About the definition of divergence,1
11143,State complexity of homomorphisms of regular languages,0
9518,More readable approach?,0
535,Trivializing the vector bundle of $S^n$,1
3733,Is It Always Possible to Draw A Connected Compact Set in $\mathbb R^2$?,1
9844,Query for your Answer Progress,0
10960,Autoclicker Tkinter Program,0
8653,How are synaptic vesicles brought to the synapse?,0
3885,Does the sequence $a_n=n^2 \cos(\frac{2}{n^2}+\frac{\pi}{2})$ have a limit?,1
472,Prime elements in $\mathbb{Z}_{5}$.,1
292,Euler's Demonstration,1
8201,Does sex-chromosomes exist in all the cells in a human body?,0
10183,Python Solution for Project Euler #2 (Fibonacci Sums),0
11594,How to correct distortion from stitching dual camera to estimate homography,0
163,Calculating the limiting distributions Normal and Cauchy Distribution Parameters for the Voigt Distribution,1
2627,"Let $g:= f(x,y) ||(x,y)||^4$. Prove that $g$ is differentiable on $(0,0)$",1
8287,Sexually homologous traits,0
5594,Derivative and second derivative of scaled logistic,1
3798,"If two finite groups satisfy the same first-order sentences, are they isomorphic?",1
6275,"What kind melanin do fair or light skinned black or mixed people have, eumelanin of pheomelanin?",0
7189,Is there a name for the behavioral phenomena of when animals like ants sacrifice themselves?,0
3247,Is it true that $F$ is left-adjoint to $U$ in at most one way?,1
6150,"Mariana Trench fish ""how they can thrive under that extreme water pressure is still a mystery""",0
4099,How to find the product $\Pi_{n=1 }^\infty (1+x^{2n-1 })$?,1
258,"understanding gödel's 1931 paper - primitive recursive functions - ""composition"" and ""insertion""",1
4102,Differentiation / Limit problem from intro real analysis textbook,1
8685,Incomplete dominance with gain-of-function allele,0
8552,Why don't birds in flocks fly into each other?,0
7632,Can the human body create glucose out of fat?,0
10210,Read file contents to string safely,0
4717,"proving the identity $b^3 = 6\binom{b}{3} + 6\binom{b}{2} + b$ for $b \in \mathbb{N}$, $b > 2$, by counting a set in different ways",1
11023,VBA faster calculating,0
1573,Repetition in digits on a normal number,1
7564,What is the total mass of leaves on an 'average' mid-latitude deciduous tree?,0
4155,"How do I express $y = 1 - e^{-ax^b}$ as a linear function in terms of $y$, $x$, $a$, and $b$?",1
11827,Egg dropping puzzle - clarification of problem statement,0
1671,Use strong induction to show for every positive integer n that if $p|a^n$ then $p|a$,1
11241,Memoizing in PostScript,0
11339,Filesystem-dependant unit-testing in go,0
10011,"List iteration, creation, or comprehension",0
1118,Radius of convergence: $\sum(a_k(z+3i)^k)$ and $\sum(1-(-2)^{n})(z+i \sqrt{2})^n$,1
1600,Inverse function table,1
4353,What do we know about the pdf of $\bar{X}$,1
481,About period of elliptic points,1
3677,Asymptotic behavior of unique integer partitions,1
9712,Regular expression for words containing single 1 and even number of 0s,0
4339,Basic factorisation of matrix Eigenvalue,1
10235,Computing integer square roots in Java,0
4053,The volume of the solid obtained by revolving the region bounded by $y^2=x$ and $x=2{y}$ about the $y$-axis.,1
10743,Monitor webserver accessibility inconsistencies,0
4193,Question on Fibration,1
7502,How is randomness of the branch migration process ensured?,0
7787,Microscopy Book Suggestions,0
8822,Quantification of concentration from chromatogram paper,0
5956,Showing that two combinatorial expressions are equal,1
6458,Transcription of Genes: Are Specific Transcription Factors + Enhancers Necessary?,0
9062,Generating all equal-sized set partitions,0
11651,Adjusting dates in an array based on a start date,0
9505,How to transform an arbitrary graph into a fixed vector representation?,0
4663,Is the probability of zero is not impossible according to this YouTube video link?,1
5928,How do I find the derivative of $x$ with respect to $y$ when $y = e^{-x^2}$?,1
6629,How do poiklotherms survive at different temperatures even though enzymes work at specific temperature?,0
6540,How can a continuous RNA be transcribed in the lac operon?,0
2631,Semidirect product induced by $\varphi:H \rightarrow \textrm{Aut}(N)^{op}$,1
5657,"If the additive group of $H^*(X;R)$ has no elements of order $2$, prove that if $\beta \in H^*(X;R)$ has odd degree, then $\beta \cup \beta =0$.",1
10118,Algorithm for finding largest subset with equal number of even and odd elements,0
8239,What are the absolute facial features which features sexual dimorphism in humans?,0
10857,Divide list into batches,0
1367,automatic differentiation on matrix-vector product,1
8980,"Determine similarity in percentages between species A and B, A and C, and B and C",0
3531,Is it possible to split a unit cube in such way?,1
11572,Automatically growing label in Python Tkinter (just for fun),0
7521,How can I compare the STRIDE and DSSP output files of a particular pdb file?,0
8422,What are the distinct neurochemical components of sexual pleasure?,0
3547,Equivalence between submersion and a particular coordinate system,1
3108,En route to proving the periodicity of sine and cosine,1
10541,Creating artificial NP-Complete problems,0
3171,different types of number series and their uses in real life,1
1435,Determinant of a general Matrix,1
4837,Infinite Cartesian Product minus AC example,1
7771,How does the splicing enzyme recognize where to splice the introns?,0
2972,$\left |{\prod_{j=1}^{N}\frac{z-a_j}{z+a_j}}\right |\to 1$ when $|z|\to\infty$,1
11556,Changing binary counter structure such that increament and decreament methods will work in O(1) amortized,0
9731,Static method to get user ID,0
7941,Laemmli-SDS-PAGE problems,0
8078,Are gametes determined by the sex of an organism?,0
8052,What concentration of hydrogen peroxide kills mold?,0
2998,Compact subsets of convex sets,1
9043,Express product in ILP,0
11885,Show Recognizing two Regular Expressions as equal is in PSPACE,0
10309,Draw an ASCII checkerboard,0
3187,Proof that every polyhedron admits a triangulation,1
11617,Question about let syntax in type systems,0
5781,Help in understanding the applications of the metric limit definition.,1
5817,Universal bundle over $\mathbb P^{n}$ and direct sum of bundles,1
4799,Binomial Expansion rth term,1
11040,How is the Subset Sum Problem NP-Complete?,0
11766,Planar regular languages,0
5185,Show that $\sum_{j=M}^{\infty}\left(\frac{M}{j}\right)^{a+n} \to 1$ as $n\to \infty$,1
5359,Prove that the product of the digits of the decimal representation of a natural number never exceeds the number itself.,1
10608,Can preorder and postorder traversals be used on any type of trees?,0
7042,Why isn't the sticky bud plant more widespread,0
2434,"Proof $d(A \cup B,C) = \max\{d(A,C),d(B,C)\}$ in any complete metric space",1
10915,"compute a gradient with ""minimal"" colorstops from a ordered set of RGB colors",0
6668,Growing Penicillium Digitatum Mold,0
4571,Use uniform boundedness principle,1
10368,Horridly Inefficient Project Euler #14 in Python - Collatz Sequences,0
3688,On Finding The Derivative At Asymptotes,1
362,What is an intuitive way to think of Cauchy's theorem?,1
8169,Can plants live forever?,0
8074,How is the role of ethylene in ripening demonstrated in biology (or agriculture) education?,0
9605,"Given a monetary amount, calculate the equivalent change",0
2087,Nearest (with respect to weights) symmetric positive semidefinite matrix,1
9727,How a reduction can help up solve a problem?,0
3411,Relation between discrete uniform and binomial distribution,1
6598,How do kidney cells excrete their own wastes?,0
4912,Find Two Series Solutions:,1
10438,Limited typecasting with regex,0
5598,Solving differential equation with inhomogeneous part $\sin x \cos x$,1
8741,Are human chromosomes connected or separate molecules?,0
4776,Confusion with how partial fractions work,1
2661,"Using the information of homogeneous Fredholm integral equation, solve the following problem for a non-homogeneous one.",1
1625,Prove that $\sin (\theta) + \cos(\theta) \ge 1$,1
8772,How to interpret the relationships of PTMs from BioGRID's data,0
10672,"Creating lists of events (pitches, velocities, delta-times, durations) from a MIDI track",0
4172,The convergence of $\sum_1^{+\infty}b_n$ follows from the convergence of $\sum_1^{+\infty}a_n$ given that $\frac{a_n}{b_n}\to1$.,1
3638,Why didn't Rudin use the theorem that every locally compact Hausdorff space is regular?,1
3820,Definition for multiplication,1
5390,Identity with determinants and parallelograms,1
10058,Strategy Design Pattern in Python,0
257,Express $\frac{\Gamma \bigg(\frac{\nu+k}{2}\bigg) }{\Gamma (\frac{\nu}{2})(\nu\pi)^{\frac{k}{2}}}$ as a beta function,1
2168,How should I start this problem?,1
4816,Prove $g(x+h) = g(x) + hg'(x) + \frac{1}{2} h^2 g''(x) + o(h^2)$ from definition of limit,1
8339,Why is there sperm mitochondrial suicide?,0
7176,why can't we digest cellulose,0
1686,How to compare between the expenses of the loans and the income of an asset?,1
5543,Polynomial : $ P(x)=x^n-nx^{n-1}+\left(\frac{n^2-n}{2}\right)x^{n-2}+a_{n-3}x^{n-3} +\ldots+a_1x+a_0$,1
5038,A space $X$ with property that all compact subspaces are closed.,1
2322,"Convergence of $\sum_n^\infty (-1)^n\frac{\sin^2 n}n$ , questions",1
9680,Survey of informed search algorithms?,0
4372,Prove that a set $E$ is closed iff it's complement $E^{c}$ is open,1
9091,Search files content fast in powershell,0
892,Loss of significance - why does it gives more accurate result here?,1
6440,"What is name of the red eyed rabbit or hare, found in Himalayan region?",0
200,Prove that a transformation with certain specifications is linear,1
3643,Find the Frequency Components of a Time Series Graph,1
4969,How do I put these two equations in slope intercept form? And how would I graph them?,1
5558,Match peaks of Time Series data better than troughs,1
3211,"Evaluating $\lim_{x\to \infty} \frac{f^{-1}(2021x)-f^{-1}(x)}{\sqrt[2021] x}$, where $f(x)=2021x^{2021}+x+1$",1
6495,What would happen if VEGF was injected into a person?,0
5271,Matrix determinant contradicts corresponding box volume – how is it possible?,1
5934,Basic question on permutations,1
8920,Do ring species exist?,0
470,Are the components of a Cauchy-Riemann mapping harmonic?,1
7303,Is the male bee's penis homologous to the female bee's stinger?,0
4201,A Hard Combination Probability Equation From A Reality T.V. Show,1
1146,A superspace of an eigenspace,1
181,$\displaystyle \lim_{x \to 0^-}xe^{\frac{1}{x}}$?,1
11105,Merging Digital River,0
97,"Finding $a \bmod b$ where $a,b$ are large Fibonacci numbers",1
10407,Proof of sparsification lemma: What exactly does the $\pi$ operator do?,0
4494,To show a function is not differentiable by sequential criterion,1
6027,Hybridization capture: Array-capture vs. in solution,0
2922,"A problem on number theory involving concepts of primes, divisibility and factorials",1
7323,What is the point of toxins without remarkable coloring?,0
3206,"If a divisor $D$ on a surface has positive self-intersection, then $nD$ or $-nD$ has nontrivial sections, eventually in $n$.",1
7596,NCBI blast for exact match of short sequence,0
5400,"Notation in Chern's book ""Complex manifolds without potential theory""",1
10398,Time - Complexity Convex Optimization and Eigen Decomposition,0
2994,"If a measure is semifinite, then there are sets of arbitrarily large but finite measure",1
2293,Inclusion–exclusion principle (about intersections),1
7655,Name two reasons why it is impossible to determine a gene's nucleotide sequence from the amino acid sequence of the polypeptide,0
7594,Which of the three is true for insulin receptors?,0
11584,Pixel bit-wise LSB extraction to byte array,0
8542,Sister chromatids during meiosis,0
6067,Why do children not have the Acid Mantle?,0
2128,what is the minimum number of hints must be provide in a Sudoku with only one solution in order to reach the answer?,1
2737,Total differential of a compound function with vector basis,1
8951,can somebody please Identify this queen ant?,0
1566,Differential of Stochastic process,1
10005,Information about ε-greedy algorithms,0
10771,Send messages in TCP-based communication system,0
9172,Integration of data using Simpson's rule,0
4707,Equation of a quadric surface on which this curve lies?,1
2913,A subdifferential formulated as an argmax problem,1
11967,Selecting site to browse in python,0
10511,"Are too many function calls bad(as in slows speed performance) for programs written using interpretor-based scripting language(JavaScript, Perl)?",0
11546,Divide and conquer algorithm for a gas station problem,0
5681,Height of a principal ideal generated by a zero divisor.,1
8907,Sitting in a closed room filled with regular air - for how long will the air last?,0
10930,Is there a problem that cannot be represented using graph?,0
4285,Mobius function vanishes over sum of totient numbers,1
7818,Is it possible to calculate the evolutionary response to nonlinear selection gradient as a change in variance of phenotypes?,0
5933,Derive alternate representation of parametric equations of first quadrant of a circle.,1
206,Integrating Cubic Spline,1
5425,Mixed Nash equilibrium in two players game three stategies,1
1919,Integration of $ \int x^{2} \sqrt{2x-6} dx $,1
7112,Why aren't introns found on the ends of pre-RNA?,0
7295,Can one type of bacteria cause several diseases?,0
4178,Derivative of implicit function with exponential functions of each other,1
9992,Has GPT-3 put web designers out of work yet?,0
1243,Inverse of a specific upper-triangular matrix,1
7807,"Measuring protein concentration, Bradford vs. Nanodrop?",0
8917,The Semi-Conservative Model of DNA Replication: Question,0
1534,Can we calculate directly the curve integrals?,1
11175,How to enhance my skills as a programmer,0
467,2 simple questions about Banach space,1
11242,Flag words that would be difficult for an early reader,0
8670,Hypotonic or Hypertonic solution and why?,0
7649,Are Lambic beers the product of quorum sensing?,0
11098,Number-guessing game in C#,0
7377,How do macromolecules (large drugs) in the eye reach the bloodstream and what are the relative significances of these pathways?,0
11043,How to verify the solution to n queens problem,0
10281,Combining Predicate Logic and BigO,0
9678,How does the OS detect B&B violation from hardware?,0
3658,Lebesgue density theorem in the line,1
10614,C++11 version of Windows EventWaitHandle,0
2534,Finding the Laurent series of $f(z)=\frac{1}{(z-1)^2}+\frac{1}{z-2}$?,1
9426,Decorator to convert a function's result into the desired units,0
104,Ratio of areas in triangles with Cevians,1
959,How to calculate value of a binary representation using exponentiation?,1
2840,What does it mean for a subbundle of a vector bundle to be well-defined?,1
846,How to find the probability of such events?,1
10366,Uniformly sampling from cycles of a graph,0
4441,Speeding up the convergence for Steepest Descent Method,1
11064,Rotate and translate a 2D point N times,0
10860,Finding the (probable) maximum of a large set of integers *without* iterating over all of the values,0
10866,Scrape a reddit post submission for comments and save comments to JSON file,0
8,"Finding $\text{E}(f(x))$,$\text{Var}(f(x))$ and the PDF of $f(x)$",1
2473,"Find the coefficients $a_n$,$b_n$ of the Fourier series for a function:",1
2157,Compact open sets which are not closed.,1
5613,Converge of the sum $\sum_{k=1}^{n} k x^k $,1
5330,Inscribed circles in Quadrilaterals,1
11744,Popcount Orders and Lexicographic Orders,0
6819,Does the given pedigree show a Y-linked dominant trait?,0
8987,Are earthworms edible?,0
1749,"Given rank($A$) = rank$(A^{2})$, can we prove A is invertible?",1
3074,"The quantifier ""most""",1
4432,Spivak Chapter 1 Problem 17 Extended.,1
10506,Select the n closest nodes from a starting node in a weighted directed graph,0
795,A computional efficient bijective $ C^1 $ function that maps $ \mathbb{R} \to \mathbb{R}^{+} $ and it's inverse is also $C^1$.,1
8184,Which statements are true regarding an energy pyramid?,0
1891,Prove an initial value problem blows up in finite time.,1
1508,Showing the set of 2$\times$2 matrices with integer entries are countable.,1
5331,Integration question involving Area and f(t),1
4305,Concentration inequity with Random Gaussian Matrix,1
4673,Galois group of a polynomial with real zeros,1
5375,Prove $|(a+b) \log (a+b) - a \log a| \leq b \log (\frac{1}{b})$,1
5353,differential on total chain complex,1
5361,calculate $\frac{\partial f }{ \partial \operatorname{Re} (z)} $ from $\frac{\partial f }{ \partial z}$ for meromorphic function,1
7106,What does a read simulator do?,0
1929,Euler angle in ellipsoid rotation,1
5860,A Level Mathematics - Probability,1
4902,Why is $f(X)=X^5-X^3-5X^2+5$ is solvable by radicals?,1
3574,Finding area between two functions,1
9652,Simple MAC converter,0
9583,"Critique my first C++ ""Hello World"" program",0
9230,Where should I put menu items in MVC with PHP - Model or Controller?,0
2982,Quadratic equations and probability,1
1286,"Interpreting the word ""randomly""",1
1613,"Is it possible to add computational facilities to otherwise ""mathematical"" formal systems by adjoining identities to types?",1
5512,Simplest set that requires Replacement but cannot be achieved using Power-Set,1
2160,"When is k[x,y]/I complete for the (x,y)-adic topology?",1
9996,strstr implementation,0
7898,"How does smoking, an environmental factor, cause cancer, fundamentally a genetic disease?",0
11107,Pumping lemma of regular language,0
10741,More efficient vertex-labelling algorithm than BFS?,0
11110,String split for street addresses,0
451,Some questions about open and closed maps,1
10112,Optimal algorithm for signaling for help?,0
2163,Is $\mathbb{C}$ still algebraically closed in ZF-models without the Axiom of Choice?,1
7913,Why does flu vaccination only work against specific strains?,0
886,$A$ is a retract of $X$ iff the inclusion map $\iota $ has the left inverse?,1
7051,If our eye lens and cornea were flat would we still receive the world upside down?,0
4879,Logarithmic Function Behaivour,1
3152,"Is $\langle \mu, z \rangle_{H^{-1}, H^1}=0$ if $\mu \in H^{-1}$ has support in a subdomain on which $z$ vanishes?",1
10399,Replacing data in a .csv file,0
653,"What would be a geometric Euclidean interpretation of the homogeneous plane (0,0,0,8)?",1
9770,OBBs intersection improvement for AABBs-OBBs,0
1714,"How to prove that if $n > 1$ is a natural number, then $n-1$ is also a natural number?",1
5616,"Factoring, Minimum/Maximums",1
7198,Mutation rate breakdown by original and mutated nucleotide for Coronaviridae,0
11335,Performance of dynamic Fibonacci generator and dead rabbits,0
10714,Why is constant always dropped from big O analysis?,0
10369,Linear Grammar in less than cubic time,0
3058,Modular exponentiation confusion,1
5533,Integral of multivariable function,1
4451,Two elements of $\mathbb F_{q^m}$ that share the same minimal polynomial over $\mathbb F_q$ have the same multiplicative order,1
11802,Minecraft block generator,0
11001,Clone a GitLab private repo with Ansible,0
7259,Physiology of skin and leather: why do salt borders occur?,0
4542,Group Theory (basic),1
9938,"How to describe algorithms, prove and analyse them?",0
4214,Brouwer's fixed point theorem $n=1$ case,1
8115,Inheritance percentiles,0
4892,What is the error in this proof about compact operators?,1
9661,"In Paxos, what prevents multiple values from being chosen?",0
5226,Please tell me why $(y_j)$ is cofinally Cauchy?,1
6083,Serological assays not detecting native proteins,0
5022,Pulling back a Kähler structure on a symplectic submanifold,1
574,Does proof of the fact that a line only intersects a conic section once imply that it is either a tangent to the conic section?,1
9567,A DFA recognizing my name,0
10772,Disable execution of parts of the code based on user's choice C++,0
10310,"Large dataset with pyspark - optimizing join, sort, compare between rows and group by with aggregation",0
9365,OOP Decision Maker Class - ServerArbiter,0
7814,On stochastic Lotka-Volterra predator-prey model,0
8465,Plasmid copy number and Rop protein,0
1440,Generating Standard Uniform random variable,1
7858,Effects of a constant magnetic field on the human body (especially blood circulation and ion channels)?,0
3452,probability of set difference and independence,1
2037,For which value of $k$ does the system of equations not have a unique solution?,1
6737,How do drugs tests check so many substances?,0
3833,How to prove that L is the ray class field of K with modulus m,1
8885,Does the use of RNA as a primer affect the accuracy of DNA replication in E.coli?,0
2175,Machine Learning - global minima and convexity in gradient descent,1
9720,Better code for converting a char to its UTF-8 percent encoding representation?,0
10457,Is this form submission validator professional?,0
980,Confused about an example in my textbook (involving differential equations),1
5394,Maximum-likelihood estimation for continuous random variable with unknown parameter,1
8295,"What are the methods to quantify the bacterial adhesion rate for the biofilms grown on coupons in CDC or annular bioreactor, non-invasively?",0
3330,"Sum of Orthogonal projection operator in closed subspace M,N of Hilbert is Projection operator on sum of two subspaces iff M and N are orthogonals",1
6940,"What are iPSC cells, and what are their applications?",0
10552,How does a register remember value?,0
11898,Parsing Title from any given website,0
3996,How to integrate $\int_0^{\theta}\frac{x}{(1-x^2)(1-x)}dx$?,1
9134,Understanding kQBF: changing order of quantification?,0
3963,"$(X,m)$ be a regular outer measure space , $m(X)$ finite , if $m(X)=m(E)+m(X \setminus E)$ , then is $E$ Caratheodory measurable?",1
1482,What is a matching in minimum degree $k$ graph?,1
3932,Metaproving Question.,1
7246,Identifying whether amino acids are hydrophobic or hydrophillic,0
10708,Symmetric Tree Check in Python,0
6875,Why aren't we ambidextrous?,0
2107,Inverse Laplace transform for arbitrary positive power function,1
2214,Does exponentiation distribute over the multiplication of trigoneomtric functions?,1
7575,Can androgen-insensitive genetic-males get pregnant?,0
1483,How to solve $e^{ix} +e^{2ix} + e^{3ix}=0$,1
5414,"Functional spaces, simple inclusion",1
6828,Why don't plants use radio waves?,0
6115,What is the strength of human cornea?,0
10141,How to properly solve T(n) = T(n-1) + O(2^n)?,0
3451,Laplace Equation PDE question confusion,1
11096,Is there a poly-time algorithm for expanding out polynomials,0
4723,Polynomial solution of the equation $(1-x^2)y''-2xy'+6y=0$,1
2727,Common Factor in Matrices?,1
3420,How to isolate a variable when its on both sides of equation,1
8111,"How does 2,3 biphosphoglycerate works to release oxygen bound to the hemoglobin?",0
11946,Why can any polynomial and exponential be represented as a recurrence?,0
4329,Limit from UPB exam book 2014,1
9333,Using SMT solvers to generate random solutions to given predicate,0
628,"Suppose that $f_n\to f$ and $g_n\to g$, as $n\to \infty,$ uniformly. Then, $f_n g_n\to fg,$ as $n\to \infty,$ pointwise on $E$.",1
10147,Checking whether one string is a permutation of another,0
8319,Activity of DNA glycosylase,0
9939,"Listing ordered components, recursively",0
774,Homomorphisms from Dihedral groups to Cyclic groups,1
3104,Is there a function holomorphic on $\{z\in \mathbb{C} :~ \lvert z\rvert<1\}$ and continuous on $S^1$ but not holomorphic on $S^1$?,1
2794,How to compute this integral...,1
3063,I have issue in calculating log values,1
6915,Did most pandemics originate from Asia/China?,0
450,"Prove that the language $\{ww \mid w \in \{a,b\}^*\}$ is not FA (Finite Automata) recognisable.",1
5240,Proof of non diagonalizibility of higher matrix power,1
9883,Join strings split with the python [::n] method into one string as they were before in one line,0
6672,Behavioral change in dolphins during different hemispheres activity periods?,0
9757,Implementing timeout of a resource (in this case a database connection),0
11207,Performance of unpack(),0
3459,A definite integral with two different answers,1
1154,Strange integral in 3 space (Maybe Divergence Theorem),1
4165,Find LHS for Induction : Total number of triples selected from N items = N(N-1)(N-2)/6,1
3673,condition to define an distribution,1
8246,Are the byproducts of mammalian digestion simply depleted versions of the food or liquid consumed?,0
3784,"Coordinate projections in D[0,1] continuous",1
976,Holonomy group of Möbius strip,1
9692,Is this good practice with unit-testing?,0
8829,Effect of single nucleotide deletion or insertion on primer annealing,0
6433,What does (-;-) after a gene mean?,0
6263,"How is adrenaline (also known as ""epinephrine"") a ligand?",0
8882,Is an X ml dose of a drug at 50% bioavailability roughly equivalent to a 2X ml dose at 25% bioavailability?,0
2443,"$\prod_{i=1}^n[(N-x_i)!]=\prod_{i=1}^n[(N-y_i)!]$ for all $N\in\mathbb{Z}^+$ implies $x_{(i)}=y_{(i)}$, for all $i\in\{1,\cdots,n\}$",1
6719,"Pedigree Probability, Autosomal Recessive Trait",0
10076,Space complexity below $\log\log$,0
167,How do I find the derivative of the function $f(u)=5\sqrt{u}$,1
7044,Kidney failure → Inhibition of Na+/K+ pump → Heart failure,0
6811,Can certain jellyfish photosynthesize in the medusa stage?,0
10539,Difficulty in updating the balance factor of nodes in AVL tree,0
8029,Would a complete lack of heterozygotes in a population indicate the presence of a recessive allele?,0
799,Prove and disprove compactness of balls w.r.t. a given metric,1
5853,A question in the proof of a theorem in structure of modules,1
516,How to prove a smaller collection of subset of E has smaller σ-algebra on E,1
9198,DFA which accepts all strings starting and ending with 'aa',0
217,"A formal name for ""smallest"" and ""largest"" partition",1
9213,"Picking a random neighbouring cell, but only picking previously-visited ones if there aren't any unvisited",0
4792,Integrating the exponential of a complex quadratic matrix,1
461,"Computing the trace and determinant of $A+B$, given eigenvalues of $A$ and an expression for $B$",1
2862,Surface parametrization,1
3266,Calculating Probabilities for Substitution Ciphers using Frequency Analysis,1
10501,Binary integer programming problem without exponential memory,0
5502,"Showing that $|A\cap B|/|A \cup B| + |B\cap C|/|B \cup C| - |A\cap C|/|A \cup C| \leq 1$ for finite sets $A,B,C$.",1
444,"If $a+b+c=0$ and $\{a,b,c\}\subset[-1,1]$ so $\sum\limits_{cyc}\sqrt{1+a+\frac{7}{9}b^2}\geq3$",1
11716,Big O help Discrete Math,0
911,"Expected area of the intersection of of triangles made up random points inside a circle, all the triangles must contain the origin",1
7273,Do blood vessel walls have blood vessels in them?,0
9500,"Pythonic way to convert XML attribute to float, or else get None",0
1593,Proving by induction that $(n^2)!>(n!)^2$ for $n \geq 2$,1
11478,"If the parent in a bridge is the root, is it a bridge cut node?",0
3318,A question on surface integral on how to take projections,1
7588,I need a site for online courses,0
3969,Markov and strong Markov properties,1
2760,Proof of R is transitive if and only if $R^{-1}$ is transitive.,1
7743,What is meant by clones of B-cells?,0
3507,What is $n$ in the Sampling Distribution of the Sample mean,1
5954,Evaluate $ 1 + \sum_{i=0}^{n-2} [ \prod_{k=0}^{i} (n-k)/(r-k) ] $,1
8127,Can human brain memory be removed by EMP?,0
8664,Can epiphyte share nutrient to host plant?,0
11271,Describe data structure using equations,0
11992,Enumerator for Word and Halting Problem,0
7203,Is there any evidence contrary to the pheromone theory of bee washboarding?,0
10953,Matching a time interval using regex,0
1856,Norm-wise condition number vs component-wise condition number,1
5057,Lower semi-continuous function which is unbounded on compact set.,1
2555,Linear Transformation one to one and onto?,1
6528,Do Schwann cells have Na+/K+ ATPase pump?,0
7157,Machine-readable APG III trees?,0
6023,"Functionality of vitamin A, Bx, C, D, E, K as used in cosmetics for the skin?",0
1142,Find $f(5)$ of a non-constant polynomial function $f(x)$,1
1232,Endomorphism ring of indecomposable representations,1
3714,Convolution of shifted dirac delta's,1
2581,Conditional and absolute convergence of an integral,1
9203,Is the set of admissible numberings recursively enumerable?,0
6090,"Genomic DNA extraction protocol by salting out with NaCl, how to improve yield",0
4562,Basic Question: Why define affine variety as a ringed space,1
10077,The communication complexity of the distance between two strings,0
7197,Why do some insects constantly move their abdomens?,0
6648,Alpha-gamma co-activation,0
5775,Geometric sum with binomial coefficient,1
10259,Dynamic programming: how to solve a problem with multiple constraints?,0
826,Partial derivative of a loss function,1
6439,Kegg in Cytoscape: how to get plots with reaction IDs in place of EC numbers using KeggScape?,0
319,How to prove prime power factorization is square free,1
3226,Prove sequence increasing?,1
2230,Augmented Matrix Consistent,1
4191,How to deal with boundary orientation in Exercise 16-5 from Lee's Introduction to Smooth Manifolds,1
8661,What's the name of this green fruit with little pikes fallen from a city tree on the pavement?,0
6297,"Exact meaning of the term ""clutch""",0
11767,Simple JavaScript canvas game,0
1935,Equality of limit and supremum of a sequence,1
5341,a tetration limit for base $a > e^{1/e}$,1
6311,What does the hornet do on the ivy blossoms?,0
1220,"$\forall k,n \in\mathbb N:k\in n\iff k\subsetneq n$ [Proof Verification and Suggestion for shorter or simpler proof]",1
1239,Find one pair s.t $\sum_{i=1}^ua^{-i}+\sum_{j=1}^vb^{-j}=\sum_{k=1}^wc^{-k}$,1
368,Is substitution a good strategy when I have to integrate a natural log?,1
11057,Binary Tree for integers,0
10240,Find anagrams in a list,0
1888,Let $B$ be a non-empty set. Is it possible to construct a vector space $X$ whose the elements of its base are the elements of the set $B$?,1
11760,Best- and worst case for Mergesort using Bubblesort for small lists,0
2178,Boolean prime ideal theorem and the axiom of choice,1
8575,Can predator-prey relationship be an example of negative feedback?,0
6048,Isotretinoin and retinoid receptors in brain confusion?,0
5488,Dimension of irreducible representations of finite p-groups,1
1392,Proving the equivalence for the map given with wedge product,1
11973,Complexity class of finding the number of walks of length $k$ that have different vertex sets,0
11674,Test connection to database C#,0
5514,Prove any ring homomorphism between $M_2(\mathbb{R})$ and $\mathbb{R}$ is trivial,1
10810,Complement of context free language,0
9634,Backward mapping with bilinear sampler,0
5408,Integral of an increasing function is convex?,1
11455,Context-Free Grammar Question,0
1542,Understanding the reasoning and logical steps involved in solving Real Analyisis optimization problems,1
7075,Can you use a cell in meiosis to create a karyotype?,0
1272,prove - For symetric matrix with zero diagonal there exists $UU^t$ s.t $A+2I=UU^t$,1
8009,Allamanda blanchetti fertilization mechanism,0
4618,How to show the reduced cone is homeomorphic to $D^2$?,1
8974,Why do plant leaves turn yellow?,0
360,Maximum of the expectation of a concave function,1
2248,Closed range assumption in definition of Fredholm operators,1
11084,Flexible presentation of a user's name based on a combination of available properties,0
11855,Proof Review: Integer Factorization is in NP,0
1789,how to choose which one holds?,1
6092,Is there a meaningful difference between direct and indirect light,0
6489,Could the growth rates of Vibrio vulnificus be affected by an oil spill?,0
7461,"If a receptor is inhibited throughout embryogenesis, could there be observable phenotypic differences in the adult?",0
10515,Spell a given number in English,0
4766,Case of repeated root of Euler type equation $x^2y''-xy'-\lambda y=0$,1
484,Calculate the mean and variance given a random variable of a beta distribution,1
7362,Does cortical nephron has just thin ascending loop of Henle?,0
4332,Limit of sequence $x_n$,1
8895,Spatiotemporal patterns in neural networks,0
9351,Finding triples that satisfy given constraints in $O (n \log n) $ time,0
875,"Finding $\gcd(2n-1,2n+1)$ . . . I think it's 1 but is my logic right?",1
1833,Riemannian connection on product manifolds vanishes,1
9933,Small DSL: Converting JSON to MSSQL query,0
10873,Showing a spinner over content - fade out some elements and disable clicking on some elements,0
10409,Backpropagation in multiple output neural networks,0
8365,To what extent does the cooking time impact the nutritional content when boiling potatoes?,0
895,Non-Examples for Krull-Schmidt-Azumaya,1
1621,Polarity of $\frac{x + 3}{x - 4}$,1
407,what is the value of the contour integral oriented counterclockwise?,1
7288,Difference between pulse coupling and diffusive coupling In biological oscillators,0
5364,What is the primitive function of $\arcsin{\sqrt{x}}$,1
3872,Properties of Normal Numbers,1
11937,What are good examples of computational theories for A.I. according to David Marr's Definition?,0
5006,What is the relation of between $REF(A)$ and $REF(A^T)$?,1
7281,Could You Boil Water from Blood?,0
2552,"Let $a\in C[0,1]$ and $A:C[0,1]\rightarrow C[0,1]$ where $A(x)(t)=a(t)x(t).$ Find $\sigma_{p}$, $\sigma_{c}$, $\sigma_{r}$.",1
11184,java class to read csv files,0
10824,opening a text file and building a dictionary,0
937,Inverse of a partitioned matrix,1
11037,Ensure that ICommand implementation properly uses weak references,0
4932,Show the equivalency between the two expected values?,1
9321,Count elements of a sorted matrix that fall into a given interval,0
11355,What is the relation between Universality and Geometric shapes in cellular automata?,0
1460,"Finding the cubic near minimax approximation for sin(x) on (0,pi/2)",1
2519,Is the statement $(\exists x\psi(x)\rightarrow\forall x\theta(x))\vdash \forall x(\psi(x)\rightarrow\theta(x))$ true in intuitionistic/minimal logic?,1
4129,Find all $m\in\mathbb{R}$ such that $x^4+x^3-2x^2+3mx-m^2=0$ has only real roots.,1
11629,binary tree to binary search tree,0
6394,Why is exercise good?,0
2570,"What is the definition of ""equality""",1
1538,Distribution of a Sum of Independent Random Variables,1
6244,Why is Leptospirosis so difficult to catch?,0
7465,How do I interpret this graph regarding introduced genes and virus-infected cells?,0
11503,Optimization with a lower value constraint for positive solutions,0
1905,Convergence of a product series with one divergent factor,1
6450,How does the structure of the pancreatic acinar cell relates to its function?,0
3828,Entire function taking all complex values?,1
708,How to self study Linear Algebra,1
1205,Calculating the order of poles of $\frac{\sin(3z)}{z^2}$,1
2064,There're no $x \in \mathbb{Q}$ which verifies $x^2=12$.,1
11614,Maximimal Independent Set on Ring and Path,0
1603,Is the empty set always part of the result of an intersection?,1
7101,Can there be an equilibrium between humanity's increase of carbon dioxide output with plants since plants harness CO2?,0
2973,Separation of variables Fourier constants integral,1
8272,Were there lifeforms before LUCA?,0
6634,what is the meaning of the genotype values in each snp,0
8390,Pipetting damage to cells,0
2289,"if $a$ is are real number that $a \neq 0$, and $\cos x = \sqrt{\frac{\cot x}{\cot x -a^2}}$, $x$ is on which trigonometric quadrants?",1
4498,Continuous choice of basis for subspaces,1
3219,Interior/closure/complement of a translate of a subset of a topological group,1
5277,Show that any non-empty interval of $\mathbb{R}$ is homeomorphic to $\mathbb{R}$,1
2272,What is the difference between the 2 ways to remove percentages?,1
7136,"Is there a specific suffix for ""within a cell""? i.e. in a similar manner to how -aemia refers to within the blood",0
7921,Does Doxylamine have any Influence on the Monoaminergic System?,0
4189,Fundamental Group of Sphere with inscribed disk,1
7825,Identification of unknown bagworm (Singapore),0
7084,Coalescence time: Is it different for haploids and diploids in population genetics?,0
7392,Does RNA serve as the genetic material of some plants and animals along with viruses?,0
5351,Inequalities of high level,1
214,"Vector space, direct sums involving linear maps and polynomials",1
10244,What is the average time for a node to transmit on the shared medium for Ethernet? (IEEE 802.3),0
6377,How do these triplets code for these proteins?,0
646,"Show that $\int\int_R f(x,y)dxdy\not=\int\int_R f(x,y) dydx$ For $R=[0,1]\times[0,1]$ and $f(x,y)=\frac{x^2-y^2}{(x^2+y^2)^2}$",1
3103,How many ordered pairs are there in order for $\frac{n^2+1}{mn-1}$ to be an integer?,1
8949,How do lilies sense day and night and open and close their flowers?,0
10844,"Is matrix ""adjoint-squaring"" faster than general matrix multiplication?",0
4407,Check my logic: Does a generalized dihedral extension necessarily contain the extension element? (I say yes.),1
4289,Spectrum of the laplacian on a Banach space,1
3851,Doubt about construction of Linear transformation,1
2479,Non normality on confidence interval,1
3787,Rising Sun Lemma extension to whole real line.,1
3112,$\sigma$-algebra on set of all prime numbers and $\sigma$-finity,1
11032,Bakery algorithm: How does it work with single-writer safe registers?,0
7110,Did modern alligators and caimans come from prehistoric crocodiles?,0
9698,Find highly composite number using Python 3,0
9892,Does domination rule apply for inadmissible heuristics?,0
8372,Identification of species found in fly lab,0
8581,What are the roles of cadherins in epithelial mesenchymal transitions?,0
2822,Proof of the incompatibility of extenders in comparison lemma of mice,1
2475,Is $\mathrm{Top}$ a coexact category?,1
9034,"Some questions regarding decidability and semi-decidability of $A/B = \{ w \text{ | }\exists z \in B, wz \in A\}$",0
10237,Showing that deciding whether a given TM accepts a word of length 5 is undecidable,0
5321,Calculate: $\sum_{k=1}^\infty \frac{1}{k}\frac{x^k}{k!}$,1
5215,Prove that for every x > Z > 0 f(x) < 9.5,1
6697,What is a good review article source for Physiology?,0
8579,"Do the antibodies in a patient suffering from Hashimoto's, attack the thyroid hormones or the thyroid gland (or both?)?",0
6521,Identification of this bug or insect,0
7229,How are isopotential maps computed from EEG channel data,0
8330,A question involving immunoprecipitation to identify interacting proteins?,0
5792,Sequence that is neither increasing nor decreasing yet has a limit of 2.,1
6367,What does probe number and segmentation mean in copy number variation (CNV) data,0
5562,"S=(0,1] Open Cover and Finite Subcover",1
2169,Rank of $R^n$ in characteristic $n$,1
8463,Regulation of the TCA cycle and glycolysis by adenine nucleotides,0
11601,Case insensitive string to replace custom comparers,0
1240,series representation of error function,1
9815,Removing a link from a linked list,0
5719,Taylor limits with sine,1
4802,Double Integrals In Polar Coordinates with infinity boundaries,1
9768,C++ smart pointers and classes,0
6299,Real unipolar neurons do indeed exist in human?,0
5151,Why are Bayes estimators cheaper to compute than computing the full posterior distribution using Bayesian inference?,1
7279,What obstacle(s) would be most prevalent in an attempt to use virotherapy to inject Cas into cells to target a cancerous mutation?,0
4964,"Distribution of $Y=\frac{X}{|X-1|}$ when $X$ is uniform on $[0,2]$",1
9902,Upper bounds for $NP$ based on $NEXP = EXP$,0
119,"Algebraic k-form, potential mistake in notes",1
10554,Copy an Entity With Navigation Property in C#,0
8627,3' or 5' DNA capping protein,0
11075,Pythonic attempt at conversion of length,0
6174,Neisseria meningitidis transformation into a pathogen,0
4972,power series involves cosine function,1
3718,Closest point on a̶ ̶s̶u̶r̶f̶a̶c̶e̶ 3d bell curve to a point,1
7391,How to determine the relationship of competition or cooperation?,0
623,dimension of $\mathbb{C}$ over $\mathbb{Q}$,1
9497,Relation between size of hashtable and number of values to keep expected number of collisions below/equal to 1,0
459,Prove or disprove: if $f(n)=O(g^2(n))$ then $2^{f(n)}=O(8^{g(n)})$,1
1166,Showing that if the Primal Program is unbounded then the dual is necessarily infeasible,1
1611,What is the name of the vector space on which the translation group canonically acts?,1
2839,How to express $\lnot (a < b < 0)$ or the contrapositive of this statement?,1
8845,How to choose the most appropriate measure of genetic distance,0
10615,Fast templated call back implementation,0
9657,Gradient Boosting Class/Module using sklearn. (My first Python Module),0
4513,Divergence between two PDFs - Upper bound,1
11571,EPI question on multiplying two integers,0
11689,Calendar events based on user feedback,0
973,"Sampling without replacement, final input",1
9144,Calculate the Hamming difference between two DNA strands,0
1108,"Let F denote $M(R)$, the set of all mappings $f : \mathbb{R} \rightarrow \mathbb{R}$, made into a group",1
7315,Effect of forced breathing on RBC size,0
5202,Showing that $||w-u||=||w-v||.$ in a circle with perpendicular tangents,1
1144,Trying to understand how to check subspaces,1
2767,Diophantine equation with quartic polynomial,1
3759,Diophantine equation with primes,1
909,WKB (perturbation) theory,1
11634,Finding a minimal subset of strings whose bitwise OR is the all ones string,0
3800,Finding local extrema of $f(x) = x^2 e^{-x}$,1
7701,Protein tertiary Structure formation,0
2679,Differential dilemma,1
7330,Why don't we feel hungry after waking up?,0
4847,For which values of $z \in \mathbb{C} $ do we have $ A_2 (z) = 0 $?,1
8495,Why are fearful stimuli more powerful at night?,0
9702,BFS Algorithm in JavaScript,0
8448,Why aren't mammals and reptiles considered amphibians?,0
718,Are these facts about the Poisson process correct?,1
8669,How does a blunt force stimulate histamine to develop early stages of inflammation?,0
2207,"Direct proof that the irrationals on $[0,1]$ have measure $1$",1
3179,Generate a set of random numbers with a normal distribution,1
2251,Consider the PDE $3u_t + 6u^{10}u_x + u_{xxx} = 0$,1
9825,"What is ""potential speedup"" in parallel computing?",0
2648,Necessary condition for improper integral of odd and even functions to converge,1
8063,Do repetitive movements on EEGs show up as discernible patterns?,0
5289,Show that any element of a sigma algebra is the union of disjoint sets,1
9154,FTP Download Helper Method,0
1500,Time and distance problem,1
9026,How to implement HasMany() relationship with PHP?,0
6046,What motivates children to start walking?,0
5017,Probability paradox regarding length of chords on a circle,1
4132,How does the tribonacci sequence have anything to do with hyperbolic functions?,1
1741,A confusion about big Oh notation,1
11090,Sorting in computing longest increasing subsequence,0
7797,How many smaller muscles compose the interosseus muscle in the human hand?,0
11999,"java if `String` begins with ""red"" or ""blue""",0
8053,Is this black locust?,0
2221,Can anyone help me with this indefinite integral?,1
3900,"If $f(x) = f(y)$ or $f(\frac{x+y}{2}) = f(\sqrt{xy})$, find $f$",1
6445,Is a sequential double transformation acceptable?,0
1509,Why the polynomials with real coefficient and having degree >3 is not a vector space?,1
4702,"Probability that $n$ integers sampled from $\{0,1,\dotsc,p-1\}$ are coprime is at least $1-p/2^n$.",1
1809,Why Fourier transform owns two different signs?,1
5275,Generically transversally intersecting Schubert cycles,1
2110,"Closed form of $\sum_{r=1}^a\frac{1}{r(n-r)}$, where $a<n$",1
9653,"Regular expressions, is it always true that (r U s)* = r* U s* U (rs)*?",0
3496,Convergence in norm independent of the choice of the norm.,1
2818,Image of a nonmeasurable set.,1
6173,Are all healthy animals more likely to defecate near the end of a rest-cycle?,0
6694,Comparative evolutionary study: is amino acid or nucleotide comparison more useful?,0
1693,Converse of positive definite over $\mathbb{Z}$ characterization,1
4851,Probability Lottery Question,1
4890,Proving a relation is a total order relation,1
2541,Tricky trigonometry question (distance of a ship),1
9119,Parse Numerals from a String in Golang,0
994,Is the ring of analytic functions at the origin the localization of the ring of analytic functions on $\mathbb{R}$?,1
9570,"Identifying numeric substrings of an alphanumeric string, and summing them",0
1471,Separable extensions and Hensel's Lemma,1
10370,Asynchronous logging using custom log4j appender and ExecutorService,0
10760,Haversine formula in SQL,0
780,Is the empty set a relation?,1
4240,Ring Structure for Non Commutative Groups: Is there a grander reason for Abelian requirements?,1
9976,Remove and add connection string,0
11671,Sieve of Eratosthenes in Java,0
10638,All values of boolean-triple,0
3068,What's the first power of two for which the most significant digit is 7?,1
4665,"Exercises about subgroup generated by $[h,k]$",1
74,Uniform Convexity Property,1
658,Weak * convergent vs strongly convergent.,1
6205,"Which one is true about sunflowers, ""follow the sun across the sky"" or ""always face east""?",0
7647,Why do people and animals stretch out their bodies and what is causing this behaviour?,0
7395,Can Tajima's D and other population genetic tools be used to copare Arabidopsis ecotypes?,0
11444,Order a list of tuples or a NumPy array in a specific format,0
11146,Checking if an element exists in an array efficiently and return it,0
2132,Is this an equivalent uniform distribution?,1
5059,"If $a_n \to \infty$ is increasing, must $\sum \frac{a_n-a_{n-1}}{a_n}$ diverge?",1
2606,Necessary and sufficient conditions for a set to lie in a hemisphere.,1
11343,Finding recurrence when Master Theorem fails,0
7956,"Is there any disease in adult human, other-than cancer, which-is resulted from mutation?",0
6929,Can turkeys run around when their head is cut off like chickens do?,0
9014,calculate average CPI,0
11300,Variant of nim game with particular rules,0
7589,Blood pH at Higher Altitudes,0
4045,$n$th derivative of $\tanh$,1
5443,"If $T:V \to W$ is such that both $\ker(T)$ and $\operatorname{Im}(T)$ are finite-dimensional, then $V$ is finite-dimensional",1
1183,Finding the Infimum of a set $2^{1/x} + 2^x$,1
6215,Plant identification,0
5684,"$E/\mathbb{F}_p$ supersingular elliptic curve, what's $\# E(\mathbb{F}_{p^n})$?",1
3412,Weak version of Barbalat's lemma proof,1
11857,Proof of correctness of the XL-algorithm for polynomial systems,0
4480,Is this a combinations or permutations problem?,1
1574,Is it possible to evaluate $\lim_{x\to 0}\frac{\sinh x-x\cosh x+\frac{x^3}3}{x^2\tan^3x}$ applying L'Hopital's Rule?,1
4442,Negation of a mathematical statement containing the word: but finitely many,1
7489,Are there any creatures that will eat their own limbs or body parts to survive?,0
492,Upper bound for random walk to show stopping time is bounded,1
1589,probability of events given data,1
5339,"""Homotopy theory"" on finite topological spaces?",1
3636,Are these combinations and permutations correct?,1
3895,Simplify $\prod_{k=1}^5\tan\frac{k\pi}{11}$ and $\sum_{k=1}^5\tan^2\frac{k\pi}{11}$,1
7105,How to estimate a genome's size?,0
9754,"Date Class, implemented",0
4348,Which homology groups of a closed orientable 6-manifold can be isomorphic to $\mathbb{Z}^3$?,1
11705,Using getters and setters to change another variable C#,0
7791,Confused about the calculation of BLOSUM matrix,0
9805,"How to construct a CFG which generates {0, 1, #}⁺ - {b_1#b_2#b_3#… #b_n | n is a whole number} where b_i is i in binary without leading zeros?",0
7555,What are the structural characteristics of a protein-protein interaction network,0
4894,Combinatorics confusion in formulas,1
4574,Showing that $H$ is a normal subroup of $A_4$,1
1719,How To Get The Closest Point To Lots Of Lines?,1
10338,Consider a 1-tape TM that starts with n ≥ 1 written in unary/binary notation on its tape. Explain how it can count down from n to 0 in O(n) steps,0
9109,"Proof that language is not regular. $L=\{w\bar{w}|w\in \{0,1\}^* and\ \bar{w}\ is\ one's\ complement\ of\ w\}$",0
9749,My login with AJAX and PHP,0
269,"Show $\lim_{(x,y)\to(0,0)}\frac{x^3-xy^3}{x^2+y^2}=0$",1
9792,Better way to write if/else conditions,0
9774,how long will it take to execute a ten-stage pipeline,0
7751,When contracting a muscle will the muscle spindle stretch or contract?,0
7617,By what mechanism does elevated homocysteine level accelerate thrombin formation?,0
1939,Set of prime numbers $q$ such that $\sum\limits_{p\leq\sqrt{q}}p=\pi(q)$,1
11747,Pokemon Turn Based battle (Python),0
4366,Prove $\arg(zw) = \arg ((z+w)^2)$ given that $|z| = |w|$,1
6693,Why slow worm lost ability to walk in evolution/ecology perpective?,0
11707,Query complexity of exact learning and combinatorial parameter,0
819,Is there a category-theoretic generalisation of function application?,1
6209,To define the total Resistance of Systemic Blood Circulation,0
11708,Can abstract syntax trees be unparsed in subexponential time?,0
4985,"Show that for a commutative ring $R$, there always exists a ring homomorphism from $R$ to some field.",1
9040,A TSP to HamCycle Reduction,0
8046,A theoretical ethical dilemma,0
635,General rule for converting between sigma and pi notation,1
6696,How to get started in bioinformatics,0
11595,Installing Mods With Python (v 2.0),0
2734,How do I see that the tangent bundle of torus is trivial,1
7089,Help me identify this insect found in fishtank,0
3278,Convex subsets and Linear functionals,1
4057,System of equations (contest problem),1
9215,Adding vector functionality to TI Calculators,0
46,How does one visualize sequence of derivatives and functions in a same diagram?,1
31,solution of a matrix using orthogonal vectors,1
2775,Conditional Probability (Where did I go wrong?),1
6902,LD50 of Botulinum Toxin,0
11565,Gaining better performance when screen scraping is required,0
4651,Find Probability that even numbered face occurs odd number of times,1
9176,jQuery popup menu function,0
6220,Partial pressure of gases in alveoli,0
8648,Where can I find a file listing the genetic differences in humans?,0
5078,Fastest Route Optimization,1
6833,Chloroplasts in an animal cell,0
7946,Why do lions keep young preys and don't kill them right away?,0
6425,Is narrow sense heritability heritable?,0
6735,Can you please identify this beetle? (Rajasthan),0
132,Don't understand a result of a Frobenius method solution,1
10969,Running time of algorithm (effect of j*j in for loops) - Theta Runtime,0
6266,Transcranial Magnetic Stimulation on science fair,0
5120,What is the quotient $\mathbb{T}^3/\mathbb{Z}_2$?,1
10568,Modelling regex replacement via a DFA,0
3675,"Reducible polynomial over $\mathbb{F}_9$, but irreducible over $\mathbb{F}_{27}$",1
4392,Inner product matrix,1
9306,Does the Y combinator contradict the Curry-Howard correspondence?,0
3785,Pointwise Convergence $h(\Pi_n) \to h(\Pi)$ if $\Pi_n \to \Pi$ and $h$ is only measurable,1
8057,Please identify this bird,0
4197,Longest possible subsequence present with a given condition,1
2983,Complex Infinite Sum,1
7697,Absorption of pentoses in intestine,0
10901,Is there a difference between total-ordering consistency and linearizability?,0
748,Brownian motion minimisation problem,1
9396,LuhnyBin - my first Ruby script,0
6939,How can highly virulent but uncommon diseases (like ebola) maintain a stable equilibrium?,0
6961,Analysing the results of real-time PCR,0
10361,"Calculate expected values of ""Craps Game"" with the help of Prism Model Checker",0
11782,Transforming a list of maps representing bands,0
8034,Antiparallel DNA Strands - Error Correcting Code?,0
611,Proving a logical implication using modus ponens and metatheorems,1
603,What's $\int \frac{1}{\sqrt{25-x^2}}$,1
8069,It is possible for person with AIDS be negative for HIV antibodies?,0
5478,Find the shortest distance between the point and a parabola,1
8456,How can a YAC be screened against a cDNA library and a cosmid library of genomic DNA to find a gene?,0
4609,How to check if ode system is gradient system?,1
4293,Information on the sum $\sum_{n=1}^\infty \frac{\log n}{n!}$,1
2578,find the $4th$ and $5th$ roots of unity,1
5046,Yes/No: Is $\mathbb{Q}[y]$ is field?,1
9888,Setting label in Java button listener,0
9930,Algorithm to enumerate all complete schedulings of finals tests?,0
8608,Which mosquito species is this?,0
458,"the series $\sum_{1}^{\infty} \frac{\cos(nx)}{\{\log(n+1)\}^x}$ is uniformly convergent on any closed interval $[a,b]$ lying within $(0,2\pi)$.",1
2325,Find a sequence $a_n \downarrow 0$ such that lim$_{n\to\infty}na_n=0$ but such that $\sum_{n=1}^{\infty}a_n$ diverges.,1
3912,Writing a vector variable in Magma.,1
2520,mean valued theorem in Banach space,1
4295,Explanation of maximum likelihood,1
7367,"In cell division, are daughter cells ""newer"" than the parent cell?",0
2731,Proof Multiplicative Group of Integers Modulo p is Cyclic,1
8764,Parallel DNA double-helices with Watson–Crick base-pairing: Why do they not occur?,0
3602,Probability density of vector sum,1
3664,"If $f : [a, b] \to X$ is a path from $x$ to $y$ show that $\exists$ $g : [c, d] \to X$ which is also a path from $x$ to $y$",1
9543,Show that the union of Θ and o is not O,0
2063,Real number * Integer = Integer,1
5367,An interesting definite integral $\int_0^1(1+x+x^2+x^3+\cdot\cdot\cdot+x^{n-1})^2 (1+4x+7x^2+\cdot\cdot\cdot+(3n-2)x^{n-1})~dx=n^3$,1
11257,K String Turing machine,0
9307,Calculating the set field of associative cache,0
11028,Runtime of weighted interval scheduling dynamic programming algorithm,0
1877,Properties of Euler's totient function,1
3873,prove that there are infinitely many integers n so that 3 does not divide $\phi(n)$,1
8003,What model of epistasis best fit the reality?,0
3216,relationship between a function and its tangent lines,1
4693,Prove that the series $\sum_{n=1}^\infty e^{-nP(n)/Q(n)}$ converges.,1
11722,Phone number duplication detector,0
2879,Linear Algebra Done Wrong -- Appropriate for first course?,1
8139,What is the effect of the wavelength on the spectrophotometric measurements of protein?,0
4036,Best approximation. Hahn Banach theorem.,1
5250,Boundedness of relative risk aversion function,1
9303,Ensure that a Sinatra hash always has a valid value,0
1913,How to find the area of a quadrilateral given only the length of its sides?,1
5010,Difficulties with constructing a surjective ring homomorphism,1
3329,Requirements for function to be a probability density function,1
2345,Sketch the graph of an integral function,1
1743,Mathmatical notation of random function,1
7610,How does a change in the potential across a neuron's membrane get turned into a signal that is sent down the axon?,0
4128,"Finding the norm of $w + \frac{1 - |w|^2}{|w - z|^2}(w - z)$, where $w$ and $z$ are in $\mathbb{R}^n$",1
9704,optimizing project euler #83 solution,0
4634,Global extrema of $(x^2 + y^2)e^{-(x^2 + y^2)}$,1
11065,Python: improve in elegant way (code saving) a function in order to avoid several statements,0
10500,Given a bitstring generate all bitstring with n flipped bits,0
5960,Detection of Cycles without a Center in an ODE,1
11777,Code review of forward invocation,0
8857,How does it make thermodynamic sense for photosynthesizers to turn CO₂ into O₂?,0
11047,2-D peak finding complexity (MIT OCW 6.006),0
4783,How to mathematically prove that we are sampling from same distributions?,1
6965,What are the types of interactions in biological network (protein networks)?,0
5189,"Why is the series $\sum_n\frac{1}{n^x}$ not uniformly convergent on $x\in(1, \infty)$",1
2800,Entropy of the bivariate Gaussian copula: Closed-form analytical solution,1
4311,Finding a Common Complement,1
2018,Spivak Calculus Chapter 5 Problem 10 (b),1
1780,How can one show the inequality $\frac{a^2}{\sqrt{b^2-bc+c^2}}+\frac{b^2}{\sqrt{a^2-ac+c^2}}+\frac{c^2}{\sqrt{a^2-ab+b^2}}\ge a+b+c$,1
6560,Why have a placebo control group when testing a new drug if existing drugs can be used?,0
11317,Optimizing this matrix shifter,0
4630,Proving that $p ^ {p + 2} + (p + 2)^{p} \equiv 0\pmod{2p + 2}$ for a prime $p>2$,1
6074,Genetics: pedigree following a rare trait autosomal recessive,0
822,How to find an expected value $E[X]$ if you're given the probabilities $P(X < 3) = \frac{1}{3}$ and $P(X \geq 6) = \frac{1}{6}$?,1
6581,Sequence analysis software suites,0
9714,Variable creation and returning Boolean values,0
11576,Custom class for a borrowed unique_ptr?,0
8162,What is a holocentric chromosome?,0
11480,Creating and updating link to instagram image or video,0
2042,The variance under interventional distribution,1
4904,Calculate an abstract linear value of a given point on a 2d coordinate system from 3 given values for 3 different points,1
6759,Is the resting state of the forearm in the pronated or supinated position?,0
1344,metric from Christoffel symbols,1
5315,Can't get the `tautological consequence` definition.,1
11312,A context-free grammar for a language of strings with occurrence properties?,0
10601,Extension Method for Creating Types from Regular Expression Match Groups,0
6877,"What happens when a human ingests a large meal, and after a short time follows it up with a large amount of indigestible carbs?",0
5468,Series equivalent to harmonic series,1
9128,C++17 enum macro with to_string operator,0
9285,How to handle missing attribute's value with ID3 algorithm?,0
1355,Reason for existence of 'swapping' elementary matrix operation,1
4318,Integral of a function and a derivative with respect to the same variable,1
5029,I need help proving that a relationship is not anti-symmetric,1
9527,Hiding multiple elements' parent container (by child element id),0
2500,Proving limit of a complex function,1
7128,Do all different types of neurons serve different roles?,0
1419,Why is the morphism induced by this linear system birational?,1
440,"Given a generating function for $\sum a_n z^n$, what is the generating function of $\sum a_n^2 z^n$",1
1884,Simplify $\frac{[m+n-1]!}{[m]![n]!}$ where $[k]=x^k-x^{-k}$ and $[k]!=[2][3]...[k]$.,1
8450,How does Iota-Carrageenan achieve an antiviral effect?,0
5600,Some doubt on series.,1
2428,Integrating matrix differential equation with linearly varying anti-symmetric matrix,1
5958,Rainy day probability problem,1
10994,"If a comparison-based algorithm finds the ith smallest element, it also classifies all the elements as ≥a[i] or ≤a[i]",0
7773,Differences between Gradualism and Uniformitarianism,0
8356,A question about IPTG induction,0
7241,What insect is this case from?,0
1885,When is the function $x^{1/n}$ a monotonic function?,1
11740,How to build/recognise a deadlock-free order of resources,0
8492,Evolution of scratching,0
4319,Give an example of a function $u$ and a space $\Omega$ which fails the weak maximum principles,1
2700,Likelihood Function is a random variable,1
2240,Find the probability that a family has $k$ kids and two of them are boys (no more boys),1
1043,"prove that if given $n$ islands and $n-1$ bridges, and no loops are formed, all the islands are connected",1
6306,Why is compensatory negative supercoiling generated in a positively supercoiling ccDNA?,0
5807,Partial derivative of matrix w.r.t. its eigenvalue and eigenvector,1
5177,Intuitive understanding of integral of vector valued functions,1
5989,A covariant functor sending every finite-dimensional vector space to its dual?,1
11166,How to solve this asymptotic complexity problem?,0
8271,Evolution of autophagy and apoptosis,0
1713,Prove the following integral inequality: $\int_{0}^{1}(f''(x))^2dx\ge 1920\left(\int_{0}^{1}f(x)dx\right)^2$,1
960,Let z be a complex number such that $z^2 +z + 1/z^2 + 1/z + 1=0 $,1
11113,Finding pairs of vertices which would disconnect a graph,0
7960,What is this mushroom that only grows next to my tomato seedlings?,0
5841,LCG has an open $\sigma$-compact subgroup in form of $\cup_{n=1}^{\infty}V^n$,1
2122,Are events $ A $ and $ B $ independent?,1
8333,COPI/COPII proteins and kinesins/dyneins,0
621,How do you use set theory to define the value of zero to the power zero.,1
1497,About the double integral of the product of two sinc functions?,1
5670,Checking whether a point lies on a wide line segment,1
1594,Solve $\displaystyle\lim_{x \to \frac{\pi}{2}}{\biggl[(1+\cot x)^{\tan x}\biggr]^3}$,1
8603,Why is EcoRI supplied with a unique buffer when it is allegedly 100% active in universal buffers?,0
2771,Find the roots of these two polynomials.,1
6469,Why did life on Earth develop with two sexes?,0
8187,Can you knockout specific receptors in an adult?,0
16,Number of successes when the successes are positively correlated,1
11638,Empty an array on focusout - jQuery UI Autocomplete,0
7902,Why do some people have symptoms of salmonella and others not?,0
8486,How are new chromosomes replicated into the next generation via sexual reproduction?,0
9244,Angular Checkbox Filtering,0
3522,Eigenvalues of product of two symmetric positive semi-definite real matrices.,1
3999,Move two wheeled robot from one point to another,1
4568,$T:R^3 \rightarrow R^3$. Show that there is a line L such that $T(L) =L$.,1
11790,Script to monitor a folder and compress the content,0
10538,Simple bruteforce algorithm in Swift,0
11904,Polymorphism and Inductive datatypes,0
11741,Fastest way to build string feature vectors Python,0
1561,Prove by mathematical induction that $n^\frac{1}{n}<2-\frac{1}{n}$,1
7319,Why does our eyes got wet when we feel emotional or whenever we are hurt?,0
11632,Calculating compass direction,0
8778,is this a soft coral on sand?,0
8290,Function of the 'double' leaf on a pomelo tree,0
7822,Why do cats' claws retract?,0
2080,Set of subsequential limits of a bounded sequence,1
10755,Find all possible interpretations of an array of digits,0
6941,Meaning of proliferation rate of 3 day−1,0
3365,Simplify this statistical average,1
6344,How efficiently does the human body convert the energy stored in fat into kinetic energy?,0
175,Forming a combination that is mathematically possible?,1
9038,Part 2: Send HTTP request for each row in Excel table,0
9547,Automaton without variables and guards for queueing system,0
10536,Squeezing decorators into functional extensions,0
1607,Irreducible polynomial cannot have only perfect power values,1
11331,"""Edit distance"" UVA programming challenge",0
9015,Abstracting device IO / glue logic in a CPU emulator,0
5991,Square root of a matrix $A$ and matrices similar to $A$,1
6669,Is there any use of CO₂ in human body?,0
9341,Trying to speed up VBA macro to generate viable Daily Fantasy Sports lineups,0
8588,What determines the duration of larval stage?,0
8488,How do rodenticides with delayed effect work?,0
6036,Could a mammal convert ingested dissolved CO2 to usable energy?,0
6287,Are there any biological obstacles prohibiting lighter-than-air organisms?,0
159,Values of m for which the expression is positive,1
10462,Weird implementation of quicksort,0
2357,Numerical method with convergence greater than 2,1
10028,Calculating energy from mass and light speed,0
5611,Solve $x(2^x+2^{-x})=\frac{17}{2}$ analytically,1
2264,"If $a\ge b\ge-c\ge0$, is $\sqrt[3]{a-b-c}\ge\sqrt[3]{a}-\sqrt[3]{b}-\sqrt[3]{c}$?",1
7885,How much current is required to stimulate a neuron?,0
7675,Do eukaryote cells contain DNA that isn't part of a chromosome or located in the mitochondria?,0
4581,Card-related question on standard deviation,1
8051,"Giving a sign to Pressure Potential, Osmotic Potential And Other Similar Quantities",0
8276,RNase and EtOH issue,0
9697,Map a range of integers to a 64-bit integer,0
11636,Code that checks input for calculator app,0
8718,How are viruses in vaccines weakened in a laboratory,0
11610,Web-scraping through a rotating proxy script,0
10313,Fibonacci sum with memoization,0
5293,Which is the actual surface of a Möbius strip?,1
4752,Evaluate a derivative by definition,1
1457,Differentiate the Function $f(x)= \sqrt{x} \ln x$,1
1452,"If $((X,\leq),(Y,\leq),f,g)$ is a Galois connection, show that f is a morphism/monotone from $(X,\leq)$ to $(Y,\leq)$",1
8256,Why does the Vas Deferens detour over the pubic bone?,0
7725,"If species are reproductively isolated, then how are interspecific hybridisations carried out?",0
6057,Is this description of etiology of celiac disease correct?,0
5532,If $G$ has semidihedral Sylow $2$-subgroup $S$ and an involution not conjugate to central involution in $S$. Existence of maximal subgroup.,1
1157,how to find relation R^2,1
8728,"Trying to understand the big picture behind DNA sequencing, alignment and searching",0
207,How to solve a subtraction equation that results in a negative number?,1
9047,Getting all the dates in a month that do not coincide with a project's dates,0
9541,Sums of Landau terms revisited,0
3667,When is $S^G [G] \cong S$ as a $S^G[G]$-module?,1
9855,Algorithm for partial order width,0
9112,Truth and lie in infomation theory: negative amount of information,0
11844,Canonical representation of programs,0
10319,React higher-order component: withHigherHandlers,0
7073,Are molecular machines encoded in the DNA?,0
1182,Is there a branch of mathematics that focuses on finding relationship between pairs?,1
5212,On a question of closed property of morphism of schemes,1
11097,Two-head one way finite memory machine accepts non-regular languages,0
4590,Linear equation System,1
9615,Linear time multiplication on RAM machine?,0
2472,Why are the elementary functions the ones that they are?,1
4777,Prove that the Matrix $BC$ has rank of at most $1$,1
1252,The limit of $\frac{1}{n}\sum_{k=1}^{n}n^{\frac1k}$,1
9066,Data structure to count occurrences of words,0
6705,Which organisms require the least fluctuation in ambient temperature?,0
8752,Deletion errors with Phusion Polymerase?,0
1757,number of ways of arranging balls so that there are exactly two pairs of green balls,1
9403,Calculating the ideal body weight,0
2409,"Examples of Lebesgue-integrable, but not Riemann-integrable functions",1
1478,Flow and flow rate... Halp!,1
2514,Solve $5^{2x+2}-5^{x+2}+6=0 $,1
10607,NAQ 2018 Problem D Froggie,0
7781,What is the most common way of administering loop diuretics and what is their time course of action?,0
4374,Unordered integer partitions (compositions),1
6710,Which of the following lacks DNA?,0
8925,Do birds ever fly in clouds?,0
2947,Stirling's formula for derivatives of the Gamma function,1
4688,Probability densities with null cumulantes higher than third,1
10624,IEnumerable extension method that ingests SqlCommand and returns query results,0
4643,Is there a rule for integrating $f(x) f(f(x))$?,1
9924,Multiple similar event handlers for input validation,0
3350,Finite dimensional topological vector space non complete,1
6962,Can sperm cells penetrate the cell membrane of non-ovum cells?,0
9515,efficient django model for resume,0
4106,An Application of the Central Limit Theorem Involving $S_{2n}$,1
3241,Path-connected space,1
4762,"Volume of the solid with given base, whose sections with the planes orthogonal to $y = 0$ are rectangles of height $4$",1
152,Determining whether functions are regular for $X = V(XY - WZ)$,1
4301,"Suppose a box contains six blue and four red balls. Five balls are selected at random w/o replacement, determine the probability mass function",1
11987,indexOf() and Boyer Moore methods,0
5829,Construct a branch $f(z)$ of $\log z$ such that $f(z)$ is analytic at $z=-1$ and takes on the value $5\pi i$ there.,1
1314,Stuck on last step of Summation of Finite Series question,1
10267,Individual bit access in C,0
8258,Are there any examples of weighted edit distance genome alignments?,0
8392,"Genetics, sickle cell anemia",0
6916,What is most simple eukaryotic genome?,0
3177,"How can I tell if a two-person game is non-degenerate, given its payoff matrices?",1
9752,"Access function to return ""number of working days until date"" for form",0
4924,"List of $s, t$ where $|f(s, t)|<M$",1
5742,How to solve the following system with parametric equation?,1
327,$\int_{1}^{\infty}\frac{\ln x}{x^2-1}dx=\frac{\pi^2}{8}$,1
7983,How can I get the coding region from gene sequences?,0
2242,Showing $T$ is continuous.,1
887,distributive law of differential form,1
2826,Do abstract harmonic analysts use topological methods to solve problems or deal with Borel hierarchy?,1
2780,Solving an equation in a noncommutative ring.,1
1236,For what rays does the limit $\lim\limits_{z\to\infty} e^x$ exist?,1
2319,How to show a circle and a elipse is homomorphic in $R^{2}$?,1
398,Log Test for Integrals,1
6594,What's the (or some of the) minimum(s) amount of atmospheric carbon dioxide needed by plants?,0
2882,"Showing $\{\alpha^0, \alpha^2, \ldots , \alpha^{n-1}\}$ Serves as Basis for $F(\alpha)$ If $\alpha$ is Algebraic",1
8210,Where do I purchase a fly with the collagen tagged?,0
1580,Establishing a particular isomorphism of groups,1
7412,Is there an advantage to antibacterial soap?,0
5847,Solving $x^2 + x + 1 > 0$,1
5280,Help understanding the definition of derivative?,1
11235,Maximum coverage 1/2-approximation algorithm: why does the central lemma hold?,0
17,Subadditivity of betti number of pairs of spaces,1
9658,Creating a repetitive string in Common Lisp,0
9858,Time complexity in Big O notation for Harmonic series with first k terms missing,0
8249,Inverse of dopamine reuptake inhibitor?,0
10882,How to get 2-LOOKAHEAD results in this grammar?,0
9168,"Rust program, which reads, processes, and writes a file",0
10351,Decidable language: set of context-free langauges containing 1 string,0
6185,Source of information on the evolution of aging/senescence,0
11910,Waiting for a file to be accessible with Thread.Sleep() and exception catching,0
406,Simple group of order $3420$ has no element of order $171$,1
4561,"Linear subspace generated by (1,1,1,...,1) in $\mathbb{R}^n$",1
6349,Does there exist a reagent that can only be precipitated by Haemoglobin and nothing else?,0
7560,C to T Transition Mechanism,0
3130,Showing Weierstrass elliptic function has periods,1
1148,Plackett-Luce models paper,1
11824,"What is the ""formula"" for ""any cipher can be deciphered by a quantum computer""?",0
1402,"Unique solution to $x^4 + 7x -1 = 0 $ on $[0,1]$ (Banach's fixed point theorem)",1
1520,What is the support of a localised module?,1
7942,How does an animal having toes create more friction than not?,0
5500,Natural Numbers Object and the Axiom of Infinity,1
7287,Why would evolution favor blue as a color in bugs?,0
5432,Norm of a matrix evaluation,1
3813,$2^{50} < 3^{32}$ using elementary number theory,1
3274,Showing the image of a surjective map from a regular topological space is also regular,1
8640,When do chimeras happen?,0
7889,Are chromosomes from each parent split between gametes with equal probability (esp. in humans)?,0
6864,"Can you ""spam"" bird sounds so that birds no longer interpret them right?",0
6050,Use of salt as preservative,0
11108,Constant in Complexity of SQRT algorithm,0
8787,Why do seagulls hit the ground with their feet?,0
1634,Inherited topology of logical Stone's spaces.,1
8902,Will eukaryotic RNA fold in the same way in prokaryotes?,0
1592,Dirac delta of a function with zero derivative,1
3911,Large-value approximation of (real) error function series expansion,1
4177,Is the following solution correct? Show that $f(x)=0$ for all real numbers $x$.,1
8496,Book-recommendation: Ethology,0
4886,"Is it true that if the property ""being a closure of its interior"" holds for a set, then it also holds for each connected component of that set?",1
7004,"What does ""genus VI"" mean in mycology?",0
5255,Bounds of sum by using integral,1
9479,How does a transition function behave in a FSM when an input is not recognized (i.e. the input is not contained in the alphabet)?,0
4257,Predict i out of n dice rolls where each side has an different probability (unfair dice),1
11117,Is there a language that can be Turing-reduced from all languages?,0
3930,What does expectation ( E(x) ) practically mean in Statistics?,1
8807,What kind of bug or insect is this?,0
6132,What niche was humanity theorized to fill before we possesd weapons and coordination to hunt & kill large prey?,0
7614,How can GMO contaminate biologic plants?,0
7565,Genes where both a disabling mutation and copy number amplification cause different genetic diseases,0
8580,Do I have to use sucrose to induce a lac promoter?,0
5877,Calculating a (Forward Measure) Martingale,1
4895,Normal distribution conditional on both deterministic and probabilistic statements,1
6086,What species is this fast-moving spider?,0
8140,What is the mechanism by which quitting smoking causes increased appetite?,0
2271,How to solve this Pell's equation $x^{2} - 991y^{2} = 1 $,1
11529,Golang and Gin framework: best practices to connect to Postgresql,0
5112,Find the probability that the sample will contain five symbols of each kind.,1
1470,"Fast Fourier Transformation, explanation of $A(x)=A_0(x^2)+x A_1(x^2)$",1
9905,Is lambda calculus suitable for expressing semantics of non-functional languages?,0
2836,"Finding the integral closure of $k[x]$ in $k(x)(\sqrt{f})$, where $f(x)=x^6+tx^5+t^2x^3+t\in k[x]$.",1
1612,Use the triangle inequality to show that $|a|+|b| \leq |a+b|+|a-b|$,1
3693,"Initial algebra is ""unique up to isomorphism""?",1
11625,Longest palindrome O(n^2),0
5231,Is there a way to calculate the scale of the Y axis without values on the Y axis,1
6051,Are similar smells usually based on similar chemicals?,0
2742,How to calculate the max value of cantor pairing function given the min and max of the inputs?,1
3711,Minimizing properties of geodesics problem in do Carmo's book 2,1
5903,Volume of surface using triple integrals,1
1125,"Approximate with error bounds, the integral $ \int^1_0 \frac{\sin x}{x}\,dx $",1
62,"Given a square table $n\times n$, two players $A$ and $B$ are playing the following game: ...",1
1398,Characteristic Subgroup Definition - $T(C)\subseteq C$ or $T(C)=C$,1
6515,Is it correct to use the terms multinucleate and syncitia interchangeably?,0
10908,For loop that iterates through files and iteratively appends lists storing values from the read file,0
3493,Regularized least squares solution norm bounded by least squares solution norm,1
778,(Tensor) Product of irreducible representations,1
5106,Adding an isolated point to a Borel space,1
844,What's the cardinality of this set?,1
1527,Does trigonometric curves with imaginary period repeat itself?,1
8050,How to calculate or know by experiment the entropy of enzymes or protein?,0
763,Shortest paths of undirected graphs with modular weights,1
9132,Is persistence a property of a database?,0
664,Determining eigenvalues and eigenvectors of integral operator,1
7666,Translation of mRNA?,0
10912,SQL Table and Merge Statement,0
9758,Why is Two-Phase Commit (2PC) blocking?,0
6333,ATP required for cell processes,0
3755,Closed subgroups of a topological group,1
4788,Calculate a probability someone will do the same N tasks from X tasks as you,1
933,Graph Theory in Conway's Topograph,1
374,Verify Lipschitz condition,1
9995,Cleanest way to get list of Django objects that have same foreign key and display them in a view,0
4357,"Sequence of continuous, integrable functions that are not dominated",1
1948,integral of min of delta functions,1
5893,Show that $Y$ is not path-connected,1
9402,Reduction problem to another problem,0
4186,Does the possibility of linear coordinate changes imply that the manifold is Euclidean?,1
538,Conditional probability with exponentially distributed random variables,1
878,expectation in probablity.,1
7298,Differences in structural target for LPS detection by LAL and MD-2/TLR4,0
8942,Creating a Phylogenetic tree using DNA sequences,0
4959,"Find new generating function, given an arbitrary generating function",1
4213,"If $\frac{b+c}{2k-1}=\frac{c+a}{2k}=\frac{a+b}{2k+1}$, then $\frac{\sin A}{k+1}=\frac{\sin B}{k}=\frac{\sin C}{k-1}$",1
4545,Forming a local martingale with continuous increasing process,1
5587,"Find a subset such that there is a cts function whose image is {0,1}",1
8651,What really is color and how do we perceive it?,0
4006,No finitely generated abelian group is divisible,1
9655,Does regret change when the loss function is dependent on the previous predictions?,0
3166,An approximation of lengths dealing with elements of cubes. Show $|x-y| \approx \ell(Q) + |x - c_Q|$.,1
3995,On the multiplicity of the second largest eigenvalue of adjacency matrix,1
8684,"Identification of a beetle found in a basement in Virginia, USA",0
10043,Which method for ODE instead of Euler's?,0
8633,Twist in the DNA double-helix,0
6213,Does opening the lid of the spectrophotometer affect my results?,0
9706,Password authentication over an insecure connection,0
8758,Why can't ciliary muscles in the human eye relax like other muscles?,0
8527,Cyanobacteria pools as carbon sinks,0
8470,Are the human genes' promoters all known?,0
11288,Possible memory-leak on a self-removable event handler,0
625,find the minimal polynomial of the following over the Rationals,1
7343,Why proximal muscle weakness is seen earlier than distal muscle weakness in Dermatomyositis?,0
6158,Does a DNA sequence has its own derivation tree or pattern?,0
9535,3D intersection algorithm for cylinders,0
6353,The effect of pH on catalase,0
10564,constexpr Precalculate size of serialized data with templates and C++20 concepts,0
7201,Protostomia classification and characteristics,0
6250,Why are two-winged animals much more common than four-winged?,0
5913,Distance of centers of two unit circles with area of intersection $1/2$ area of one.,1
1640,Transform $\sum_i c_i (B_i + \alpha)^{t_i}$ to $\sum_i \beta_i(1 + r)^{t_i}$ to compute Excess IRR,1
7842,What is the philosophical definition of life?,0
7280,What is the substrate for glycogenesis?,0
6039,Could a fetus properly develop in micro/zero-gravity?,0
11545,Coloring of a K-ary tree using minimum paint Buckets,0
6855,Would there be any particular reason to choose strawberries for this DNA extraction tutorial?,0
6322,How are asexual species classified?,0
5654,Grundy function for first to 100 game,1
6702,What exactly does Curare do to the peripheral nervous system?,0
9520,"Why ""reduce to"", not the other way around?",0
3088,"In separable, inner-product space X every complete orthonormal set is closed and vice versa",1
8561,Can a cancerous cell from outside cause cancer in a healthy person?,0
3530,How to compute angle of two points using tangent in a plan?,1
554,Pointlike function without minimum.,1
6824,Why is polyploidy much more common in plants than in animals?,0
5486,"Does $A=\{a|\forall x\in \emptyset\ H(x,a) \}$ make sense?",1
2866,Which linear maps $\mathbb{R}^{n^2} \to \mathbb{R}^{n^2} $ map $\text{GL}_n$ into $\text{GL}_n$?,1
2937,When to start reading Bott-Tu?,1
1763,Euler's Line of a medial triangle,1
9407,Download and write ~100k images,0
4337,Signifiance of the Strictly Diagonallly Dominant matrix,1
5232,Reflective subcategories of topological vector spaces,1
5820,"$M$ is a point in an equalateral $ABC$ of area $S$. $S'$ is the area of the triangle with sides $MA,MB,MC$. Prove that $S'\leq \frac{1}{3}S$.",1
4266,"If $a_n=100a_{n-1}+134$, find least value of n for which $a_n$ is divisible by $99$",1
6661,How can you design a drug to modify apoptosis to treat a disease such as cancer?,0
3893,Summation of infinte series,1
4456,How to solve $\min_{x \in \mathbb{R}^n} \ f(x) + \sum_{i=1}^m g_i(x)$ besides consensus ADMM?,1
2458,How to show $k$-algebras are isomorphic in practice,1
10293,"Given multiple families of sets, select a set from each such that the intersection of selected sets is a correspondence",0
3965,"If $u(x_1,x_2)=x_1x_2^2$ and $g(u)=\ln(u)$, show that $g(u)$ is a monotonic transformation of $u$ and vice versa",1
8054,What jellyfish is this?,0
1468,Minimizing a system of linear equations,1
11356,Use PreparedStatement to insert into H2 database,0
766,Multivariate Quadratic Regression,1
11454,"""Ringing in the New Year (2011→ 2012)"" puzzle",0
1397,homomorphism inducing Galois cover,1
3517,Alternative solutions of an inequality problem,1
2755,What's a local angle?,1
2094,Diagonalizability of matrix A,1
3892,Maps from Cyclic R Modules to other R Modules,1
606,proof of the decomposition of a fibration by a trivial fibration followed by a minimal fibration,1
520,Show that $\prod_{k=1}^n \left(\prod_{j=1}^k\frac{k}{j}\right)$ is always an integer.,1
8889,How does a smoker's finger or mustache get yellowish by nicotine?,0
8225,Why would it be beneficial for cortisol and corticosterone to exhibit pronounced anti-inflammatory activity?,0
2671,Taylor series method for differential equations,1
6683,Why not surgically resect the tumor before CAR-T cell therapy? Won't that be more efficient?,0
4910,Finding a recurrence relation for $Q_{n}$,1
3884,Are set differences in a sigma algebra?,1
716,Evaluate: $\int e^x.\sin (x) dx$,1
8569,Book recommendations: biological data analysis/error,0
5675,Why does a zero-dimensional irreducible space have no non-trivial open subsets?,1
1395,Power Reducing Formula,1
8306,I need some forearm bone motion pictures,0
10305,Python Knapsack greedy,0
1036,Computing the degree of the splitting field of $x^3+18x+3$ over $\Bbb Q$,1
5563,invariant subspace problem query,1
9973,Dangerous interrupts,0
598,Why This Map is Closed?,1
6328,What's the correct name for the war of sexes in evolution?,0
367,Matrix $p\in M_2(\mathbb C)$ such that $p^2=\bar{p}^t=p$ and $\mathrm{rank}(p)=1$,1
2645,Derivate of an Inverse of a Matrix,1
6414,"Are bananas C3, C4, or CAM plants?",0
6913,Is every flower on a plant unique?,0
10756,Find and return the earliest occurring word from a string which contains the most repeating letters,0
11719,A less limited Python Lambda,0
5966,How to study this highly nonlinear and coupled suit of ODE in network application,1
10531,Error bound for minimum-degree spanning tree,0
10203,What is the initial state of DFA equivalent to an $\epsilon$-NFA?,0
11769,DFA & RE from descriptive definition of given regular language,0
8856,Why do people sleep with their eyes open?,0
8251,How do you interpret the resulting bands of gel zymography?,0
3349,How to write a proof: Catalan Numbers,1
4126,FInd the number of students for an average score,1
11324,Generically typed interface,0
9894,Find the exactly correct separating hyperplane of SVM when the data is not perfectly linearly separable,0
3021,Finding the unknown constant of a PDF,1
8820,"What does the ""*"" in haplogroup I2A1* mean?",0
338,How are spin network edges related to anti-symmetric projectors on the Hilbert space of the fundamental rep of SU(2)?,1
3652,What are functions used for?,1
8594,What are the characteristic structures of bacillus M. tuberculosis and what they cause?,0
11931,Memory-Test for Soldiers,0
4939,cumulative distribution function calculation 3,1
4216,Baby rudin subset with 3 limit points question,1
10956,XAML Markup Improvements,0
3455,What is the distribution of $x^TAx$ when $x$ is gaussian ($A$ may be not symmetric),1
5789,"General formula for $\int^1_0 x^\alpha \log(1-x)\operatorname{Li}_2 (x)\, \mathrm dx$",1
7090,PCR amplification and error propagation,0
11006,What happens after the accept state if there are still letters in the string in a Turing machine?,0
3105,"nr edges in hamitonian graph, proof correct?",1
5067,A Topological Invariant for $\pi_3(U(n))$,1
73,Estimator for Gamma distribution is biased or unbiased,1
37,"How does any map have a ""pseudosection"" (assuming axiom of choice)?",1
7067,Brain centers vs areas (and how they relate to nuclei),0
4192,How to prove that the optimal point for a quasilinear function lies in its extreme points,1
7763,Does muscle get bigger by increase in size of individual cells or increase in number?,0
6626,Help me identify these creatures found in sink,0
4414,Inequality for symmetric $n \times n$-matrix with non-negative elements.,1
2827,Show that if $A$ is a nilpotent matrix then there exists $k\leq n$ s.t. $A^k=0$ without using Cayley-Hamilton,1
4876,Contour integral of $\int_0^{2\pi} \frac{1}{A - cos \theta} d\theta$,1
11407,What is the theoretical result of flattening a list containing only itself?,0
9606,Router for quering MySQL results in NodeJS,0
11867,The content of an implication from the snm-Theorem,0
8964,Light signals in the courtship and mating,0
5940,Prove the Part (a) and Part (b).,1
3409,"Other ways to find a limit where the denominator produces $0$, besides factoring and cancellation?",1
10534,Differences between Fuzzy C-Means and EM,0
5066,"Prove that for every sufficiently large n, exists a k-paradoxical tournament on n vertices",1
6443,How are melatonin levels measured in humans?,0
496,"Show that the Markov chain, with $p_{k,0}=a_k$ and $p_{k,k+1}=1-a_k$, is transient if $\sum_ka_k<\infty$",1
7263,Triangulation number of the SARS CoV-19 virus,0
5262,Is there an optimized version of rectangle packing algorithm?,1
9963,Quick sort implementation,0
3780,Compute $\int_{-1}^{1}\frac{a^{2x}+1}{a^{x}+b^{x}}dx$,1
8599,Development of radial symmetry in starfishes and other animals,0
5970,To prove the given statement,1
7817,How can rhodobacter possess a single 'PS-II' like reaction center?,0
9106,3SAT solvable in polynomial time...but with exponential tuning?,0
8288,Genotype frequencies and fitness values in haploid population with clonal growth,0
1017,"Abelian group - set $G$ of all complex roots of $1$, of all possible orders",1
5501,Number of integral solutions for $|x | + | y | + | z | = 10$,1
5426,Motivation behind Distributive Property,1
7173,Which cells are responsible for the extracellular matrix remodeling?,0
4520,"If $(a_n)\to\infty$, then $(1/a_n)\to0$",1
6022,When does the vertebral column finish chondrifying and begin to ossify?,0
11491,Transition System Problem,0
4068,Hairy ball theorem and it's relation with storms and hurricanes,1
3162,"Canonical projection of $W^{1,p}(\mathbb{R}^N)$ onto $W_0^{1,p}(\Omega)$",1
4170,"Integral: $\int_{0}^{x}\lfloor\frac{1}{1-t}\rfloor \,dt$",1
5309,Where read recent developments in Math presented in a way that is easy to understand?,1
2360,"Joint Distribution, find $P(X-Y>z)$",1
1171,All $n$ such that $n+2$ is a cube and $n-2$ is a square.,1
2613,"Shift Operator has no ""square root""?",1
4274,Is this matrix definite positive?,1
7950,DNA polymerase I exonuclease activity,0
9523,"Algorithm for comparing two lists of objects, to insert added items, and delete removed items",0
10458,Optimizing Node.js http get for AWS Lambda,0
6025,What small insect is this?,0
1262,Homology between a loop and a constant loop,1
9071,"Is there a ""well known"" example of a constraint satisfaction problem on a 3-element set which is polynomial-time solvable?",0
752,Find the probability that the largest value $X_{\max}$ is greater than $0.92$,1
8644,How's idiotype different from paratope?,0
7698,How does the molecular machinery choose where to cut a chromosome for recombination?,0
1977,Confused about variation used instead of weight in variational formulation based on method of weighted residuals,1
730,Finding interest rate without principal,1
9985,"Given a binary matrix, how to find the starting coordinates of a sub matrix?",0
2334,Is a boundary which consists of boundaries of balls Lipschitz?,1
6802,Nucleoside analogs that cause mutation,0
10238,Powerset (all subsets of a set) in Java,0
7036,"Does severing the Corpus callosum, effect the brain's communicating ability?",0
7665,"What does it mean to share similarities among living organisms ""both horizontally and vertically""?",0
5737,Calculus Question: $\lim_{x \rightarrow 0}\sin(x)\ln{\sin{x}}$,1
10154,"Logs 'Fizz' for multiples of three, 'Buzz', for multiples of 5, and 'Fizz Buzz' for multiples of 3 & 5",0
1416,Saturating an operator norm inequality,1
11966,JavaScript making http(s) request: requiring modules within a function,0
6706,Larva attacking frog ? Guide about this,0
5559,Prikry Hypothesis implies Kurepa Hypothesis,1
6325,Are the social-distancing measures implemented against SARS-CoV-2 also suppressing the spread of other viruses?,0
7448,Efficient algorithm to calculate various population divergence statistics,0
6898,Is $F_{ST}$ a probability and a correlation coefficient?,0
4143,Powers of a Positive Matrix in the Limit,1
9532,Is my code for a forum page vulnerable for sql injections?,0
2363,If $m^x$ an integer for all naturals $m$ then $x$ and integer,1
11314,Deciding whether the head of a TM remains in K slots?,0
5389,Find a group of graphs with coloring,1
6296,How does your body know when it is infected so it can invoke a fever?,0
5416,Does the upper or lower triangle of a matrix include the main diagonal?,1
4024,Confusion about continuous conditional densities,1
2823,find a formula to cacluate if a moving object goes to a target,1
1524,Show that $\bigcup_{n=1}^\infty A_n= B_1 \backslash \bigcap_{n=1}^\infty B_n$,1
746,Radius of the circle internally tangent to three circles whose diameters are the sides of a $3$-$4$-$5$ right triangle,1
1697,How can I show that a continuous homegenous operator maps a maximal connected element to itself?,1
10272,"What are the draw backs, if any, in using C and C++ together? Is doing so considered correct by the large?",0
6589,Can denatured GFP show fluorescence?,0
6582,What do nerves have to do with feeling nervous?,0
3564,A series of measures,1
7006,T7 phage promoter action in mammals,0
8606,Where to obtain metabolic pathway datasets,0
2527,"$y''+\epsilon y'=\epsilon$, where $y(0)=1$, $y'(0)=0$",1
11169,Is it possible to build regex-based-map with search asymptotically faster then hashmap?,0
11002,What's the meaning of the $\top$ symbol in a Hoare triple?,0
662,Poisson process with circles,1
9787,T&PL: Language grammar with terms,0
5369,"Is this integral operator on $L_2(0, \infty)$ compact?",1
6269,Amphibian blood circulation,0
10196,Decidability of the language of all TMs whose languages reduce to a fixed decidable language,0
7479,How much energy would it cost to synthesize all cholesterol requirements de novo?,0
299,An interesting stopping time problem using PGF's,1
11103,Finding hit ratio of a cache,0
5596,Indefinite double integral of a single variable function.,1
8543,First discovery of long-term depression?,0
3931,A basic question on boundedness of Riemann integrable function,1
9070,"Calculating parking fees, given start and end timestamps",0
8776,What is the probability of an offspring sharing identical HLA typing as one of their parents?,0
2114,"Prove the Inequality proves true, three variables",1
7566,How does one maintain balance sleepwalking?,0
11622,Optimize a zscore algorithm,0
11185,How to optimize Method Visibility and code structures for better performance?,0
7947,What's the rationale behind freezing one's eggs if cells can be cloned?,0
11330,Selecting users with biopsies in a given country for charting,0
3013,"If $F$ is free with basis $X$ and if $F'$ is the commutator subgroup of $F$, then $F/F'$ is free abelian with basis all cosets $xF'$ with $x \in X$",1
2150,one interesting calculus problem,1
5153,Modified HRR partition function to detect primes without factorisation,1
2540,If f is injective can you prove this relation?,1
6140,Can anyone identify what type of bug this is?,0
1044,"Proving that $p\land q$ cannot be written in terms of $p,q,\Rightarrow$",1
5805,Partition a square with convex polygons. What is the maximal number of edges?,1
10558,Comparing two implementations of smoosh(),0
2621,How can I write the Axiom of Specification as a sentence?,1
7547,Can cerebrospinal fluid deliver nutrients/drugs to neurons during sleep?,0
7966,How do we look inside the cell?,0
3660,"Can we define a $\cdot$ operation such as every abelian group (V,+) and every commutative field (K,+,$\cdot$) form a vector space",1
5378,Linear Transformation of asymptotic cone of polyhedron is L(P)'s asymptotic cone.,1
4211,Probability of 100 numbers to be generated in certain order,1
5938,Maclaurin series and sereis converge,1
7704,Chemoautotrophic eukaryotic cells?,0
6203,Measuring fitness / lifetime reproductive success (LRS) in Drosophila,0
3444,"We're given the function $f(x) = x^2 + bx + c \quad(b,c \in R)$. Value of the function $f(0)$ is?",1
4424,Inscribed spheres in irregular tetrahedra,1
10307,Approximate subset sum with two-dimensional vectors,0
8309,Are there any major noticeable limitations to genome sequence compression methods that use reference templates?,0
8022,Clumping factor test,0
10726,Deque Container with an instant consumer for high speed object dumping,0
7717,How many calories do gut bacteria burn?,0
354,Permutation for balls,1
3023,Finding the range of uniformly distributed random variable when some probability is given,1
3922,use of existence of bi-invariant differential form on a Lie group?,1
10998,"""Almost Sorted"" coding challenge",0
7031,HIV and T helper cells,0
2946,Speed Networking for Small Group (10 people),1
4531,Continuous Random Packing Problem,1
2898,Intersection numbers of plane curves - constructing a counterexample.,1
11397,Merge the multiple observables responses into a single array,0
5799,Deriving a relation using the Cauchy Schwarz inequality,1
10505,Looking for the name of this job scheduling algorithm,0
8886,Multi-modal distribution for gene expression data,0
8505,Does the pyloric sphincter contract after ingesting only liquid?,0
2284,Is the cross product in spaces of higher dimensions useful in this way?,1
10052,Suspend and resume a thread using signals,0
5395,Problems with double integration,1
3024,"Prove that $ f:(a,b)\to\mathbb{R}$ is integrable iff $\lim_{\epsilon\to0} \int_{[a+\epsilon,b-\epsilon]}f$ exists",1
5028,Show that $P=\sum_{n=1}^{\infty}2^{-n}P_n$ is a probability measure,1
8834,why is cellulase not found in animals?,0
4496,Decreasing function and lower bound,1
2009,Are there general methods for showing the existence of algebraic values at algebraic points for functions over open subsets of $\mathbb{C}$?,1
8663,What causes people to feel sleepy due to recycled air?,0
6423,How do burrowing animals get enough oxygen?,0
4812,Show that $T^3-2T^2-8T=0$,1
542,How to solve the following linearly independent vector problem?,1
9659,Why does Travelling Salesman Problem pose the restriction that each vertex can only be visited once?,0
2535,integral of a (cotan) rational function,1
5205,How to Show $\log n = O(\sqrt{n})$,1
1241,Unique line in $\mathbb{P}^4$ intersecting three pairwise non-intersecting lines not in a hyperplane.,1
6277,RNA contains Uracil in place of Thymine,0
204,Determine individual distribution when knowing joint distribution of $2$ random variables X and Y,1
7935,Why are treatment periods with antibiotics longer than 1-2 days?,0
3167,Assumption in PDE theory,1
383,Is the curl of every non-conservative vector field nonzero at some point?,1
2894,"Determine the values of $k$ so that the following linear system has unique, infinite or no solutions.",1
6904,What are sources for learning bioinformatics for self-learning?,0
6572,Why does immunity from the flu vaccine appear only after two weeks?,0
10706,Show that problem is PSPACE-complete - path in directed graph,0
11965,Synchronizing two SQL Server database tables with the most recent changes to both tables,0
5727,Cauchy's theorem in group theory: stronger statement?,1
5785,Prove the uniformly continuity of a function with a certain property,1
7749,Do bacteria die of old age?,0
8930,How exactly are game theoretical evolutionary models described during implementation for computer simulations?,0
905,Piecewise step function for changing dollar amounts?,1
9904,Does a proof using the well-ordering principle need a base case?,0
6156,What is this yellow-pink flower?,0
5980,"If $H$ is a direct factor of $K$ and $K$ is a direct factor of $G$, then $H$ is normal in $G$.",1
729,finding and analyzing critical points,1
8969,"What exactly does the phrase ""chimerical sharing"" mean in this abstract?",0
9846,Decomposing the search problem into several small problems,0
5286,Proving 2-sphere is not homeomorphic to plane,1
4228,Why is a DG-enhancement of the derived bounded category of coherent sheaves an enhancement?,1
3902,How to derive stochastic properties for a filtered signal,1
2231,Hilbert Spaces; eigenvalues of $PBP$ vs. $B$ for $B$ compact selfadjoint and $P$ orthoprojection.,1
10617,Algorithm for real time Coordinate smoothing,0
5352,Subgroups of every order dividing the order of the group imply the group is abelian?,1
5685,expected time for all balls to be put in urn 2 Ehrenfest model,1
10322,Arduino: Change the color & color intensity of a LED periodically,0
2646,Find the solution of ODEs sytem with periodic function,1
8748,Speed of reaction vs equilibrium,0
5335,Statistics: Variance & Marginal Density Help,1
714,Probability of exponential distribution less than normal distribution.,1
8428,How does high-intensity aerobic exercise affect the brain?,0
9332,A small emacs-lisp snippet for opening a register in another window,0
8792,TB disease - treatment and infection,0
3978,"A box has three coins. One has two heads, another two tails and the last is a fair coin.",1
2670,How many 5 digit numbers with at least two digits prime and two digits square?,1
1446,Finding the derivative of a function looking at a graph.,1
10904,What's the difference between cache miss penalty and latency to memory?,0
2551,Why the lower limit of this integral is 1?,1
232,Digit wise modulo for calculating power function for very very large positive integers,1
4255,Why does separation of variables give all solutions to a PDE in $L^2(\Omega)$?,1
7509,"Has any scientist elaborated on the ""selfish neuron"" hypothesis?",0
2743,An article from AMM vol 95 Page 942. (I have some doubt about it),1
7553,Why does cell differentiation start with the morula?,0
10582,How do you solve a recurrence relation with multiple subproblems of different sizes?,0
2896,"Can $\log(1-U)-\log(U)+W$ be normally distributed, with $U$ uniform on $(0,1)$ and $W$ independent of $U$?",1
9496,Spacial complexity of an $O(2^N)$ time-complexity algorithm,0
7590,How many agarose gel bands are typical for circularised DNA,0
6834,What is(are) the mechanism(s) that stop cells from fusing in vivo?,0
5007,Probability of independent event combinations,1
7372,"Small, brownish bird with reddish spot around eyes",0
9683,Are the Before and After sets for context-free grammars always context-free?,0
3100,The Newton Algorithm - Proving Convexity of $x^r$ and finding the global minima,1
8311,qPCR: Accounting for different sample mass when interpreting and comparing Ct,0
6113,Why are antibodies Y-shaped?,0
2819,Multinomial Expansion of Finite Series to a Power.,1
404,Special Case of Universal Coefficient theorem,1
8230,Tillers and stolons in grasses,0
4124,Properties of Determinant Help,1
9796,Is given point covered by any circle?,0
6865,What physiological pathways lie behind inhalants hallucinogenic effect?,0
6794,Are there critical points in ecosystems?,0
5661,Show that $Lf:=f^{'''}$ is not a generator of a Feller-Dynkin Semi-Group,1
7868,how does a dna probe work in DNA fingerprinting?,0
10923,"Using promises to zoom to a project, then to a task or comment",0
10236,Sorting by repeated reversal,0
3302,"Existence of a solution with entries $1,-1$ or $0$",1
10817,What is the State of The Art of Writer AIs (Deep Learning)?,0
7939,Are human disease-causing organisms living in other creatures helpful to them?,0
3441,Formula for Alternating Geometric Series,1
4139,An isomorphism of algebra $\mathbb{C}[S_n]$,1
4596,Testing to see if $\ell$ is of split or nonsplit multiplicative reduction,1
1667,Conformal Mapping preserves the angles between the smooth curves.,1
10397,Find the shortest & best starting move in Mancala (Kalah),0
3640,"Size of an ""average"" $\epsilon$-net on the unit sphere",1
11224,Selenium Java: errorRecovery,0
1447,Line and surface integrals $R^{3} $,1
3937,How to think about vector fields,1
11245,Speed-up of two-tape Turing machine,0
8094,How can I save bacillus strains on filter paper without an -80 degree freezer?,0
6019,Why we need a plasmid for r-DNA technology,0
7286,How is a portion of DNA selected and unwound from nucleosome?,0
2899,Use properties of the Bernoulli Polynomials to prove $\int_0^1 B_n(x)dx= 0$,1
1889,$\int_{0}^{\frac{\sqrt{2}-1}{2}}\frac{dx}{(2x+1)\sqrt{x^2+x}}$,1
10504,Voronoi Diagram: Exactly 2n-5 vertices,0
4806,Notation for the composite function,1
7034,How to grow a spirulina biofilm on a carbon/graphite cylindrical cathode?,0
8847,Dominant species in tundra,0
9576,Rendering drop-down boxes for country and region,0
3933,convergence and boundedness,1
11380,Convert HTML color to OLE,0
9480,Restriction of SAT to CNF,0
722,Action on a tree without fundamental domain.,1
7321,Schematic of neural lineage tree and position of Choroid Plexus cells,0
7659,Search engine for biological/medical/epidemiological science literature,0
10758,Defunctionalization and known arity function calls by pointer,0
8018,Can vitamin B17 cure cancer?,0
1385,Clarification needed on finding last two digits of $9^{9^9}$,1
8714,Will a sandwich assay work with a GST 26 antibody/protein?,0
9868,Mocking IElasticClient in unit tests,0
5424,Field Theory Problem in Beachy's Abstract Algebra involving field extensions and transcendental elements.,1
777,Is locally completeness a topological property?,1
1347,Show $Px \perp (x-Px)$ and prove $||P|| \leq 1$,1
7703,Validity of Acoustic Weapon Effects on Biological Organisms?,0
3447,Find the number of non-zero squares in the field $Zp$,1
2082,Infinite convex combination is in the closure of the convex hull.,1
278,Saddle-node bifurcation Taylor expansion,1
2810,Dividing by $\sqrt n$,1
4865,Fun with probability measure functions,1
131,Topology - A definition of the closure of a set,1
11686,Stored procedure to swap account holders,0
7577,When do the spindle fibers attach to the chromosome,0
8533,Appropriate regeneration of StrepTrap HP columns for FPLC,0
9617,Computing the distance and weight matrix of a graph,0
11759,What is the practical relevance of textbook mutual exclusion algorithms?,0
6509,How to determine if two mutations in a gene are on the same or different alleles?,0
2199,Multiplicative Congruential Generator,1
11604,Finding center of graph/tree,0
3041,Reference request for derivatives of complex functions,1
11364,Procedural function for prepared MySQL statements in PHP,0
2039,Two notions of absolute continuity,1
4490,Binomial distribution or Poisson distribution?,1
881,Continuous population models,1
6632,"Floats of Algae, a house-made conjecture",0
2412,Should the set of Continuous Functions on an Open Interval be a Vector Space?,1
3736,"Solving PDE, ODE by the integral transformation",1
8399,How mosquitoes get their food and survive?,0
245,Generating function for $a_{n+1}=10a_n+1$,1
8507,Does unequal dominance mean the X-chromosome should be a coldspot for antagonistic variation?,0
4052,Estimates for zeta in holomorphic neighbourhood,1
11487,"Randomized BST height analysis : How $Z_{n,i}$ and $Y_{k-1}$ are independent?",0
1037,Gaussian Quadrature Rules,1
10444,Tic-Tac-Toe with React hooks,0
409,General formula for probability of drawing certain hands of cards,1
2995,Conditional Probability Question (Prizes),1
10633,Insertion sort in Rust,0
4421,Proof of $p\rightarrow(q\rightarrow r)\vdash_{HR} (p\rightarrow q)\rightarrow r$,1
7179,"Insect ID, Maharashtra, India",0
7223,What are possible health risks to women having large numbers of children?,0
5927,Does infinite equal infinite?,1
3488,How to show a set is a norm compact subset,1
6134,PGC-1β Sod2 limiters/blockers,0
10936,Mapping categorical data in K-nearest neighbour,0
8654,"Embryonic cells, when can you detect them in vivo? (In order to do whole genome sequencing)",0
7926,How do high-throughput/NGS sequencers calculate quality scores?,0
11018,A filled_multi_array Template Function for Boost.MultiArray in C++,0
3139,How to calculate distance run on athletics track,1
9534,Simple bash script creates apache2 virtualhost config for subdomain,0
9592,Does array always have a wasted space of O(n)?,0
2778,"Is $\sum _{n=1} ^ \infty \frac{1}{(x+\pi)^2 \cdot n^2 }$ uniformly convergent on $(-\pi , \pi)$?",1
11642,Choosing a magic number between 0 and 9,0
4410,"If x is a set of sets, there is no set containing every set that is not an element of x.",1
4363,Dijkstra’s algorithm / path is this done correctly?,1
7474,Are there any alternatives to the Epicentre product Plasmid Safe?,0
4008,Fourier cosine series expansion of $f(x)=1$,1
6936,snake identification,0
5972,Surface Of Revolution First Fundamental Form,1
4040,Finding an equation for a pattern,1
4023,Asked to determine the factor of safety in operation.,1
10130,Find cycles in Graph using Union Find Algorithm on Adjacency List,0
1097,The idea behind Green's theorem,1
11657,Returns Google Sheet cells from a named range,0
6102,What the difference between an inverted and everted retina?,0
7866,Is there a way to identify a species of tree?,0
2561,"Is it possible to prove that $U(p)$, for prime $p$, is cyclic using only group theory? If not, why not?",1
4585,"Integrals of the form ${\large\int}_0^\infty\operatorname{arccot}(x)\cdot\operatorname{arccot}(a\,x)\cdot\operatorname{arccot}(b\,x)\ dx$",1
5863,Question concerning continuity of some linear map,1
645,Maximum Side of a Square Dissected into Rectangles,1
1380,"Show $f(x)={x\over x+1}$ is uniformly continuous on $[0,\infty)$.",1
1711,A variety that contains infinitely many points of a line must contains the whole line.,1
7172,How do a particular arrangement of atoms become self aware?,0
11569,Document clustering for summarization,0
11284,Overloading operators in PhoneCall class,0
2350,about conjucation and being abelian,1
6841,Why do dragonflies have these special little spots on their wings?,0
8126,Program (on Mac) to show 3D protein structures?,0
1818,$L_1$ convergence of $\frac{1}{\sqrt{x}}\sin{\left(\frac{1}{nx}\right)}$,1
9422,Remove duplicates from a linked list,0
2869,"cubic sum of $X,Y$ iid normal r.v condition on sigma algebra $X$",1
4842,Identification of the holomorphic tangent space with the real tangent space,1
2423,"If $C_G(H)=N_G(H)$ for all abelian subgroups, prove that $G$ is abelian",1
10996,Python username and password program,0
9733,Inserting nodes into a singly linked list based on size of number,0
6457,Does the fossil record disprove Evolution?,0
10677,Making a preselected drop-down selection box in HTML,0
10940,Maximum weight matching,0
10182,Converting to Base 26 in One Based mode,0
9493,"Given tree with 0 or 1 assigned to each node, count paths with odd number of ones in it",0
5813,Monotone convergence theorem allows the limit to be infinity,1
3267,How can I show that $A$ is monotone increasing?,1
7515,"With so many different species of fish with often very minor differences, how is the precise species identified authoritatively?",0
8916,Concentration of a specific promoter in a cell?,0
1955,Proving that $a^{25}$ mod 65 = $a$ mod 65,1
948,"Prove that there is an element in $ \{ \sqrt{3}, 2\sqrt{3}, 3\sqrt{3},...\}$ having fractional part less than 0.01",1
4462,How to show $\lceil ( \sqrt3 +1)^{2n}\rceil$ where $n \in \mathbb{ N}$ is divisible by $2^{n+1}$,1
1247,"For an irreducible monic $f\in\mathbb{Z}[x]$, is it true that $\overline{f}\in\mathbb{F}_p[x]$ will be irreducible for all but finitely many $p$?",1
11274,Get element at a specific position in a string with separator,0
1201,Finding the smallest composition of a natural number with limited basic set of summands,1
10214,A matrix rank problem over finite fields,0
5433,Monodromy representation.,1
4708,Must probability density be continuous?,1
727,"Show the Hermitian matrices, with trace(g*g1,1)=0 form a vector space.",1
1548,"What's the difference between ""quadrature"" and ""integration""?",1
5009,Multiplicative inverses in modular arithmetic,1
11366,Good social community dataset needed!,0
7933,Is evolution of gametangia in land plants and charophyceae convergent?,0
5264,Double integral of $\frac{y}{\sqrt{16+x^8}}$,1
6044,"Pharmacologically, can tricyclic antidepressants have a side-effect profile similar to neuroleptics?",0
7452,Are there parasitoids of mosquitoes ? (other than nematodes),0
7859,Advantages and disadvantages of sporulation compared with competence in bacteria?,0
11812,Decision Tree Learning Deviation - Russell and Norvig,0
10868,Flexible Team Orienteering Problem,0
133,How to convert non-PSD matrix to PSD matrix?,1
464,A surprisingly resistant elementary numerical inequality,1
5796,"Showing $x \mapsto B(x,y), y\mapsto B(x,y)$ continuous $\implies B(x,y)\le c\|x\|\|y\|$ for all $x,y\in H$, where $B:H\to H$ sesquilinear, $H$ Hilbert",1
6389,Is Behe's experiment (evolving the bacterial flagellum) plausible in the lab?,0
1025,Probability and Statistics Binomials distribution,1
1987,Algebra Distance Question,1
1235,Definite Integral Evaluation Undefined,1
9039,Function declarations using macros to support multiple platforms,0
5340,"Assume $r,s \in\mathbb{Q}$. Prove $\frac{r}{s},r-s \in\mathbb{Q}$",1
8854,Egypt bug needs identification please,0
1379,Find the Number of Solutions in $x^3 + y^3 + z^3 + w^3 = 0 \mod 5$,1
10140,Sum of unique integers to cnf constraint,0
4247,chances of getting three of one kind and four of another out of seven dice,1
11531,"Given N, generate sequence of random numbers from 0 to N - 1 with no repetitions",0
2456,What are the distinct cyclic subgroups of order 12 in $\mathbb{Z}_6 \times \mathbb{Z}_{10}^\times$?,1
3566,Use of Non-Reduced Homology,1
3831,A $2021$ problem: $20\sim 21$ and $43\times 47$,1
6761,Map gene IDs to Ensembl gene ID,0
10622,Find the repeated elements in a list,0
8447,Strange Cordeyceps-looking Mushroom in Australia,0
3637,Irreducible closed subsets of a scheme corresponds to points,1
10562,Python program to calculate the area of two-dimensional shapes,0
5946,Problem with reversing Vieta's formulas,1
2759,Number of solutions in equation $x^2 \equiv a \mod(pq)$,1
5795,How does this differential equation define an oscillation from a to b?,1
9466,"Understanding connection between minimum spanning tree, shortest path, breadth first and depth first traversal",0
4578,Conditional Probability matching socks,1
11250,Fast sampling from discrete space,0
9220,"In a BOINC project, how are responses checked for accuracy?",0
2602,Continuous function on $\mathbb{R}$ which is constant when $f(x)=f(x+1)=f(x+\pi)$,1
9050,How to determine if a language produced by grammar is recognizable by deterministic pushdown automaton (DPDA)?,0
573,"It is known that $\lim f(u_n) = 2$, what is a possible value for $u_n$?",1
10575,How to write stack programs for arithmetic terms?,0
1559,measure theory - cantor set,1
4279,"Measurability question for martingale (Is $S(X_i, Z_i)- E(S(X_i,Z_i) \mid \mathcal{F}_i)$ $\mathcal{F}_i=\{X_1, \dots, X_i \}$-measurable?)",1
8469,Can human perception differentiate between monochromatic and polychromatic light?,0
5036,smallest positive integer nt,1
100,$\limsup$ and $\liminf$ of real-valued function (Exercise 9.3.4 in Analysis by Tao ),1
4838,Change of variables formula,1
8573,Why do most plants reflect green and others other colors?,0
5608,What is the optimum angle of projection when throwing a stone off a cliff?,1
301,coordinate form of an affine transformation,1
10680,Hibernate MassIndexer using chained invocation for building a batch job,0
8771,Which cells are prefered by the HIV virus to establish an infection?,0
9412,Getting a key's value in a nested dictionary,0
3625,Specific instance of a general selection principle in topology.,1
10174,"Does an algorithm exist that transforms any connected graph, cyclic or not, into tree form?",0
11461,Simplify simple object clear function with Javascript,0
3403,Determine value of flow,1
10546,ViewModel Format Function,0
7159,Toxicity of Zinc to fungi,0
50,Convergence of cosine in the calculator,1
5087,Complete orthogonal basis ( Signals ),1
2367,discussing the existence of a convex function,1
6210,What are these shrimp-like insects in my cat's water bowl that appear overnight,0
8688,Do birds grieve and feel emotion?,0
2451,Show that $C \subseteq Y$ is connected if and only if $f^{-1}(C)$ is connected,1
5071,"The infinite sum of bounded sequence is bound, is the sequence convergent?",1
6100,Understanding Genetic Dynamics of Specific Problem,0
4299,Using Inclusion-Exclusion Principle to find number of ways to distribute envelopes,1
11598,"PDA for { xy : |x| = |y|, x ≠ y} from its grammar, and intuition behind it",0
11048,Usertool For Website Admins -- Follow up,0
11280,"From the LR(1) parsing table, can we deduce that it is also an LALR and SLR table?",0
863,"Linear independence of matrices $I, A, A^2$",1
6731,What's the smallest animal with hemoglobin running in its veins?,0
5146,matrix analysis and rank of matrix,1
6028,What are null cells?,0
7102,miRNA_ID to GENE_SYMBOL conversion,0
3295,Slowly vanishing sequences $a_n$ with $\sum a_n^p$ divergent,1
5736,phase diagram of a 2x2 system of O.D.E.,1
4167,To determine effective cost of investment,1
3954,How do I use Nauty Traces?,1
6310,How do CAM plants keep stomata closed by day and open at night?,0
2824,How to linearize the following LP,1
1900,Function with the property $f\circ f=-id$,1
8380,How come large herbivores have such thin legs?,0
1829,Interpolate daily values from monthly averages,1
612,Definition of Harmonic funcitons on the Riemann Sphere,1
8501,Why MHC class I antigen presentation exist in normal cells?,0
8438,Can you vaccinate against bacterial diseases? Are there existing vaccines for such diseases?,0
1290,Subbasis of a weak topology,1
345,What is the meaning of $\mathbb{Z}_{5}^{+}$ (and $\mathbb{Z}_{5}^{*}$) in group theory?,1
8090,Difference between Facultative Aerobes and Facultative anaerobes,0
5527,Showing $\sup \{ \sin n \mid n\in \mathbb N \} =1$,1
3859,The value of the Nth derivative equals the function.,1
7730,Resources to learn about marine life,0
4303,Solve the following equation,1
6955,Signaling between Organelles,0
5686,Writing Multivariate Normal (Gaussian) distribution as Exponential Family: How to deal with trace?,1
4768,"Lie algebra of subgroup of SL(2,$\mathbb{C}$)",1
6463,How animals know which is carnivorous and herbivorous?,0
3436,Flat families of schemes (Exercize of Vakil's notes),1
8137,"If we sequenced the genome of every species, would all phylogenies agree?",0
1828,"Convergence of sequence in $C^{k, \alpha}$ composed with $C^\infty$ function",1
9195,Create a unique four digit code from 35 characters,0
6858,Kidney transplant and adrenal glands,0
2948,Questions about $\ln(z)$ recurrence and fixed points.,1
7230,How did people's liking of ceremonies evolve?,0
6407,Layman definition of genetic polymorphism?,0
7124,The difference between Mast Cells and Basophils,0
1018,How to find $m$ if $m+7$ & $m-34$ are both perefect squares?,1
11540,Are poly-reductions to PSPACE problems for following problems are known?,0
9377,Relativization of NP-completeness,0
8844,Photosynthesis production of oxygen,0
4127,"For arbitrary group G of automorphisms of K, $ord(G)=[K :K_G]$?",1
1005,Volume by integration - Disk Method only/Non-coordinate axis,1
4655,"Wronskian, Linear Dependence and Construction of ODE",1
3362,"A rhombus is constructed out of natural numbers with the length of the side being 1,2,3,... in a way specified below.",1
8016,What is the name of this series?,0
7915,Bird identification by sound; midwestern US,0
5144,How to find the value of gain K at which the root locus intersects with the imaginary axis,1
5919,Does convergence in probability w.r.t. a topology make sense?,1
7401,What is the relationship between the e value reported by HMMER and BLAST? (Are they equivalent?),0
5096,"Groups of order $pq$, $p$ and $q$ primes with $p<q$.",1
400,Lifting properties of morphisms in category of sets,1
1969,Representations of $\mathbb{H}^{\times}$ and $\mathbb{H}^{\times}/\mathbb{R}^{\times}$.,1
5322,Bayesian Reliability,1
4238,probability of random walk being equal to its running maximum,1
10031,Correct Way to Retrieve Header Records With Filtered Detail Records,0
4103,Can the margin of error be used in this kind of problem?,1
3308,Baby Rudin: showing continuity without Lebesgue dominated convergence and ACC?,1
840,Using induction to prove $a_n >2^n$,1
6468,Why are large amounts of DNA required for analysis?,0
3498,"$(X,d)$ is a metric space, prove $C(X)$ is a finite-dimensional vector space $\Leftrightarrow$ $X$ is a finite set",1
5320,Optimization of volume of a container,1
11347,How many ways to find a sum totalling n using only certain Integers?,0
9835,HTTP PATCH method for WebAPI,0
1982,first order differential equation and summation problem,1
10184,Testing a Controller in a while loop,0
11136,Very slow graph walking,0
6386,Separation of sister chromatids diring anaphase without Centrosomes in plant cell during mitosis,0
10526,Non intersecting paths of graphs with obstacle number one,0
8345,How was the guided daily amount (GDA) calculated?,0
9077,Group testing puzzle,0
9562,Circular-shift with variable bitlength,0
9949,Making a copy constructor more flexible for ADT queue,0
9927,What does the 2 in a 2-approximation algorithm mean?,0
4583,Defining homology groups directly from the topology,1
85,How to prove that any Boolean function can be simulated only using AND gate and NOT gate?,1
8941,Doubt related to nerve impulse transmission,0
3234,"How can we check that for a given norm, we can found an inner product?",1
4830,Multiple of $p$ in first $p+1$ Fibonacci Numbers,1
2980,Real analysis question about convergent series $\sum{a_k}$,1
922,"Prove that if $k \in \mathbb {N}$ and $a>1$, then $\lim\limits_{n\to\infty} \frac{n^k}{a^n}=0$",1
1368,How to compute $E[\log(X)]$ when $X$ follows a beta distribution?,1
9525,Weighted Online Matching - randomized algorithms,0
7567,What is Saccus in Embryology?,0
4330,Smallest sum of diagonals for a convex quadrilateral of perimeter $8$,1
7399,How related do life forms need to be to produce hybrids?,0
9004,Generation of all numbers of arbitrary length and base,0
3006,Intermediate value theorem: Show the function has at least one fixed point,1
5756,Group axioms in first order language,1
5346,Expected value of random exponent,1
10764,Binary digit problem?,0
11418,A javascript equivalent for toDictionary (c#),0
6765,"With the 5$ covid19 test - an antigen test - , would trials (most likely) be independent?",0
4443,Preparation for Folland/Royden/Graduate-Level Analysis,1
1326,Left shift invariant ergodic measures not supported on a periodic orbit,1
1486,Decreasing Sequence of Open Sets in Tychonoff Pseudocompact Spaces has Nonempty Intersection of Closures,1
148,Is there a possibility that two different polynomials have same polynomial orbit on Siegel Disk?,1
8943,Specific primer design,0
1413,How would you solve this surface integral?,1
6852,What are the determinants of tumor metastasis,0
1941,Why is $\dfrac{(n+k-1)!}{(n-1)!}\neq n^k$?,1
1748,what's the real value of $\sqrt2^{\sqrt2^{\large \sqrt2^{\sqrt2^{\unicode{x22F0}}}}}$?,1
4123,Cartan subalgebras of matrix algebras over fields and division algebras,1
7957,What is splice junction pairs?,0
647,Is there always a stable position for a rectangular lawn table?,1
6531,When does protein folding begin?,0
8672,"Why can't men produce milk, just like women?",0
11031,Strongly connected component algorithm in Python 2.7,0
6371,Possibility and feasibility of producing designed antibodies with bacteria,0
6783,Comparative effectiveness of antibiotics against colonies and growing bacteria,0
7420,Are there any known plesiomorphies of all living mammals relative to a newer trait state in all living reptiles?,0
2209,(Distance measured / height) * 100??? Is this correct?,1
6849,Does atrophy of the thymus not effect T-cell selection and tolerance?,0
6020,Why is fructose not glucose the main energy source of sperm?,0
762,Connected field must be path-connected?,1
2071,Prove that two random variables are independent distributed normally,1
8071,Linkage disequilibrium D sign,0
10314,"If $L_1$ is regular and $L_1 \cap L_2$ context-free, is $L_2$ always context-free?",0
8098,"Is a wild-type strain more ""fit"" than its mutant strains?",0
1685,How to calculate max iterations needed to equally increase row of numbers per some value each iteration?,1
11866,Client-side API design,0
11586,Should I use an intermediate variable in a complex C# expression?,0
3651,Flip a coin 6 times. Probability with past results and probability without past results are different?,1
5372,Indefinite integral of secant cubed,1
9988,Simplify my class mapping common class properties between model and viewmodel classes,0
4832,Proving $z^{-1}\int_{0}^{\infty}\cos(k x)e^{-z x}dx = \int_{0}^{\infty}\frac{\sin(k x)}{k}e^{-z x}dx$,1
4161,"A linear map that is contraction in one norm, but not in Euclidean",1
6475,Can I use TBE to elute a plasmid shipped on filter paper?,0
11144,Retrieving a user's password for verification,0
9742,The upper bound on a Nondeterministic Finite Automata's configurations number,0
1924,"For $S\subset T$ for arbitrary element s of S, $s\leq t$ for some $t\in T$",1
227,A complete metric space with some convex-type property,1
184,Maximum number of iterations of a simple algorithm,1
6757,Can iGEM distribution parts be directly PCR'd?,0
8962,"The exact points of muscle attachment and the ""equal and opposite force"" that skeletal muscles apply",0
4386,Gauss Theorem - Riemannian Geometry,1
9095,Formal language representation of program,0
712,How to show a matrix can't be written as exponential?,1
4577,Complete abelian categories with projectieve generators are fully abelian.,1
5095,Different intuition for area of circle,1
4535,Power series that satisfies $f^{(k)}(0) = (k!)^2$,1
4433,Finite sum of products of binomial coefficients and quadratic polynomial,1
11597,Proving with co-induction principles,0
7552,Oligonucleotide purification with desalting,0
9750,What does mean by the independent columns in 4NF normalization?,0
4660,"What is meant by $\left\{ 0,1 \right\}^k$? Set notation.",1
9400,Practice of setting parallelism as the default behaviour,0
10660,Closing a ResultSet and rethrowing an Exception,0
3210,why did they use 9 in step 3 as the 4-th root of unity,1
2586,Markowitz portfolio optimization,1
10651,Favorite Game List utilizing vectors and iterators,0
4601,Fenchel transform of a indicator function,1
5305,Basic functional analysis question: equivalence of norms.,1
9275,KMP string-matching algorithm implementation,0
5435,Soundwaves and fourier transform,1
3881,Help with $\int \frac{1}{2x^2-4x+3}dx$,1
11771,Trying to implement cross-class functionality that needs a field to operate in C#,0
1597,What do convergence and divergence mean? And why do they matter?,1
88,Does convergence of means imply convergence in mean?,1
8424,Why reference genome is a reference?,0
7905,How to calculate the Jaccard index,0
469,Convexity of a trace of matrices with respect to diagonal elements,1
10279,Gather list of all IDs ordered by submission date and ID by parsing file path,0
11549,"""Deep length"" of a list",0
8064,What is an accessible book about plant evolution for a non-biologist?,0
10291,Fibonacci sequence in C,0
11627,"Dijkstra’s versus Lowest-cost-first (best first), resolving some contradictions regarding complexity analysis",0
1200,Which of the following options is true?,1
11093,An explanation for Barendregt use of Y combinator in an equation,0
9793,What are the applications of Rose trees?,0
288,"How do you break up an exact sequence of any length to a ""succession of short exact sequences""?",1
1170,Trail Mix Packaging problem part 1.1,1
5935,Laplace transform of the square wave to solve PDE,1
7074,Simple Mendelian sex-linked chromosome fruit fly question,0
321,How many ways to choose a 5 player basketball team,1
3443,Decidability of given languages,1
3111,Taking the Double integral?,1
6968,From STRUCTURE to FSTAT format,0
6033,How to secrete a recombinant protein from E. coli?,0
906,"Given a control polygon, how do you find a tangent vector at a given point (CAGD, Bezier Curve)?",1
10201,C++ beginner exercises: grading program,0
3101,If $\sup A\not\in A$ then $A$ contains a countably infinite subset,1
8011,Why don't we consciously know how our bodies work?,0
6193,What kind of worm is this in my food? (Tuna sandwich from canned tuna),0
4882,An open subset of $R^n$ can be expressed in only one way as a countable union of open connected sets,1
9827,Drawing an ASCII grid in Ruby based on a 2D array,0
11466,Script that fixes YML SIDs to be simplified for production,0
3976,basic standard deviation question,1
8736,"Chickpeas as feed for house sparrows , ringneck parrots?",0
974,Showing a set of vectors belong to a row space,1
10092,Wrapping argparse to use configuration file,0
5348,Proof that $\frac{n}{N}\cdot\frac{n-1}{N-1}\cdot\frac{n-2}{N-2}\cdot\ldots\cdot \frac{1}{N-n+1} = \frac{1}{{N\choose n}}$,1
504,Find the volume of a rectangular parallelpiped,1
4960,Applying $\bar \partial$ to a tensor product of holomorphic vector bundles bundles,1
9745,Roman numerals to Arabic number,0
7017,When do kinetochores attach?,0
2090,Which is a better definition of a parabola?,1
201,Smallest and largest values of $\|\vec{v}-\vec{w}\|$,1
8843,Please identify this bug/insect,0
11723,jQuery security and efficiency simple calculation code,0
8815,Minimum and maximum exposure to virus,0
210,A problem related to intersecting lines,1
2806,Flat modules on Stacks Project.,1
7558,Folding of bulliform cells,0
2237,What exactly is a torsion line bundle?,1
10588,Code Kata - Berlin Clock,0
1822,Integral containing inverse $\tanh$,1
7732,What do blue cone cells add to visual function?,0
10709,Arden's Lemma in case $X_{i}=AX_{i}$?,0
9362,Check if a given number N is a power of k,0
10035,Securing an Image Upload Script,0
8940,How can I accurately measure glucose concentration in culture media?,0
8012,Can epigenetic structures carry a trait?,0
11431,Camera access for both JS and AIR,0
1608,Mean Absolute Percentage Error,1
5850,Random permutation of cards where each player knows only his cards,1
3002,Transforming $x^2y''(x) +Axy' (x) +Bx^{\delta}y(x)=0$ into bessel-function,1
7536,Why don't acacia trees prefer increasing tannin levels in their leaves rather than leaving them high?,0
10974,Recurrence relation help?,0
5634,Do the two limits coincide?,1
10630,How to reduce this regular expression?,0
9229,Eliminating $\varepsilon$-productions during elimination of left recursion,0
11424,"PowerShell - fast remove a directory with 10,000+ files",0
6403,What is the reason for 'microcytic' anaemia?,0
1810,"show that every compact operator on Banach space is a norm-limit of finite rank operators (in a particular way, under the given hypotheses)",1
6303,Is there a bacterium that became a virus?,0
2725,"Show that $f_n \to f$ in $L^2(d\mu)$ if $f_n \to f$ a.e., $f_n \ge 0$, $f_n \in L^2(d\mu), f \in L^2(d\mu)$",1
11893,Is using return appropriate here?,0
7423,Effects of smoking tobacco compared to inhaling other smoke,0
11130,Why are $L$-reductions defined the way they are?,0
4525,Estimating Lipchitz constant for functions with Lipschitz continuous gradient,1
7086,Multiplication to formalize Microbiological Processes,0
7000,Why not replace the human genome with it's decoy genome version?,0
5213,Find a polynomial in $\mathbb{Z}_{41}$,1
6978,How much damage is caused by smoking 2-3 cigarettes on a healthy body?,0
3468,Why every polynomial over the algebraic numbers $F$ splits over $F$?,1
6742,Why did the indigenous peoples of northern Asia and America not evolve the same physical characteristics as people of Nordic ancestry?,0
7896,What's inside the males body in the space where females have the ovaries and the uterus?,0
4283,Calculate integral with cantor measure,1
6718,How Do White Blood Cells Learn? Or Do They?,0
2628,Ambiguity in delta equal sign,1
7355,Statistician confused about exact SNP data type,0
9405,"Is {| L(M) ∩ (ab)∗ is infinite} in D, SD/D, or not in SD?",0
2301,asymptotic of a geometric like series,1
1735,The Closed topologist's sin curve,1
7100,How to attract Cyanobacteria?,0
11165,Resource Allocation Graph: Two processes want the same resource,0
8236,How do proteins and genes participate in learning?,0
768,"Can one always find a basis of global vector fields $X_0 , \ldots , X_n$ for the tangent space $T_p M$ for a manifold $M$?",1
11831,Xerox Parc MVC implementation,0
821,An example of Bayes' and conditional probability,1
9174,How can I prove impossibility of generalizing a given higher order function from pure to monadic or applicative?,0
5388,$\mathcal{A}:= \left\{\bigcup_{i \in I} A_i : I \subseteq \mathbb{N} \right\}$ sigma-algebra?,1
8360,Development threshold of a blowfly species differ depending on situation?,0
161,Limit of Cauchy Sequence,1
5052,Derive the transformation matrix for the reflection of points in the line $y = 2 - x$,1
6247,Can a same gene stretch from one chromosome to another separate chromosome?,0
5162,Evaluate $\int_1^\infty \cosh^{-1}(x) \ln(x^2-1) \exp \left(- \frac{x}{T} \right) dx $,1
6107,How much mechanical stress can a skeletal muscle bear?,0
7630,Can anyone identify this mystery caterpillar?,0
8668,Are prosauropods ancestors of all sauropods?,0
8477,What pigment is responsible for the formation of blue skin color in some animals?,0
9113,Must a word be binary (and never unary)?,0
11456,Maximum number of positive literals in 2SAT,0
10241,Relationship between PP and PH,0
1501,Probability that a card drawn is King on condition that the card is a Heart,1
11233,there are a better solutions to set FIELDS as data at ADODB query from xls file (exported from SAP),0
10644,Getting a transpose of a matrix of size of n*n where n=2^m using multithreading,0
10830,Delete duplicates from unsorted linked list,0
7119,Can jellyfish sting outside of water?,0
4796,"$\det (A+B)=\det (A-B)$, prove that $B^{-1}$ exists iff $b_{11}\neq b_{21}$",1
1932,How to derive generator of cyclic groups,1
7615,Are your finger muscles and tendons interconnected?,0
8509,How can insects survive without an adaptive immune system?,0
2029,Loop over bit permutation one flip at a time,1
10510,DFA with limited states,0
9503,F# InitInfinite(Async) functions in C# without disabling ReSharper warnings,0
9946,How to prove that $n\log n$ is space constructible?,0
5409,Connecting midpoints of sides of a triangle,1
7735,What do you see if you look at your own retina with the same eye? (optical feedback),0
6549,can auditory/ocular reflexes exist?,0
8971,Problems interpreting gram stain slide,0
6786,What is the big plant with white flowers on the photo?,0
11698,How to construct a truth table,0
3178,Requirement on $C$ such that $e^{C t} \cdot \left[ \begin{matrix} d & 0\end{matrix}\right]$ is negative for some $t$,1
1428,Understanding polynomial interpolation as a special case of Chinese Remainder Theorem,1
11889,Extract a character at particular place in a string,0
9511,Process CSV files that follow the first nonempty one,0
3975,If $f_n\to f$ in measure and $\mu(|f_n|^p)$ is bounded then $\mu(|f|^p)$ is finite,1
2069,What is the difference to compute double integral?,1
6538,What is the direction of the processing of light by the (human) retina and how does it happen?,0
4444,Fourier transformation of a matrix,1
2849,Fibered coproducts in $\mathsf{Ab}$,1
3789,"Proving $\forall x\forall y(P(x) \to Q(y)) \vdash \exists x(P(x) \to \forall y \, Q(y))$ using natural deduction.",1
10609,Fail-safe remote API operations for managing customers and billing,0
7290,Needle-like crystals observed in wild-grape wine under microscope. Potentially harmful?,0
3045,Largest interval for existence of solution,1
11646,Creating models manually in MVC,0
182,Infinite sum evaluation-square root,1
7135,Why do stomata close in low intensity light?,0
5674,Hölder continuity for parabolic equations,1
1346,Fuzzy sets: extension principle,1
13,Nonexistence of Morphisms between Schemes of Differing Characteristic,1
11861,Naming of Monte Carlo and Las Vegas Complexity classes,0
5167,"$f$ convex strictly decreasing function , is $f'(x+\delta)-f'(x)$ convex",1
1886,Find values of $a$ such that $\frac{x^2-x}{1-ax}$ attains all real values,1
1061,Proving an equivalence relation on a group $G$.,1
1745,Is it possible to extract a variable from this equation?,1
7328,Improving Gel Extraction yields,0
9896,Censoring words in lua,0
9965,Simulation of Central Limiting Theorem (CLT),0
6175,Where can I find a list of diseases and their incidence?,0
1103,Determine orthogonal projection on column space of given matrix,1
11350,Arbitrary precision integer square root algorithm?,0
7473,What is the structure of heterochromatin?,0
4276,If a group $ G$ is not simple does it follow that it is isomorphic to the direct product of two nontrivial groups?,1
361,Smooth cubic surface in $\mathbb{CP}^4$ is covered by lines,1
4328,W.Rudin (1.22 decimals),1
2341,Conditions for applying the second fundamental theorem of calculus with gauge integrals,1
2761,What is the orthogonal basis for QR factorization?,1
293,Valid proof by induction for modulus of a product of complex numbers,1
7795,What is the chemical process involved in human hairs changing colour after sun exposure?,0
5534,Worst-Case Addition to Smallest Enclosing Circle,1
3691,How to solve AX=B for some given 3x3-matrix A and 3-vector B,1
3478,How to tell the difference between a parabola and a hyperbola by looking,1
356,$\lim_{r\to +\infty}\int_{\partial D_r\left (0\right )}\frac{e^{iz}}{z}dz=0$,1
4942,Does there exist a monotonically decreasing function that is its own derivative?,1
9575,Markov Chain w/ non-stochastic matrix,0
4584,Big O complexity of the partition function derived from this code?,1
3792,"Let $M$ be a set of numbers such that ... , Prove that $M=\mathbb{N^*}$",1
11897,Loop through database and run shell commands with Python and exiftool,0
11034,How to do amortized analysis for an expanding array?,0
9504,Statistical calculations with sets of genes,0
6778,How do people wake up just before their alarm goes off?,0
4541,$f$ is absolutely continuous implies that $f$ is continuous,1
7441,Can Mung Bean Nuclease only digest a ssDNA 5' overhang?,0
1709,Partial derivatives of $xy^2/(x^2+y^2)$ at the origin,1
11683,Looking for a better solution than a bunch of switch statements in my JavaScript,0
10939,Find most stable combination of a vector with itself at different periods,0
4629,Integral of digamma function,1
10482,Elegantly avoid columns containing NaNs?,0
11168,Does Type:Type lead to inconsistency without general inductive types?,0
7431,What is the right definition of 'Sex Linkage'?,0
10888,Applying minimax tree to this array,0
4940,How to calculate the coordinates of two points in a coordinate system knowing the angle,1
3291,Math Proof Question similar to reverse triangle inequality,1
804,Most Pathological Object in Complex Analysis,1
10288,Optimizing code solution for Palindrome Index-Hackerrank,0
9621,NoSQL-based sequence generator,0
607,How to prove $2\sin^2(80^\circ) - \sin(70^\circ)=1$?,1
6169,What is the mechanism of oxygen uptake in E. coli?,0
6839,Why don't surfactants destroy or incorporate into cell membranes?,0
1035,Expected Value of a RV with CDF Containing a Break,1
6771,What nutrients are best suited for growing E.Coli,0
1832,100 Prison Problem- Why does this solution not work?,1
8827,"Do animals suffer from ""Human"" mental disorders?",0
2582,Invariance of dimension in the plane,1
9874,Q/A trivia quiz query,0
11447,Bracket Pair Validation,0
4477,Proving two lines are parallel with intersections and midpoints,1
6346,Satisfication with irrelevant things,0
9997,Error Handling in Servlets and JSPs,0
8173,"Plant identification: San Francisco, USA",0
4457,Perspective transformation matrix application,1
7285,is there a way to do batch download for all gene pathways?,0
9006,Is the language of pairs of words of equal length whose hamming distance is 2 or greater context-free?,0
8905,Relation between a compound's toxicity and it's concentration level,0
677,Linear Algebra - linear dependent,1
3877,"If $v_1,...,v_r$ are eigenvectors that correspond to distinct eigenvalues, then they are linearly independent.",1
1369,Expectation of number of points in an infinite uniform grid covered by convex polygon of area A,1
4975,"Is there a proof for what I describe as the ""recursive process of mathematical induction for testing divisibility"".",1
11179,Is unification over regular expression equations doable?,0
3977,"Can a number of the form $n = {2^r}{b^2}$ always be represented as a sum of two squares, if $r \geq 1$ and $b$ is an odd composite?",1
5993,Absolute Value in Smooth Infinitesimal Analysis,1
6318,"Is glycolysis the beginning part of fermentation, or does fermentation follow glycolysis?",0
9388,Setters dependent on other instance variables in Java,0
2930,Laplace Transform of $\sin^{2018}(t)$?,1
6905,Hybridization of an Indo-Aryan ethnic group and a Tibeto-Burmese ethnic group,0
808,Application of a lemma to prove Pippenger's 1989 Theorem.,1
7383,Identification of black growth on onion skin,0
8033,How does gene affect organs development in eukaryotic cells?,0
8535,What's the lowest temperature a tardigrade can remain active at?,0
834,Is there an axiomatic approach to ordinal arithmetic?,1
7375,"Flower identification: Moscow, Russia",0
7812,Merge several .ab1 sequence files into a single FASTA file?,0
6265,Why are male gametes and female gametes not equally sized,0
1620,"Subsets of $\{1,2 \dots n\}$ with no consecutive integers",1
8794,"Can lysozyme also lyse gram-negative bacteria and if yes, how fast?",0
10516,StringBuilder vs string.concat,0
4556,A group of order $ap^{n}$,1
7684,Is the General Cirrate Octopus Form the Basalmost Octopoda Morphology?,0
6026,How are babies born without a brain?,0
414,Prove ab is a quadratic residue mod p,1
9693,Logical shift with signed numbers,0
4821,Local degree in Example 2.31 in Hatcher,1
8877,How to find PDB id of an amino acid sequence,0
456,Unit ball of Banach space remain closed in embedding,1
2783,How to find lines of invariant points?,1
3425,probability of winning matches consecutively,1
2662,Proving that every non-negative integer has an unique binary expansion with generating functions,1
11952,Simple login using ReactJS,0
9418,"construct a TM decides in linear time, if valid bracket",0
5062,Find the number of subgroups of $\mathbb{Z}/(5)\times \mathbb{Z}/(5)$,1
11272,Simple factorial program using recursion,0
7349,I am interested in Sociobiology. Which academic field should I study?,0
5964,Point about the theorem and proof of the inner product being a continuous function.,1
8564,What is the Attributable Risk of birth defects in Zika infected pregnancies?,0
2908,How to prove that $w\lambda(h)=\lambda(w^{-1}(h))$?,1
3595,Is the given set open ball in metric space or not?,1
9383,Match formula for loop in VBA,0
916,Question about when a projection from a fiber product is open,1
11882,Creating efficient PDO functions,0
5000,Green's function for periodic BVP,1
4988,Trouble with proof for exact linear ODE's,1
2704,"For game where first player to N points wins, find the distribution of win probability and total number of points between players",1
3990,given $a^2+b^2=28ab$ what's $\log_{3}\left (\frac{(a+b)^2}{ab}\right)$?,1
5129,Hecke operator on half integral weight modular form,1
2523,Solve $x^2+2ax+\frac{1}{16}=-a+\sqrt{a^2+x-\frac{1}{16}} $,1
8622,What insect would make a hole and lay eggs in it,0
10080,Research on Tree Automata/Tree Transducers for implementing Tree Generators,0
4388,Projective modules over semilocal rings having constant rank are free,1
9435,Is there a way to find a simple regular expression for this language?,0
4750,Derivation of Efficient Frontier (portfolio optimization) question,1
11506,"Algorithm: ""Minimum"" maximum flow with extra capacities",0
3967,"Given a positive integer $n$, some straight lines and lattice points such... Prove that the number of the lines is at least $n(n+3)$.",1
4223,What is the value of this summation in Big O terms?,1
9269,Making a priority queue using a Heap. Without using queue or heapq,0
1260,"Gameshow: Coin Toss (head: add empty suitcase; tail: stop, hide money, pick suitcase)",1
3374,A standard deck of 52 playing cards is shuffled and the cards are dealt face up one at a time until an ace appears.,1
9442,Soft question: program result verification,0
4224,The Laplace transform of $\exp(t^2)$,1
10545,How much time (in hours) will it take to check if the number with 20 binary digits is the prime number?,0
3704,"Expectation number of cycles in a Erdős–Rényi random directed graph $G(n,p)$",1
4785,Mean value is linear,1
6042,Can the eye distinguish between pure and composite colours and how do we measure this?,0
3316,Intersection between three planes - geometric configurations for non-unique solutions,1
7657,Probabilities in calculating the kinship coefficient,0
775,Poker Hand Probability,1
2391,Using logic laws to verify the logical equivalences,1
5965,Calculus Exponential Functions Again,1
1455,How to prove this identity nicely?,1
9225,parsing left linear CF grammars,0
5258,sampling distribution question,1
7350,Why some neurons are tetraploid,0
7644,Recommendations for a haemocytometer (phase-contrast),0
9353,Finding the second largest element of large input sets,0
412,Action of torus on an affine toric variety,1
8412,Why are plant cells rectangular and animal cells spherical shaped?,0
2252,"Number of ordered sets of positive integers, whose sum is n",1
3907,Is the partial derivative of this function positive?,1
9247,"Session state wrapper, extending an existing application",0
5423,"Given an ordinal $(\alpha,\in)$, how do I find a subset of rationals which is isomorphic to it?",1
10527,Adding very large arrays,0
8228,How do cells relocate transmembrane proteins from one side of the cell to the other? Is it possible?,0
7233,Possible moth identification,0
2054,"Prove for each positive integer $n$, there exists $n$ consecutive positive integers none of which is an integral power of a prime number",1
8134,Mutation in pre-mRNA sequence,0
914,Derive algebraic solution for $x^{\log_3 2} = \sqrt x + 1$,1
3849,Variance of the Standard Normal Distribution,1
9953,How close are current computer technologies in terms of energy efficiency to the Landauer Limit?,0
11275,Parsing JSON with generics,0
6790,Do butterflies see behind?,0
7455,Evidence & discussions of hard polytomy,0
7108,Why did humans evolve the ability to feel such a high level of heat pain?,0
11159,Filtering a list based on conditions,0
15,Calculating entropy for a given problem,1
6182,How to determine the primary Uniprot accession number from a list of accession numbers?,0
9699,Data mapper reuse related domain object for setting data and return a clone of the domain object,0
11845,"Is the usage of JSONObject and JSONArray is correct, as it take lot of time to render UI",0
3433,Finding $a_n$ with $a_n = o(n \cdot \log(n))$ and not $O(n)$,1
7786,How does a higher channel density increase speed of propagation of an Action Potential?,0
5311,Upper bound on a vector norm,1
9133,Complexity and hardness of undirected path,0
3684,A limit of the p-th power of a function integral,1
6920,Reliable recipe to make DIY yeast slants,0
3385,Idea of compact operators,1
4845,Bounded convergence theorem,1
1791,Trigonometric function with a theoretical scenario used to find missing variables?,1
2634,Distribute $30$ marks to $8$ problems,1
4253,Finding the orthonormal basis of U = Col(A) (A is a matrix),1
10303,"If $g ∘ f$ is primitive recursive, are $f$ and $g$, too?",0
8529,Can fruit tissue be cultured and grown independent from the plant?,0
3689,Total Turing reducibility,1
8963,DNA of cellular organelle,0
4054,How can spearman's rank and chi squared contradict each other for the same data set?,1
10040,2D matrices addition,0
1903,Geometry Problem Concerning Lengths with a Square and Two Right Triangles,1
1404,Understanding a part of the proof that a linear combination of 2 singular measures is a singular measure.,1
11655,Infinite monkey theorem demonstration in Python,0
11190,Image Carousel in JavaScript,0
1562,How do you prove Well-Ordering without Mathematical Induction? (and vice-versa),1
408,How would one go about finding the Trinity Hall Prime number?,1
4589,How can affine coordinate rings be canonically identified as $k$-algebras?,1
2129,"Find relationship between $a, b, c, f, g, h$",1
7775,Why does enteral carbohydrate yield higher energy than parenteral?,0
2392,For What Valus of $a \in \mathbb{N}$ Does $y=x^a e^x$ Has Only One Extreme Point?,1
2401,L'Hôpital's rule and Difference Quotients,1
1176,Proving that the given set has at most $2^{n-1}$ elements,1
581,"Find integers $\alpha$ and $\beta$ such that $255\alpha + 63546\beta= gcd(255,63546).$",1
9471,Search Indexer Transaction Safety,0
8531,What does +60mm mean in MRI scans?,0
7833,Approximately how long do bacteria live for?,0
5381,Dot and cross product,1
7381,question about stem cells,0
8846,Monochromator in fluorescence microscopy,0
3656,How can you solve this definitive integral $\int_{0}^{\ln(2)} \frac{x} {1+e^{-x}} dx $,1
1345,Show that a local ring is equicharacteristic iff it contains a subfield,1
10387,Floating point format: why must `1−emax ≤ q+p−1 ≤ emax`?,0
10375,Letter frequency analysis (Breaking Vigenere),0
9558,How to perform alphabetically ordered DFS?,0
1116,"How to interpret the equation of a line in 3D through two points, when there are $0$s in the denominator?",1
5822,distribution of conditional expectation of gaussian vector,1
11003,Regular languages - models of computation,0
8780,Do phagocytes need antibodies to be able to engulf pathogens (to function)?,0
831,Why the existence and uniqueness of solution of ODE implies existence of $n$ independent solution of $\dot x=A(t)x$ where $A$ is periodic?,1
1488,Diagonal elements of a symmetric matrix and positive definiteness,1
5912,Show the dimension of $F[x]/(p(x))$.,1
389,Are the following systems of inequalities the same?,1
6239,What does the point in the middle between two numbers mean?,0
11888,Scaling the last column in a table (with input) to match the container,0
6270,does the amount of blood circulate in a body is same before and after amputation?,0
2085,find the matrix of a linear transformation $X1\oplus X2\to X1$,1
1902,$E_{\infty}$ algebra in characteristic zero,1
6988,Cell division - meiosis,0
11495,Project Euler Problem #10,0
1060,Bspline interpolation vs Bspline transform,1
11220,"Is using the result of cmp() as an index ""too cryptic""?",0
2629,extreme points of a circular disc and a right circular cone,1
700,"Why $[0,1]$ is connected",1
701,Does the ring of continuous functions determine $\mathbb R^n$?,1
6744,I found a bug on my bedroom floor. Is this a bedbug?,0
8083,Is funnel web spider venom poisonous?,0
2062,Number of combinations of $7$ of the first $17$ natural numbers in which there are at least two consecutive numbers,1
6543,Recombination frequency as a function of genomic location in E coli?,0
8998,Is it possible to move your arms above your head when handcuffed in the back?,0
10906,Macro to run code once during the lifetime of the program,0
8434,Where is coagulation factor v produced?,0
2250,"Proving that $x\mapsto \sum_{y\in A\cap\left(0,x\right]}r\left(y\right)$ is right-continuous",1
4700,conversion of ode system to polar,1
9893,"Regarding programming languages, what is meant by ""hook""?",0
3231,"The open ball $B(f,1)$ in $(C[0,1],\mathbb R), d_{\infty})$ compact?",1
2515,"Identically distributed, uncorrelated, Bernoulli rvs are independent.",1
11552,Clojure - substring? function,0
7916,Why does our body absorb toxic substances or toxic concentrations of a substance if it is capable of regulating gastrointestinal absorption?,0
10667,How to solve Assigment problem on SPOJ?,0
7440,What is the biological basis for tiredness after eating?,0
2338,Minimising the expectation of the Lp norm.,1
8863,Do mosquitoes allow for DNA transfer between unrelated species?,0
4751,"If $f$ is continuous on $[0,1]$, prove that $\lim_{n\to\infty}\int_{0}^{1} \frac{nf(x)}{1+n^2x^2}dx=\frac{\pi}{2}f(0)$.",1
9223,Validation for Model Object using Fluent Validation,0
3027,Constructing probability space for iids,1
1211,$p’$-group definition.,1
4741,Central limit theorem for weighted average,1
4636,Confusion about the solution of a differential equation about concentration in streams,1
1092,"Given $A$ , $m \times n$, $b \in R^m$, $x'$ is a solution to $A^TAx' = A^Tb$",1
894,Game theory and sharing,1
1417,What is the relation between formal group and formal scheme,1
11522,Searching for a substring in a ring queue,0
499,How do I evaluate this summation?,1
4393,Graph Theory - Prove complement graph has a diameter of at most $3$,1
5511,"Find an infinite collection of subsets of $R$ such that it is closed under countable unions and intersections, but not a $\sigma$- algebra",1
965,Inverse Laplace Transform of $\frac{1}{e^s-1}$ and $\frac{s}{e^s-1}$,1
7576,Can the human eye axial length decrease?,0
11647,Clean up If or syntax in JavaScript,0
7397,Is there a reason for the lack of full RTK structures?,0
10105,"LW, MTD, STD, YTD Sales... all in line and looking pretty",0
5503,What is the difference in usage for $dx$ before or after the integrand?,1
474,Closed form for a floor sum,1
6312,Do people with congenital analgesia feel cold?,0
10688,"One rational interval function and one irrational, will they ever collide?",0
7258,Concentration calculation of Factor VIII for Elisa,0
5821,Orientability of Lie Group,1
810,Write the exact answer using base-10 logarithms.,1
6170,What is the difference between a response element and a enhancer?,0
8216,Why don't housekeeping genes have TATA Box regions in their promoter sequences?,0
8072,What kind of species is this?,0
5518,Notation: Is $(\Delta x)^2 = \Delta x^2$?,1
9926,Why isn't coNP = NP?,0
4365,"How to prove if $f$ is defined and uniformly continuous on a bounded set $E$, then $f$ is bounded on $E$?",1
11471,What is the difference between type theory and logic programming (in terms of declarative programming and specification),0
5630,Construction of tensor products of Hilbert spaces with different scalar fields.,1
11448,Creating boilerplate for jQuery plugins,0
1421,Basis of differential one-form confusion,1
5906,what is the definition of mean independent?,1
5283,$J = \{f(x) \in \mathbb{Q}[x] : f(2) = 0\} = (x-2)$,1
3816,Number of ways to choose 6 books out of 20 books such that no 2 are adjacent books,1
7011,Does our DNA change during our lives?,0
3032,Solving of basic recurrence relation,1
843,Real life example of relations with various combination of properties,1
5209,About positive definiteness of analytic matrix-valued function,1
600,Why is choosing elements in equivalence classes not a choice?,1
6289,Will a nucleic acid sequence deduced from a protein sequence be expressed from a plasmid?,0
2868,Solving by limit definition,1
3700,Showing $|\mathrm{Gal}(f(x))| = \deg(f)$,1
8461,Can anyone explain in a simple manner what is Fourier shell correlation (FSC)? And how is the conversion from 1D to 3D FSC?,0
2770,Convexity of $g(f(x))$ when $g$ is decreasing and $f$ is concave.,1
4076,Find $\lim_{x\to0}\frac1{x^3}\left(\left(\frac{2+\cos x}{3}\right)^x-1\right)$ without L'Hopital's rule,1
1978,Homology/Cohomology of Closed Manifold with $\mathbb{Z}_{2}$ Coefficients,1
7419,Do memories have mass?,0
3546,Probability of balls from urn,1
9166,Building cycle in rectangle,0
11186,Balanced Distribution Of Items,0
9959,"Hackerrank: ""Cut the sticks"" Javascript solution",0
11678,Extract multiple attributes values in XML tags,0
1274,Uniqueness of pre-abelian structures on categories,1
589,series of the integrals converges then the series converges almost surely,1
8753,Venom Denaturing with Heat,0
6871,Mating types in fungi (and somatogamy),0
9002,Sequence program (FizzBuzz-like),0
3854,Use series to evaluate limit,1
7283,How to take precise/low number of cells from cell lysate?,0
11368,Can you recognize or decide if a Turing Machine has an infinite sized language?,0
5064,Determine whether or not the convergence is uniform,1
10763,Isomorphisms between regular graphs of same degree,0
7627,Does posture matter while drinking water?,0
4439,Is this a valid reasoning for solution of Spivak Chapter 1 Problem 10?,1
10172,Python Making Bruteforce Password Crack Faster,0
4475,How do I evaluate the following vector product,1
8304,What does differential consumption mean?,0
11290,Fitter Nearest-Neighbor function with three nested loops,0
8468,How many photons are used to make one glucose?,0
8910,Has any large-scale origin-of-life simulation/experiment been done?,0
8605,What is the term for all of the RNA in a cell at any given time?,0
7434,Can a tumor produce something not currently found in our own bodies?,0
9708,Run control tasks asynchronously using TPL,0
10691,Image placement & animation from grid,0
3371,Halving number at regular intervals vs same number at doubling intervals.,1
166,When convolution of two functions has compact support?,1
5327,Show two complex functions are conjugate,1
1692,Existence of global coframe in product space.,1
5752,Householder vs Gram–Schmidt Orthogonalization. Which should I use?,1
9468,Can we create recursive functions only by using if-else statements?,0
4080,Show that this function is a contraction,1
5891,Parametric equations and line segments,1
5706,Question on Trigeometry,1
9315,Using deftype to create a wrapper class for byte arrays,0
3352,"Can someone help explain the behaviour of the implicit equation $x^n+y^n-n^x-n^y=0$, specifically the significance of the number 1.9667894071088...?",1
6029,Can yeast survive without mitochondria?,0
4062,What are reasons why some symbols in mathematical logic are not standardized?,1
4499,Bounds of variables in triple integrals,1
8177,How do I calculate amount of nutrients retained/excreted in fish?,0
8732,DNA strand displacement and Branch migration- the same or different or interrelated?,0
2113,Side of the parallelogram formed between $3$ parallel lines,1
5158,Calculating a dimension of a kernel of a semi-Fredholm composition operator,1
8109,What's the mixture of carbon and haemoglobin called,0
10022,The perfect function alias,0
3898,Solving a Volterra Integral Equation of the 2nd Kind,1
8312,Help me identify this... plant? fungus?,0
5578,Asking for a good starting tutorial on differential geometry for engineering background student.,1
3126,How to find eigenvectors/eigenvalues of a matrix where each diagonal entry is scalar $d$ and all other entries are $1$,1
3526,General forms of Harmonic functions,1
9614,English Translator - follow up,0
8164,Question about cutting gene in Plasmid,0
10071,A password generator,0
11348,Approximate String Matching Interview Question,0
5508,A Question About Little-O Notation,1
1752,Exponential decay: continuous vs discrete,1
6807,Has the acronym DNA ever been widely understood to stand for deoxyribose nucleic acid?,0
3135,How do I discretize an optimal control problem with Bolza-type objective function?,1
693,"Is the convergence in ""the topology of pointwise convergence"" for sequences or nets?",1
827,$S$-differentiable functions.,1
2847,Does this functor commute with inverse limits?,1
6052,"How to write a palindrome sequence as-wish (create, theoretically) ? (self-answered)",0
5513,Verifying statement of exact sequences,1
4074,One definition about field extension,1
10371,Solving a recurrence relation involving square roots,0
2186,Notation in probability and staticstics,1
4933,What is really meant by the Lower Bound on an Optimal Solution using Lagrangian Relaxation,1
11868,Raft algorithm: What's the meaning of concept `index`?,0
7551,What determines the colors and patterns of a clam shell?,0
1234,Stationarity of the sum of an ARMA processes,1
4644,Proximity in the sup norm implies proximity in the $L^{p}$ norm,1
11153,"Sum All Odd Fibonacci Numbers, freecodecamp challenges",0
7907,Neurobiology of tantrums,0
3710,Showing the positivity of the measure $(E+y) \cap F$ for every positive measurable sets $E$ and $F$,1
527,"One-One, Simple And Jordan Curves",1
10260,How many unique counting functions there are for strings of N bits?,0
2858,Why$\sqrt{-4}$ does not have $\pm 2i$ as its two solutions?,1
7057,Mixed-mating plants: is the number of mixed mating plants supposed to be trivial?,0
11808,why is the max number of Nodes mod(N/m) + mod(N/m^2) + 1 in R-tree?,0
2828,First order necessary conditions for nondifferentiable nonconvex minimization problem,1
5577,Question about calculation of higher-order infinitesimal,1
4018,Do we have integral test for double series?,1
956,Determine eigenvalue $c$ so that the matrix is diagonalizable,1
6076,Tissue grafting in marine invertebrates,0
2141,Average integral for continuous functions with compact support,1
6007,Where are Opsonins produced?,0
9875,Whats the difference between an oracle and a decider in Computational Theory?,0
5855,Using GAP to determine when cosets are equal to each other.,1
5272,Topology on cartesian product and product topology,1
8611,Can anyone identify these bugs in the soil?,0
14,Sample continuity of Brownian motion and Donsker's theorem,1
11846,Calling different class objects using python,0
4448,Function with special behavior near zero,1
6558,"What is the biology behind a skin ""mole""?",0
1999,Proving $|f_n -f| \leq 2g$ in dominated convergence theorem prove,1
6553,Why is chemotherapy-related hair loss temporary?,0
2864,de Rham and Hodge cohomologies become locally free after localization?,1
9381,Functionality for automatic retry after exception,0
5206,Finding the length of a half of a side of a triangle (can be unequal half),1
7871,Why Didn't Evolution Cause the Human Body to become Streamlined?,0
3575,How to Make Meaningful Conclusions?,1
2802,prove $n!(n+1)^2-1$ using telescoping series,1
8073,Why do plants produce so much more sugar than they use?,0
9489,Is it decidable whether a Turing machine will ever leave the start state on any input?,0
7468,How do you dilute forward and reverse primers for a master mix?,0
8497,Is the eyes' movement discrete?,0
9842,Checking if there are no numbers from cellular services,0
6121,Do carrier proteins constantly open and close or do they only work when a substance binds to them?,0
6514,How exactly is the sunflower seed pattern calculated?,0
599,Concavity of $f(x)=E[| x +Z|^m]$ where $Z$ is standard normal.,1
5164,Integration on Complex Plane (Imaginary part),1
3647,Is continuous a function if and only if preserves order?,1
6652,If Tumors have lots of mutations in them how is it the immune system can't detect them?,0
130,Sum of Sequence of Random Variables,1
4158,Why does $\sum \frac{1}{n^{(1+ 1/n)}}$ diverge?,1
1553,Estimate $\sum_{n = 0}^N \cos (\alpha n^2)$,1
530,Find $C^1$ class function such that,1
2652,Derivative of logarithm function,1
11152,"Hello, First Name Last Name",0
1945,Why not an Absolute maximum in an open interval?,1
5794,Does the product rule for limits always work?,1
99,Find local maxima of this quadratic function,1
7116,On which strand does the promoter sit?,0
3160,"""And"" or ""Implication"" in this case?",1
4317,How to prove that $Y=\ln(X)$ approximately Normal when $X$ is a Normal random variable with $\mu\gg\sigma$,1
1185,Trivial induced representation and the Frobenius Character,1
10464,Best route around confirmed appts - Traveling Salesman Problem,0
11836,Combining text in an array in JavaScript,0
11497,Recursive filename search,0
3125,Ways to put $n$ balls into $m$ boxes,1
2369,Prove that: $\csc 48° + \csc 96° + \csc 192° + \csc 384°=0$,1
83,Closeness of measures on a cardinal,1
2974,Fundamental group of $Spin^c(2)$?,1
2419,Discrete and compact subset must be finite,1
5471,Find the transition functions and show that $M$ is non-orientable.,1
6596,How can you develop a bacterial infection when taking antibiotics for another area of the body with a bacterial infection?,0
2200,Evaluating $\int_{0}^{1}\int_{0}^{1}\frac{r^{i+j}(1-r)^{k+l}s^{2m-i-j}(1-s)^{2m-k-l}}{(r+s)^{m}(2-r-s)^{m}}drds$,1
1371,what is the best book for Pre-Calculus?,1
4219,"Example for function $f$ continuous at $(a,b,c)$ respect to each of the 3 variables, but fail to be continuous at $(a,b,c)$",1
1493,Sums and products of bounded functions,1
11417,Calculating and printing a credit card balance,0
4566,please help me integrate this as a limit of a sum,1
6935,Identify a large wasp (?) from southern Poland,0
5399,Intuition behind $\text{Re}(z)$ not being analytical,1
11403,why does message authentication using 2-universal family of hash functions require a prime number of possible hash values?,0
7911,What happens to dextrorotatory amino acids in humans?,0
11982,PHP creating slugify (clean URL) links in simple way?,0
5638,Normal vector from equation question,1
3570,Tammo tom Dieck's Algebraic Topology - van Kampen theorem for groupoids,1
6118,What kind of salamander is this?,0
3837,Can every sequence that does not have an explicitly stated domain be one of infinitely many possible functions?,1
2003,Show function series is uniformly convergent by the derivative and pointwise convergent,1
11316,Sorting in O(n) time in a finite domain,0
9151,Is it ok to use Thread.Sleep and Thread.Interrupt for pausing and resuming Thread like this?,0
5897,"How to prove that $W^n_p[0,1]$ is a Banach space?",1
3808,$\lim_{\alpha\rightarrow 0}\left(\alpha^{(m+1)/m-2/n}\int_0^{\tan^{-1}(\alpha^{-1})}\sin^{1/m}(\theta)\cos^{2(1-n)n-1/m}(\theta)\:d\theta\right)=$?,1
2504,dim of skew-symmetric matrices,1
1875,"If $|G|=24$ or $48,36,56,72,80,90$ or $96$ prove that $G$ is an abelian or simple group .",1
7078,"From a purely biological perspective, how does an optimal human diet look?",0
5519,A question on finite index,1
7104,Spinal cord injury bypass,0
87,Is this property of quotient maps true?,1
4465,Infimal convolution conjugate,1
4463,How many number of three digit numbers lying between 100 and 999 (inclusive) and having only two consecutive digits identical?,1
390,When are we allowed to match coefficients?,1
10949,Algorithm for graph with nodes grouped into sets,0
194,Why is can number be divided by 3(ofc I mean we get an integer result) if its sum of digits can be divided by 3,1
11554,Difference between grammar productions and derivations,0
3121,Could this Beta density related integral be simplified,1
9689,PHP class for scanning filesystem,0
3804,Obtaining a positive definite covariance matrix of order statistics,1
7451,Can you predict what the metabolites of pipradrol would be? Are they similar to those of methylphenidate?,0
9085,Why Does the Deterministic Selection Algorithm Run in $O(n)$ and not $O(n\log n)$?,0
11902,Sorting an ArrayList of Vehicles using quick sort,0
2821,Multiplying last row of matrix with the matrix's inverse,1
7620,Factors of infection rate,0
8609,Is exon order always preserved in splicing?,0
3306,If Pricipal Ideal generated by $a\in R$ then Subring,1
1178,Counting Solutions to $x_1 + x_2 + \dots + x_k = n$ with $x_i \leq r$ Closed Form,1
6304,"Insect identification, Chennai, India",0
9248,CSV parsers and OrderedDictionary,0
2687,Group Theory and Cardinals,1
8007,Do there exist T helper memory cells?,0
6618,Making Cupriavidus metallidurans in laboratory?,0
6361,Species diversity in cheese and yoghurt?,0
2177,"Show that $m^*[(a,b)]=m^*[[a,b)]=m^*[(a,b]]=b-a$ here $m^*$ is the outer measure.",1
3102,Do random variables form a comma category?,1
107,Example of two non-homeomorphic spaces with the same de Rham group,1
4608,About the definition of variation.,1
6805,Does the human eye see things at twice the distance in a mirror?,0
6529,"How far in can non-extremophiles live, in Earth?",0
6845,Does Pasteur's experiment contradict an origin of life?,0
7209,What voltage damages a neuron or a group of neurons?,0
5058,On the asymptotic behavior of the Fourier coefficients of $(1-R\cos\theta)^{-3/2}$,1
1747,Connectivity of a Hamiltonian path,1
9932,Are all these steps necessary with prepared statement?,0
3138,Is $P(C \cup D) = P( D \cup C)$?,1
2848,ODE compartmental model: waiting time,1
4378,why $ \bigcup (X \cup Y)= X\times Y $?,1
5316,How to solve this probability question?,1
9921,Creating a scraper using multithreading,0
7669,Long term storage of agarose-ethidium bromide gels that have already been cast,0
10585,Convert float price to integer price without commas,0
4870,Cofinality of cardinals,1
1804,How to prove that an ordered set is a lattice.,1
2589,finding real roots by way of complex,1
8798,Does Mn always exist in Photosystem II?,0
2115,Is boundary of a subspace strictly less dimensional then space in topology,1
8643,A day in Beijing is like smoking Only one sixth of a cigarette,0
3076,Trigonometric integration 3.,1
267,Proof of a stronger form of Chinese remainder theorem (12.3) in Neukirch,1
4019,Finding the images of a two linear transformations,1
438,Orthogonal decomposition of a vector,1
8153,Identification - What kind of animal leaves these tracks?,0
5707,expected value of a random palindrome,1
7024,"What is ""multiple"" myeloma?",0
1258,Wronskian of two solutions to a second-order ODE is zero $\implies$ linearly dependent,1
7758,Co-transformation of plasmids from the same incompatibility group,0
2095,Complex Integration with a Modulus,1
9662,Understanding a proof for the existance of a non-computable function,0
8250,Length of anopheles chromosomes?,0
5816,Manifold diffeomorphic to $\mathbb{S}^1\times\mathbb{R}$.,1
2315,Why don't we define neighbourhoods to be open sets?,1
7831,"Are microtubules in centrioles helical, like they are when in isolation?",0
1228,Better way of getting segment length from triangle with offset and extension,1
6298,Grasshopper identification,0
11121,Names of specific SAT variants,0
7650,Which texts are good for beginners to understand evolution on the genetic scope?,0
8289,Software to model and analyse protein–ligand interactions,0
10087,Dispatch different parameters to different classes with single interface,0
169,Unclear if this del vector identity is true,1
9439,Is any State Space Tree always Binary Tree?,0
1651,"Node: Type, Stability, Slope at origin, Trajectories. Linear system.",1
11920,Are degree and order the same thing when referring to a B-Tree,0
6985,I really need some help with a plant identification,0
2441,Fibonacci Sequence golden ratio big O proof,1
4385,Is any sequence of the form $\lim_{n \to \infty} a_n \ne L$ is divergent?,1
7346,Variance components and heritability,0
1259,Integrating $\int x\frac{\operatorname{Ai}'(x+a)}{\operatorname{Ai}(x+a)}dx$,1
675,Maximum value of function on unit circle,1
10382,Cleaning up Compiler class,0
1582,How do I find the first seed when given the values of the second and third seeds to determine the sequence that must contain the number 2017?,1
4992,Is this a valid Sigma equation to simplify?,1
2676,Why is $\ell^1(\mathbb{Z})$ not a $C^{*}$-algebra?,1
11094,Not respecting the 3rd rule of a LL(1) grammar,0
6073,Any studies on the effects and/or benefits of oil pulling?,0
8952,Seizures and blood pressure,0
7345,Is 'disorientation event' a common term among biologists?,0
7728,Analyzing Messy Data Files,0
5580,Generalization of the Mobius inversion formula to Dedekind domains,1
6725,What Software could I use to create Diagrams of Biochemical Processes like these?,0
9231,Interpreting a proof of $2^\mathbb{N}$ being uncountable,0
5163,Is there a convergence for the series $ \sum_{i=0}^{\infty} \frac{(x-y*i)^i}{i!} $?,1
5524,Understanding Hatcher exercise 1.1.13,1
2563,Terminology for homotopies which stay inside some finite stage of a union,1
7146,What is this animal? Reminds me of a crab because of the way it crawls but it looks like a plant.,0
2147,Help understanding math notation,1
9729,Non-Deterministic Turing machine vs Probabilistic Turing Machine vs Deterministic Turing Machine,0
7134,Enzyme kinetics; what happens at the peak of the Gibbs energy graph?,0
1643,About the implicit function theorem. (Is there any possibility that the following statement holds for some $f$?),1
3229,Find the area where dog can roam,1
6809,Is this a common garden spider?,0
11825,"When problem A reduces to problem B, which problem is more complex?",0
656,Prove the comparison test for convergence of real valued series,1
9045,Find the election winner,0
7374,Function of heparin and dextran sulfate for removing proteins,0
2560,Poisson Process problem. Is this solution correct?,1
8908,Can axons act as receptors?,0
8988,How do you consider an organism to be a new species?,0
3307,Do primal-dual methods need to start with strictly a feasible point?,1
10567,JavaScript Good Patterns - Is this a good example?,0
6397,"When we talk of functional macromolecules (e.g. proteins as enzymes, hormones, receptors, antibodies etc), towards what are they evolving?�",0
857,linear transformation of a finite dimensional vector space,1
3971,Is Venn diagram sufficient to prove statements for two or three sets?,1
9415,SQL prepared statement to search songs by various text fields,0
1572,Find real s.p.d. matrix $C$ to which there is no real $F$ with $F^{\sf T}F=C$,1
5104,Find the solution of Initial value problem in explicit form,1
4685,What is the relation between the algebraic dimensions of a vector space and its dual?,1
1668,Problem with some Bayesian posterior pdf functions.,1
2660,Proving a theorem on integration to the limit,1
3164,Confusion Over Ratio Limits and Difference Limits,1
8238,Does drinking water affect oral thermometer accuracy?,0
333,Ordinary Least Squares: Why we need mean independent errors?,1
8637,How did palaeontologists discover the age of the Tyrannosaurus rex named Sue?,0
2672,Pick the true options for a $n\times n$ matrix $A$,1
6551,What is the non-local impact of a large-scale destruction of coral reefs?,0
6227,Do similar adaptations result in similiar genetic code?,0
4739,Doing a Line Integral Problem,1
1970,Solve for $x$ in: $e^{2\ln(x)-\ln(x^2+x-3)} = 1$,1
4885,Find the distance between a point and a plane,1
4736,Name and proof of the following theorem from probability theory,1
5941,Finding the value of $\sqrt{z \sqrt{z \sqrt{z}}}...$,1
1472,Expected value of matrix multiplication,1
3858,Generalizing beyond proper classes,1
11609,Approach / data structure to wait for N tasks to complete in arbitrary order,0
3014,3 x 4 Matrix with Complex Numbers,1
5818,high power congruences finding $x$,1
8671,What determines the number of chromosomes an organism carries?,0
4083,Find the least value of $a$ for which the limit $(x-2)^{0.5}$ as $x$ approaches $a$ exists,1
522,Methods to solve highly symmetric non-linear equations system,1
1513,Derivative operator of bump functions and the adjoint,1
6844,What is the body density of insects on average?,0
4692,understanding a bribing function in a second bid auction with one-round bribe,1
2853,Properties of Pull Backs of forms,1
418,sufficient condition for symmetry of Hessian matrix,1
5884,Need a recommendation for a calculus book with a particular content structure,1
10334,Beginner Question Concerning the Logic of a Very Simple Correctness Proof,0
3256,Easy to understand real world example for pde with only weak solutions,1
4354,Counting the number of fixpoint functions,1
10148,Number to words in Python 3,0
7658,Questions regarding a particular paper,0
6237,How to identify the GPD gene when the sequence varies between organisms?,0
1238,Bivariate Probability Question - Not sure where to start,1
9491,How to prove that a binary heap can't be sorted with complexity that better than O(nlogn),0
7602,Presence of reaction module in bacteria but not in Eukaryotas (human),0
3807,Why is flipping a head then a tail a different outcome than flipping a tail then a head?,1
10470,Find all row combinations which sum elements equal to any given number,0
9654,Checking if blocks are catch extendable,0
1571,Solving a logarithmic equation with a mix of polynomials and logarithms,1
5207,Probability of that one person gets all the spades,1
6305,What is the mechanism behind ventilatory acclimatization?,0
951,Multiple vector space structures on $\mathbb{F}^n$.,1
3022,Show that an integral does not exists,1
4754,Inverse Laplace Transform : $\mathcal{L}^{-1} \left \{ 2\cdot s^{-1}\cdot e^{-3\cdot s} \right \}$,1
10918,Latent Dirichlet Allocation in Python,0
11692,"Why is c) a combinational circuit, but d) not?",0
3948,"Article Request: ""Related classes of set functions,"" a matroid theory article by Professor Dominic Welsh",1
3756,Convergence Rate and Complexity of Single SGD update for Neural Networks,1
20,Convergence in $L^1$ coincides with convergence a.e.,1
11142,Ping Pong game in SFML,0
10245,Hashing a Specific Range Of a Character Array,0
10628,Framework for composing algorithms,0
8757,What are the chemicals in the gap at a synapse?,0
2678,Finding the value of an analytic function outside of a simple closed contour $C$.,1
9408,is it always true that the depth of BFS is $\leq$ DFS?,0
4027,Prove $ \ \int_E f(x)dx=\int_E f(x+t)dx \ $,1
11502,Interactive logistic map,0
2537,"If a magma M is both a semigroup and a quasigroup, is it necessarily a group?",1
2232,Generating Numeric Palindromes.,1
3395,Convergence in uniform convergence in probability to Brownian motion for left continuous riemann type sum of Brownian motion,1
1382,Covering map between two path connected sets,1
10424,Optimizing URL router behaviour,0
565,Finding the range of $a$,1
10292,Sorting a list in ascending/descending order with a button toggle,0
8269,Which insect is this?,0
709,"Is there a continuous onto function $f:\Bbb{D} \rightarrow [-1,1]$?",1
1563,Limit of $ \frac1{n -\log n}$ as $n$ approaches $\infty$.,1
9593,Origin of quantum complexity theory,0
4600,Non-trivial divisors,1
9430,ReactJS Formik form with list update,0
11171,Hamming Weight to find the sum of 1 bits in the range between A and B inclusive,0
3853,Limit of $ u_{n}=\sin(\frac{1}{n+1})+\cdots+\sin(\frac{1}{2n})$,1
8331,What are the different types of helices in protein secondary structures and how do they differ?,0
479,"Prove that $C^1([a,b];X)$ is a Banach space",1
1305,Show basic scheduling problem is NP Complete,1
4648,What is the least residue of 49^4 modulo 23,1
1218,Moving a point around a Sphere,1
8514,"How does anadromous fish physiology ""know"" to switch from salt to freshwater and back?",0
4737,"Proving $|h(t)−h(0)−\frac{t^2h''(0)}{2}|\leq at^2$, for some $b>0$ and $t\leq b$ using extended mean value theorem",1
8218,Possible Genotypes -- Linked Genes,0
3009,A problem on sequence of real numbers,1
1511,Is there a simple formula for an ellipse centered at an arbitrary point in the polar coordinate system?,1
7351,Inter-codon mutations statistical analysis,0
6625,Strange Exoskeleton Found in Maine: What is It?,0
10439,Text representation for numbers with python,0
10411,Minimum window substring using python containing substr in any order,0
10074,showing that the pair of Finite Automata are equivalent,0
112,Things I must know before taking differential equations course,1
4256,How can I determine where the series $\sum_{k=1}^\infty\frac{x}{k(1+kx^2)}$ converges uniformly?,1
4362,"""cover the unit sphere by c-fine grid"" to prove the vector length preserved by random projection?",1
8541,Why do animals yawn? What is the biology behind it?,0
7168,How to calculate the occurrence of a stretch of nucleotides in a genome?,0
5145,"Proving that one of $a(1-b), b(1-c), c(1-a) \le \frac{1}{4}$",1
7317,Identify this caterpillar,0
2290,"$\int \frac{(e^z)}{z-\pi i} dz$, if C is the ellipse |z - 2| + |z+2| = 6",1
1669,"Probability, Discrete random variables",1
6282,What is the reason behind choosing the reporter gene when experimenting on your gene of interest?,0
4730,"Show that $\cos t,\,\cos^2 t,\, . . . $ is a linearly independent system in $F$",1
2427,Jacobian of a Change of Variable,1
3176,"Given $\left | _A \mathbf r _B \right | = \left | _C \mathbf r _B \right | = 10$, prove that $0 \le \left | _A \mathbf r _C \right | \le 20$",1
3982,Distinction of hyperreals with sets,1
6534,Is Zeiss Primo Start microscope worth the price for student use?,0
5434,Morphism of affine group schemes gives a morphism of hopf-algebras? (But not by Yoneda I guess?),1
1206,Find error estimation of remainder term of an integration formula,1
3972,How to substitute $\log_{10}$ for $\ln$ function?,1
8429,What is the role of a chemotroph in an ecosystem?,0
9318,Metaclass to run a __first__ method for the first instantiation of a class,0
8553,Do couples having children later in life act as an evolutionary mechanism?,0
7938,What is an simple way to burn glucose for visible effect?,0
8906,Speed of molecules in human cells?,0
8623,What species does this moth belong to?,0
3727,complement of open set over which a birational morphism has an isomorphism has at least codimension 2,1
3421,What is the practical application of local linearization,1
3899,"Prove that $a ⊈ \{a\}$, where $a$ is non-empty",1
5115,Numerically solving 1D 2nd order PDE Goursat problem,1
3413,Verification of my answer for a partition problem,1
917,"Given the volume of a grain silo and the height of the cylinder of the silo, solve for the radius.",1
7766,Protein half-life regulating gene expression,0
2501,"If $\lambda$ is an eigenvalue of a normal operator $A$, then $\left.A\right|_{{\mathcal N(\lambda-A)}^\perp}$ is well-defined and normal as well",1
6151,Why do nerve cells convert electric signals to chemical signals?,0
11606,"""Log in"", extract number from a map, increment it, and log out",0
10902,What is the practical difference between an neuromorphic processors and GPU's?,0
9292,Stateful User tracking,0
8600,What are the safety precautions I should take if I want to experiment with C. elegans (at home)?,0
6234,What is a good Microbiology atlas for Bacteriology as online version?,0
348,Choosing numbers with the sum $S$,1
3116,Analytic Bounds for Eigenvalues of a 2x2 Block Matrix,1
3923,Adding $w$ to a bases vectors,1
6981,Sex differences in response to food deprivation,0
3284,Two roots of polynomial,1
10121,Getting WiFi SSID on iOS in Swift,0
9121,C++ bare getter setter with dispatch,0
11851,"Comparing Selection, Insertion, and Bubble Sorts for database application",0
9143,"How to produce all the numbers in a range [0,1,...,n] for which if 0<=k<=n, then for a positive integer x, the expression: k & x = k?",0
11004,Using logic to compare absolute values,0
6089,Looking for a dichotomous key to identify primates,0
1963,What does $\frac{d^6y}{ dx^6}$ mean?,1
4491,How to solve $T(n)=\frac2n\sum_{i=1}^{n-1}T(i)+\Theta(n)$,1
3271,How to prove the following condition on elements of a positive semi definite matrix?,1
5111,Finding a basis for all polynomials $f(t)$ of degree 3 such that $f(1)=0$ and $\int_{-1}^{1} f(t) dt$=0,1
376,Sequence/series divergence proof,1
10197,Idea for a Graph Based Algorithm,0
1162,"Show that $f(z)=0$ for all $z$, where $f$ is an analytic function on the closed unit disc with additional conditions.",1
1327,Well-definedness of group law on elliptic curves?,1
10762,Python ASCII-Art Table,0
2243,Question about Proof Uniform Limits of holomorphic functions,1
10896,"My solution for Advent of Code 2020, Day 4, in C",0
5386,Extending mappings on simple tensors,1
2684,Module characteristic polynomial.,1
2002,$AH=AS$ where $H$ is the orthocenter of $\triangle ABC$ and $S$ is the midpoint of the arc $BHC$ of the circumcircle of $\triangle BHC$,1
3286,Universal covers of lattice complements.,1
1359,Divergence criterion by rearranging,1
940,Prove that $112$ divides the integral part of $4^m-(2+\sqrt{2})^m$,1
7178,What bacteria results in a Gram +ve cocci and catalase +ve? What test comes next?,0
11909,Binary ↔ Gray permutation matrix,0
811,Proof that the square root of $5$ is not a natural number,1
5623,How to prove $\lim_{n\to\infty}\frac{1}{\Gamma(n+1/2)}\int_{n}^{\infty} (\sqrt{t}-\sqrt{n}) \exp(-t)t^{n-1} dt = 0$?,1
137,Solving a system of ODEs with variable in matrix A,1
11751,Complexity of minimizing the maximum inter-cluster distance?,0
6938,"Is a set of chromosomes made up of many copies of DNA, or is one complete string of DNA broken up into one set of chromosomes?",0
8873,Two mice heterozygote and black are reproduced. Find the probability of getting the filium dark and heterozygote,0
202,Prove that $\sum_{i=1}^{n} i \times i! = (n+1)! - 1$ by induction,1
4914,$ \sum _{n=1}^{\infty} \frac 1 {n^2} =\frac {\pi ^2}{6} $ then $ \sum _{n=1}^{\infty} \frac 1 {(2n -1)^2} $,1
11309,Script to execute arbitrary command on each Git project in a directory,0
8342,DRAQ5 and PI incompatible?,0
11396,Proving that the cover time for graph is exponential in the worst case,0
11270,Read and convert binary files to ASCII text,0
11828,Return first duplicate,0
10766,Non-recursive (iterative) DFS with $O(n)$ size stack,0
2204,"Limit of modulus of the difference quotient exists, implying complex differentiability.",1
9483,Intersection of regular and not regular,0
9608,Keeping attribute names simple when using getters and setters,0
10518,Remove range of keys from Binary Search Tree in O(s+h),0
2993,Polarisation Identity,1
303,Perimeter of the Unit Ball in $\mathbb R^n$,1
8124,How do birds deal with their eyes drying out at high speeds?,0
1994,"Write the following statement ""P"" using implication and its negation and explain which one is true.",1
11918,What is the purpose of Bayesian networks?,0
3080,How many 5-element subsets of [10] contain at least one of the members of [3]?,1
10594,Find the smallest binary digit multiple of given number,0
7670,What determines the reversibility of cell of G0 phase in cell cycle?,0
7980,Why is alcohol purged from the body more slowly when we sleep?,0
1123,Problem in defining information measures,1
6561,Which concentration of BSA is recommended for dynamic light scattering experiments?,0
11541,Union of right congruence relations,0
10957,Json type-safe builders using jackson-annotations,0
11567,How can I prove the minimum pumping length of finite language?,0
10229,"For a cycle with $n$ vertices, how many distinct chords are possible?",0
7357,What does C. Elegans sense when touched?,0
2097,Number of Atoms in a Probability Space,1
7836,is there a constant leakage current across axon even in absence of stimuli?,0
3115,"Game theory (2 player, random number) question",1
9323,"Learning C, basic string reversal function",0
10348,Ways to differentiate comments in source code (PyCharm),0
9475,How to read BNF syntax of C?,0
315,very basic verification of pre-image of a function,1
8823,What is the extent of the effect of Tris on E. coli?,0
6633,Identification of brown butterfly with orange/black/white spots,0
4958,Question on spectral theorem for compact operators,1
4116,Separation of variables in heat equation with decay,1
10367,Class project: user-editing page for a haiku website,0
11637,Algorithm to find the size of a quotient of a free group,0
5610,Why does the logistic curve not grow the fastest when $y = \frac{L}{2}$?,1
11282,What Do These Symbols Mean in Repetitive Rule Application and How Are They Applied Practically?,0
1964,Question about the product of two squared sequences used in a particular step in proof of Cauchy-Schwartz,1
6351,What kind of detergent should I use in cell culture laboratory for cleaning purposes?,0
7232,How is incomplete dominance different from codominance?,0
9903,Validity of macro for printf() call in a corporate environment,0
1311,how to prove that $\psi_1(x)=\sum_{n=0}^{\infty}\frac{B_n}{x^{n+1}}$ ?,1
9093,Summing up distinct elements in steps,0
4674,"For $n>2, n\in\mathbb{Z}$, why is this true: $\left\lfloor 1/\left(\frac{1}{n^2}+\frac{1}{(n+1)^2}+\cdots+\frac{1}{(n+n)^2}\right)\right\rfloor=2n-3$",1
9270,Aggregate prescriptions per drug in a CSV file,0
3366,Relation is surjective iff $I_V=R^T \circ R$,1
3042,What is the probability of drawing two identical poker hands in a row from 1 52-card deck?,1
8946,Does anyone know the explanation for branches with different flower colors (see picture)?,0
5169,Prove that real numbers and irrational numbers are numerically equivalent.,1
2986,Does fundamental theorem of calculus hold for weakly differentiable function?,1
1360,Basis of Kernel of a matrix,1
7892,What makes drosophila eyes red? and is it stable?,0
4215,Two complete lattices,1
7234,Why is the Mongolian Horse superior in stamina?,0
8146,"Is it possible to have undamaged healthy cell, that is dead?",0
10129,Return 3 smallest elements in a list,0
10392,Project Euler problem # 3 is this the most efficient approach in Python or can I do better?,0
7815,Use numbers or algebra when introducing an evolutionary biology concept?,0
3771,Probability of an odd number in 10/20 lotto,1
7334,"Is this mammalian embryo blastocyst, gastrula or only phase between them?",0
7272,Identify this larvae that lives on a musrhoom?,0
9103,Using return value vs out parameters,0
6011,"If crocodiles are k-selected, why do they supposedly ""not age,"" as in avoid senescence?",0
2070,Using the implicit function theorem to prove that a function attains a certain value,1
5647,Differential equation $(u')^2(1+\alpha u^2)=1$,1
4774,Number of ways of selling 5 products for 4 customers,1
11694,onResize and onLoad handlers to toggle mobile layout,0
1769,Why is the intersection of algebraic subsets of an algebraic variety again an algebraic subset?,1
7872,DNA ligase mechanism,0
11649,Is it admited to give the complexity of a function regarding the resulting data structure?,0
2510,End - extension in the complete theory that isn't elementary extension,1
2463,Number of directed multigraphs with $n$ arrows?,1
8658,Cellular respiration — How is the water expelled?,0
8045,Can Coronaviridae mutate into something as dangerous as Flioviridae?,0
11469,How does one formulate a backtracking algorithm,0
6442,Does the second law of thermodynamics cause aging?,0
884,"How do I find, by the definition of a derivative, the derivative of $\tan x$?",1
613,Finding the value to which a series converge.,1
6422,What is the term for a given interpretation of a fossil record?,0
11148,Upload multiple photos to server,0
5698,"Is Lebesgue measure the only measure that is locally finite, strictly positive and translation-invariant on $\mathbb{R}^n$?",1
7490,What type of distribution should binding affinities fit?,0
4519,Find a Lyapunov candidate for scalar system,1
3583,Iterated Integral with variable substitution,1
265,Geometrical explanation for Derivatives,1
5771,Position Vector of a point given three other points,1
7091,Protein degeneration/excretion in cell,0
5160,what is the proper term/terminology for this?,1
7583,I saw these patterns on a hill. Which insect makes such a pattern?,0
2846,Main branches of mathematics,1
8991,Could Racemic Epinephrine be used to Treat Anaphylaxis?,0
8419,How do eukaryotes terminate transcription? (clarification on Campbell Biology),0
2910,Computation of $\omega$- limit set of the given system.,1
7608,"If an organism is supported only by cartilage, does it have an endoskeleton?",0
9816,Creating the design matrices for a canonical correlation analysis,0
309,Find the Solution Set to the Exponential Equation,1
6435,How are chromosomes counted at the end of mitosis in a plant cell?,0
2714,Minimality of the Generator of a Kernel,1
5260,Complex Inequality and convergence,1
10460,Function to class migration: constructor best practice,0
999,Level-set of constant rank,1
11205,"Meaning of the ""why not"" modality from linear type theory?",0
10832,Normalising fractional numbers,0
10683,List enrolled users & show checkmark if all activities are complete,0
3299,A die is rolled three times. Find the chance that: Two of the numbers are the same and the third is different?,1
7061,How can you identify if a person is homozygous for a certain allele?,0
9111,What is the connection between data structures and data types?,0
7578,Which information can be extracted from time course RNA-Seq Data?,0
2455,"If weak topology and weak* topology on $X^*$ agree, must $X$ be reflexive?",1
947,Evaluate $\lim_{x \to \infty}\left(\frac{2}{\pi}(x+1)\cos^{-1}\left(\frac{1}{x}\right)-x\right)$,1
3766,Derivative of the exponential of a function,1
3457,Prime avoidance lemma (from Eisenbud),1
841,The Third Derivative,1
9767,Calculate amount of elements in collection by property,0
7864,Questions about RNA Polymerase,0
6041,Oscillatory electrical system using a chain of neurons,0
1328,"Is $R\operatorname{Hom}(\bullet,R)$ a triangulated functor? What is the opposite of a triangulated category?",1
7170,Do humans learn to distinguish different senses?,0
6171,Is there a biological environment that we can we assume glutamate exists as glutamic acid?,0
4624,questions on singularities in complex analysis,1
11490,"""Linked"" Enum value attribute",0
2808,If $E=Kernel T$ then $E^\perp=\overline{Im(T^*)}$.,1
2776,About the uniqueness of a quadric determined by sufficient points,1
5515,Closed form solution to take a ratio and adjust an entire matrix by it?,1
1082,How was this summation simplified to: i*n - i + 1?,1
4765,take derivative of a function where the variable is a vector,1
6286,What is the name of cell structures that have an adaptation to increase their surface area?,0
631,Finding the proof of a bound on the roots of a polynomial,1
6406,Why would a flower evolve such that a particular pollinator cannot pollinate it?,0
9826,What is the order of the Pancake graph in Given example & what are the properties of Pancake graph?,0
5567,Is the subgroup generated by two closed subgroups closed?,1
1519,Poisson bracket of function of coordinates in terms of canonical brackets,1
10383,Calculate Hand Value in a Blackjack Hand,0
9560,Can I Use Machine Learning to Predict the Likelihood of an Order Being Shipped?,0
11289,"Expected number of maximal cliques in $G(n,p)$",0
2408,Entire + periodic in imaginary direction + bounded on the real line implies constant?,1
11086,Creating an Excel sheet and appending namings for a matrix,0
4722,How to define Mach Subsonic by the Mach Supersonic?,1
11613,(semaphore y=1; int x=5) vs (semaphore x=5)?,0
8700,What bird is this seen trekking in Nepal during descent on Manaslu circuit?,0
9123,Reading a line of text from a socket,0
11266,Decide if number is Armstrong number,0
9027,What is the $4k$ kernelization algorithm for Planar Independent Set?,0
4331,Level Sets of Symmetric Functions,1
1023,Display cans of food in a square-based pyramid.,1
4467,"Understanding the relationship between a distribution, an event, and a random variable",1
5171,Probability of picking rooms,1
8796,What is the highest pressure at which plants can survive?,0
5019,Proving integral Convergence using Monotone Convergence Theorem,1
5195,"A,B,C are angles of an acute angled triangle , what is the minimum value of $\sin^4A+(1-\sin A)^4+\sin^4B+(1-\sin B)^4+\sin^4C+(1-\sin C)^4$",1
3000,Is total variation a continuous map from complex measures to positive measures?,1
4092,Pumping Lemma Proof for $ww$,1
9607,Reduce repetition in these Redux CRUD actions,0
11656,Stock quote checking script,0
10,Big Mathematics Challenge on Set and Summation?,1
10023,Procedure to automatically solve field theorems in a SMT solver,0
5105,Interpretation of the Laplacian operator in graphs,1
10769,Perfect Probabilistic Encryption still requires key length about as long as message,0
5360,Closed form for Complex Infinite Series,1
1581,what does 'a set of vectors is linearly dependent in a subspace of $\mathbb{R}^4$ ' mean?,1
509,Which pullbacks preserve the sheaf of differentials?,1
9668,Metropolis algorithm Simulated annealing,0
8810,Recommended applications for commercial antibodies,0
6454,How to get sulfate reducing bacteria?,0
11475,Macro for rounding with variable precision,0
3582,Airplane decelerating as a function of speed,1
3801,If $R$ is a binary relation over $A$ where $I_A \subseteq R $ and $R \circ R \subseteq R$ then $R$ is reflexive and transitive,1
297,Why is function y in Riemann steiltjes integral $\int xdy$ required to be monotonic?,1
7829,DNA & mRNA During Transcription,0
2285,"If $f(k) = x^k$ for rational $k$ is continuous at single rational value, will it necessary be continuous for all other rational points?",1
6373,Ipsilateral vs contralateral side of body,0
2274,Computing the $f_{Y|X}=\frac{1}{2\sqrt{1-x^2}}$ over the unit circle,1
1387,Using concavity of log to prove $L^p$ norm is increasing in $p$,1
4190,Complex series convergence domain,1
1971,Need help integrating $\tan x$ and $\tan^n x$ using reduction,1
6882,What is meant by increase in information embodied in the system?,0
262,Classifying Lie group homomorphisms,1
147,Is this an equivalent definition of Hölder continuity?,1
10306,Generating rooted labelled subtrees of a JS object,0
9935,Get metadata from an Icecast radio stream,0
5652,In how many different ways can 3 men and 4 women be placed into two groups of two people and one group of three people if...,1
3962,Reflexive with Respect to a Norm,1
720,Help understanding vector-by-vector differentiation identity,1
7890,"Is ""cell proper"" considered a biology term / well defined concept?",0
489,Unambiguous inequality notation,1
6400,"How far in evolutionary distance is the P-distance estimator ""accurate""?",0
6730,"Expected $\mu$ and $\sigma^2$ for a phenotypic trait, given heritability h and known parental phenotypic measures?",0
7133,How does MEME compute the background frequency of nucleotides?,0
11369,Shifting event times to and from time zones,0
5782,"A $\Delta ABC$ has vertices lying on a circle $w$ of radius $1$, with $\angle BAC = 60^\circ$. A circle with center $I$ is inscribed in $\Delta ABC$.",1
2158,What is the physical interpretation of homogeneous?,1
9083,Thread-safety and delegates with generated numbers,0
9181,Avoiding repeated code in worksheet,0
9771,Four algorithms to find the Nth Fibonacci number,0
11688,Append table cells to select boxes in indexed order,0
94,Generating hex color from a pair of numbers,1
2247,Lipschitz Constant for Equation System,1
6360,What is the point of DNA sequencing?,0
3764,Is the subset of a relatively compact set relatively compact?,1
2773,How do I cut a square in half?,1
10917,Generic observer pattern implementation in C++,0
9179,Javascript Object of Arrays manipulation,0
10262,Counting paths between 3 cities in C++,0
9167,Matrix OOP implementation using C++11 and C++14,0
10745,"Is the language $L=\{a^nb^mc^k | k \ge max (m,n) \}$ CF",0
789,"Why use a particular regularization for $\int_0^\infty \mathrm{d}x\,e^{i p x}$?",1
180,"If $X/M$ is a normed space with the induced seminorm, is $M$ closed?",1
5170,Probability that a person has a disease,1
7804,Why don't cells double gene expression after S-Phase?,0
8229,What is the advantage of being tired after having a sex?,0
6585,Finding steady state concentration given half life and production rate,0
11821,Why does my Genetic Algorithm not work for higher number of individuals?,0
1595,Quaternions as roots,1
4104,"Uniform convergence of $\{n\sin\frac{1}{nx}\}$ on $(0,1]$",1
9886,Method Ordering - Readability / Maintainability,0
8887,Can P. falciparum and other malaria parasites be cultured and genetically engineered?,0
8024,Why don't amino acids get linked in the functional groups of acidic and basic amino acids?,0
4351,Intersection of two affine subspaces in vector space,1
1285,What is the inverse of $f(x )= x \operatorname e^{|x|}$?,1
6366,Living on pure glycogen?,0
4360,How do I check if there is a proof for a certain theorem?,1
187,Area of a decentered circunference,1
3131,Quadratic Equation Based Problem:Prove either $a = 2l$ & $b = m$ or $b + m = al$,1
9684,Android single activity app structure for smooth ux,0
1054,Difference between a number and a set with one number,1
2697,Watson's proof on Graf's addition theorem,1
6334,What do trans-fats do when in human body?,0
10692,Computing the shortest path in a labyrinth,0
604,Mean value theorems for integrals on an open interval,1
2951,How to determine the matrix $C$ in $C=P^{-1} A P$?,1
3913,Is there a powerset with the cardinality of the natural numbers?,1
5427,Prove that these $3$ functions are constant given a relation is satisfied by divisors of them,1
5539,Tensor contraction with multiple indices,1
10703,Sum of Squares/Square of Sum Difference,0
4058,Help with complex analysis series question that's troubling me,1
4188,"Questions about the proof sketch of ""$\{x\}$ is a deformation retract of $\overline{St}(x)$""",1
9286,Are finite state transducers and Mealy machines the same machines?,0
7192,Why don't antibiotics affect mitochondria?,0
11639,Proper use of mysqli->close();,0
1536,Why this expression is a characteristic function? (Infinitely Distributions),1
7616,What don't we know about cancer?,0
10549,Mergesort performance in C,0
3705,Finding a matrix that satisfy a givven inner product,1
2056,Prove that there is a natural injection $U \otimes V \rightarrow E \otimes F $,1
11774,Function to check that a Python list contains only True and then only False,0
11796,defining the operational semantics of a concurrent language,0
11394,File-copying Manager,0
6678,What is the mechanism responsible for the periodicity of hiccups?,0
10329,Are intersection and union redundant? Possibility to get smaller output without negation?,0
1389,Is there any number greater than 8 of the form $2^{2k+1}$ which is the sum of a prime and a safe prime?,1
4371,Sufficient Estimator How to proceed?,1
11710,Managing a wish list from an API,0
5438,Showing that a certain function is $C^1$,1
120,Let $(L_n)$ be a sequence defined by $(1/(n+1)) + (1/(n+1)) + ... 1/(2n))$. Show that $(L_n)$ is monotonic increasing.,1
876,Lower limit topology regular space $ T_3$,1
2013,"distinct complex embeddings of a Kleinian group, and Mostow-Prasad rigidity",1
7912,same osmotic pressure of different solution,0
7447,Why do we sweat after drinking water and running?,0
11660,CPU cache - retrieving data from memory,0
5593,How are these definite integrals equivalent? $ \int_0^\infty B'(x)S'(t-x) dx = \int_{-\infty}^t B'(t-x)S'(x)dx $,1
692,$\lim\limits_{t\to\infty}t-x(t)=0\ ?$,1
8301,Can NSAIDs impact negatively the healing of tendons?,0
7745,"Bird identification: song two low, two high, five short",0
7498,What are the metabolic concerns associated with hard water?,0
704,Proof equivalence relation,1
3973,"Sequences $p,p+d,p+2d,\dots,p+N\cdot d$ of prime numbers",1
7001,Can neurons become cancerous?,0
3514,Question about a proof of PA$_2$'s categoricity,1
10296,Swap previous non-whitespace character in emacs buffer with some known analogue,0
1925,Runge-Kutta ODE Solver,1
6656,Biological significance of correlation between the radius of gyration and number of layers of convex hull of protein structure,0
1539,Finding Supremum and Infimum of a given set. Is my solution correct?,1
7988,"Are all dead plant cells (that die to do a job), have secondary wall?",0
3376,Self-avoiding walk on $\mathbb{Z}$,1
2203,Properties of a Mehler's type integral,1
4097,Is there a discontinuous function such that it is continuous on each restriction?,1
4843,Signed measure: descending sequence,1
6762,phylogenetic Independent contrasts with unresolved tree,0
10410,Anti-Bot comment system,0
9016,Conversion of RE to NFA,0
9553,Which pattern could help to refactor this controller code?,0
1110,Convergence rate of Newton's method (Modified+Linear),1
222,Finding an interval of solutions from a Game Theory problem,1
10921,A small to medium sized pygame game,0
1322,"If $X$ is an exponentially distributed variable with mean $ \lambda$, $Y=−3\ln(X)$ has Gumbel distribution?",1
1300,Operator that mantains unit vector,1
9058,Sample Banking System Deposit Function,0
8119,How is a synapse held in place?,0
1765,Is this possible: ( neg X AND Y) OR neg Z  (neg X OR neg Z) AND (neg Y OR Z),1
550,$\lim (t_nx_n + (1-t_n)y_n) =a $,1
139,Proof the degree of a reflection through a hyperplane is −1.,1
4889,Convergence of powers when we have convergence in $L^\infty$ norm.,1
9280,Can we express the program to find last element of a list as a catamorphism?,0
11178,Fastest method of randomly swapping array indexes / generating random alphabets in C++,0
4278,Some elementary real examples of continuous/discrete LTI systems,1
1570,Unconventional models and Peano Arithmetic,1
3327,Questions about the set of sequential limits of a sequence,1
1372,"Conditional Density, Additive Gaussian",1
7776,What is holding the immune system back to not attack human body cells?,0
8481,What equation to compare protein isoforms in a Western Blot?,0
486,Taylor series of $\sum_{k=0}^\infty \frac{x^k}{k!} \log(\Gamma(k+1))$,1
5445,Zero functions on open interval,1
4981,What is the probability that a random variable is smaller than null?,1
2992,Help me find $a$ (which is a component of an orthogonal projection) for which $G◦F = 0$,1
9972,Is the optimal order of graph vertices s.t. minimizes edges to later vertices a well-known problem?,0
4831,How can these two subsets be homeomorphic?,1
4209,How to find the derivative of the following matrix?,1
7212,How can the following data regarding flower phenotypes be explained?,0
7768,RNA-Seq library construction challenges: the biases of RNA fragmentation vs cDNA fragmentation,0
373,"Proof that a function is Riemann integrable if for any $\epsilon > 0$ there exists a partition P such that: $U(P, f) − L(P, f) < \epsilon$",1
531,Book Recommendation For Ordinary Differential Equation.,1
8117,"What is the name of this plant which is located in Hyderabad city of Telangana State,India?",0
1213,An application of Runge's Theorem to approximate analytic functions by polynomials,1
4553,Summation of infinite series with product of denominator factors in AP,1
11995,Quick Sort Implementation C++11,0
6593,Can viruses be deformed?,0
10825,Count how many times values has appeared in list so far,0
4989,"Is Modal, Deontic, and Doxastic Logic Just a Specific Extension of Predicate Logic?",1
10815,2-dimensional ranking of multiple arrays,0
1922,"Is the complement of the closed unit disk in the plane homeomorphic with $\mathbb R^2\setminus \{(0,0)\} $ ?",1
10819,Is the length of the shortest quine in a programming language computable?,0
764,Computer Science maths - graphs and trees,1
7798,Meaning of acceptor/donor splicing sites?,0
8934,Origin of the 260/280 ratio?,0
749,Integration Problem: $ \int \sqrt{2^2 - x^2} $,1
3494,"Calculate the height of the tetrahedron OABC with respect to O, given the points O(0,0,0) , A(2,4,0), B(0,2,4), C(6,0,2).",1
8725,Is the structure of human brain white matter fixed at/near birth?,0
7592,List of amino acid frequency of different foods?,0
7520,Guide RNAs and SNPs for nanopore enrichment,0
43,The intersection of Riemann-Stieltjes integrable functions,1
1137,Proving every metric space is normal,1
4650,Closed disk is simply connected,1
4911,"If the average mark of all students in an exam is $30/100$, show at least $20\%$ of the students got at least $10/100$",1
6998,How to calculate the Position Weight Matrix score?,0
7891,Why arent mosquitoes found near neem trees?,0
11756,Arrow anti pattern with crutch,0
5899,Exam question: Normals,1
9159,Why doesn't this derivation of the margin in a SVM give the correct result?,0
7624,How is protein cavity centre related to binding?,0
5865,How do I show this relation among partial derivatives,1
6751,Will carpenter bee larvae die if trapped or find a way to bore out?,0
9841,Hash Table: How to Calculate Max Load of a Bucket in Practice,0
7443,Basic Molecule Editor for use in journals / theses?,0
7196,Does the brain and the body use the same energy source (glucose/ATP)?,0
7504,What kind of red and black insect is in the photo?,0
7140,How does a tiny spider interpret/cope with gravity?,0
3448,couple of questions in probability,1
2689,Convergence in distribution implies stochastic boundedness,1
2206,"Fourier analysis question, orthonormal basis.",1
6452,What drives male fish to spray their milt?,0
9447,Is the credit assignment problem a well-posed one?,0
8088,Can a hinge joint technically allow rotatory motion?,0
1003,"Relation between Ramsey Numbers: $R(s, t) > (t-1)(s-1)$",1
1675,How to classify this PDE: $\frac{\partial u}{\partial t}+\frac{\partial}{\partial x}\left(u^3+au^3\frac{\partial^3u}{\partial x^3}\right)=\frac bu$?,1
9726,Initializing events on class,0
1717,Definite Integral of $\int_{0}^{\infty}3^{-4(z^2)}dz$,1
10376,solving ()=(/3)+(/6)+1 without Akra-bazzi method,0
3535,finite group whose only automorphism is identity map,1
5523,Wreath Product of $\mathbf{Z}_{p^n}$ and $\mathbf{Z}_{p^m}$,1
2588,Using connectedness to show that $\mathbb{R}^n$ is not homeomorphic to $\mathbb{R}$,1
4906,Distribution of a function of a random variable,1
4549,What is the size of each side of the square?,1
4349,Proof of direct product using kernel and bijection,1
189,Represent all elements of a field in terms of a primitive element,1
6505,Are the y-axis values informative when performing biolayer interferometry?,0
8944,Purpose of antibody wash,0
8401,How can I reduce the background gradient in phase contrast microscopy?,0
11158,Is $\frac{n}{\log n} \log \frac{n}{\log n} = O(n)$?,0
3620,"How to solve $a^x=x\,(\text{mod } 10^{12})$",1
5665,Convergency of series,1
6233,Units of parameters in epidemiological model,0
3523,Strictly Monotone Sequences of Subsets of Real Numbers,1
6251,Can creatures that can see color in completely different visible spectrum exists?,0
1495,On the continuity of functions in 1D Sobolev spaces,1
5574,Absorption Law proof,1
9849,Memory usage in Reversi board state,0
8676,"Is the heart more relaxed when stretched or contracted, and how does it affect cross-bridge interactions?",0
3716,Convergence of random variables and Law of large numbers,1
1543,"How to prove $\frac a{\sqrt{a^2+3b^2+3c^2}}+\frac b{\sqrt{3a^2+b^2+3c^2}}+\frac{c}{\sqrt{3a^2+3b^2+c^2}}\le\frac3{\sqrt7}$ when $a,b,c>0$",1
177,Сanonical form of a quadratic form by Lagrange's method,1
10034,"""Suspicious comparison of integer references"" while checking for a monotonically increasing sequence",0
9252,what is a compiler intrinsic function?,0
4426,"The equivalent of least squares, but for vectors",1
2754,Can I substitute $\beta A \alpha^{1-\gamma}$ with $c^\gamma$?,1
5510,X compact iff any collection of closed set closed by finite intersection have a nonempty intersection,1
10905,Acceptable way of using jQuery methods in Angular directives,0
2140,Confusion about linear convergence,1
7714,Alternatives to ethidium bromide for staining small nucleic acids?,0
2698,Proving $\lim_{h \to 0} \frac{|h|^\alpha}{h}=0$ given $\alpha > 1$.,1
7538,Does avocado and orange have a common ancestor?,0
11087,Test runner for Scala problems,0
4481,Radius of convergence for $\sum_{n=1}^{\infty}a_{n}z^n $ and $ \sum_{n=1}^{\infty}\frac{1}{a_{n}}z^n $ is the same .,1
10055,What can I improve on my iOS PDF class?,0
7830,What are flagged primers?,0
10778,"What does ""prompt collection"" mean in the context of memory management?",0
6554,Can Omega 3 Fatty Acids prevent chest pain in periodic Atrial Fibrillation?,0
7053,Where can I find SARS-CoV-2 genome sequences for the UK?,0
7129,The most reliable way of identifying deer antler measurements?,0
10161,Excel Mapping Module,0
5803,Expectation of an exponential bivariate case E(exp(abXY)),1
6682,Does the apical bud grow back after being removed?,0
3093,I don't understand how to prove $X^n -1 = \prod_{d|n}{\Phi_d}$ where $\Phi$ is the cyclotomic polynomial,1
11114,Selecting and copying event log entries for some machine,0
2422,Solving an ODE with a jump in the source term,1
1028,"If $A\subset X$ is a deformation retract, then do we have $\pi_k(X,A)=0$?",1
6842,Transposons and the net amount of DNA,0
11080,Building tree structure based on flat objects - second follow up,0
10774,Getting integer values and one CSS class name,0
5569,Asymptote Angle rate of change for hyperbola,1
10081,Calling API (with rate of 5 calls/second) using Jersey client,0
2712,stagnation of a function and gradient descent,1
4069,Prove distributive law in Hilbert system,1
4967,On Permutation-Similarity and Block Diagonals,1
8358,Soft and Hard selection,0
3601,How to find the maximum tension a wire will experience when a sphere is tied to it in a circular motion?,1
7327,Isn't biological immortality strictly speaking impossible?,0
4580,$PQ= \sum_{i=1}^n p_i q_i^T$,1
2053,Is the set described below disconnected?,1
2453,How to determine parameters of a normal distribution from a limited range of points?,1
3959,What is the maximum number of squares we can compact within a defined area?,1
3760,Every periodic Function can be rewritten as a sum of alternarnations of itself,1
9565,What does $\text{dom}(\Gamma)$ mean in the context of an inference rule?,0
385,help with hyperbolic functions like sinh and tanh,1
11025,Capture Min() And Max() Of Numbers Input,0
779,Pushforward of differentials (?) and Abel Jacobi map on principal divisors,1
783,"Compute the following Lebesgue integral $\int_{[0,\pi/2]}fd\mu$",1
4807,"Given a Pattern, find the fractal",1
4757,Find largest integer $x$ such that $3^x$ is a factor of $27^5$,1
2616,Determine the dimension of $V$,1
8874,Ideas for microbiology lab. Antimicrobial properties of cutting boards,0
9707,Decide whether a polynomial has a root,0
2735,How Assign Exponentialy increasing probablities to a random number,1
136,Binary expansion of $\frac{1}{\pi}\tan^{-1}\left(\frac{5}{12}\right)$,1
9773,Linear programming maximizes the minimum distance problem,0
939,Is this inequality true for all k ? $\sum_{n=k}^{n=+\infty} \frac{1}{n^4} \leq (\sum_{n=k}^{n=+\infty} \frac{1}{n^2})^3$,1
7103,How long do the periods of systole and diastole last?,0
6690,Is an ephemeral stream in an unflowing state considered a lentic or lotic environment?,0
8085,How is Hypertonic Urine Produced in a Mammalian Kidney?,0
6588,Exclusion Limit and permeability of outer membrane,0
10944,Playing pure sinusoidal tones,0
10852,Does any algorithm loops at some point?,0
4007,What are the eigenvalues of this infinite dimensional matrix?,1
10200,Scoped time sink implementation,0
10414,A visitor at a political convention with n delegates,0
3333,$\frac{4^p - 1}{3}$ is a Fermat pseudoprime with respect to 2,1
10008,"Alarm clock with ""ringing"" functionality",0
3596,Probability of same number,1
3763,Show that the rv $X = -X$,1
8185,Is the skin of feline jungle predators protected against ants?,0
8394,Do genetic modifications exist to enhance the taste of tomatoes?,0
6181,Is there any conclusive study relating the food consumed and the occurrence of acne?,0
1598,Generating series of integers with a specified sum,1
4506,Choosing three integers to satisfy an equation under a specific condition,1
6848,Recombination between DNA segments question,0
3026,How to compute the Laurent series,1
8220,In a sugar such as a disaccharide are both ends of the sugar known as reducing ends?,0
5536,Long term lottery probability with multiple-number tip,1
9979,Amortize time for a counter with the operations INCREMENT and DECREMENT,0
8163,What does Δcys mean after a gene name?,0
9482,Download pictures from Reddit,0
10655,Why are processes on the internet not required to use TCP or UDP?,0
3190,Finitely Many Extensions of Fixed Degree of a Local Field,1
4417,Discrete math Group - Isomorphism and Automorphism,1
5370,"personal enrichment in science and, particularly, in math",1
670,why are there only two methods of vector multiplication?,1
9929,Complexity of finding the largest $m$ numbers in an array of size $n$,0
11972,DFA for accepting all binary strings of form power of $n$ (not divisible by $n$) i.e. $n^k$ for given $n$,0
393,L'Hospital's Rule for the indeterminate form $0^0$,1
2444,Intiution behind the theorem about locally compact Hausdorff spaces,1
7949,How much mass does a person lose in a day through breathing and perspiration?,0
4948,Differential equation note,1
11014,OO and non-OO usage of Mysqli,0
2746,Surface area of a revolution integral problem,1
8530,What is the mechanism by which bactericides kill bacteria?,0
4997,A set $A$ is nowhere dense if and only if every non-empty open set has a non-emtpy open subset disjoint from $\overline{A}$,1
6575,"What is the biological basis for a human's ability to think clearly and be aware while ""fighting/competing""?",0
3679,"On a two point perspective drawing of three equidistant vertical objects, what is the distance on paper between the third and second object?",1
8241,Where does an organism store reserves of amino acids?,0
9256,Extracting Country Names from Cell Values,0
4820,how to differentiate a function with square root,1
10746,"Given a valid combination, how to get its index in the sequence of integer partition",0
8473,Does blood typing still provide a use for ancient tissue analysis?,0
8634,How do I prepare a solution? (Calculation),0
3708,Bayesian Gaussian Mixture model,1
11743,Avoiding instanceOf when finding index of an interface within a list,0
3949,Is there a way to solve this equation? (maybe with Lambert's W Function?),1
10690,Is there any other computation theory besides the one in automata theory?,0
3725,Normalizing a Cauchy Distribution,1
5349,Finding all the possible dimensions of Kernel with a nilpotent linear transformation,1
6437,Pros/cons: linear vs. circular DNA,0
6641,Do animals have greater tendency to care for their opposite sex siblings due to mate competition among same sex siblings?,0
5764,Proof of eigenvalues,1
1654,Legendretransformation of convex function in 3 dimensions,1
11886,Extension method splitting string on each capital letter,0
7325,Why is the variance of the Wright-Fisher model not equal p(1-p)/(2N)?,0
11377,3n + 1 programming challenge in Python,0
10880,Eight queens with Java,0
8254,From DNA to final traits of microorganisms?,0
4635,Determining $P(x_1<x_2<x_3)$ when a pdf is given,1
5082,Is $\int_{t-0.5}^{t+0.5}{a(\tau)d\tau}$ also bounded for all $t \in R^{+}$?,1
4945,Integral of the Lebesgue measure,1
3621,if $K$ is a compact operator then there is $K_\epsilon$ with finite dimensional range within the Ball radius $\epsilon$.,1
8544,Assumptions of the models for haploid and diploid selection,0
8375,Western blot alternatives,0
2556,Do the decimal digits of $\pi$ and $\sqrt{2}$ coincide infinitely often?,1
11118,Getting NTFS permissions of all shared folders on the local machine,0
9393,Is the verifier for an $NP$ and its $co-NP$ the same?,0
6721,Chromatids in metaphase?,0
4111,Prove the improper integral is absolutely convergent,1
1291,$\sum_{n \in \mathbb{N}} x_n$ converges if $\sum_{n \in \mathbb{N}} \|x_n\|$ is bounded?,1
5245,Determining truth of one event given another problem,1
2680,Projective module of constant rank $1$ is finitely generated (K-Book),1
10543,Weighted interval set scheduling problem,0
10570,Graham scan implementation in Haskell,0
11041,JavaScript debounce function,0
10831,Strings: Making Anagrams,0
10331,Random index generator in C++,0
5281,"Given $a,b,x>0$, $x (a^y+b^y)^{1/y}$",1
934,Box Plot Log Scaled?,1
4591,Determining how many roots a cubic equation has.,1
3528,Understanding bijection $f_k:\mathbb{N}^k \to \mathbb{N}$,1
4418,Evaluate $\lim\limits_{n \to \infty}\frac{(-1)^n}{n!}\int_0^n (x-1)(x-2)\cdots(x-n){\rm d}x$,1
7737,Why is erythropoietin produced in the kidney?,0
9646,Solving the max-subarray problem from CLRS in C++,0
10270,Placing a point between two nearest ones,0
4179,"Conditional Joint Density Function $(Y | X) \sim \mathcal{N}(x, 1)$ and $X \sim \mathcal{N}(0,1)$ whats $f(y | x)$",1
1184,How to evaluate a definite integral that involves $(dx)^2$?,1
5683,How can a semidefinite program be written as a linear program?,1
5385,Prove that the nonzero element $[a]$ of the ring $ Z /(n)$ has a multiplicative inverse iff $a$ and $n$ are relatively prime.,1
6687,shRNA knockdown not showing with Western,0
1507,What is a function called that maps the minimum of the domain to the minimum of the codomain?,1
2762,Any tips for solving problems like this?,1
9431,Returning the result of whichever method finishes first,0
1773,"Show that $\mathrm{min}(\frac{a}{b},\frac{a'}{b'}) \leq \frac{a+a'}{b+b'} \leq \mathrm{max}(\frac{a}{b},\frac{a'}{b'})$",1
5769,Holomorphic function on $D\cap \{z:Im(z)>0\}$,1
3268,$G$ has a Hamiltonian path iff $G+v$ has a Hamiltonian cycle,1
7606,"What is the distinction between the terms detrivores, decomposers, saprotrophs and saprozoic organisms?",0
1546,Does this apply: $\sin^2(\pi t-\pi) + \cos^2(\pi t-\pi) = 1$,1
1662,Style guide for the use of '$( \ )$' versus '$[ \ ]$' in mathematics?,1
6314,"Does LSD ""stay"" in your fat storage and then ""returns"" back?",0
11008,Scraper for downloading and saving images from web page,0
9295,Preview method for multiple types of panels,0
8652,What is the effective population size of a simple two deme metapopulation?,0
3120,Number repositioning,1
3399,"Proof verification: If $f$ is holomorphic on an open set and if $Re(f)$ is constant, then $f$ is constant.",1
7213,Do male animals visually perceive females as more/less attractive?,0
9871,Is there a decidable problem which has a proof that it cannot be proved to have a particular deciding Turing machine?,0
6973,Saturated Mutagenesis Screening,0
9665,Concentration bound for sum of dependent geometric random variable?,0
8842,What is this black insect?,0
4552,Why do we need Lie derivative?,1
4921,Inequality $n^{\sqrt{n+2}}>(n+1)^{\sqrt{n+1}}$ solution,1
9336,Doubly linked list implementation in C,0
9032,Reset an input field after submission,0
2311,"On sequences of differentiable functions, prove that $\{f'_n\}$ converges uniformly to the derivative of the pointwise limit.",1
6746,What causes a selective shift of colour perception after removing wavelength filtered glasses?,0
702,"Orthogonal complement of span$\langle\, \sin, \cos\,\rangle$ in $L^2$",1
5380,"Special Power Set that does not contain ""mixing"" of subsets.",1
5848,Integral Involving Cos and Cosh,1
3212,Conic section. Equation of section plane in 3d.,1
593,Definition of a Limit: Changing Signs,1
9571,Newsletter SQL query optimization,0
964,Calculating Fourier Transform of $e^{-a|x|}$,1
4492,Finding a vector in the plane of one vector and orthogonal to another,1
624,Uniteratable Functions,1
11516,"""Angry Professor"" Python implementation",0
5583,Is the group generated by $f(x)= x+2^{\nu_2(2x)}$ and $g(x)=2x$ a 2-dimensional affine space on $\Bbb Z[\frac12]\setminus 0$?,1
6923,Why is a gene for a fluorescent protein used rather than one for an enzyme that produces fluorescent molecule?,0
8900,Experiments in vitro vs those with dead organisms and fixated tissue,0
10269,Could this PHP Facebook class be any more OOP-ified?,0
10955,Class-Definition Comparison,0
2436,"Let $T \in L(\mathbb{R}^n,\mathbb{R}^m)$. Prove that $T$ is differentiable at every $x \in \mathbb{R}^n$.",1
866,uppersemilattice end extensions,1
1365,Proving a Complex Function is Continuous at the Origin,1
4901,Showing $||T||_{op}$ is bounded,1
2375,solve : $3^{\log_3 \sqrt{(x-1)}} < 3^{\log_3{(x-6)}} + 3 $,1
7177,Proline Iminopeptidase v Proline Aminopeptidase,0
3314,Fenchel conjugate of a particular function,1
11386,Simple Countdown Timer,0
7316,"If the covid-19 appeared once, could it reappear anytime?",0
5093,"If $A$ is Compact, all Continuous Functions on $A$ are Bounded",1
2928,Discrete log for prime powers,1
10486,Log table with a summary of claims,0
1414,Working with Maple toolbox for Matlab,1
10797,Is there a #$P$-complete counting problem such that every (valid) instance of its decision version is a Yes-instance?,0
6567,Why does ice reduce swelling?,0
679,solving quation : Summation of variables equals k (with conditions),1
7993,How do scientists kill the bacteria they themselves made resistant?,0
6471,At what g force do bacteria start to pellet down a tube?,0
10223,Matrix multiplication with OpenMP parallel for loop,0
11477,Proof of equivalence of regular expressions (0 + 1)(0 + 1)* and (0 + 1)*(0 + 1),0
10837,Naive implementation of KMP algorithm,0
11410,"Sub language is not Turing-recognizable, or could it be?",0
6178,Neuroscience: zapping an axon connected to thermoreceptor,0
3289,2 Colored blocks and towers,1
11421,Error handling data from XML document,0
1295,Mixed volume of three squares,1
2195,Number of combinations of ice-cream with limited quantity.,1
7953,Understanding PAM and BLOSUM matrices,0
8452,Is Near-infrared focused light safe for your eyes?,0
11807,Faster and cleaner SHA-1 leading zero histogram with Python,0
9961,LeetCode: FloodFill Rust,0
1569,Does $ \sum_{n=1}^{\infty} (-1)^n\frac{3n-2}{n+1}\frac{1}{n^{1/2}}$ converge?,1
601,the Frattini subgroup of a finite abelian group of order $p^n$,1
11038,Max nodes whose value exceeds all neighbors,0
8487,How does exercising/starved muscle import glucose (released by liver)?,0
106,Finding separable extensions in which a prime ideal in a Dedekind domain splits,1
3028,Martingale associated to Markov chain,1
8202,Is there redundancy in the auditory system like there is in the visual system?,0
9753,Hash table: When is it suitable to use modulo power of 2?,0
5285,limit of $2^n\arcsin\frac{\sqrt{y_0^2-x_0^2}}{2^ny_n}$,1
793,Is every real number the supremum of a set of rational numbers?,1
6168,Why is it that heterozygous loci appear as two separate bands during gel electrophoresis while homozygous loci appear as one band?,0
10321,Improving handling of Express endpoint,0
4639,Generalization of identity from geodesic flow,1
7747,"What is ""integrated spindle activity"" in plain English?",0
6649,Did the Broadbill Swordfish population fully recovered?,0
10993,"Value store (""optional"" type)",0
11376,Monotone Frameworks: Transfer functions for flow edges instead of labels,0
7052,How to interpret this cuffcompare result? Sensitivity over 100?,0
872,Generalization Limit,1
5776,"An explicit construction of the ""Veronese embedding"".",1
3273,Spivak's Calculus 4th ed: Absolute value definition p. 11,1
3633,$3$ distinct normals to the given parabola,1
10098,probability of collision,0
11187,Prove that all non-recursive languages are infinite,0
6099,Are homozygous carriers of the CCR5-Δ32 allele fully immune to all known strains of HIV?,0
7261,How can autoimmunity be selective?,0
3520,Intersection of constructible subsets in quasi-compact space,1
4710,Number of Discontinuous points,1
7471,Why are some fungi poisonous?,0
434,Positive and negative parts of a standard normal random variable,1
8314,How do tear glands secrete tears?,0
11060,Configuring a date picker with support for disabled dates,0
2464,I need a little help with a Calculus problem.,1
4872,$\mathcal{L}_{\mathbb{R}} \otimes \mathcal{L}_{\mathbb{R}} \subset \mathcal{L}_{\mathbb{R}^2}$,1
828,Convex hull of $\{ \Vert x \Vert = 1 \}$ is closed in strictly convex space,1
3238,Prove the inequality - inequality involving surds,1
5392,Plotting an ellipsoid using eigenvectors and eigenvalues,1
5045,Find a coordinate vector of a dual basis in a polynominal vector space,1
10160,API using NodeJS to recive data from client and send it to a server,0
10332,Priority in pair inside priority_queue on basis of both elements,0
8370,Does some form of self organizing map exist in the brain?,0
2955,Probability of finding at least $k$ consecutive heads in $N$ coin tosses?,1
1618,Critical confusion with the spectrum and resolvent of a compact operator,1
248,Linear transformation - basis/standard basis/linear independendence,1
7215,"Clarification regarding a statement in ""The Selfish Gene"" by Richard Dawkins",0
11009,Improvement of this method,0
6136,Basic question about symbiosis( or about kinds of symbiosis),0
7562,Can species be paraphyletic?,0
9513,(Finite Automata) Why the following is a NFA?,0
10884,Efficiently calculate the value of an arithmetic sequence,0
2924,Chinese Remainder theorem with non-pairwise coprime moduli proof,1
6689,Kinesiology Tape Benefits,0
1949,Does order of qualifiers matter in FOL formula?,1
5929,Calculate the probability using binomial distribution for a conditional statement,1
10445,MLP and backpropagation limitations?,0
3920,Euclidean Distance between a vector x and S,1
5092,Question on dual category.,1
6522,Number of MHCs in neurons,0
1149,"What is the sum of infinte values of x, where x tends to zero? Is the sum 0, or does it go on to become infinite?",1
2191,How to solve this question regarding permutations and combinations?,1
5735,Proving discontinuity at $x=0$,1
1027,Confusion with $U(1)$ and $SU(2)$,1
11537,Give LL grammar for this language?,0
5404,How to Derive the Sherman-Morrison Base Formula,1
11021,Pairwise adding tuples in a list,0
6934,Do cockroaches have less health issues than humans?,0
6106,Decreasing Solubility as Solvent Moves Higher in Paper Chromatography,0
8059,Short-term Lamarckism in asexual single cell organisms,0
1351,"Given two equations $(xax)^3 = bx$ and $x^2a = (xa)^{-1}$ in a nonabelian group, solve for $x$.",1
3054,Why the Objects of Homotopy Category not Homotopy Classes of Spaces?,1
3070,Lower bound on the norm of product of non square matrices,1
5509,Two point boundary value problem $x''+x =0$,1
2932,Showing that a map is not an isotopy,1
10806,C++ : N line segment Intersection,0
9116,Using await to break long-running processes,0
5235,What's the difference between a Minimum Connecting Set and a Minimum Edge Cover?,1
7125,What relation do glycerol-3-P DH and acyl-CoA DH have with Complex II of the ETC?,0
10557,Longest collatz sequence using dynamic programming,0
2099,Question in integral curve,1
7851,What is the smallest known organism with a skeleton?,0
6506,What is the death mechanism of an electrocuted Mosquito?,0
7380,Enhanced Spectrum Chloroplasts,0
10169,PHP secure hash generator,0
9998,Zepto / jQuery plugin base,0
9551,Does this regular expression equal this automata?,0
5658,Interior Points and Openness,1
2490,Something fishy in the Zeta function,1
1080,established a inequality,1
7667,How is it that ionic diffusion is independent of other ions?,0
2799,Determine whether it is true that this summation is zero for some increasing sequence of non-negative integers.,1
5439,Does a closed and bounded set in $\mathbb{R}$ necessarily contain its supremum and infimum?,1
2957,$\mathbb{B}^n$ has the fixed point property $\implies \mathbb{S}^{n-1}$ is not a retract of $\mathbb{B}^n$,1
5555,Supremum of family of measurable functions,1
7746,Does the DNA of a tadpole change after it becomes a frog?,0
40,"If a relation doesn't apply, is it considered true?",1
5110,Sphere to Ellipsoid affine transformation matrix,1
1718,The inverse matrix |${\delta}$| does it have an application,1
8113,"How likely will 2 normal bacteria ""attack"" each other if they infect the same parts of your body?",0
11296,Loop combinations of byte for Poker simulator,0
2219,Prove that a Language is Non-Regular Using Closure Properties,1
5713,Generalizing a famous card problem,1
9867,What is the maximum number of indices one can create on a table with N columns?,0
3509,Question concerning coclique number bound and Laplacian Matrix,1
2474,If $\frac{3\pi}{4} < x < \pi$ then $\sqrt{\csc^2 x + 2 \cot x}$ is =?,1
2596,What's the sum of $\sum \limits_{k=1}^{\infty}\frac{t^{k}}{k^{k}}$?,1
9097,NP-completeness proof via reduction,0
10861,Color swatch selector with multiple mouseover and mouseout functions,0
8118,SNP Genotyping Scanning technology,0
7878,Which variables are controlled in the mammalian womb to ensure a healthy environment?,0
7007,How the pattern of fertilization path is determined before the cell division to form the blastocyst? Is it individually specific?,0
9960,C# function to execute queries in a SQL Server database,0
3321,Find the limit to the following,1
1219,coloring with k colors where sum of two same colored have same color,1
3396,Mirror a line over a plane,1
1386,Is $\log(\log(n)) = \Theta(\log(n))$? Reasoning with words,1
632,"Almost an optimization problem, I have the minimum, but what are the best areas in search space?",1
8550,What is the name of this graph/plot?,0
4761,Squares in $\mathbb{Z}_p$ that are not squares in $\mathbb{Z}$,1
2656,Calculate inverse Laplace transform of $\exp(\sqrt{s^2-r^2})$,1
9013,Idiomatic way to construct a SQL INSERT query in Python,0
9914,Non-regularity of the set of primes in unary encoding using Myhill-Nerode,0
7305,UACC-462 cell culture,0
1277,"Extending the Axioms of Set Theory, and the Continuum Hypothesis",1
9717,Partial derivatives of bilinear Sampling,0
3193,"How to simulate an ARFIMA(p,d,q)",1
11735,Calculating primes until a user-given value,0
11395,Extension of PHP `round()` for PHP_ROUND_UP and PHP_ROUND_DOWN,0
3782,Asymptotic behaviour of Pythagorean hypotenuses,1
3092,$F$ is a closed set in $\mathbb{R}$ with $m(F^c)<\infty$ prove $\int_{\mathbb{R}}\frac{d(y)}{|x-y|^2}dy < \infty$,1
3519,differential equations exercise,1
2133,How many ways to choose 32 candies?,1
9629,Empty words in regular languages,0
1911,The trace norm cannot be increased by composing with a unitary operator,1
5498,Reiterating the piecewise-and-uniform-limit operation,1
6268,Epitope annotated protein,0
6859,Ribosomal DNA references sequences,0
5641,series of bounded measurable functions converge implies coefficients convergence,1
3069,Conditional Expectation in a Renewal Process,1
1143,A general derivation for a combinatoric problem,1
7378,"What kind of fish is this, caught in Cape Coral, Florida?",0
526,Find example for probabilities.,1
7459,Vitamin A Deficiency,0
8313,How do I look for pathogen in water with a microscope? Is it possible?,0
9958,Read contents of file with appropriate error handling (Rust),0
2448,"Abbott Exercise: Prove that $ x_1 = 3 $, $ x_{n+1} = \frac {1} {4-x_n} $ converges.",1
7987,Change of phase from juvenile to adult in plants,0
5601,Why is it true that $(a_1 \ a_2 \dots a_r) = (a_1 \ a_r)(a_1 \ a_{r-1})\dots(a_1 \ a_3)(a_1 \ a_2)$?,1
6070,Diffusion of Hypotonic solution into solution with glucose and starch,0
7437,Interpretation of picture of human chromosomes,0
9372,Updating an offset in a buffer after each read,0
10876,Clear cache files older than 30 minutes,0
5011,How to prove this $A$ is an invertible matrix,1
8936,Real time PCR parameter CT,0
2686,Indices/Exponents: Simplify the following expression,1
5635,Programming PARI/GP to do a sum,1
1715,Prove that $\log_n(n+1)\geq\log_{n+1}(n+2)$ for $n>1$,1
5243,Finitely generated monoids - how to show that there is not first order set axiomatizing them.,1
7151,Trade-offs between phage and yeast displays?,0
8677,Is Protein-to-DNA ratio a good estimate of cell size?,0
5174,Integration of error function,1
11439,Replacing files with symlinks to other files,0
10404,Check-digit algorithm that includes characters?,0
8559,Is the function of adjacent genes correlated?,0
11801,Bot that selects web reviews based on spreadsheet entries,0
6838,Is a butterfly one or two animals?,0
8788,How is the mRNA transported out of the endoplasmic reticulum?,0
5845,"prove existence + compute $\lim_{(x, y) \to (0, 0)} \frac{e^{xy} - 1}{y}$ - is my proof correct?",1
8130,Deciduous trees in tropical rainforest,0
3614,Prove that the line $y=2x$ intersects the cubic curve $y = x^3 - x + 1$ in at least three different points,1
6129,Can blood that has had an anticoagulant added to it be boiled without coagulating?,0
6691,design and assessment of qPCR primers for COVID19,0
9347,Refactor deeply nested if-else,0
10479,Create a complete binary tree and do level order traversal on it,0
2814,Combinatorics Question - Combinations,1
9710,Is there a simple example of sets such that $A \leq_T B$ but not $A \leq_m B$?,0
1078,Any subgroup of a cyclic normal subgroup is also normal.,1
1283,How to calculate percentile rank if all values are equal to zero,1
8478,Spermatozoa and sperms,0
11170,Coding Challenge : Build Tower refactoring code is it necessary,0
1437,linear transformation matrix relative to a basis,1
931,confusion over the use of universes in category theory,1
8659,"Using coefficient of variation (CV) for GCaMP6 'synchronised episode' spikes, good idea or not?",0
7033,How do viruses such as COVID-9 and flu return in the winter if they disappear in the summer?,0
4537,Spectral radius for Jacobi and Gauss Seidel iterative methods,1
6153,What are Some Classical Examples of Local Adaptation?,0
9098,How I can make file multiple of `segmentSize`,0
1399,How to prove that this generalized polynomial has exactly one root?,1
420,"If G be a non-trivial group with no non-trivial proper subgroup, show that G is a group of prime order.",1
2025,Coin toss puzzle with 1 biased and 2 unbiased coins,1
10480,Byte conversion in my Caesar's cipher,0
10016,Create path to file under 64-bit %programfiles% from 32-bit process,0
1048,Find basis and dimension of vector space over $\mathbb R$,1
9800,Remove all occurrences of a digit from a number,0
8881,Species that murder their own counterparts when put in captivity,0
10977,Binary Tree Preorder Traversal,0
1088,Average number of aggregations in the dataset,1
7613,Is it possible to build a hive for bumblebee or hornet,0
5211,Find vector coordinates with this information?,1
5815,Integration of hypergeometric function involving power and exponential function,1
3480,Why should $|2^\mathbb{N}|>|\mathbb{N}^2|$ be true?,1
4244,Solving the equation $y+xy^2-e^{xy}=0$ to form $y=f(x)$.,1
10685,What is minimum cost perfect matching problem for general graph?,0
11745,Brandes' betweenness algorithm for weighted undirected graph,0
1506,$\| X'(t) \| = (\| X(t) \|)'$,1
229,Going down theorem: Atiyah and Macdonald,1
1647,Finding the upper bound for this recursion: $T(n) = T(\log n) + O(\log n)$,1
11035,"What architectural features will allow this microprocessor to access a separate ""I/O space""?",0
417,How to solve these simultaneous equations?,1
3751,"Tensor product, coordinates",1
10937,How to prune branches in a branch-and-bound solution for Flow Shop Scheduling?,0
4336,Limit of a function with different initial values,1
10602,Making user login system secure with $_SESSION,0
4684,"Vectors, vector spaces, and linear algebra",1
6315,What is this pink angiosperm from Morocco?,0
2229,Optimization for tank,1
5053,Change of variables in complex integral of $z$ and $\overline {z}$,1
6006,How do susceptible organisms prevent parasites from overcoming resistance?,0
11922,MSO (Monadic second-order logic) Logic On Words,0
885,Stuck in determining truth value using proof,1
4873,Let $A\in M_{m\times n}(\mathbb{R})$ be of rank $m$. Choose the correct statement(s) from below:,1
1796,Is $\mathbb{R^Z}$ or its elements countable?,1
2347,Recursive function's value between iterations,1
7626,Polar bodies fertilization,0
6147,Why does throat 'burn' when you've got a common cold?,0
1056,Additive Inverse of General Function,1
11524,Unit tests for a function that calculates demerit points for speeding,0
6436,Can you help identify this bird in Louisville Kentucky?,0
3852,"Is $R=K[\![x^3,x^2y,xy^2,y^3]\!]$ a Gorenstein ring?",1
10674,Client side authorization when retrieving from server,0
3195,From $y^2=x^3+Ax^2+Bx$ to $y^2+(1-c)xy-by=x^3-bx^2$,1
1733,"Suppose two integers $a,N$, where N is prime, is there a difference between requiring $gcd(a,N)=1$ and $N \not\mid \!\!\;a $?",1
7847,Garden Hose Analogy for Blood Vessel Resistance,0
7661,What is the name of this thorny plant?,0
6739,How do snakes determine the direction of prey from their thermal infrared sensing pit organs?,0
8850,Why are there no tree-like plants that grow in lakes?,0
369,Question about discrete valuation ring and locally ringed space,1
10265,Naming a template print method properly,0
11054,Is this grammar LR(1),0
5728,"In how many different ways can $3$ red, $4$ yellow and $2$ blue bulbs be arranged in a row?",1
5644,In what sense are compact operators limits of finite-rank operators?,1
4923,Proof that $\exists x \in C$ that $A - x\cdot I_n$ is invertible,1
10247,Pandas filter dataframe on multiple columns wrt corresponding column values from another dataframe,0
8711,Structure separating the left atrium from the ascending aorta?,0
1208,Computation of definite integral,1
7634,Free software for measuring parts of an image?,0
1983,Alternative methods for $\int_{0}^{1}\frac{x^4(1-x)^4}{1+x^2}dx$,1
6791,What are all possible vectors for unicellular human parasites?,0
4234,"Graph homomorphism, and how to proof?",1
10487,Congruence of Squares for Factoring,0
6917,How do transplanted stem cells find their way to bone marrow?,0
8632,How do catenanes form when DNA replicates?,0
10927,How to reduce execution time for this clustering computation?,0
5832,Collinearity of three points on a curve.,1
5008,How could the rotation of an avatars head and body be determined by a single input value?,1
7979,What changes do ants make to the soil they use for building ant hills,0
10152,Change random methods without losing too much performance,0
8240,"Are Raf, MEK, and ERK MAP kinases?",0
174,Laurent polynomial algebra simple,1
4000,"A pedantic question about notation -- ""such that"" symbols",1
11201,Bare bones implementation of Java HashMap,0
3812,"Prove if $x_1,...,x_n$ are natural numbers with $n\geq2$ then $x_1x_2...x_n$ is odd iff $x_i$ is odd for all $i$, $1\leq i\leq n$",1
8710,"How do traits with no negative effects get ""weeded out"" via evolution?",0
9803,Generic Comparator Using Class Fields & Lambda Java,0
7190,Turn off multithreading in pymol,0
4260,Alternative Definition of Contravariant Functor,1
1880,Proving multivariable chain rule,1
3351,sum up $\sum\limits_{i=0}^n\ln(i^2+a)b^i$,1
11840,Inheriting from Dictionary class with tuple as value,0
6045,Difference between vacuolar and symplast pathway,0
1504,A question in Rolle's and MVT theorem,1
984,"Prob. 7, Sec. 16 , in Munkres' TOPOLOGY, 2nd ed.: Is every proper convex subset of a totally ordered set necessarily an interval or a ray?",1
11648,Lambda calculus :Will there be any x left after first substitution?,0
7405,Why are high levels of epinephrine and low levels of cortisol signs of stress?,0
9819,Multiple values against same condition,0
11000,"In index allocation scheme, what parameters does the maximum size of a file depends on?",0
7432,"I found this insect in Utah, USA. What is it?",0
10525,Is it possible to have 2 languages with different syntax but the same semantics?,0
4484,Using mean value theorem for multiple inequalities,1
7406,Why is there more variation in proteins than genes?,0
10600,"Create an optimal to express all natural number as an arithmetic expression using the alphabet $\Sigma=\{(,),1,+,\times\}$",0
11538,String combinations of 0 and 1,0
11619,Is there a context-free grammar for $L = \{a^{2^n}| n \geq 1\}$?,0
1111,What do these arrows mean? (Froda's Thm),1
7754,How do you estimate global species richness?,0
11564,Need help removing ambiguity from grammar,0
2617,Bases of orthogonal complements,1
2912,"Lebesgue integration by parts in Sobolev space $W^{1,2}(\mathbb{R})$",1
2045,Duo Fresnel-like integrals $(??)$,1
5588,the collection of all cubes that intersect the complement of R,1
10211,Slow query joining orders and products,0
10702,Handler for jQuery DataTable search with filters and pagination,0
7130,Lyonization and X-linked disorders?,0
3878,"In the case where ⊕ is involved as a composite system M1 ⊕ M2, what kind of equation does ⊕ denote?",1
9573,Start learning about Theory of Distributed Systems?,0
6826,What is the difference between Integrin to Cadherin?,0
7623,"X chromosome ""weight""?",0
6508,Does bioluminescence occur in humans too?,0
9942,Decreasing the runtime of this non-abundant sums solution,0
663,"How to prove that $(a,b)\mapsto \frac{1}{2}((a+b)^{2}+3a+b)$ is bijective?",1
7826,Can some one identify this plant with really sweet smelling flowers?,0
5987,Calculate the integral $\int_{\varGamma}\frac{3e^{z}}{1-e^{z}}dz$,1
4220,Question about an equationsystem of marices,1
9257,Exporting site and address data,0
2884,Understanding the Beta-function,1
4538,What analysis is needed for AG?,1
8170,Does the deletion of Chromosome 20 cause immunity against prion disease?,0
10584,Does a NFA/DFA need a failure state?,0
8955,Why would a bacterial population show initial growth when it is in unfavorable growth conditions?,0
3017,"Closed form for $\int z^n\ln{(z)}\ln{(1-z)}\,\mathrm{d}z$?",1
8702,When designing primers how important is the GC clamp?,0
11432,Complexity of finding binomial coefficient which equals to a number,0
3552,Simplifying fractions with fractions,1
5783,LCM doubt in algebraic equations,1
6043,Neural coupling between Pinsky-Rinzel (reduced Traub) neuron with a Wang-Buzsaki neuron?,0
11736,Userscript to redirect insecure pages to HTTPS,0
11365,{a^n b^n c^n | n>=1} - PDA,0
6857,most different human tissues with respect to gene expression profiling,0
6374,Why are stem cell therapies more preferred (theoretically) over current measures?,0
10643,Scheduling a dependency graph for parallel computing,0
5027,Is this ODE a well-known and studied one?,1
4789,I+I are isomorphic I,1
4558,How to prove it by means of a combinatorial argument?(A combinatorial exercise),1
5870,Easy way to calculate $(dd^c u)^n$,1
10373,Why is IDA$^*$ faster than A$^*$? Why does IDA$^*$ visit more nodes than A$^*$?,0
7789,Can anyone identify this seed or nut?,0
7945,What is the most readily usable form of nutrients/energy source for heterotrophic microorganism in general?,0
8112,Larva in cat's water dish,0
1139,"$x\mapsto \sum_{n=1}^{\infty}ne^{-nx}$ is continuous but not uniform continuous on $(0,+\infty)$.",1
4863,Orthogonal relation of Dirichlet characters and following results,1
1318,Good Source(s) of Old Math Puzzlers for Students,1
5833,"What is meant by a polynomial that is ""irreducible""? And a ""prime"" polynomial?",1
4118,Can the product of two orthonormal matrices be an orthonormal matrix?,1
8208,Need help distinguishing between a primary and secondary source,0
8851,How does a neutral allele change relative to a nearby allele under selection?,0
5041,Solving a non-homogeneous system of two equations and three variables where product of two of the variables are constant,1
2958,Meaning of $IM$ where $I$ is an ideal of $R$ and $M$ is a left $R$ - module?,1
1860,Upper bound on the sum $\sum_{n \leq X} C^{\omega(n)}/n$,1
7268,Do disaccharidases require a cofactor or coenzyme to function?,0
39,"Given a set of integers, and a length n - can we find the minimum difference between any two sums of combinations of size n?",1
8862,Excretion of small kangaroos while in the pouch,0
11209,If A is polynomial time reducible to B does that imply not(A) is polynomial reducible to not(B),0
290,Determinants of upper-left submatrices,1
4971,Moments of solution of simple SDE,1
5910,Applied statistics for scientists and engineers: Probability- Independence,1
7313,Primary cilia: what cell types have non-motile cilia that migrate?,0
4098,Why is $\mathbb{Z}^{+}$ sometimes used to denote the natural numbers?,1
6884,New GO terms after TopGO enrichment?,0
1130,"If $A + B$ is invertible, do we know if $A$ and $B$ are invertible separately?",1
6214,How can you explain the origin of life out of nonliving matter (abiogenesis)?,0
9557,Retrieve words from dictionary when they meet letter requirements,0
5882,For which subsets of $\mathbb{C}$ can a non-constant analytic function have an accumulation point of zeros?,1
744,Increasing the set of marked points for a relative homotopy,1
4916,Series involving Riemann Zeta Functions,1
2269,Extension of Yau's theorem to general bundles,1
3821,Counterexample for $\lim \limits_{x \to c} \left\lvert f(x) \right\rvert = \left\lvert L \right\rvert$ then $\lim \limits_{x \to c} f(x) = L$,1
2404,Is sin(x) necessarily irrational where x is rational?,1
9401,Improved RandomGenerator with nextPrime() method,0
4004,"Primitives on $[a,c)$ and $(c,b]$ implies primitives on $[a,b]$",1
2303,area or volume (amc)?,1
10889,Find magnitude pole of an array,0
5159,Laplace Transform of f(at+b),1
9848,Correctness of the Betweenness centrality formula,0
2127,"Taylor series of $f(x)=\frac{1}{4+x^2}$, with $f:D\to\mathbb{R}, D\subseteq \mathbb{R}$ at $x^*=0$.",1
1636,Haar Measure: Unimodular Locally Compact Groups,1
10874,iTunes playlist copier,0
765,Total derivatives explanation,1
9734,Initiating an action based on product type,0
3950,Why HOSVD is better than matrix SVD?,1
7995,By what mechanism do our nerves lengthen as people get taller?,0
6408,How are haplotype blocks different from genes?,0
11829,Why can no task have a utilization rate greater than one?,0
1740,Strategy to take absolute value of complicated complex expression,1
5680,Mapping from Poincare's disk model to UHP,1
7361,Locomotion of Hydra: Why Somersaulting is better than Loop locomotion when moving to a larger distance?,0
7326,"Why is the opposite of plantar flexion called ""dorsiflexion""?",0
3628,"In these 2 graphs, is x=2 an asymptote?",1
2856,Define a compact and convex set through inequality constraints,1
5696,Improper Multiple Integral,1
7347,What are the effects of caffeine on the mammalian circulatory system?,0
6932,What is the effect of a pure-oxygen environment on a plant?,0
6607,"What's the real meaning of ""brain shrinkage""?",0
10634,What is the standard way to choose a new leader in Multi-Paxos?,0
1766,"If $m$ and $n$ are relatively prime positive integers, prove that $m^{\phi(n)}+n^{\phi(m)}\equiv1\pmod{mn}$",1
9262,Properties of language that can be enumerated in a finite amount of time with an enumerator?,0
3981,Can one decompose any ring into a (possibly infinite) product of indecomposable rings?,1
5579,How to view an inclusion of $k'$-rational points,1
6592,Can you identify this insect for me?,0
3936,Why real valued harmonic functions are holomorphic.,1
5332,Why are the only numbers $m$ for which $n^{m+1}\equiv n \pmod{m}$ is true also unique for $\displaystyle\sum_{n=1}^{m}{n^m}\equiv 1 \bmod m$?,1
11151,Filter for reading data over a serial connection,0
10596,"Let $ L = \{ \langle M \rangle : L(M) = \Sigma^* -\{\epsilon\} \}$, Show that $L\notin RE$",0
7003,How do large herbivores get enough protein?,0
3391,Models for Financial Economics: Determining The Amount to Lend in Synthetic Assets,1
6283,"Are some people more 'attractive' to mosquitos? If so, is that a hereditary trait?",0
2496,Scaled series of shifted continuous function,1
1242,How to show that $ze^z$ is univalent on the unit disk?,1
4202,"$\mathsf{ZF}$ defines a transitive class $M \models \mathsf{ZFC} + \neg\mathsf{CH}$ implies inconsistent (Kunen's Set Theory, Remark II.6.32)",1
1599,Spectral Decomposition exponential with Pauli matrices,1
7127,Do plasma B cells express the BCR or only produce soluble antibodies?,0
900,Solve the second order ODE $(2x^2 + 1)y'' − 4xy' + 4y = 0$,1
8183,Are added yogurt cultures harmful to the gut?,0
96,Function f that preserves difference in distribution,1
6372,How can I find some pieces of the genome of a microorganism?,0
4637,Eisenstein's criteria irreducible polynomial - issue in proof of Gareth Jones's book.,1
7844,is this true to select 100 volume higher concentration of a drug test?,0
1787,"How to solve $\sqrt{2} + \sqrt{3} - \frac{m}{n} > \frac{1}{cn^4}, \forall n \ge 1$?",1
713,What is the value of $f(100)$?,1
4298,"Show that if $|a|\le 1$, then $\int^{2\pi}_0 {\log|1-ae^{i\theta}|}\, d\theta =0$.",1
1303,$p(x)=a_0+a_1x+\ldots+a_nx^n$ is irreducible iff $a_0x^n+a_1x^{n-1}+\ldots+a_n$ is irreducible,1
10053,Move objects into embedded arrays,0
2609,Is this a possible coordinate change matrix?,1
7904,What is meant with “the chest wall and lungs are coupled together”?,0
1557,"Construct a deterministic Turing machine that decides the language $L=\{w\in\{a, b\}\mid w\text{ contains an occurrence of }ab\}$",1
11297,"I feel as if my quicksort can be made more efficient, but what?",0
11269,Wator planet program,0
5026,Minkowski's Integral Inequality,1
7400,How loud a sound would need to be to wake someone up?,0
838,Greatest integer function inequality solution,1
1253,Automorphism of graph,1
9035,"Find the set of all edges which there is a cycle such that for every $e' \in C, e'\neq e$ : $w(e')\leq w(e)$",0
1494,Is every Hausdorff homogeneous space also regular?,1
10781,Show with delay directive,0
3169,Understanding how we can make $M$ into an $R[X]$-module by setting $Xm = f(m)$ for $m \in M.$,1
2335,a question on GNS space,1
6578,"Why ""Having chlorophyll without photosynthesis is actually very dangerous"" and ""like living with a bomb""?",0
4713,Why is the Kunneth formula an isomorphism of rings?,1
9364,Finding the market price for each order at the time it was placed,0
11718,CFG to PDA - no empty transitions,0
1046,"Why when $f$ has a local minimizer that is not global minimizer, then f have another critical point?",1
6157,Is the Hypothalamus part of the Central Nervous System or Endocrine System,0
6493,"How, on a physical level, does ATP confer energy?",0
6383,Is Panmixia very rare?,0
3739,Maximal ideals of closed algebra generated by Volterra operator,1
7010,Function of the spermaceti organ,0
9790,OOP PDO Database Connection,0
8280,Lambda red recombination without electroporation,0
7097,"Do homing pigeons fly straight home or follow certain ""highways""?",0
772,Attempt on proving $e^x$ is continuous on $\Bbb{R}$,1
11036,k-limited solution for PCP,0
10947,Command Line Program for EC2 instances,0
7231,Is telomere shortening consistant over consecutive cell divisions from zygote to a differentiated cell?,0
4032,Find the exact solution of a simple ODE system with unknown parameters,1
868,When does the equality hold in the convex function?,1
7991,"I read that the average cell will divide between 50-70 times before cell death. How, then, can human cells be constantly dividing?",0
11306,Making Candies - HackerRank question - proof of optimality of a greedy approach,0
7373,Silene virginica Endangered in FL,0
6091,What generates variation in a species?,0
244,PDF for the sum of a Gaussian random variable and its square,1
7480,Which is a good methodology to find out a domestication process?,0
10519,How do I prove that a language is deletion closed?,0
86,Prove that the subspaces $T := \{\frac{1}{n}: n ∈ \mathbb{N}\}$ and $S := T \cup \{0\}$ of $\mathbb{E}^1$ are not homeomorphic,1
7002,Why aren't circadian rhythms exactly 24 hours long?,0
3464,Proving Cauchy when given a sequence,1
493,Further interesting examples? Obtaining (co)monoids from dual objects,1
11815,How can it be decidable whether $\pi$ has some sequence of digits?,0
8826,"When the mind is highly active, roughly how many neurons become excited in one second?",0
9322,How are bitwise operators used in normalisation of floating-point numbers?,0
5554,"Decomposition of $W^{1,p}(a,b)$ = $W^{1,p}_0(a,b) \oplus E$ where $E$ are affine functions",1
7175,How do pet gecko lizards pose a health risk?,0
8253,Mutated cell proliferation,0
3194,Are there any non-trivial sequences which satisfy these conditions?,1
7579,What is the relation between plasmid concentration and mRNA levels?,0
4047,"Prove or disprove: if $\Sigma$ is special then $\left\{ \lnot\alpha\,:\,\alpha\in\Sigma\right\} $ is special",1
7436,How long is saliva viable?,0
4322,Inequalities: A Mathematical Olympiad Approach (Exercise 1.17),1
4698,Prove the following limit identity $\lim_{x\to\infty}\left( \csc\frac{m}{n+x}-\csc\frac{m}{x}\right)=\frac{n}{m}$,1
4029,Can you also conclude also that $X^{\phi{(n)}}-[1]=\prod_{[a] \epsilon (Z /_n Z)^x}(X-[a])$?,1
1879,Trace of matrix power,1
1431,Does the order of extraction in Urn Problem matter?,1
3794,"Can $\sum_{n=1}^\infty\frac{H_{2n}}{(2n)^3}$, with $H_n$ the $n$-th harmonic number, be written in terms of $\zeta$ values?",1
6781,tandem repeat sequence; causes of contraction and/or expansion question,0
2829,Prove by using diagonalization,1
4009,Inequality for an $n$ sided convex polygon,1
8879,"Exactly what kind of spider is this in Louisville, KY?",0
2414,Looking for old YouTube math video - and curious about what field of statistics this is,1
11699,Reaching local optimality in simulated annealing,0
3709,"Connected, contractible subspaces of space of continuous functions from $[0,1]$",1
8335,How to use DRAQ5 and MitoTracker CMXros dyes to stain turtle erythrocytes?,0
9853,Algorithms for MinSat when all literals are positive?,0
10405,Problem with implementing Brzozowski's algorithm,0
11753,Telegram - GetUpdates Process,0
1649,"Eigengap of $SS^T$ vs. $\frac{1}{2}(SS + S^TS^T)$, where S is doubly stochastic & irreducible",1
9259,why is every self-reducible language in pspace,0
1325,Expectation of quotient of linear combinations of independent standard normal random variables,1
5314,What is the difference between $\lim_{h\to0}\frac{0}{h}$ and $\lim_{h\to\infty}\frac{0}{h}$?,1
6040,What is a good biochemistry reference for reading papers about metabolic pathways associated with human disease?,0
11404,How do you check if two algorithms return the same result for any input?,0
5484,Confusion about the tensor Frobenius product and index notation,1
7020,What does fitness really mean?,0
11458,Linked list arithmetic,0
7507,How would blocking Na/K ATPase affect the ability of a neuron to exhibit a series of action potentials?,0
11219,Calculate the midpoint of a polyline,0
1550,implicitly differentiate a differential equation,1
6640,"If animals aren't getting tooth decay because they don't eat processed foods, could similar work for humans?",0
8929,What animals have a blood-brain barrier?,0
11781,Natural deduction proof without any predicate,0
10059,Randomized Median Element Algorithm in Mitzenmacher and Upfal: O(n) sorting step?,0
9000,Inverting index structure in C++,0
3397,Stiff differential equation where Runge-Kutta $4$th order method can be broken,1
8618,What is disease risk?,0
5861,$\Bbb{Z}/10\Bbb{Z}$ isomorphic to $\Bbb{Z}[i]/\langle 1+3i\rangle$.,1
10342,How to cluster nodes based on the number of dependencies,0
7943,"Does vaccination make the immune system ""lazy""?",0
1081,Algorithm for Leaderboard Performance,1
3929,Show that a polynomial is inside $\Bbb Q^*$,1
5132,"What is $\#Hom(\mathbb Z_{2p^a}, D_{p^a})$?",1
5182,Explain this newton's method problem with critical values as your initial guess?,1
5223,Calculus (advanced integration),1
3050,Examples of simple non-parallelizable smooth manifolds,1
238,What is the term for relation whose inversion is a function?,1
10248,Sokoban with only $k$ boxes,0
9375,Integer Partition using an iterator,0
6986,How to remove protein contamination in plasmid isolation.,0
2844,Examine the uniform continuity $f(x)=\frac{\tan(\sin x)-\frac{(\sin x)^{3}}{6}}{x^{5}}$,1
11605,"Assuming the Exponential Time Hypothesis is true, what's the fastest possible algorithm that can be produced for NP-complete problems?",0
11500,Lexicographically Smallest String,0
6800,Stay young by reinserting own DNA from years ago?,0
4706,Regarding property of Dedekind sums in analytic number theory,1
584,Given p and q two real polynomials with q different than zero. Suppose that f = p/q is a periodic function. Show that f is constant.,1
10963,Hardness of finding all Control Flow Paths of a function,0
10899,What's the class of problems solvable in polynomial time with an exponential number of processors?,0
6714,How long is one generation for a mosquito?,0
1000,Question Regarding Equivalence of Definitions of Homomorphisms of Groups,1
1438,Palindromes on Keypad and divisibility by $111$,1
1245,Solve $|a^H v | = \|g\|$ to $v$,1
1937,is there such a thing as an infinitely repeated digit in an integer,1
11256,(DROP) Data Reduction Algorithm - How it works?,0
2618,Probability that a random graph on countably many vertices is connected,1
11650,Making adjustments based on biblatex style,0
8320,Examples of environmentally influenced gene-expression in humans?,0
6921,Why Egg shell is not called a cell wall?,0
3752,Characterisation of second Sobolev space through Laplacian,1
2117,"Evaluate $\frac{\Gamma(n/2)}{\Gamma(n/2+h)},$ $n,h \in \mathbb{N}$",1
4156,Dimension of the space of all $m\times n$ matrices over $F$,1
2438,True/false: $\det(A^2+I)\ge 0$ for every $3 \times 3$ matrix with real entries and rank $>0$,1
9802,Slice chunking in Go,0
5270,prove that if $X$ is closed and $f^{-1}(X)$ is closed then f is continuous.,1
8104,Commensalism with Virus bacteria,0
10687,Getting paginated data from ajax call and putting the data on the page,0
1981,How to determine $\lim_{n\rightarrow \infty} \frac{(n+2)^{\log(n+2)}}{(n+1)^{\log(n+1)}}$?,1
11929,Python simple battleship game,0
10252,Is it possible to build DFA for odd-length words with 1 in the middle?,0
5496,Find sets on which $\sum^{\infty}_{n=1} \frac{\cos(nx)}{e^{nx}}$ is uniformly convergent.,1
564,Why are PDEs and in particular dispersive PDEs considered on $S^1$ so often?,1
4108,Radius of convergence and the existence of antiderivative,1
2820,inductive limit of compact Hausdorff spaces being realcompact,1
2407,Proving a jigsaw is possible,1
8353,DIY storing family DNAs' samples for future uses (eg medical),0
8576,Viruses affecting transmission capability of mosquitoes,0
11803,How is segmentation different from multiprogramming with fixed partition?,0
1352,Prove that $\lim\limits_{x \to 1} \frac{x+2}{x^2+1} = \frac{3}{2}$,1
10903,Complexity of domino tiling with dominoes placed in a line,0
4375,Is Multiplication A System?,1
6772,How does different sensory stimuli differ in nerve signal?,0
8805,Can translocation occur within a gene?,0
268,Problem related to continuous complex mapping.,1
8699,Spider identification,0
9718,Show cents only if price contains them,0
5224,"Define $x^3$ = $x \times x^2$. Prove that if $x_1, x_2$, . . . represents $x$, then $x_1^3$, $x_2^3$, . . . represents $x^3$",1
7532,What is the function of CETP?,0
6963,"Why are different mesenchymal stem cells used for articular, auricular, septal nasal and costal chondrocytes?",0
5034,Sketching $y = \arctan\left(\frac{e^x-1}{\sqrt3}\right)-\arctan\left(\frac{e^x-4}{\sqrt3e^x}\right)$,1
1415,"The formula of $E_{16}, E_{18}, E_{20}$ and $E_{22}$ where $E$ is Eisenstein Series.",1
2233,Ellipse tangent to two circles,1
6577,Why introduction of an extra copy of a gene related to pigmentation causes RNA interference in Petunia?,0
1015,Solutions to $\phi(f) = 0$ when $\phi$ is a 2d discrete convolution.,1
10834,Incentive for block creation in a private blockchain,0
1602,Bounding a polynomial from above,1
9521,Flight combinations between two cities,0
3524,"Does $\lim_{(x,y)\to(0,0)}\frac{x^2+y^4}{x+y^2}$ exist, and equal $0$?",1
7022,"What is mean by the term ""an organism's genotype is its specific combination of alleles for a given gene""?",0
6496,Mechanism by which water flows through xylem,0
135,Binary division using polynomial,1
1331,Boundedness of optimal input of scalar system,1
4952,Conic classification,1
9781,Two solutions to 2-sum,0
1358,Good tournament that each vertex has outdegree d,1
6729,cloning and blue white screening in pet21a,0
1549,How to solve implicit solution of IVP,1
4262,"$\lim_{n \to \infty} {a_n \over b_n}=\infty$, $\sum a_n$ converges, does $\sum b_n$ converge?",1
186,"How many sequences we can make from 4 digits, such that they don't have more than one zero.",1
1425,Jacobson Radical and Finite Dimensional Algebra,1
4470,Solving the following SDE with a constant,1
5203,Recurrence vs Recursive,1
11959,"Program for entering 1000 random numbers into two different databases, one for odd numbers and one for even",0
3186,Product of unsigned measurable function is measurable,1
987,"Exercise $2.3.2$ of Grafakos, Classical Fourier Analysis.",1
2152,Differentiability issue with this function,1
7879,Difference between Sphyraena obtusata and Sphyraena novaehollandiae,0
3015,"Which one of the following functions has a discontinuity in the second derivative at x = 0, where x is a real variable?",1
854,Uniqueness of solution to ODEs,1
10586,How to express a parabola as a Bezier curve,0
11990,Create release package from git tag with Powershell,0
4675,A ball of ice melts so that its radius decreases from $5 cm$ to $4.92 cm$. By approximately how much does the volume of the ball decrease?,1
5915,Positive Integers to make a square,1
4364,"Closure of $B=\{ f\in C'[0,1] : |f(x)|\leq 1, |f'(t)|\leq 1 \forall t\in[0,1]\}$ (NBHM $2005$)",1
11703,Making Math vector implementation using java,0
6018,Generate mesh surface from protein structure,0
2914,An algebra $A$ is a $\sigma$-algebra iff it’s closed under countable unions,1
6139,Which will produce more oxygen? A few large trees or a greater number of smaller plants?,0
9682,Java Brainfuck Interpreter Method,0
5679,Legendre Symbol: $ \sum_{a=3}^{p-1} (\frac{a}{p})$ for $p>3$,1
5582,Expectation of normal random variable conditionally on one observation,1
1947,Probability that the sum of the numbers shown is a multiple of $5$,1
4250,What's the meaning of computing an integral at a given point?,1
9371,Is this a safe/correct way to make a python LogHandler asynchronous?,0
1047,"Is $f : A \to P(A), a \mapsto \{a\}$ injective or surjective?",1
4423,Showing $64\le\left(1+\frac1x\right)\left(1+\frac1y\right)\left(1+\frac1z\right)$,1
5376,"If $\frac{a}{|z_2-z_3|}=\frac{b}{|z_3-z_1|}=\frac{c}{|z_1-z_2|}$, then why is $\frac{a^2}{z_2-z_3}+\frac{b^2}{z_3-z_1}+\frac{c^2}{z_1-z_2}=0$?",1
1282,Are there computable reals that are not Dedekind-computable?,1
9574,Complexity of ANOTHER HAMILTONIAN CIRCUIT problem,0
8638,What type of fish is this,0
4088,Group of order $pq$ with $p\not\mid (q-1)$,1
4122,"Why do we treat differentials as infinitesimals, even when it's not rigorous",1
4333,Prove that $\sum_{n=0}^\infty(-1)^n(1-2^{1/n})$ converges,1
9806,Extracting components of a filename,0
5528,How do I solve $xy'= x^2+y^2$?,1
10294,Conditional validation for credit card payment information on form submission,0
7760,why is DNA better for storing genetic info while RNA better for transmission of it?,0
10431,"Representation of unsigned integer on a little endian, big endian computer",0
7965,How would constantly growing nails have aided early human?,0
9011,Eliminating repetitions of subsequent items in a list,0
11963,What is a Meta algorithm?,0
11832,Simple C++ program to add two integers,0
7559,Why do individuals vary in the number of SNPs for a given gene ( e.g. FOXO3A )?,0
2435,Is $dv$ only approximate of $(dv/dx)dx$?,1
11947,Python algorithm for identification of low-level jets (meteorology),0
11989,C++ console progress display,0
7302,question on brain dissection,0
5581,How does one show that $A \cong T \times A $ when $T$ is terminal?,1
9130,Approximately counting the number of marked elements in a list of n numbers,0
6365,Heritability in population genetics,0
1849,adjoint representation completely reducible,1
5996,The isomorphism between $F^B$ and $V$ of dimension $|B|$,1
10808,How can I learn Sunday's string searching algorithm?,0
667,Contradiction proofs,1
9434,Working with list in Java,0
5313,On irreducible representations of an algebra.,1
500,Gaussian Process Regression with known observation error,1
4413,Will a function with a double root always have a (local of absolute) maximum or minimum there?,1
3631,Convergence of sups of sequence of compactly supported continuous functiosn,1
11810,Two approaches to Logging when Unit Testing with Python,0
869,Proof expression $ ((\neg C \vee B) \wedge ( A \rightarrow C) \wedge (B \rightarrow D) )\rightarrow \neg A \vee D $ by rules of interference,1
8025,Immunity during pregnancy,0
5710,Prove the inequality $a^3+2 \geq a^2+2 \sqrt{a}$,1
4740,Must a closed subset of $R$ with empty interior consist only of isolated points?,1
3466,Proving $ C \subset A$ and $D \subset B \rightarrow C\cap D\subset A \cap B$,1
5790,Conditional Expectations Given Sum of I.I.D.,1
2674,"$p_k \colon M_k \to N_k$ is onto for $k>0$, if $p_0$ induces an iso on homology level, prove that $p_0$ is onto",1
2368,Order of elements in cyclic groups...,1
9316,Modifying a data table of report data,0
2577,Local compactness and actions,1
4735,"Does p(a,b,c)=p(a,b)p(a,c) hold when b and c are independent?",1
11160,Counting words from standard input in Swift,0
2926,"If $B⊂A, P(A)=0.6, P(B)=0.4,$ what is $P(A∣B)?$",1
7652,"Being able to write/type different texts using each hand respectively, at the same time?",0
11286,Doge meme generator in Racket,0
5396,"How to actually construct the $S(3,6,22)$ Steiner system?",1
7874,Pollinator mating system in orchids,0
4944,Sequences $a_n = 10^n \mod k$,1
11819,What's the point of Subnet Masks?,0
3377,How many digits occur in the $100^{th}$ term of the following recurrence?,1
11462,List-manipulation exercises in Scala,0
11635,Aggregate cidrs up to a limit,0
6013,Blood clumping in mosquitos,0
5172,"conditional expectation, exercice:difficult calculus",1
7884,Can we define biological age?,0
4934,Weil's completion of locally totally bounded groups to locally compact groups,1
2807,Simplifying complex radicals that includes prime numbers,1
8897,Can enzymes catalyze thermodynamically unfavorable reactions?,0
8266,Telomerase as cancer target,0
11570,Return payload in service layer,0
6979,What's the role of bromelain in pineapple?,0
236,Non-linear functional form satisfying $g(x-y) = \frac{g(x)}{g(y)}$.,1
2323,Eigenvalues of block matrices with zero diagonal blocks,1
5754,Jacobi symbol:$(\frac{7m^2-1}{18m^2+1})=(\frac{25m^2}{18m^2+1})=1$?,1
8291,How effective is spraying disinfectant on streets?,0
4551,How To Solve for Percentage When The Only Given Values Are Mean and Standard Deviation,1
9838,A lambda calculus evaluation involving Church numerals,0
2792,What is the entropy of a doubly stochastic matrix?,1
3805,"Calculation of Local homology groups.$H_*(K,K-x,\mathbb{Z})$?",1
832,"(Question in a solution)If $M$ is finitely presented, $L$ is finitely generated",1
140,Prove that there are infinitely many integers $n$ such that $\frac {2^{6n}-4}{6n-1}$ is equal to an integer,1
902,"On integration, measurability, almost everywhere concept",1
2277,When there a subgroup isomorphic to $H\times K$,1
10681,Coordinated Attack Problem On The Arbitrary Graph,0
833,Solving a simple systems of equations,1
3435,Why are we counting some combinations more than once in this problem?,1
5540,Vague Khanacademy explanation,1
11544,Determining if there is data left after fetching a page of data,0
2180,Does a topology have a canonical topology?,1
9970,"How can I make this CouchDB view code more ""correct""?",0
7162,Why human endometrium doesn't stay constant?,0
7989,Why are my assay absorbance values very low?,0
1319,Limit of Poisson Distribution,1
10068,Are interrupts only found in BIOS?,0
696,Transform a recurrence with fraction into a linear recurrence,1
5210,"Probability that three chips of different colours are selected from a stack with $4$ red, $4$ blue, and $4$ yellow chips",1
8015,"Possible? When a pregnant woman suffers an organ damage, fetus would send stem cells to the damage organ to help repair it?",0
1091,Bounds on polynomial roots,1
10436,Menu traversing on next and prev button click up and down,0
9001,How does one formally show that two lambda functions are $\alpha$ equivalent?,0
2348,Every linearly ordered subset $\mathcal{A}$ of a set $\mathcal{W}$ of well orderings $\leq$ on subsets of some set $X$ has an upper bound.,1
5968,Fundamental Theorem of Trigonometry,1
285,if $a+b>c+d$ and $c cd$,1
2119,Growthrate of Fouriermode,1
11163,Binding Lists of Commits to a DataGridView in Winforms with an MVP architecture,0
9674,How do I decode a received polynomial code with an error?,0
11953,"Implement `fold` on a ""Rose Tree""",0
9957,How to read this inductive language definition?,0
9524,Git delete all merged in local branches,0
2531,No unique stationary distribution?,1
9828,How does an operating system implement the C library?,0
4291,Verfication of deduction made using the Cauchy-Schwarz inequality,1
68,Summation multiplication,1
8264,How to start learning disease profiling?,0
2960,Irreducible components of the curve-Algebraic set,1
6478,Career advice for a bachelor of biology with russian STEM diploma,0
1890,Constructing a special point in quadrilateral,1
4400,"Prove: If $\frac{x}{(x-2)} \leq 3$, then $x<2$ or $x\geq 3$?",1
7821,How does heredity work with Endogenous retrovirus?,0
2393,Linear independence in polynomials,1
5304,"Show that $|F_X,_Y | = |Y^{|X|} |$",1
4728,The determinant is not zero.,1
5343,Find the $m$ such $a_{n+1}=a^5_{n}+487$,1
10822,Databases and B-Trees: What are Keys and how are they related,0
4798,Are MAGMA-epimorphisms sujective?,1
3062,Fiber of fibration of simplicial sets,1
5731,Decode Rabin Williams given ciphertext modulo $N$ and $M$,1
4292,How to read a probability distribution given as a matrix?,1
7772,Can anyone identify this chrysalis?,0
11923,Removing random repeated guesses from brute force program,0
9384,"Dataflow framework for global analysis: Why meet, then apply?",0
6390,How reward / penalty is comprehended?,0
9618,Right usage of ViewModels in MVC,0
6912,What happen's to a virus's capsid after it injects its genetic material into the host cell?,0
1575,Finitely Generated Category Representation,1
2566,Additivity of Value at Risk,1
9370,Parametrized reduction from 3-SAT to Independent Set to lower bound running time under ETH assumption,0
323,Bayesian Network misunderstanding,1
1957,The composite of all unramified extensions inside an algebraic closure,1
970,Probability/Combinatorics question: boys and girls around a table,1
3512,What is wrong with this reasoning in with respect to working with differential of z,1
6586,Why aren't mitochondria and plastids considered symbiotes of eukaryotic cells?,0
11720,Remap ls to honor .hidden files,0
10816,Greedy Optimum Dominating Set For A Tree,0
11383,Genetic algorithm to find the minimum of a three-variable function,0
6806,Can Naegleria fowleri enter through wounds into the bloodstream?,0
649,The functional equation $f(f(x) + y) = f(f(x) - y) + 4f(x)y$,1
6428,Telomeres and daughter strands,0
10377,Join strings with different delimiters and some possibly empty strings,0
3591,Exponential function and matrices,1
7008,Which mushroom could be this?,0
11058,Delegating to a lazily loaded object in Ruby,0
4173,Skellam CDF Increasing vs Decreasing in a parameter,1
4794,"If $T$ is self-adjoint, is the set of power series in $T$ closed?",1
8989,Is half-a-tablet of X a substitute for a tablet of X/2?,0
6643,Are any organisms known to use meiosis I to create non-identical offspring asexually?,0
8267,What is a good non-fluorescent DNA dye?,0
3393,find the supremum of a set,1
11217,Meta Programming Operators,0
8547,Difference between PCR for linear template and a plasmid?,0
5507,Suppose 3 people are each dealt 2 cards from a standard deck of playing cards,1
524,Find all solutions of the equation $x^2+x=0$ in $\mathbb Z_6$,1
10671,Relation between Hamming distances of columns and rows,0
8100,Optimal carbon dioxide concentration range for the human body,0
7070,Good book on Origin of Life,0
11285,Calculating longest increasing sub-sequence recursively,0
9785,Changing color on button click,0
9836,python httplib snippet,0
6764,Is an axillary bud a type of intercalary meristem?,0
9243,Answer to an implementation of Project Euler #8,0
8689,"What are dreams, biologically?",0
6571,Binding BSA to silver surface via large difference in isoelectric points of the two materials,0
7092,What is the definition of a stringent/relaxed plasmid?,0
3141,'Relation' in group representation and set theory,1
4544,Rendering the derivative of composite functions from a graph,1
9971,Regarding to the speed of supercomputer,0
5470,Prove that $\sum_{k=1}^\infty k(1-a)^{k-1}a = \frac{1}{a}$ for $0 \lt a \lt 1$,1
4615,The state transition matrix formula,1
7909,"Black and orange spider, what is it?",0
2702,Trying to find an $\arctan(x/y)$ identity.,1
3191,Axioms of seperation,1
396,Cyclic inequality with $a+b+c=1$,1
2305,How to Prove that a sequence $\{f_n\}$ of functions converges uniformly?,1
3423,Find limit of sum using Riemann integral,1
8277,Are Hsp70 proteins only activated in response to heat shock?,0
8182,Epidemic threshold on a directed network,0
9235,Linked lists of templated classes vs function ptr,0
1606,"Find all pairwise non-isomorphic graphs with the degree sequence (2,2,3,3,4,4)",1
1339,Don't understand the notation conjugate transpose on a vector in assignment solution,1
10168,Pulling log messages from a MySQL table,0
1962,Find type of $f(x)$ problem,1
7835,What is the general term for tree-dwelling animals?,0
4455,interchanging variables in triple integral,1
5181,Homeomorphism between two metric spaces via identity,1
2509,Show a real polynomial has at least one zero,1
3525,Independent increments in the Poisson process.,1
10176,The theoretical upper bounds for duplicate detection in a set of objects?,0
4093,"Intersection of the closed unit ball, $\overline{B}$ in C[0,1] with the subspace",1
1518,Can any bijective function over the Gaussian integers be represented as the evaluation of a fixed polynomial with coefficients also in the GIs?,1
4951,I need to find $v$ so that $v\times v'$ equals $A(n \times n)$,1
5200,Calculate the period of the motion of P,1
6080,Are there any real life instances of kidney organoid transplants in human?,0
1851,Why does $b^{\log_bx} = x$?,1
6309,If our skin is burned by the sun what causes the red color of the skin?,0
11521,Number of binary trees of size $n$ such that all subtrees of same size are equal?,0
7963,Is it dangerous to rub closed eyes?,0
11261,Automate tasks with Lambdas,0
9114,PHP code to scale images and generate thumbnails,0
1251,Use ampleness of morphisms to investigate objects,1
3445,$\sqrt{T^\ast T}$ is positive,1
2101,Find the indefinite integral of $1/(16x^2+20x+35)$,1
1892,"show that:for every $x\in S$, there exsit $y,z,w\in S$, such $x=y^2+z^2+w^2$",1
1923,GCD in unique factorization domain,1
4871,"Minimum distance between functions in $L^{2}(-\pi, \pi)$",1
1062,How can I find the unit vector that minimizes the number of nonzero projections that a set of points has on it?,1
4251,Cauchy estimates type inequality,1
3529,A question on minimal polynomials (with relation to some basis),1
519,Proving the density of a function in an interval.,1
781,Asymptotics of a series involving cos integral functions,1
11156,Basic graphical R code draws an ellipse instead of a circle,0
1776,Graph Theory Inductive proof,1
4540,Mollification in $L^\infty$ norm,1
4532,"Find the values of $a,b,c$ such that a matrix has infinite, unique, and no solutions.",1
9807,Calculator for more than two numbers,0
3861,"$f'(x_0)$ exists, then it is continuous in $x_0$, but why can $f(x)$ be discontinuous in the neighborhood of $x_0$?",1
3707,An identity relating partial derivatives to a function,1
6166,How do sarcomeres coordinate contraction?,0
7936,Why don't mammals have more than 4 limbs?,0
5627,Transformation between spaces with different dimensions,1
2470,"Prove that the Following Set of Linear Transformations is a Basis for $\mathcal{L}(V,W)$",1
11795,How to show that language L is NOT context-free?,0
5284,What values or form of values can we get for these multiplications modulo a prime?,1
678,$L^p$ boundedness of Riesz potential.,1
5482,Linear dependence of entire functions.,1
3649,How to Evaluate a Particular Right Hand Limit?,1
9142,subsets of infinite recursive sets,0
5748,Proving/disproving $\|A\|^{-1} = \|A^{-1}\|$ for non-singular $A$,1
2861,Example of a c.u.b. set,1
6060,How would infection of mosquitos with sterilizing bacteria have any effect?,0
8006,What kind of worm/bug is this?,0
1792,Generators of Principal Ideal,1
8722,Decoding animal language (dolphins etc),0
10786,Parsing a file for a game,0
1338,How to prove/dispute the following log inequality?,1
1120,Measure Theory Problem: $\lim_{n\to\infty} n \cdot \mu(E_n) = 0$,1
2225,Flip a fair coin 5 times. What is the probability that heads never occurs twice in a row?,1
2257,"How to show $f(X)$ and $g(X)$ are positively correlated for a random variable $X$, if $f$ and $g$ are non-decreasing and bounded?",1
10254,How to prove universality in complex systems?,0
1777,Logarithm of null-homotopic maps,1
4719,Linear subspaces in $n$-dimensional space,1
9831,Pros and cons of representing strings as lists of characters,0
3690,Is it true that for every sequence $(a_n)$ either $\lim_{n\to \infty} na_n \neq 1$ or $\lim_{n\to \infty} n^2a_n \neq 1$?,1
10625,In certificate view of NL can we force the guesses to be in some format like $a^n b^n c^n d^n$?,0
10192,What is Finite Automata Bowl?,0
8303,How do major and minor grooves arise in the DNA helix?,0
9968,"If the load factor is a decimal (say 3.6), what is the length of each chain in a hash table that utilizes separate chaining?",0
7430,"How do you determine if donated, stored blood is viable?",0
306,Lower bounding the expectation of an infimum,1
9149,Classes to encode and decode images,0
10358,I can construct DFA for $a^{3n+1}$ but pumping lemma says it is not regular,0
7385,Is there natural occurrence of induced pluripotency / expression of Yamanaka factors and what is the evolutionary explanation of that?,0
10995,Simple PyQt5 counting GUI,0
10813,Unique everlasting session with low collision rate and is set across sub-domains,0
7641,Does embryonic development mimic (partly at least) the evolution of organisms on earth?,0
1249,Best polynomial approximation of a partially constant function,1
9331,Small FizzBuzz program,0
6527,How can I differentiate between polysaccharide bands and protein bands on SDS-PAGE?,0
11927,Perl script to rename multiple files with vi(m),0
9859,Weighted Random Choice,0
820,"Finding $\sup$ and $\inf$ of $\{\frac{nk}{1+2n+3k} : n,k \in \Bbb{N}\}$",1
9273,Are the complements of $NP$-languages with only $n$ words of length $n$ also in $NP$?,0
11786,Why we don't care about minimizing Push Down Automata & Turing Machines?,0
4282,"For random $w$ between $-20$ and $20$, what is the probability that the graphs of $x-\lfloor y\rfloor=w$ and $x^2+y^2=50$ meet in two points?",1
3722,"Does intermediary condition for existence get ""carried away"" on final result?",1
10556,Project Euler Question #2: Sum of even Fibonacci numbers under 4 million,0
6481,Core Biological concepts explained to a Computer Scientist?,0
7569,"Definition of ""Regime of selection""",0
1986,Regarding elimination method [Simultaneous Equations],1
6381,Why might long telomeres be selected for in laboratory mice?,0
6485,Hiding identical sequences in NCBI web interface,0
10472,Does quantum computing convert any O(2^n) algorithm into a polynomial running time and how?,0
2495,rational function with absolute values,1
1722,What x belongs to if not all $x_i$ belong to $\mathbb R$?,1
2183,Rotman Abstract Algebra Correspondence Theorem clarification,1
8352,What is the resting human stomach pH?,0
5196,Optimizing in role-playing games,1
11755,Java 8 unit test for third-party data feeds,0
9382,Find most valuable subset of a node weighed tree,0
5930,Then value of $\alpha^2 +4\alpha$ in Infinite series,1
10517,Behavior of different multiplied and added time complexities,0
9622,Create New C++ Class,0
3938,Determine limit: $\lim_{x \to -\infty} (\sqrt{x^2 +2x} - \sqrt{x^2 - 2x}) $,1
54,Set of true statements generated by set of axioms with a binary operator,1
9954,Generating social media links,0
10675,Questions on AlphaZero Implementation,0
3033,How to get calculate ratio and compare between two,1
8148,Recommended reading to quickly get up to speed on infectious diseases,0
3616,Check if the function is homeomorphism.,1
270,A particular combinatorial identity,1
302,Range of values of variables and convergence of series.,1
4647,How can we find the joint distribution of $R_1S$ and $R_2S$?,1
4795,Cardinality of a Grothendieck Universe,1
11542,"language for Turing machine, {w#w | w ∈ {0,1}*}",0
2161,Expectation of the distance to the center and to the boundary of a point in a circle,1
4862,"Is it necessary that $f: G_1 \to G_2$ is an isomorphism, for $f:H\to H$ an automorphism with $G_1, G_2\le H$ of the same cardinality?",1
1993,Extension of linearly independent set to a basis in an infinite dimensional vector space,1
7977,What prevents the human intestine from 'exploding' as a consequence of bacteria growth?,0
10044,"Is there any concrete relation between Gödel's incompleteness theorem, the halting problem and universal Turing machines?",0
5493,Should we take only positive root i.e. -y or both the roots + or -y?,1
7335,Hopfield-like neuron assemblies,0
8983,Why do most negatively charged phospholipids concentrate in the inner leaftlet?,0
2990,Minimize a function with indicator.,1
8259,Is there a biological basis to physical attraction?,0
8984,Are there cases when genus name is equal to the name of a higher taxon?,0
3915,Solving a second order BVP for $y(x)$ with a singularity in $y$.,1
9587,Negation of the semantics of the Until operator in LTL,0
4050,Formulating deterministic and stochastic production models (not solving them) [Beginner's Operations Class],1
1270,What is a star configuration for a projection of a knot?,1
5546,"Proving convexity of the set$ \{ (x,y): 25y^2 - x^2 \geq 9 \} $",1
3906,Vitali set in higher dimensions,1
1782,Partition of polytope (with respect to convex hull),1
2953,Finding least complete solution for congruence,1
7695,Do animals follow tactics?,0
3863,Prove that the group ring $\mathbb{Z}(\mathbb{Z}_{n})$ can be generated by a single element,1
4195,SVD of a block partitioned matrix,1
7046,What to look for when buying a light microscope?,0
7264,What is the best solvent for Mutagen X?,0
7072,Can elements of one's environment act directly as hormones?,0
10345,Follow Up post: Proper handling of exceptions in MVP,0
9907,Iteritems on a slice of a Python list,0
10406,Simulated annealing for magic square-of-squares puzzle,0
7723,Why aren't the antibodies in the mother's milk digested by the infant's digestive system?,0
3204,"Fourier transform of ""hyperbolically distorted"" Gaussian / Bessel-type integrals",1
10811,Cycle decomposition in Python,0
3483,"If $\text{sgn}(Y-c) = \text{sgn}(Z-c)$ a.s., then $Y=Z$ a.s.",1
3265,What's the relation between Stirling numbers and the generating functions?,1
8402,Deeper Learning in Physiology?,0
1968,Bayes' Net Conditional Probability,1
8231,why does the score matrix influence the E value (BLAST),0
5738,"How do I prove that for any $y$ $\in$ $B$, $y$ $\in$ $f$($A$)?",1
5018,"What's ""$\mathbb Z = (1)$ is cyclic""?",1
8836,Why doesn't the spinal cord get thicker the further up we go?,0
8837,Why are there three stop codons but only one start codon?,0
5020,When can we use limits to overcome $0$ probability events like $\{Y=y \}$?,1
8528,Liebig's law of minimum,0
11701,Is peer to peer and client-server a type of network or protocol?,0
8040,Is the mRNA produced constant during time?,0
399,Why there exists an element $ y\in G\setminus‎ L $ such that $ K/L_{G} = (\langle y \rangle L_{G})/L_{G} $?,1
8093,Explanation of universal model of energy flow,0
3431,Calculate forward direction vector using 2 vectors,1
6715,How the glycogen accumulate intracellularly in the reversible cell injury?,0
9936,Classification algorithm for high dimensional data which is uniquely definable in a very small sub-space,0
3156,What is orthogonal group $O(1)$?,1
7206,DNA replication precision,0
2576,Discrete subspace in the product of Sorgenfrey's line.,1
9860,Refactoring two node-accessing methods,0
4458,Find Galois group for normal closure - can't find error,1
6820,Regarding benign tumors and what 'stops' them,0
6507,Is it a valid generalization that kinases catalyse reactions involving energy transfer and utilization?,0
65,"If $f_n$ converges in measure to $f$, prove prove $\lim_{n\to\infty} \int_a^b f_n(x)dx=\int_a^b f(x)dx$.",1
8120,Are all cells organisms?,0
11913,Concurrent bidirectional dictionary,0
4927,Questions concerning a proof that $\mathcal{D}$ is dense in $\mathcal{S}$.,1
590,Relation of variance and skewness for a skewed Gaussian variable?,1
9691,Undetectable error correcting codes,0
3344,"Kronecker delta tensor: are the forms $(2,0)$, $(1,1)$ and $(0,2)$ invariant under an arbitrary change of base?",1
6530,How are colors outside the standard RGB color scheme perceived?,0
10003,"Solomonoff's theory of induction, Kolmogorov complexity and Bayesian Inference",0
10437,Counting inversions with index constraint,0
11321,Finding the tree height in Python,0
510,Finding probability in the case of a biased coin,1
9298,Renames file-name references inside files in a directory,0
11854,Composition of combinators with arities greater than one,0
9761,Finding Kernel in DAG,0
5604,Integral approximation Taylor polynomials,1
10073,Query regarding Integer factorization,0
10128,"Given 2 regular languages and their DFA's, how to construct the DFA of the union?",0
7043,Why there is no typical cells,0
10879,Is this program susceptible to a buffer overflow exploit?,0
1040,Is it possible to realize a general compact Riemann surface in $\mathbb CP^2$?,1
836,"On a hypothetical computer with a word length of three digits and truncation, compute the solution of a system of equations",1
9837,"How to define the partial or total order of the segments to be inserted in a ""sweep-line status"" data structure?",0
1491,"New to MATLAB, having some trouble solving systems differential equations",1
2890,Density of continuous functions with compact support in weak $L^1$,1
4472,An infinite product for $\frac{\pi}{2}$,1
453,Complex Numbers: Im$(\frac{12}{z-7})=1$,1
6888,What happens to the brain during meditation?,0
5739,Why is there an intimate relationship between calculus and $e$?,1
8325,"Species identification, tree from Ecuador",0
1965,Finding the radius of convergence from a closed form representation of a series,1
6186,Identification - hornet,0
8086,How do animals handle light refraction in different media?,0
991,Existence of a continuously differentiable function with prescribed properties,1
9127,Reporting the highest satisfied poker hand in F#,0
11517,Name and complexity of a problem concerning metrics,0
7142,Why does dehydration lead to low blood pressure,0
6535,How do other primates treat their fingernails?,0
3670,"Why does the ""borrow"" algorithm for subtraction work?",1
10046,Logging leads when interactions happen for a contact,0
6144,Did we evolve from monkeys?,0
5098,Stationary points of $(x+y+z)^3 - 3(x+y+z)-24xyz +a^3$,1
2012,Does a normal number contain each sequence of digits infinitely often?,1
7415,What species of duck is this?,0
4976,Convergence or divergence of $\sum_{n=1}^\infty (-1)^{n+1}(2+(-1)^n)/n$?,1
8821,Is it possible to estimate the age of a wasp nest by its size?,0
10078,planar max cut graph with constrains,0
11960,How to find number of blocks in cache?,0
570,variance of multiple varibales,1
5986,Problem with stability of non linear second order difference equation,1
8518,Genes of the electron transport chain,0
4145,"If $G$ is a group and $a,b \in G $, then: $ |\langle a,b \rangle|=|\langle a\rangle|\cdot |\langle b\rangle| \ \Longleftrightarrow a=b$?",1
3163,Laurent series for $\sin z \sin(1/z)$?,1
10328,Multi-User Roles in Laravel,0
4466,If any LC is divisible by the GCD then it has a certain form.,1
5772,Is there an integral domain containing an element having no factorization into irreducible elements?,1
8696,Is there a realtime molecular clock within the genome to co-ordinate the developmental sequences in an embryo?,0
995,"Finding a narrower confidence interval for a given CI, sample mean and size",1
7221,Where can I find a cannabinoids profile of hemp strains?,0
6109,How is the urea cycle regulated with respect to protein deficit?,0
8493,DNA barcoding and real-time PCR,0
2620,Is it true that $A_x$ has even order for all $x\in G$?,1
7257,Why doesn't blood remain on a mosquito's proboscis in quantities that could spread blood-borne diseases?,0
8801,Evolution of Upside Down Catfish (Synodontis nigriventris),0
11663,Page Replacement optimal verses MRU,0
2978,Maximum of $P=x^m y^n$,1
6196,What does hypolithial mean,0
1298,Can someone help me solve the Question on Differentiabilty,1
9663,Densely connected non overlapping subgraph,0
2433,Find all invertible elements of $ \Bbb{Q}[x]/(x^{600}) $.,1
1246,"suppose a>1 is an integer, and p is an odd prime number.",1
7242,Aloe species identification,0
38,A continuous function with positive and negative values but never zero?,1
9349,"Rsync script that does Daily, Weekly and Monthly backups with hard links",0
1304,Orbits are the minimal $G$-invariant subsets,1
9945,How may an algorithm always color optimally connected bipartite graphs?,0
2275,Was Fermat's last theorem proved based on Peano's postulates?,1
7466,"Identification of red, plum-like fruit (probably from Southern Russia)",0
4896,Notation Question $n$ $ < <$ $m$,1
9603,Arranging Buttons on a Process Enumerating Application,0
11948,"Centre, diameter, and radius of graph",0
7501,Why are some genomic regions sequenced more than the others?,0
7026,What flying insect is this?,0
9398,"How do you apply Context-Free Pumping Lemma to these problems, and how do the approaches differ?",0
4231,Basic Survival Facts in Finite Group Theory,1
7018,Reverse tomography to create 3D scalpel,0
1695,About the Fourier transform of the surface measure of the unit sphere,1
7027,Do fallen leaves produce oxygen?,0
9611,"What is the generating algorithm for the ""komb"" instances found on satcompetition.org?",0
11465,Collisions in independent hashing,0
4117,Examples of predictable processes,1
8624,why thymectomy doesn't lead to humoral immunity deficiency?,0
2270,Applications of a theorem of Cartier and Gabriel,1
6491,Denaturation of protein,0
4749,Conditional probability mixing Union and Intersect - $P(A\cap B\mid A\cup B)$,1
6911,Do fruit juices have a diuretic effect & what governs this?,0
10678,Project Euler Problem #6 - sum square difference,0
4786,Absolute value of tensor product of fields,1
5420,"What does ad$f$ mean, for $f$ a smooth function?",1
5703,Calculating mean and standard deviation of very large sample sizes,1
7600,Can you increase the microbiota in an insect?,0
5265,Irrationality of the concatenation of the rightmost nonzero digits in $n!$,1
9022,Rendering and re-rendering a Mustache template,0
8721,How do I go about traveling with DNA extract samples?,0
711,On the measure of a closed subset of a non-measurable set with infinite outer measure,1
11765,Project Euler 22: Names scores by Loki 2,0
4468,Some Advice on My Undergraduate Paper,1
6679,Hardy-Weinberg applied to three alleles and stimation of allele frequencies,0
5806,Derivation of a lagrangian from the equations of the motion,1
11754,Starting a fire and forget async method,0
9311,Turing Machine-Like Formalism for The Actor Model,0
7199,evolution and mutation of microrganisms against medicines?,0
9240,What is the complexity class of finding vertex cover number of a simple graph?,0
11591,Splitting a path string,0
125,Splitting partial derivatives,1
10713,Diagonal gradient optimization,0
3246,Why these integrals are evaluated differently? $\cos(x)/(a-b\cos(x))$,1
4048,Regarding the domain of $f(x) = \sqrt[4] {\log_2 (\tan x)}$,1
2949,Combination of Normal distribution,1
5894,"There are some solutions in a lab which can be either acid, alkaline or neutral. Given some clues, try to find the probability.",1
2491,"Question on countably compact, sequentially compact and compact",1
10072,Characters set permutations with repetitions,0
1933,the street network of a given city,1
8715,Validity of measurements of respiration in isolated mitochondria,0
608,I'm trying to encode a number.,1
7709,Are there available fluids that can be used in place of blood to facilitate oxygen and carbon dioxide exchange during major surgery/trauma?,0
785,Inequality of polynomial on neighbour quadrilaterals,1
8361,"In the lysogenic cycle, does the provirus split from the cell's main genetic material for replication?",0
1881,Every Group is a Fundamental Group,1
1732,Determinant of submatrix,1
864,Do perfect maps preserve perfect normality?,1
11804,Coding standard and Readability: Verbose/Redundant statements vs Short/Compressed,0
9813,why are integers considered as an ADT?,0
3776,Hint on measure theory problem about rational-invariant measurable sets,1
10639,Preparing precedence graph from fork and join code,0
1980,Partial derivative not parallel to $x$ or $y$ axis,1
3154,"Find the coordinates of the point $P$ on the graph of $f(x) = 9-x^2$ at which the tangent line passes through $(4, 0)$.",1
9759,Usage of state machine to model lifetime of an IP address,0
11691,"Is O(mn) considered ""linear"" or ""quadratic"" growth?",0
11955,"Calculate how many coins, coin values are 50, 20, 10 and 5",0
2302,What is the convergence radius of $\sum\limits_{n=1}^{\infty}5^{n^2}x^{n^2}$?,1
3215,How can I prove $\int_{0}^{+\infty }\frac{x-sinx}{\sqrt{x^{7}}}dx$ converges/diverges?,1
5405,Solving of the first-order nonlinear differential equation,1
8876,Is there an ecological scenario where terrestrial insect larvae can show food choices?,0
3406,Dual space of Bochner space,1
162,Combinatorial Proof for a $ p\mid\binom{p}{k} \ \ \ \ \ 0<k<p$ .,1
4028,Stochastic integral with Poisson random measure,1
9186,Selecting k rows and k columns from a matrix to maximize the sum of the k^2 elements,0
11983,Drawing an implication graph for 2-SAT clauses,0
5671,Well defined function involving quotient spaces,1
4839,A Countable Basis and Countably Locally Finite Collections,1
6900,Is it considered feasible to genetically improve plants for better Carbon dioxide breakdown?,0
1029,Why is $nM$ equal to $\sum_{i=1}^{n^2}i$?,1
4652,"Given a $\mathcal{L}=\{0,1,+,\cdot , R\}$ and structure $C=(\mathbb{C},...)$ give a formula so that $C\models \phi(x)$ iff $x$ is a real number",1
11528,Handling arrow keys for a console menu,0
10257,How is the directory implementation done using a linear list?,0
11189,Use generic to prevent duplicate code in this case,0
6075,What mammals can rotate and move their ears the most?,0
4854,"Implications between two properties involving the ring $~K[x,y]~$",1
9484,Applying Master Theorem to: T(n) = T(n - 2) + n^2,0
686,prove the formula and then evalute the sum,1
5453,How do I evaluate this sum :$ \sum_{n=1}^{\infty}\frac{{(-1)}^{n-1}\log n}{n^s}$?,1
49,String sets commutative under concatenation,1
5973,Rational Gaussian-type integral with sin,1
580,What algorithm is used to list all linearly independent (LI) solution of a homogeneous system Ax = 0?,1
1530,Showing that $\mathbb E_x \left[V(y)\right] = \frac{\mathbb P_x\left[T_y < +\infty\right]}{\mathbb P_y\left[T_y^+ < + \infty\right]}$.,1
694,A cycle is an even permutation iff its length is odd,1
311,"Existence and Uniqueness of a Volume Element on an Oriented, Pseudo Inner Product Space?",1
2943,Intuitive Approach to de Rham Cohomology,1
11700,Lottery number generator,0
2067,Expected number of transfers/move in a 6 round dice game,1
10795,"SQL Query to perform a ""reverse exclusion"" on a LEFT JOIN with a select from the left side table",0
1498,Pre-image of a submanifold by a submersion,1
10428,How to avoid column wise access in matrix multiplication?,0
331,How to find if this function is periodic,1
391,Double integral with change of coordinates,1
5134,"$\bf{\mu}_i$ and $\bf{\mu}_j$ have the same dimension, can I derive...?",1
7398,"What is the meaning of ""gap"" in G1 phase?",0
9538,Adding two roman-numeral inputs,0
384,Show complex numbers equal each other,1
4072,Intuition for Surface Integrals,1
3392,What is the antiderivative of $f(x)=(a(K-x)^{1/n}+b)\times x^d$,1
76,supremum norm and submultiplicativity,1
3589,Interprete $f(L_2)$ and $f(L_3)$.,1
3611,How to integrate PDE with different dependent variable?,1
1484,Find $\lim_{x \to 0} (\frac{\tan(x)}{x})^{\frac{1}{x}}$,1
1122,minimum sum of distances from vertices,1
4403,An integral domain with Krull dimension 1 which is neither Noetherian nor integrally closed,1
10725,Turing machine that recognizes the language $\{a^{n}b^{2n}c^{3n}|\ n\ge0\}$,0
1835,Question about Fatou's lemma,1
2786,Explain why a set of mutually orthogonal non-zero vectors is linearly independent given a clause,1
11176,Digit-by-digit addition using vectors,0
3372,"If $X$ is separable, then the closed unit ball of $X^*$ is weak-star metrizable. Some calculus helps needed!",1
8464,What is the cause of the spots on this leaf?,0
1093,A basic question on equilibrium point of coupled differential equation,1
8723,Lifeless Lake in Siberia,0
3143,Exponential function properties for rational numbers.,1
6780,Why is the Hill muscle model only applicable to isometric contractions?,0
1841,Set of subsequences for each sequence of integers is uncountable,1
4640,Probabilistic edge covers,1
4856,Comparing homology of spaces of maps and spaces of basepoint-preserving maps,1
2165,Finding the number of days that should be written on carton milk,1
10401,Leap year functionality in Ruby and JavaScript,0
9008,Locking during cache population,0
4512,Does Discrete Math require Calculus?,1
4953,Intuitive Understanding of Dependent Events in Probability,1
5714,Characterization of the matrix inverse,1
673,Time to exit strip for a geometric brownian motion,1
7640,Recessiveness of allele for protection of organism,0
11070,jQuery plugin boilerplate jquib,0
5859,Eigenvalue preserving projection,1
2445,Random point in a triangle,1
9338,Language of the graph of an affine function,0
8346,Does Sansevieria trifasciata really absorb Carbon Dioxide at night?,0
3687,Real roots plot of the modified bessel function,1
3090,"What does ""for all but finitely many $n$"" in the definition of limit inferior mean?",1
2137,Groups of order 2k have a normal subgroup of order k and odd permutations,1
4315,Find the inverse Laplace transform of $F(s)=\frac{e^{−6s}}{s^2+0s−16}$,1
10280,Upper bound derivation of expected time for finding a large cut,0
11582,Upvote/counter in Javascript,0
1874,"If $z_1z_2$ is real and non-zero, then $z_1=p\overline{z_2}$ for some real $p$.",1
9101,coding theory- perfect codes,0
5044,"Two variable function that's continuous on all linear paths, but nevertheless discontinuous",1
8242,Is there any clear relationship between physical characteristics and patterns in the genome?,0
7601,How can I generate a random DNA sequence?,0
1800,L^1 norm and L^2 norm of tensor product of two vectors,1
10157,How to make this query better (e.g. avoid repeating subquery in a query)?,0
416,Lagrange multipliers exercise,1
6994,"Is there an antidote for caffeine, e.g. as a supplicant for caffeine-intolerant persons?",0
3603,How can we show that $\mathbb Q$ is not a free $\mathbb Z$-module?,1
11460,How do you compute the time complexity of distributed algorithms?,0
5219,Number of components of algebraic variety,1
8586,Do human visual functions degenerate due to genetic factors or by external factors?,0
8562,Are there any animals that celebrate communally?,0
5770,"Summation of $1/(4k+3),1/(4k-1),1/(2k-1)$ and $1/(2k+1)$",1
2956,Cyclic Quintic Polynomial Family,1
921,Groups question about center,1
10768,Weighted dice with n faces,0
8574,How do trees lift water higher than 10 meters?,0
8195,Is the appendix a vestigial structure in all vertebrates?,0
6396,Non competitive inhibitors and Uncompetitive,0
2167,Dealing with correctness of probabilistic algorithms,1
118,"What is ""every inductive set""?",1
1503,Please help finishing the calculation to prove that ” Pareto distribution & Power distribution has inverse relationship”.,1
4334,Is this a valid proof of the mean value theorem,1
1153,difference equation-numerical analysis,1
7962,Why are root hairs mostly unicellular?,0
4194,Why doesn't this hold for $p=2$?,1
2832,Derivative of noised function,1
10971,Gradient Descent With Constraints,0
1099,Maximum number of students such that they all have at least 3 out of 6 different answers.,1
5366,Sequence with all rationals as limit points,1
3264,Conditional Expectation of the sum of Bernoulli random variables,1
11354,Algorithm for optimal spacing in intervals,0
3323,Find $\int \left(e^{\frac{x}{2}}-\frac{5}{x^2}\right)dx$ by substituion,1
5692,Stokes theorem for manifolds with corners,1
2696,A nonlinear optimization problem: numerical solution fails,1
11879,How does this Turing machine accept $a^n b^n$?,0
9289,JavaScript nesting XMLHttp requests and in a loop,0
6063,Can 3% hydrogen peroxide be used as effective disinfectant and antiseptic?,0
3243,What is a short exact sequence?,1
4049,Bijective correspondence between covering space and subgroup of $\pi_1$,1
5097,"$h^{n} = f$, $h$ and $f$ entire functions",1
4868,When can a group be made into a ring? How `little' of the ring structure must be specified?,1
1617,Prove an equation given 3 tangents and coordinates of centre of a circle,1
4815,Orthogonal matrices over GF(2^t) with the first column fixed,1
11255,"Flask web application, with handling for user login status",0
2544,Solving an inequality fot hyperbolas,1
5548,"Knowing that m and n are two positive integers, solve the equation m/n = n.m (ex.: 5/2 = 2.5)",1
11887,Countdown timer in React.js,0
6103,How do Rab proteins ensure specificity in vesicle transport?,0
11784,"What is the deterministic finitite automaton (DFA) for the regex "".*b.""",0
4678,Simplifying $1-3^{-x}+(2\times 3^{-x-1})$,1
10119,Linear programming restricted to rational coefficients,0
3217,Which functions arise from a probability measure in this way?,1
11164,What is the simplest/smallest subset an OOP language like C#/JavaScript that is Turing-complete?,0
9044,Double hashing constraints,0
1254,I have a number sequence that starts with 6 and 11. I want to know that their are infinite number's in this sequence.,1
657,Question regarding permutations as a product of transpositions,1
769,open set containing diagonal in a compact Hausdorff space,1
11411,Graph algorithm to group nodes by level and group size,0
4946,Continuity theorem in Itô integral explanation,1
6734,What are the floating translucent little objects called in the field of view?,0
10796,Hash table collisions: why use a linked list if we can use a hash set?,0
4778,"If $E/F$ is an extension of fields with $F \leq E_1, E_2 \leq E$, find an $F$-basis for $E_1E_2$ as follows",1
3474,Does someone see my mistake when calculating inverse of 34 mod 89?,1
3373,How to find the MVUE for the Var$(x_i)$ of a Geometric Distribution?,1
3857,Defining an example of a Boolean algebra (Discrete Math),1
6069,What is the function of the RNA primer in DNA replication?,0
10648,TaskScheduler in python,0
10222,How to avoid cascading resizes when resizing hash tables?,0
6707,What is this flower?,0
1006,Schubert Cells of Flags,1
5793,Find the digits of a number,1
5890,"If $x^n = f(x)g(x)$ as complex polynomials, must $f,g$ be of the form $x^m$?",1
8197,Why does a worm's skin need to be wet for oxygen to diffuse across it?,0
3437,How to solve a linear differential equation with Green's function?,1
10595,"Does the ""dictionary of stacks"" ADT have an accepted name?",0
3721,How to transform any expression of the form $x^2 + ax + b$ into $y^2 + c$?,1
5088,Proof Verification: Showing that these two product metrics are equivalent.,1
3213,Show that KPMQ is Cylic,1
7163,Mutated Sperm - What happens?,0
5556,Estimate for $\sum_{q=1}^{M}\frac{\varphi(q)}{q^{2}}$ Related to Bourgain Paper,1
2503,"Continuity of $f(x)=\sum_{n=1}^\infty \frac{x^{2/n}}{n(n!)^2}, 0\leq x\leq 1$",1
2927,I need a Hint on this Differential equation,1
3320,When does there exist a unique minimal element in a partial order,1
2055,Principal submatrix unitary matrix normal,1
5184,Question about proof structuring.,1
3434,Absolute continuity and FTC,1
6927,Dreaming after passing out,0
10263,Designing better api controller,0
6552,Why is sedimentation rate significant for a ribsome,0
5983,High school Math team questions!!,1
1684,Set $J$ contains elements $c$ from commutative group $F$ such that $c^3=e$. Why is $J$ a subgroup?,1
6426,Are there chromosomes that we inherit that are not recombinated?,0
7426,Are the antibodies developed by differing vaccines still the same?,0
9664,List of Ordered pairs from unordered Pair in Java,0
634,Prove that the Fourier transform of a test function has not compact support,1
447,"Manifolds, questions about gluing",1
11374,Guess-the-number game by a Python beginner,0
6516,Correct migration rate expression in infinite island model,0
5918,Divergence and tensor,1
9413,Are all countable partial functions computable?,0
3994,null-space matrix multiplies invertible matrix is also null-space matrix,1
3896,Fréchet derivative of a functional.,1
7023,Structure coordinates in PDB file,0
8679,Health effect of electromagnetic and acoustic waves on brain function,0
2842,Equality regarding $\vartheta$-functions using Poisson Summation,1
2610,How to solve this set of coupled ODEs?,1
8922,Does the harvesting time of broccoli sprouts change their glucoraphanin content and sulforaphane formation capacity?,0
4888,"Why is it the case that the common factors of $x$, $y$ are also common factors of $x + y$",1
4204,Generalization of Rayleigh quotient,1
10352,Binary tree implementation in Scala,0
6430,Why use RRBS (reduced representation bisulfite sequencing) instead of general BiSeq?,0
122,"Does there exist a continuous $g(x,t)$ such that every continuous$ f(x)$ equals $g(x,t)$ for some $t$ and all $x$??",1
3886,The norm of a block Toeplitz matrix,1
10099,Submitting forms on pages linked from a main page,0
5571,Primitive group with regular socle,1
1934,Why is my proof that $L^1(\nu) = L^1(|\nu|)$ for signed measure $\nu$ incorrect?,1
9276,Does Turing Machine divergence depend on the input?,0
11975,Possible sub-optimal selection sort,0
8516,exercise of gene linkage in genetics,0
7910,X linked traits expression in females,0
9931,$k$-SAT completeness proof when $k$ is linear in number of variables,0
3890,"why $\frac{\partial f(x,y)}{\partial x}+f(x,y)\frac{\partial f(x,y)}{\partial y}=0 \Rightarrow f(x,y) \equiv \text{constant}$",1
3034,Solving logarithmic equations,1
11322,Competitive ratio of the ski rental problem,0
969,Expanding the square in the variance,1
9616,Util method for generating an INSERT sql dynamically,0
8421,Chemical methods to detect cell division,0
10890,Similarity based document classification compared to the user profile ratings,0
