,question,target
10717,Printing a huge document,0
1009,Find the Lipschitz constant for the following function,0
10173,"Script to calculate width, and either resize, show, or hide HTML menu",0
7060,Predators on the Galapagos,1
4815,Use numbers or algebra when introducing an evolutionary biology concept?,1
9578,Liveupdate phone number forms and test for international numbers,0
7258,"How are primary monoclonal antibodies for screening mutant cells made, physically?",1
11398,Splitting a command line into key/value pairs,0
1458,understanding orthogonal decomposition theorem,0
835,Limit of Maxvalue function,0
4085,Can a protein falling below a threshold trigger another response?,1
7416,"EGFR, sialylation, and cancer progression",1
5466,Histidine aromaticity,1
1808,Showing that $A= \{x=(x_n)_{n \in \mathbb{N}} \in E \mid 0 \leq x_n \leq a_n \}$ is a closed set.,0
4750,How would inserting a nonfunctional protein impact fitness of an organism?,1
4072,Can elements of one's environment act directly as hormones?,1
10576,Dynamically create a table of input fields,0
8916,How semi-synthetic cell with artificial DNA works,1
2005,Does 'a graph is a DAG $\iff$ there exists a topological sorting' hold for graphs with a non-finite number of nodes?,0
11944,Graph problem known to be $NP$-complete only under Cook reduction,0
5370,Does some form of self organizing map exist in the brain?,1
10275,Randomized and deterministic reduction,0
11488,"Hover effects for red, blue, and green boxes",0
11129,What would be the best way to update data from associative array?,0
5710,"How do traits with no negative effects get ""weeded out"" via evolution?",1
9811,Adding/removing map values: unsymmetric implementation,0
3961,Analysing the results of real-time PCR,1
9564,Roughly removing 'duplicate' photos based on filename,0
465,How to do partial fraction decomposition with exponentials,0
7557,Do two compatible tRNA codons bond together?,1
4725,"If species are reproductively isolated, then how are interspecific hybridisations carried out?",1
7342,How is instinctual information encoded?,1
7742,Do low light levels during development affect the distribution of rods and cones in the retina?,1
7770,What could live inside a pillow?,1
6848,How does sunlight affect the longevity of SARS-CoV-2 on surface?,1
6742,Solving a Pedigree Between Heterozygous Half-Cousins,1
5268,Why is beta- D fructofuranose two different structures when in free form and as part of sucrose?,1
9088,Encrypting/decrypting messages in java,0
8669,Why did abiogenesis only happen once?,1
2592,A neighborhood of a connected subset is connected.,0
2425,Let $a$ and $b$ be positive integers such that $ab + 1$ divides $a^2 + b^2$. Show that $(a^2 + b^2)/(ab + 1)$ is a perfect square.,0
10529,Simple text DataBase,0
2432,The importance of being real,0
11174,Assigning database credentials,0
9352,"How to prove the optimality of the ""patience sort"" algorithm?",0
1456,Possible mathematical finishes to the darts game 501,0
10246,Handling pagination on a particular page,0
10204,Procedural style Rock Paper Scissors game using Python 3,0
4558,Folding of bulliform cells,1
4160,Getting read size less then specified in parameter file Flux Simulation,1
3430,Why use RRBS (reduced representation bisulfite sequencing) instead of general BiSeq?,1
2013,"distinct complex embeddings of a Kleinian group, and Mostow-Prasad rigidity",0
5215,What are unmapped reads?,1
11894,Applying Akra–Bazzi with an unbounded number of summands,0
8726,Spatial resolutions in optical microscopy,1
9789,How to turing reduce equivalent languages $Q$ to infinite language $I$,0
5873,Two mice heterozygote and black are reproduced. Find the probability of getting the filium dark and heterozygote,1
9810,Calculate mean of vector primitive numerical values generically,0
6712,What are treatable foetal conditions during pregnancy?,1
10220,Need of reducing problems if we already know that a problem is undecidable,0
518,Is there a way to integrate $\int \frac{1}{f'(x)}dx$?,0
8035,Why eyebrow growth stopped after it has specific length?,1
10266,Does every large enough string have repeats?,0
868,When does the equality hold in the convex function?,0
10782,Why Does The Division Alorithim Need [Register Size] + 1 Iterations,0
9312,Write a function to print numbers,0
11467,Peak finding algorithm,0
4147,Purifying a linear plasmid after restriction digest?,1
1394,Prove that a set is compact with respect to a different metric in $\mathbb{R}$,0
5959,What is variation in Speciation,1
3266,Transcranial Magnetic Stimulation on science fair,1
1477,Try to give a description of $Q/ \sim$.,0
5202,Is there redundancy in the auditory system like there is in the visual system?,1
10626,Converting numbers to English words,0
10864,Partition overlapping polygons,0
2740,Confusion on sets and relations,0
1421,Basis of differential one-form confusion,0
11384,Find the smallest triangular number with more than 500 factors,0
2297,Show $ \sum_{n=1}^\infty { {\left(-1\right)^{n+1}} \over \Gamma(n+1)} = 1 - \frac1e $,0
4313,Primary cilia: what cell types have non-motile cilia that migrate?,1
5843,Please identify this bug/insect,1
1096,"Let $0\to F_1 \to F_2 \to F_3\to 0$ be a S.E.S. of Abelian sheaves. If $F_1$ and $F_3$ were flabby, would that imply $\mathcal{F_2}$ is flabby too?",0
3358,what is the active ingredient in cymbopogon citratus that repels mosquitoes?,1
6762,"Do we know the physical-nature of ""senses"" or qualia?",1
7874,Forward or Reverse Strand: Is there a difference when encoding genetic devices?,1
10317,Loop termination check for multiple types of host reachability tests,0
11527,Minimum edge weight k-exact cover with triangle inequality,0
6572,What is this species of angiosperm from Morocco?,1
792,"A question based on intermediate fields , separable elements , inseparable elements",0
8612,Conservation Genetics - Book recommendations,1
5502,Identification of a red arachnida (?) (picture and video),1
11970,What kind of runtime behavior should we expect of Finite Element Methods?,0
7110,Nature of Dengue Fever Genetic Material,1
11137,Regularity of a language constructed from a know regular language,0
4444,Can a portion of human skin cells be modified in some way to generate light?,1
10750,Normal Order Reduction - is Leftmost Outermost order simply Leftmost?,0
3019,Why we need a plasmid for r-DNA technology,1
4010,Function of the spermaceti organ,1
11214,Simple decision tree in Haskell,0
4746,Does the DNA of a tadpole change after it becomes a frog?,1
7827,How fast can the human body temperature change?,1
738,assessing linear relationships as logarithms,0
10851,Pumping lemma for an involved non context free language,0
5337,Total dark deprivation at day-neutral plants,1
2299,"When deriving the multivariate normal distribution, please explain this limit",0
11452,Invoking subscribers of an action in parallel c#,0
6606,Why is one phase of a plant dominant (Alternation of generation)?,1
11800,Random Prime generator,0
866,uppersemilattice end extensions,0
8921,introduction to Chip Seq,1
532,Tables of Hypergeometric Functions,0
2610,How to solve this set of coupled ODEs?,0
7860,Was HindII the first restriction endonuclease to be extracted?,1
4448,Efficient algorithm to calculate various population divergence statistics,1
9211,How is n-gram different from k-mer?,0
8961,RNA processing in eukaryotes,1
2819,Multinomial Expansion of Finite Series to a Power.,0
7724,How does rho-dependent termination occur?,1
6227,Is RNase AWAY in the lab dangerous?,1
1387,Using concavity of log to prove $L^p$ norm is increasing in $p$,0
5558,Can DNA sequencing of food provide quantitatively the fraction of protein from chicken vs soy?,1
10787,"CISC, RISC and anything else?",0
3945,Why is blood collected at crime scenes?,1
11880,Text file manipulation with Java 8 and Guava,0
1237,"Intuition for $\,c\mid a,b \iff c\mid \gcd(a,b)$",0
7841,"What is the difference between a DPY-10, DPY-11, and DPY-13?",1
4188,What's the recommended maximum passage number for mammalian cells (NCI-H441)?,1
8180,Please help ID this possible fish skull,1
7956,Is gene only the portion of a single strand which codes for a particular protein?,1
7881,Text or source (preferably free) for learning developmental biology,1
3158,Does a DNA sequence has its own derivation tree or pattern?,1
4942,How does an animal having toes create more friction than not?,1
11341,Python implementation of netcat,0
9253,What are some problems which are easily solved by human brain but which would take more time computers?,0
7569,Gliotoxin ingestion and actions needed,1
5197,Why does a worm's skin need to be wet for oxygen to diffuse across it?,1
267,Proof of a stronger form of Chinese remainder theorem (12.3) in Neukirch,0
3910,Structure of fitness landscapes in the NK model,1
4011,Does our DNA change during our lives?,1
6868,What does completing the course of antibiotics accomplish?,1
8862,Why can we control our breath rate but not our heart rate?,1
8545,How to get the correct RefSeq Protein transcript for a given RefSeq Nucleotide transcript?,1
892,Loss of significance - why does it gives more accurate result here?,0
4237,What exactly are computers used for in DNA sequencing?,1
1210,integral inequality increasing continuous function.,0
4424,Are SNPs or SSR copy number variation mutations more prominent?,1
11704,Copying items in arrays while checking their indexes,0
5238,Does drinking water affect oral thermometer accuracy?,1
6012,Correct enzyme nomenclature,1
10842,Check if given number can be expressed as sum of 2 prime numbers,0
10620,A bitwise common prefix algorithm in Python,0
138,"In a game of drawing straws, why are all turns equally good?",0
281,Find Integral Using Trig Substitutions with Tangent and Secant : Integral of Square Root of $x^2 + 2x$,0
5343,Pros and cons of amino acid structure vs DNA sequences for evolutionary comparison,1
5970,Deuteranopia confusion lines,1
4857,How can parentage test be accurately done even though crossing over occurs?,1
1482,What is a matching in minimum degree $k$ graph?,0
9184,First-come first-serve job scheduling algorithm,0
1662,Style guide for the use of '$( \ )$' versus '$[ \ ]$' in mathematics?,0
620,Is a Function on Bounded Domain Taking Cauchy Sequences to Cauchy Sequences Uniformly Continuous?,0
11443,Efficient loop over a integer range in Python,0
2697,Watson's proof on Graf's addition theorem,0
11758,Check existence of item in collection,0
5758,Why can't ciliary muscles in the human eye relax like other muscles?,1
8516,Which organism built this 2 cm long sandy tube?,1
2915,Principal ideal ring if and only if it is both a Noetherian ring and a Bezout ring.,0
3304,"Insect identification, Chennai, India",1
11318,Sum of Look and Say Sequence,0
3256,What causes pinkish hue to some skins?,1
1948,integral of min of delta functions,0
9477,"Which m numbers in the range [1, k] have sum equal to n",0
1690,What is the correct spelling of Paul Erdős's name?,0
1744,Is the tensor product of irreducible representations of different groups irreducible?,0
837,Prove and Find the solution.,0
10631,Implementing factory design pattern with generics,0
10724,Memcached load generation,0
8406,Database for drug-target relation,1
4477,Where might I find a list of all recorded instincts by species?,1
3064,How long does it take for a person to lose all offsprings due to inheritance?,1
7031,Did I just watch a spider die?,1
4770,Does hypokalemia increase sodium concentration in cells?,1
10828,Maximum One Third Cut,0
11197,Wrap a callback method in an awaitable method,0
8625,Is there any problem with using a single stop codon with a single CDS in prokaryotes?,1
8648,Would an h1 Full Agonist Prevent Sleep,1
11770,Finding compound words with Trie in python,0
3341,Nervous stimuli and neurotransmitters and impacts,1
4721,Yeast transformation plate confluent with growth,1
8520,"Decreasing the alcohol proof and faster in hangover, why?",1
5109,What's the mixture of carbon and haemoglobin called,1
6587,Microtiter Dish Biofilm Formation Assay- Pseudomonas and Crystal Violet,1
10561,prove that NDFA = { | M1 and M2 are DFAs such that there is at least one string x that is accepted by neither M1 nor M2} is decidable?,0
9641,Diagonalization argument for MAJORITY,0
5356,A question about IPTG induction,1
2667,Inverse Limit of Sheaves,0
6067,Empirical evidence for Group Selection?,1
4489,Are there any creatures that will eat their own limbs or body parts to survive?,1
3792,Dawn simulation - does color change affect waking up?,1
8050,Why haven't modern grass based crops overrun wild grasses?,1
10311,Python REST API clients,0
5265,How does the body determine where to deposit fat reserves?,1
9751,Power8 addressing modes,0
9328,"integer = c lg n (inputs of size n, Cormen 3rd, page 23)?",0
4586,Is B27 necessary to culture neural stem cells?,1
2996,Singular and regular points of a curve,0
7931,How do mutations of viruses lead to drug resistance?,1
3503,What are the minimal chemical requirements for a food which we all can eat?,1
11687,Bin Packing across multiple iterations,0
8530,Raw food diet digestion,1
10521,Hanoi towers recursive expression for EVERY algorithm,0
5850,Why are there no tree-like plants that grow in lakes?,1
1767,How can I prove that $F_1(x)=\frac{x^2+2}{3}$ can be used to solve $f(x)=x^2-3x+2=0$ with the fixed point method?,0
7642,Is there nutrient absorption in the large intestine of hindgut fermenters?,1
1519,Poisson bracket of function of coordinates in terms of canonical brackets,0
1881,Every Group is a Fundamental Group,0
3710,Which of the following lacks DNA?,1
982,Regarding retractions of $X$ onto subspaces,0
11319,"If $A$ reduces to $B$ and $B$ is NP-hard, is $A$ NP-hard?",0
8640,Does a neuron ever generate an action potential without stimuli?,1
795,A computional efficient bijective $ C^1 $ function that maps $ \mathbb{R} \to \mathbb{R}^{+} $ and it's inverse is also $C^1$.,0
2628,Ambiguity in delta equal sign,0
2404,Is sin(x) necessarily irrational where x is rational?,0
3839,Why don't surfactants destroy or incorporate into cell membranes?,1
5125,Tools I can use to find similar genes,1
622,Algorithm to generate normal matrices at random,0
7001,How does one find the corresponding SNPs in the pair of chromonosmes in a FASTA file?,1
3160,Earliest to use media after autoclaving?,1
7406,Help identifying a fly by its remains,1
6297,Why is our voice deeper in the morning?,1
2379,How to find the Cardinality of one set defined by another?,0
4631,What is this creature?,1
4710,How can one relate in vitro studies of caffeine (dose expressed as concentration) to dietary intake of caffeine (dose in mass)?,1
3101,Telomeres in cloning experiments,1
8747,Why do plants store energy as carbohydrates and not as fats?,1
7033,What causes sleep inertia?,1
10476,Using naturality to prove $f: \forall\alpha. \alpha\times\alpha\to\alpha$ must be a projection,0
983,"Closed-form of $\sum_{n=1}^\infty\frac{(-1)^{n+1}}{n}\Psi_3(n+1)=-\int_0^1\frac{\ln(1+x)\ln^3 x}{1-x}\,dx$",0
8122,Is chlorophyll living or non living?,1
5454,Why human body cannot defend against HIV?,1
2453,How to determine parameters of a normal distribution from a limited range of points?,0
2750,Does the correlation between the measurement noise influence the result of the LS?,0
6387,How are DNA segments selected in PCR?,1
142,Help understanding a proof that $[G:H][H:K]=[G:K]$,0
5380,How come large herbivores have such thin legs?,1
1137,Proving every metric space is normal,0
5359,Why is there a mass limit on biological powered flight?,1
7759,Where did Neanderthals and Denisovan Man come from?,1
5342,DRAQ5 and PI incompatible?,1
8639,How to confirm secondary structure formation of Precursor miRNA on gel?,1
292,Euler's Demonstration,0
9688,Building a lot of individual programs from one Makefile,0
9951,Output the most used non-trivial words from a file,0
4623,"X chromosome ""weight""?",1
10928,Selectively mapping one object to another,0
4564,What is the total mass of leaves on an 'average' mid-latitude deciduous tree?,1
10870,Static Methods for Dealing with Conversions from and to UTC,0
8363,Tests for object size discrimination in mammals?,1
2133,How many ways to choose 32 candies?,0
342,"Prove that if $f:D\to D$ is analytic and has two distinct fixed points, then $f$ is the identity",0
7446,"Burns' ""To a mouse"" - what species of mouse?",1
3347,What restriction enzyme was used in cutting this DNA piece?,1
8605,Optimum pH of Catalase,1
5196,Which is the guideline to choose a molecular target to identify vertebrate hosts from arthropod bloodmeals?,1
10483,Maintain sync of select list,0
2308,Monte Carlo Integration on a unit hypercube,0
10653,Is it possible to solve this problem in less than n^2 time without using additional space?,0
11930,Image quantization for grayscale images with alpha channel,0
677,Linear Algebra - linear dependent,0
6077,Can mitochondria be regenerated by the cell?,1
9232,What are the general applications of Computer Science in the field of Psychology?,0
10122,Why do we use multiple data structures?,0
9206,"Displaying contacts in PHP, with options to omit some information",0
6011,Fraction of channels open at equilibrium,1
756,Mathematical idea behind tax bracket,0
1727,Denoting a proper subset,0
5797,Is it possible to know the sex of a bird using blacklight?,1
8988,"Bug identification - Beetle, grasshopper, moth-like and it also flies",1
4195,What does the phrase 'background level' mean?,1
10999,Cut costly functions in inter-procedural abstract interpretation,0
831,Why the existence and uniqueness of solution of ODE implies existence of $n$ independent solution of $\dot x=A(t)x$ where $A$ is periodic?,0
3173,Are all healthy animals more likely to defecate near the end of a rest-cycle?,1
11566,Chunk a large set of characters by a specified set of delimiters and a maximum chunk size,0
4630,Can anyone identify this mystery caterpillar?,1
10287,Four jQuery date time pickers,0
8118,What are those visual and auditory reflex controlled by the midbrain?,1
4267,Evolutionary elimination of recessive gene,1
931,confusion over the use of universes in category theory,0
295,Understanding a comment by Thurston,0
1240,series representation of error function,0
3981,Sex differences in response to food deprivation,1
11470,First text game with Python - Higher or Lower,0
38,A continuous function with positive and negative values but never zero?,0
2480,Is this a metric in the space of continuous martingales?,0
3483,Can photosyntetic cells be genetically modified to grow at a faster rate?,1
4756,"If bacterial resistance randomly occur, then why limit broad-spectrum antibiotic use?",1
486,Taylor series of $\sum_{k=0}^\infty \frac{x^k}{k!} \log(\Gamma(k+1))$,0
1840,"Probability, at least..",0
6835,Getting some concept of cancer genetics,1
10979,Utilizing std::map and std::array for displaying a modulus grid,0
6025,What is this red orange insect with black dots found in Japan?,1
3824,Why is polyploidy much more common in plants than in animals?,1
3946,Can rats pass on memories of a maze to their offspring?,1
2451,Show that $C \subseteq Y$ is connected if and only if $f^{-1}(C)$ is connected,0
243,The largest sum of products of pairs of number's terms,0
8208,Why is hyper pigmentation the common aftermath of skin lesions and abrasions?,1
10419,Is Event.wait necessary here?,0
4354,Are carbohydrates an essential component of human diet?,1
2207,"Direct proof that the irrationals on $[0,1]$ have measure $1$",0
9889,How to get all tree-like refutations of a formula,0
4794,Prenatal hyperkinetic dysfunction and its effect on endurace,1
9821,method to decide if two strings are anagrams,0
420,"If G be a non-trivial group with no non-trivial proper subgroup, show that G is a group of prime order.",0
3252,How many plants or trees should one plant to take carbon dioxide from atmosphere?,1
6623,Do Termites and Silverfish metabolize cellulose the same way?,1
4646,Can the negative afterimage appear only if there is light or is it possible in darkness?,1
5539,What in soy are people allergic to and will these allergens be passed along if an animal that has eaten soy is consumed?,1
6909,Why all particles have same influence on osmosis,1
4227,Mayfly identification - Oregon,1
9102,Direct Mapped Cache simulation,0
11479,Neural network diverging instead of converging,0
1121,Soving a specific nonlinear elliptic equation.,0
135,Binary division using polynomial,0
11278,Insect combinatorics challenge,0
7249,Are there any drawbacks to having a fixed-Köhler microscope?,1
9463,Stopwatch exception implementation in C#,0
9337,JavaScript tournament scheduling (fixture generation) algorithm,0
5968,Calculating the frequency of a recessive allele in case of three segregating alleles,1
4209,What voltage damages a neuron or a group of neurons?,1
8849,Why does the wavelength in curly hair differ?,1
3506,What is the death mechanism of an electrocuted Mosquito?,1
4050,Is there a special reason why ferns are so early in evolution?,1
11333,x86 strcpy implementation,0
2817,Probability on a 8x8 chessboard with pieces and kings. What is the chance the piece can be captured?,0
5432,Shouldn't evolution have taken care of baldness already?,1
10983,Topological sort in Java,0
1656,number of distinct rotations of a string,0
6966,Carrying or packaging capacity of SAD B19 dG rabies virus,1
5744,Size of classical liver lobule across species,1
11371,Simplifying working Caesar cipher,0
4405,Why are high levels of epinephrine and low levels of cortisol signs of stress?,1
9879,Importing data into PostgreSQL from remote text file using ftplib class,0
2462,How to use group theory to solve larrys square iphone app,0
6078,"Can anyone identify this bug, it's got six legs",1
9799,First-class objects in Python,0
3982,Difference between CDS and cDNA,1
11099,Short quiz about Myhill-Nerode theorem,0
630,A complex number is real proof,0
7980,Disease causing variants and Hardy-Weinberg Equilibrium,1
5398,"This strange looking thing was on the leaf, can you identify what this is?",1
5273,Mutation in axillary buds of trees overcoming self-incompatability?,1
2855,"What's wrong with my ""proof"" that the Lebesgue measure of $[0,1]$ is $0$?",0
11680,Pick algorithm with runtime in O(n) vs. Θ(n) vs. Ω(\log n ),0
9916,Reactjs Tab Component,0
9666,TicTacToe game in C#,0
8709,Pituitary giants - is the fusing of growth plates dependent on amount of growth hormone in blood?,1
1742,Find the value of $(-1)^{1/3}$.,0
8477,Books: DNA replication,1
2578,find the $4th$ and $5th$ roots of unity,0
590,Relation of variance and skewness for a skewed Gaussian variable?,0
670,why are there only two methods of vector multiplication?,0
2403,Why does $\frac {1}{a}-\frac{1}{b}=\frac {b-a}{ab}$?,0
7804,Any known values of density for spinal cord (pig or human)?,1
2972,$\left |{\prod_{j=1}^{N}\frac{z-a_j}{z+a_j}}\right |\to 1$ when $|z|\to\infty$,0
9667,Validations in filter class,0
519,Proving the density of a function in an interval.,0
7107,"Skeletal muscle has got many many peripheral nuclei. What does ""peripheral"" mean here?",1
2302,What is the convergence radius of $\sum\limits_{n=1}^{\infty}5^{n^2}x^{n^2}$?,0
7297,What are the units of Phylogenetic Independent Contrasts (PICs),1
10108,UNUSED() with teeth in C++11 debug builds,0
11862,cake pattern object assembly - using a builder function in combination with the cake pattern,0
7101,Single channel micro arrays,1
8858,Effects of Free Electrons In a Cell?,1
194,Why is can number be divided by 3(ofc I mean we get an integer result) if its sum of digits can be divided by 3,0
6230,"Is DEET (as in the mosquito repellent), a substituted phenethylamine?",1
7350,What is the proper format for genus and species names in latin?,1
6953,What does it mean for there to be no correlation between phylogenetic independent contrast?,1
4022,"What is mean by the term ""an organism's genotype is its specific combination of alleles for a given gene""?",1
11877,Using generic methods for basic crud operations,0
4324,Caterpillar resembling a snake,1
6239,How to contract sternocleidomastoid muscle by thought?,1
1711,A variety that contains infinitely many points of a line must contains the whole line.,0
8431,Does eating hard food really cause wisdom teeth to erupt properly?,1
3806,Can Naegleria fowleri enter through wounds into the bloodstream?,1
5228,How do cells relocate transmembrane proteins from one side of the cell to the other? Is it possible?,1
5096,Why is leucine amino acid used the most in proteins and tryptophan the least?,1
5339,Why is there sperm mitochondrial suicide?,1
6469,Classifying Polypeptides (and/or Proteins),1
10463,"Level sums, displacements: how to determine their effect efficiently?",0
3218,can a point mutation cause a frameshift?,1
6506,What is this animal looking like an Axolotl?,1
3287,Are there any biological obstacles prohibiting lighter-than-air organisms?,1
8175,Why can silicone reduce keloid?,1
5292,How to design a ChIP-exo experiment with controls?,1
4041,Why are some animals so much more intelligent than others?,1
4464,What is the efficacy of an Ebola antibody response,1
8835,Are stem cell lines cryogenically preserved or commercially available like HeLa cells are?,1
10278,Jinja2 block that is unreadable,0
11030,Refining an ASP.Net MVC VeiwModel for a Table to display worked hours,0
11789,Squaring the two digits in the middle of a four-digit number,0
11061,Print matrix diagonals method,0
2970,How is there fewer zeros in the left of 1 in this language?,0
9865,Access to publicly available project with all the artefacts (files) created during the development,0
8677,What are these flitting sea worms?,1
6173,What triggers DNA to produce proteins?,1
9595,How to determine seed collision probability in a PRNG?,0
8864,What is this arachnid?,1
6754,Are there any proteins not found in the brain that are affected by prions?,1
6669,Is there an example of a species wherein the female lays eggs in the male?,1
3405,Cat purring: What are some possible underlying mechanisms behind purring and bone remodeling and formation?,1
3705,Which organisms require the least fluctuation in ambient temperature?,1
4604,Need clarification on a sentence regarding vesicle-mediated translocation,1
10577,Finding the longest common subsequence algorithm using hash table Slow,0
11813,What is the best heuristic function for evaluating the state in game of sprouts?,0
4403,Why didn't humans evolve to reproduce identical twins all the time?,1
874,How to find the min and max of $y = x \sin(\ln|x|)$?,0
11046,From nand to numbers,0
5859,Is it possible to produce bread using only microorganisms?,1
11313,What machine learning algorithm to use and how to implement it?,0
4702,Identification of a small mammal,1
8444,3 end RNA seq library construction,1
1783,Between metacompactness and infinite Lebesgue covering dimension,0
5210,Where do I purchase a fly with the collagen tagged?,1
637,Uniqueness of hyperplane,0
10895,Relations among different boolean approximations,0
6943,Which bacteria takes the longest to double?,1
2986,Does fundamental theorem of calculus hold for weakly differentiable function?,0
947,Evaluate $\lim_{x \to \infty}\left(\frac{2}{\pi}(x+1)\cos^{-1}\left(\frac{1}{x}\right)-x\right)$,0
10379,Is there a name for this priority queue data structure?,0
9366,Implementing binary-heap in x86-64 assembly,0
204,Determine individual distribution when knowing joint distribution of $2$ random variables X and Y,0
3505,Are the y-axis values informative when performing biolayer interferometry?,1
2095,Complex Integration with a Modulus,0
5236,How do proteins and genes participate in learning?,1
10239,Update SQL database with using statement and SqlParameters,0
10198,$\omega$-string avoiding a set of substrings,0
8042,Deep diving in mammals,1
1860,Upper bound on the sum $\sum_{n \leq X} C^{\omega(n)}/n$,0
6097,"Which point mutations in proteins are OK, and which cause significant change?",1
10454,Existence of suitable pseudo-random number generators to derandomize BPP to P,0
3485,Hiding identical sequences in NCBI web interface,1
7109,Is there a glossary about which infrared (IR) colors which body parts reflect?,1
3707,What is this flower?,1
8124,"""CO2 is plant food"" - What is the actual effect of increased CO2 on plant growth?",1
1424,A binomial identity from counting permutations with cycles of length two.,0
1839,How to make a WFF defining some other WFF?,0
427,A theorem about operator theory,0
9804,Check the address String for presence of a New Brunswick abbreviation,0
8595,What metabolic activities are performed by a developing human fetus's liver?,1
3661,How can you design a drug to modify apoptosis to treat a disease such as cancer?,1
11027,Real time graph simulation of dice tossing,0
1143,A general derivation for a combinatoric problem,0
1522,Why do we use sine with trigonometric substitutions?,0
7281,By what mechanism does coeliac disease cause excess fat in the feces?,1
9233,Complexity of multiplying two integers of size $n$ and $m$,0
4696,Why deoxyribose for DNA and ribose for RNA?,1
5654,"Embryonic cells, when can you detect them in vivo? (In order to do whole genome sequencing)",1
5417,Could an annual plant be genetically modified to be a perennial?,1
8358,Why denatured proteins can't fold back in their native form,1
1472,Expected value of matrix multiplication,0
2044,Name of a special right limit,0
4814,On stochastic Lotka-Volterra predator-prey model,1
8412,Can jellyfish swim backwards?,1
10349,How to increase efficiency of recursion algorithm?,0
4842,What is the philosophical definition of life?,1
5709,Terminology for inefficacy of selection on recessive alleles,1
8682,Does Human Female Meiosis II occur after fertilization with sperm?,1
9075,How to show $L = \{0^{i}1^{i^{2}}| i \ge 0\}$ is not context-free using pumping lemma,0
9737,Compute arithmetic sum of a constant difference sequence,0
438,Orthogonal decomposition of a vector,0
2426,E measurable with m(E) < $\infty$?,0
869,Proof expression $ ((\neg C \vee B) \wedge ( A \rightarrow C) \wedge (B \rightarrow D) )\rightarrow \neg A \vee D $ by rules of interference,0
1336,Is there a description of the ring of endomorphisms of $\mathbb{Q}$ as an abelian group?,0
6181,Prevalent large (>=90kDa) maintenance protein/loading control,1
9105,Excel query within PowerShell,0
1238,Bivariate Probability Question - Not sure where to start,0
11375,How to think smarter when you need diff args in functions,0
7135,how to change format of ent file into PDB format?,1
10271,Selectively printing elements on web page using a bookmarklet,0
9508,"""Grammar inference"" for 2-D images",0
9268,Maximum Subsequence Sum : Mark Weiss:,0
11120,Displaying a greeting to one user selected from a database,0
5516,exercise of gene linkage in genetics,1
9082,An intuitive explanation for LR grammars?,0
9007,Bellman-Ford Termination when there is no change on vertex weights?,0
3448,Reference Request: Human visual system takes in $10^7$ bits/sec at the periphery and compresses it down to 50 bits/sec deep inside,1
10228,Plots of prior and posterior distributions for a model,0
9824,Parsing: Entity Classes to DTO,0
11628,Security check using an SQL call,0
11357,Intersect Method Slows Down Code In Large Selection Of Cells,0
1992,Is there any Lie algebra that is not constructed from an associative algebra,0
8599,Help identify these (two) fishes - Netherlands,1
5608,Which mosquito species is this?,1
7913,How well supported is the hypothesis that aging is mainly caused by the number of mutations in tissues?,1
10402,Authentication using PDO,0
10801,Existence of d-regular subgraphs in a k-regular graph,0
3352,Why is this the equation for the fitness of cooperators?,1
7134,"Protein purification: Linear elutions or stepwise elution, using imidazole or pH gradient?",1
10988,Why does this grammar derive into $\beta \alpha ^*$ instead of $\alpha ^* \beta$?,0
1846,"Sum of products of positive integers and non-negative reals, the latter of which has the sum of at most 1",0
4284,PCR efficiency or DNA yield with single primer,1
8553,What is the relevance of the constant in the clearance equation?,1
336,How smooth is the distribution function of a convex polynomial?,0
5400,What is this insect from Brasil?,1
11695,Simple Registration Form. I would like to get rid of code duplications,0
5798,Does Mn always exist in Photosystem II?,1
10026,Prevent a UITextField from being input with aphabetic characters,0
9740,Ruby function to capitalize all words in a string,0
11295,The extension of a code is itself a code,0
308,Using Group Theory to Solve this IMO problem,0
7125,Which animal species are known not to murder (a targeted attack leading to death) members of their own species?,1
3671,Beetle Identification - Oregon,1
4704,Chemoautotrophic eukaryotic cells?,1
5863,Do mosquitoes allow for DNA transfer between unrelated species?,1
4679,Microalgae without cell walls?,1
6586,Which fishes produce alarm signals to warn other group members about in coming predators,1
4838,Human spine: Is the coccyx really fused?,1
7066,Can yeast ferment maltose directly?,1
1790,Solving system of equations with sums of odd power,0
4529,How is the activation energy lowered in an enzyme by just orientating the reactants closer to one another?,1
6363,Explain a gene network to a first year undergrad,1
11399,AC0 and first order logic equivalence,0
9569,Report a status based on a list of results,0
10951,Speeding up Codechef FROGV,0
10829,"Creating formatted ""[time] [unit] ago"" messages from a seconds value",0
7120,How does blood react to heat when inside the body,1
1429,One variable Maxima minima problem,0
1239,Find one pair s.t $\sum_{i=1}^ua^{-i}+\sum_{j=1}^vb^{-j}=\sum_{k=1}^wc^{-k}$,0
7288,How to integrate transcriptomics data with kinetic metabolic models?,1
9898,Transition coverage for a DFA,0
10767,Event delegation without jQuery,0
10943,Why is $3^{\log_2 n}$ the same as $n^{\log_2 3}$?,0
316,"For a primitive Pythagorean triple $(a, b, c)$, is it always true that $\gcd(a,b) = \gcd(b,c) = \gcd(a,c) = 1$?",0
7672,Is it possible to make bones ossify much slower in adults?,1
3735,Can you please identify this beetle? (Rajasthan),1
6124,Why did the process of sleep evolve in many animals? What is its evolutionary advantage?,1
3063,Can 3% hydrogen peroxide be used as effective disinfectant and antiseptic?,1
5000,How does translation invariance in vision happen?,1
10656,Finding Minimum and Maximum Value,0
10111,Excel VBA code midStr() function using left and right position instead of length used with mid(),0
10553,Zipfile password recovery program,0
9246,Question about turing machines,0
10666,"Is ""duplicate"" in RPN enough for replacing variable binding in term expressions?",0
6761,Electroporation of one-cell embryo?,1
1417,What is the relation between formal group and formal scheme,0
10088,Test data for tasks that communicate over network,0
4845,When does a jalapeño begin to produce heat/capsaicin?,1
6957,Why do animals have more heavy nitrogen and carbon than plants?,1
9872,Is List comprehension equivalent to composition of filter and map?,0
1354,"Convergence of $\int_0^\infty x \sin e^x \, dx$",0
11433,Zipper trees implementation,0
1621,Polarity of $\frac{x + 3}{x - 4}$,0
2860,Solve this differential equation $\Biggr(\frac{dy}{dx} -1\Bigg)\Bigg(y-x\frac{dy}{dx}\Bigg)=\frac{dy}{dx}$,0
11998,"Setting the path to toolbarAssociatedXibName, with fallback",0
9042,Variable declaration closer to usage Vs Declaring at the top of Method,0
8457,results of FgenesH and GenScan,1
11381,Complexity of finding a spanning tree that minimizes the maximum interference,0
2457,What is the greatest $b<1000$ for which 2015 is a member of a sequence $s_n$,0
1774,not $L^1$ convergent but point-wise almost everywhere convergent,0
2867,Number of homomorphisms $ \phi: _4 \to _4 $,0
4928,How are Genetic Circuits Modelled?,1
2123,Is this scratch work overly complicated for a proof,0
6988,Interpreting qPCR curves: how to find Ct value in my case?,1
3286,What is the name of cell structures that have an adaptation to increase their surface area?,1
7984,Just how dangerous is ethidium bromide?,1
10591,"If one shows that UNIQUE k-SAT is in P, does it imply P=NP?",0
7891,Why are female clones more often produced,1
10388,Dubins TSP crossing trajectory theorem,0
3247,Can a same gene stretch from one chromosome to another separate chromosome?,1
4615,Are your finger muscles and tendons interconnected?,1
10355,Isometric Projection and Culling,0
4021,Why did the urinary bladder evolve?,1
1681,"In algebraic extension, field homomorphism induces isomorphism.",0
1341,"Relative extreme point of function $f(x,y)$",0
12,What does really mean by the picture below?,0
8774,PCR in different cell line,1
11949,Marriage Problem: Is both sided stable matching strongly pareto optimal?,0
9208,Binary tree level order traversal algoritm,0
2058,COmbinatoric : Guess who is the winner candidate?,0
6559,Ebola: cleaning of protective suit,1
977,What is the correct and most common noun to describe the degree of how much a system of equations is underdetermined?,0
8236,What is the title of Darwin's paper on cellular structure?,1
11199,Creating lists and sublists dynamically,0
5310,What is the connection between sleep requirement and age?,1
4261,How can autoimmunity be selective?,1
10789,Find equivalent weighted DAG sum of whose weight is minimum,0
11325,Finding the maximum substring for which a given predicate is true,0
6061,Why does sex last so long?,1
8751,Why is the rough ER necessary to make extracellular proteins?,1
7587,Why does K+ have more concentration inside of the cell compared to outside of the cell? Why is Na+ and Cl- the opposite?,1
7970,A good textbook on GMO,1
10350,Algorithm for solving system of congruences,0
8629,anyone can help identify this aquatic microganisms?,1
5405,Identification of snake,1
11264,How can I compute the time complexity of this image processing algorithm?,0
10623,Very simple RESTful API dispatching in PHP,0
773,Dependent Permutations,0
11294,Circular Array Rotation,0
3993,The properties of benign tumours,1
881,Continuous population models,0
5088,Can a hinge joint technically allow rotatory motion?,1
3357,Help identify this small spiney praying mantis?,1
8950,Why do antibody tests target different antibodies?,1
7133,Microorganisms in Louis Pasteur's experiment of beans,1
1463,Can this generalization of the exponential function be expressed using more familiar functions?,0
2749,Why study Algebraic Geometry?,0
10386,Monitoring the clipboard,0
6109,Can I use PCR buffer instead of cDNA synthesis buffer?,1
6358,Is there a way to determine how far and how fast an animal can run for based on geometry?,1
7352,Which plant is this?,1
7380,Why do Hot/Cold drinks taste sweeter once returning to room temperature?,1
8248,What is this bizarre insect?,1
10449,Temporal kernel filtering on video frames coming in a loop,0
10484,Closure properties between 2 languages of different types,0
7489,Can two half-cut potatoes fuse back together?,1
5736,"Chickpeas as feed for house sparrows , ringneck parrots?",1
1251,Use ampleness of morphisms to investigate objects,0
8981,"What do Caucasians see in their peripheral vision, and how is their visual field?",1
2263,Probability of picking one coin out of two tossing it twice and getting the same result?,0
5019,How do insects survive the winter?,1
3797,Non-radioactive nucleotide labeling compatible with reverse transcriptase?,1
11382,Codewars: Pick peaks,0
887,distributive law of differential form,0
8333,Does terminology for changes in membrane potential refer to additive or multiplicative change?,1
11684,O(1) distinct elements in an array implies?,0
906,"Given a control polygon, how do you find a tangent vector at a given point (CAGD, Bezier Curve)?",0
3242,How many centrioles/basal bodies are there in multi-ciliated cells throughout the cell cycle?,1
7345,DNA extraction from parasitic worm,1
1922,"Is the complement of the closed unit disk in the plane homeomorphic with $\mathbb R^2\setminus \{(0,0)\} $ ?",0
1408,"$(M,d)$ be a complete metric space and $N \subset M$ a closed subset $\Rightarrow N$ is complete",0
4729,Does GTP-γS (GTP gamma S) bind all GTP-binding proteins?,1
11776,checking whether a language is turing recognizable,0
2091,How can I characterise the error of an interpolated surface?,0
152,Determining whether functions are regular for $X = V(XY - WZ)$,0
7546,"Identifying a shrub with unusual ""many shoots"" growth behavior",1
4958,Is life in a supercritical fluid possible?,1
891,Proof for the existence of primes not equal to $ap_\alpha +bp_\beta$ etc?,0
4454,Why are carbohydrates the most common short-to-medium-term energy storage form in biology?,1
10273,Sandwich shop interface using the Decorator pattern,0
10652,Understanding x64 and x86 OS with 64bit cpu,0
9550,Finding bounded lexicographically largest string of digits but not larger than other with counted substitutions,0
3102,What the difference between an inverted and everted retina?,1
11772,How can I improve my Java MethodPointer?,0
9308,Is there a flaw in this Wikipedia proof of cycle property of Minimum Spanning Tree?,0
3093,"Definition of ""Niche Complementarity""",1
544,Finite Morphisms of Affine Curves are Surjective,0
1769,Why is the intersection of algebraic subsets of an algebraic variety again an algebraic subset?,0
1144,Trying to understand how to check subspaces,0
2656,Calculate inverse Laplace transform of $\exp(\sqrt{s^2-r^2})$,0
10086,Auto move files to a sub folder with Ruby,0
2977,Solve SDE for Brownian Bridge,0
1716,Spectral radius and operator norm,0
6540,Favored Conditions of Bacterial Growth,1
3058,What makes teeth feel sticky after drinking Coca-Cola?,1
11788,"Unit test code for a private median-of-three function, using reflection",0
11449,Finite Automata: Final vs Accepting States,0
7962,Insect identification Colorado,1
9830,Running time of a nested loop with $\sum i \log i$ term,0
8591,Which eukaryotic species had evolved the most after losing ability of sexual reproduction?,1
7090,Resolution of X-ray crystallography,1
10701,SQL Negation: Find X when X does not do Y,0
2317,how prove $\binom{n}{n/2} = \Omega (\frac{2^{n}}{n})$?,0
9635,"Organizing a ""speedback""",0
813,The Hessian and Eigenvalues,0
6790,"Do sulfate reducing bacteria ingest their sulfate as solid, or as dissolved in water?",1
4688,Limit of muscle atrophy,1
9765,Lingo game using Python,0
7986,Systems identification in small neural network,1
591,Let $X$ be a semimartingale with $\triangle X \neq1$. Proof that $\mathcal{L}(\varepsilon(X))=X-X_0$.,0
3514,How exactly is the sunflower seed pattern calculated?,1
6956,Why do boys sweat more than girls during exercise?,1
4972,Which animal that lives in the forest makes this noise?,1
3660,Eyelids interconnected?,1
5724,Localization of Protein Kinase-A,1
4596,NCBI blast for exact match of short sequence,1
2226,Is any reflector from a presheaf category $PSh(K)$ to a topos $C$ necessarily left exact?,0
8228,Can oxygen diffuse out through the lungs?,1
2800,Entropy of the bivariate Gaussian copula: Closed-form analytical solution,0
8724,Peculiarity of chemo senses,1
1131,"Check proof that $a^x + b^x = c$ has exactly one solution given $a, b\in(0, 1)$ or $a,b >1$",0
8238,"How to isolate host cell RNA (tRNA,mRNA,rRNA) from viral RNA?",1
5967,Is it more likely to develop a throat-ache at night?,1
4408,Transcription takes place from the 5’ to the 3’ end of the m-RNA. Why?,1
6748,Specified effect of trans cranial electric stimulation on neurotransmitters,1
6869,What biological processes can affect the temperature of the shadow a tree casts?,1
6359,Are all genetic instructions in DNA?,1
542,How to solve the following linearly independent vector problem?,0
8481,Virus that can enter all cell types,1
9673,Showing a message when the column is true,0
10144,Simple multiplication quiz,0
8241,Why don't fish get hurt with so many sharp fish bones?,1
10394,"Sorting an ""almost sorted"" array in sub linear time",0
6375,What happens to tube nucleus of the pollen tube after fertilisation?,1
11875,"How to resize a large, distributed hash table?",0
2521,"How to deduce the size of C∩B from the sizes of A, B, C, A∩C, A∩B and A∩B∩C?",0
1739,How to preform Voigt notation?,0
5626,Determination of gene direction,1
4526,How is a substance classified as a vitamin?,1
7065,How does Serotonergic (5-HT2A mediated) Psychedelia work?,1
2114,"Prove the Inequality proves true, three variables",0
11641,Find max number of repeating heads and tails,0
8485,What type of bird skull is this?,1
7084,Does the cellular response to every receptor work the same way?,1
11007,Pandas add calculated row for every row in a dataframe,0
2097,Number of Atoms in a Probability Space,0
708,How to self study Linear Algebra,0
1132,Noetherian ring under some conditions has at least two minimal prime ideals,0
7168,Does blowing 'HOOO' vs 'HAAA' release different amounts of CO2?,1
6527,Calculating CV for intra-assay ELISA,1
6467,"No digested product bands, but markers are visible. What could be the reasons?",1
7817,Are sensory mechanoreceptors and mechanical nociceptors the same type of neurons or are they different?,1
3045,Difference between vacuolar and symplast pathway,1
2270,Applications of a theorem of Cartier and Gabriel,0
2282,Equation of a Tangent Plane and Surface Area,0
9387,Space complexity of Chomsky Normal Form,0
9065,Is reduction from Rudrata/Hamiltonian path to Rudrata/Hamiltonian cycle O(1)?,0
8440,When to measure resting heart rate and blood pressure for following day-to-day trend?,1
1967,Find the cardinality of the set of all continuous real-valued functions of one variable.,0
5420,L-tryptophan in mammalian cell culture,1
7875,"Why are Excavata called ""Excavata""?",1
8474,Why is maintaining a circadian rhythm important?,1
413,Riemann mapping theorem - Personal project,0
11246,Luhn Algorithm in C++,0
8107,Confused about definition of bulk flow of water by osmosis,1
9722,A simple encryption scheme 2.0,0
5740,new DNA sequencing technologies?,1
11100,Looking for books on creating and understanding theorems targeted at Computer Science,0
11589,Why do neural networks seem to perform better with restrictions placed on their topology?,0
3794,Are there critical points in ecosystems?,1
2803,Proving Div-Curl Lemma through Paraproducts,0
5765,How EGDS (endurance genetic distance score) is calculated?,1
9640,Python BMI Calculator,0
10224,Computational models - proving language is decidable,0
8609,How do Apes get their Omega 3s in the wild given so few plant sources? Are they able to convert it to DHA?,1
2636,Why are skew-symmetric matrices of interest?,0
5931,Number of elongating RNA polymerases on a gene,1
3185,Source of information on the evolution of aging/senescence,1
5351,"Long term liquid food diet by blending/grinding all quality foods one would normaly eat, not any weight loss or prepared drinks",1
7373,What implications has the missing 2'-OH on the capability of DNA to form 3D structures?,1
1483,How to solve $e^{ix} +e^{2ix} + e^{3ix}=0$,0
9648,Securely delete a file,0
10230,Pull out max from each column in a DataFrame in turns,0
4862,What kind of bug did I squish?,1
750,Prove the half space of a polyhedron in $R^n$ is a polyhedron,0
8866,How much generation of hamster's family it takes to get first bad mutations,1
11791,how to prove that every finite language is context-free?,0
11389,Scala implementation of @rolfl's integer-partitioning algorithm,0
8777,What types of cells HPV can infect?,1
9224,Generic absolute value function,0
10323,Project Euler #5 (LCM 1 - 20) Follow up,0
11830,Efficiently decidable logics,0
10166,Convert image to grayscale,0
10478,Replace string of class of button by class so that only one button is filled in using bootstrap buttons,0
7504,blue/white screening - results are opposite as expected,1
4753,Do all Fungi have similar cells?,1
10179,Python Readability for SQL query,0
7146,Why does an electric shock contract the muscle?,1
9778,Checking if a $k$-subset of a graph is a vertex cover in time $O(kn)$,0
1115,Find the value of b for which f is continuous at all the point on $\mathbb R^2$,0
2760,Proof of R is transitive if and only if $R^{-1}$ is transitive.,0
3691,design and assessment of qPCR primers for COVID19,1
11742,Is relative regularity distinct from regularity?,0
4619,plausible science for why an enzyme breaks down a substrate better at 4 degrees rather than 20 degrees,1
6146,Do lower animals have instinctive behaviors?,1
4813,What is allele-specific binding?,1
9064,how to check whether a flow network contains unique maximum flow?,0
4837,RNA interference and the former Petunias experiment >,1
9329,Reduce repetitive code in Lotto simulator,0
10104,What types are propositions?,0
3528,Do Schwann cells have Na+/K+ ATPase pump?,1
11676,Constructing xor separable boolean upper bound,0
1404,Understanding a part of the proof that a linear combination of 2 singular measures is a singular measure.,0
7015,Is the barcode COI sequence the sense or antisense strand of DNA?,1
4707,Electricity generated by the body and its applications?,1
5816,"Is it true that, prior to puberty, there are no physical differences at all between boys and girls (except for their private organs)",1
2617,Bases of orthogonal complements,0
10339,Link-cut trees: using access() and link(),0
2589,finding real roots by way of complex,0
2159,Proofs related to chi-squared distribution for k degrees of freedom,0
6148,Do non-enzyme catalysed reaction pathways exist?,1
7670,Does the human abdominal cavity use pressure to maintain posture?,1
5595,Genetic mutations and new alleles,1
11345,Why is the initial state of Zobrist hashing random?,0
8452,Mutation rate in viruses,1
7409,Mitosis in human body,1
460,"Are $P(A,B) = P(A \text{ and } B) = P(A \cap B)$?",0
8896,Resting membrane potential: K+ concentrations and charges on inside and outside of the neuron,1
2351,Solving integral of $\ln(A)/\sqrt{A}$,0
7338,Why don't we see life form again and over again?,1
2785,Expected time to absorption - Random Walk,0
3936,snake identification,1
5376,How is saltatory conduction faster than conduction of unmyelinated fibers?,1
9716,Shortest non intersecting path for a graph embedded in a euclidean plane (2D),0
11484,Check if JavaScript input is empty,0
4233,Possible moth identification,1
4843,What are the ants underneath leafs in my garden doing?,1
4348,What are the characteristics of a living organism?,1
6180,Why do cells divide (or copy themselves)?,1
11750,What is the difference between a Standardization and a Specification?,0
6686,What form of reproduction did the first land animals use?,1
7666,Can anyone tell me what type of fish this is?,1
4896,What's inside the males body in the space where females have the ovaries and the uterus?,1
2909,how to find subdifferential of a function $x^2+ |x-1|+|x-2|$,0
3260,Is it true that the human brain has not evolved in 100 000 years?,1
2707,Is the number 1.1010010001... transcendental?,0
10498,Cook completeness of a variant of Vertex Cover,0
8472,Absorption rate of Infrequently eating animals?,1
11856,"""Function"" to extract a file in Batch",0
1186,Identifying a distribution from its moments,0
4547,Can cerebrospinal fluid deliver nutrients/drugs to neurons during sleep?,1
7918,Is this a real dinosaur species?,1
5688,Do birds grieve and feel emotion?,1
6914,How is NAD+ used in lactic acid fermentation after it is oxidized from NADH?,1
2615,"In a ""simple"" cubic integer ring, does the sign of the number always match the sign of the norm?",0
6726,"""X"" in stock solutions",1
10954,Is there an alternative to full factorization for testing the Polya conjecture?,0
5691,Has an artificial symbiotic relationship ever been created?,1
653,"What would be a geometric Euclidean interpretation of the homogeneous plane (0,0,0,8)?",0
1924,"For $S\subset T$ for arbitrary element s of S, $s\leq t$ for some $t\in T$",0
3816,High frequency tone/ringing in movies/music and its effects,1
6353,Can you knockout a gene specifically in the dorsal root ganglion in adult mammals?,1
5855,Are there certain symmetric-pair muscles that are slightly bigger and NOT due to handedness?,1
183,"if $ A $ is matrix, $ T $ is a linear operator, $ f $ is a polynomial and $ f(T)(A)=0 $ for every matrix A. Can we conclude that f(T)=0?",0
10378,ObservablePriorityQueue Implementation,0
3817,Book request: systematics and evolution of vertebrates,1
358,"Let $v_1, \ldots, v_r$ be non-zero elements of a vector space such that $\langle v_i, v_j \rangle = 0$ if $i \neq j$. Show that they are independent",0
631,Finding the proof of a bound on the roots of a polynomial,0
10865,decidability about intersection of regular language and context free language,0
4666,Translation of mRNA?,1
108,determine the area under the hyperbola $y^2 −4x^2 = 1$,0
4441,Can Mung Bean Nuclease only digest a ssDNA 5' overhang?,1
11111,Why do more powerful programming languages tend to have slower implementations?,0
8055,Where can I find clinical trial data published in JAMA?,1
8889,Can a protein go outside of nucleus after go inside with nuclear localization signal (NLS),1
3883,Is there such a thing as an autotroph that doesn't use photosynthesis?,1
10579,Pumping Lemma vs Myhill-Nerode,0
9241,Building balanced BST from sorted array: recursive and iterative approaches,0
6242,Chills down the spine with certain music?,1
5213,"Why would a venus fly traps mouth that's still ""chewing"" die?",1
2445,Random point in a triangle,0
378,calculate $[T^t]^{b^{\ast }}_{g^{\ast }}$ directly from $T^t(f)$,0
2305,How to Prove that a sequence $\{f_n\}$ of functions converges uniformly?,0
8411,What insect is in the PHP bugs logo?,1
9024,Implement rate limiting by cookie ID,0
359,Definition of Riemann Integral: for any partition vs for some partition,0
10898,What is the definition of computable partial function?,0
10226,Checking balance of a travel card with Selenium,0
2742,How to calculate the max value of cantor pairing function given the min and max of the inputs?,0
6051,How does prolonged exposure to high frequency noise affect hearing?,1
5035,Function of testosterone in women and estrogen in men,1
10435,Testing class which returns big dictionary,0
10032,"Rock, Paper, Scissors in C++",0
8948,Can improper/inadequate exhalation in humans trigger migraines?,1
8397,What determines if a small protein / large peptide is immunogenic?,1
10619,What are address shadows?,0
5116,"Population-biology, migration-patterns, & ethology of the Big Five (elephants, rhinos, lions, leopards, & buffalo) in S. Africa's winter months?",1
3208,Are there terrestrial plants that thrive on sea water?,1
11078,Quadratic Diophantine equation - Polynomial Time Cases,0
6747,When transmembrane proteins destined for the plasma membrane are in the ER membrane are they in their final folded form?,1
78,Intuition behind the definition of direct sum of linear subspaces,0
10019,How do I tell if $G$ is a forest in log-space?,0
2892,A problem on multi-variable calculus,0
9613,Probability of winning a turn-based game with a random element,0
9478,Implementation of AES using CUDA,0
7176,Antibiotic resistance of Staphylococcus epidermidis and S. warneri,1
2406,Can we have a continuous choice in the mean value theorem,0
1584,maximum value of $a+b+c$ given $a^2+b^2+c^2=48$?,0
3007,Where are Opsonins produced?,1
10020,Node.js put records to Kinesis with infinite retry strategy.,0
6066,Evidence of condition-dependent sex-allocation in regards to humans,1
1893,Summing powers of complex root of unities gives 0,0
3036,Could a mammal convert ingested dissolved CO2 to usable energy?,1
6921,Basic question about evolution,1
3127,Can two humans with 44 chromosomes produce viable offspring?,1
3975,What is this structure in human brain?,1
3672,Behavioral change in dolphins during different hemispheres activity periods?,1
2768,"Zorn's Lemma Proof: Definition of Tower, Union Requirement",0
4944,Cell state and cell function,1
4805,Can the value of heritability be greater than 1?,1
8037,What negative effects does cannabalism have in other species (like prion diseases) and how are they mitigated?,1
803,Hilbert polynomial of a point,0
1611,What is the name of the vector space on which the translation group canonically acts?,0
5851,How does a neutral allele change relative to a nearby allele under selection?,1
11662,Derive integer lengths for given areas,0
4315,Effect of forced breathing on RBC size,1
2883,Existence of fundamental solutions of Heston's PDE,0
10308,Prove transitivity of big-O notation,0
4821,How does heredity work with Endogenous retrovirus?,1
1338,How to prove/dispute the following log inequality?,0
10385,"If the speed of electrical charge hasn't changed, how have computers become faster?",0
9459,Tag wikis under a certain length,0
11019,If we can simulate $NP$-machines why isn't it trivial that $NP=coNP$?,0
10149,what does it mean by problem of size $0$?,0
4475,Where can I find a picture of the inflorescence of Epipremnum aureum (golden pothos)?,1
5966,Preprocessing microarray data to detect increased male expression variance due to dosage compensation?,1
9566,reverse string to pattern matching,0
10316,Two variants of Fredkin gate,0
11498,nonstd:: non standard classes,0
6541,Is it safe to consume foods that are hot enough to scald your skin if you touch it with your hands?,1
7013,What are the programming languages important to learn for a geneticist or bioinformatician?,1
10318,Is there a Dijkstra like pathfinding with condition satisfication algorithm?,0
5108,Can telomere length maintenance be an answer to increased life span of human beings?,1
8113,Data analysis of transcriptome sequencing data,1
8083,What happens if you intake pure magnesium?,1
3978,How much damage is caused by smoking 2-3 cigarettes on a healthy body?,1
6609,"Is there a measure of human genetic variation, where human genetic variation can differ more than 1%?",1
612,Definition of Harmonic funcitons on the Riemann Sphere,0
2096,"Difference between continuous and essential spectrum, examples?",0
1974,How many real roots has the equation?,0
1161,How to find the upper Riemann integral of following function?,0
2388,Entropy of a Linear Toral Automorphism,0
7307,Are small CO₂ concentrations devastating to certain cognitive tasks?,1
5014,Effect of HIV on T-cells,1
3042,Can the eye distinguish between pure and composite colours and how do we measure this?,1
4705,Which Papaya (Lechosa) plant (male or female) bears fruit?,1
10075,Contiguous Subarray Max,0
2374,Calculate residue of function $f(z) = \frac{(z^2+1)^5(z^{10}+1)}{64z^{11}i}$,0
11083,sorting a numerical list using basic scheme,0
10823,Are there search algorithms that perform better on a Rope than a String?,0
3958,Resource for finding what proteins bind?,1
533,"The dual function g is concave, even when the initial problem is not convex?",0
1637,Prove that $U$ is an open set of a topological space $X$ iff for all $A\subset X$ we have $Cl(U\cap Cl(A))=Cl(U\cap A)$,0
1337,Explaining Ito's Lemma,0
4616,What don't we know about cancer?,1
9340,Acquiring a data key,0
9406,Bash script to simplify Git deployment workflow,0
10066,"If a language is not Turing reducible to two languages, may it still be Turing reducible to their ""union""?",0
944,How to calculate the number of subgroups of a group whose order is $19$?,0
3168,Why is it that heterozygous loci appear as two separate bands during gel electrophoresis while homozygous loci appear as one band?,1
11916,Context Free Grammar Prove Un-/Ambiguity,0
5188,how to close a severed artery/vein?,1
8273,Eating possibly spoiled food in the fasted state - is it considered protective against the potential harm?,1
10006,Integer Exponentiation,0
11329,Bloom filter variant,0
548,Are there generalised rules for generating heuristics from data?,0
10958,"""Subpaths"" of Dijkstra's shortest path also shortest?",0
9453,"Movie info website (React, axios and Semantic UI)",0
1803,The action of a Galois group on a prime ideal of a Dedekind domain,0
617,Geometry: Finding an angle of a trapezoid,0
10776,Generate sinusoid as Wave file,0
5046,A theoretical ethical dilemma,1
8190,Optimization of annealing temperature,1
10126,Javascript coding wager,0
10689,Check digital input signals that is sent as an integer using bitwise checking,0
2893,"If $A$ is a bounded matrix-valued function, is the map $x \mapsto A(x)x$ Lipschitz?",0
145,Every $14$-vertex clique has $3$ people who know each other or $5$ who don't know one another.,0
3375,Significance of having goosebumps?,1
6285,"If alcohol is a depressant, why does it makes certain people more hyperactive?",1
8745,Can anyone tell me what this is?,1
1099,Maximum number of students such that they all have at least 3 out of 6 different answers.,0
925,Does considering a pair of vacuously true statements lead to a contradiction?,0
6974,Stockholm format to dot-brackets format?,1
5217,How a biologist attempts to explain the structure of the ribosomal proteins?,1
2338,Minimising the expectation of the Lp norm.,0
2260,Checking if all elements are prime,0
1123,Problem in defining information measures,0
7859,"If a woman was fertilized with her own DNA, would it be her clone?",1
7138,Could transfusion of a different blood type cure blood-based cancers?,1
3282,What is the reason behind choosing the reporter gene when experimenting on your gene of interest?,1
3165,How does sequence independent single primer amplification work?,1
9526,Examples of NP Complete key exchange algorithms,0
8329,Function and Characterization of poly(T) and (AT),1
2525,What is the reverse distributive technique?,0
11764,Convert tree with recursive relationship to parent-child tree,0
6867,Relationship between action potentials and EEG recordings,1
5425,How to linearize target vector by PCR,1
6682,How strong is spider silk?,1
10162,JettyGwtSpringSample web application,0
8403,"What is meant by [protein name]+/- (ie ""Myod+"" and ""Myod-"")",1
4034,How to grow a spirulina biofilm on a carbon/graphite cylindrical cathode?,1
10728,"Query, populate, show, hide data",0
1503,Please help finishing the calculation to prove that ” Pareto distribution & Power distribution has inverse relationship”.,0
3075,What mammals can rotate and move their ears the most?,1
7273,Why Pan_troglodytes-2.1.3 Assembly renamed as a Pre in ENSEMBL?,1
5104,Commensalism with Virus bacteria,1
1537,Finding a primitive root of a prime number,0
8459,Book on current state of knowledge on the genetics of intelligence,1
1720,Find all the values: a+b=c+d=ab-cd=4n for n>1,0
4330,Why don't we feel hungry after waking up?,1
11518,Distributed algorithms for finding n largest elements,0
11833,Extract logic applied in a sequence of integers,0
2852,Determine the order of the local truncation error (LTE) of a numerical integration method,0
10315,Kleene star and Kleene plus,0
11654,Node.js JSON searching & updating,0
4361,Locomotion of Hydra: Why Somersaulting is better than Loop locomotion when moving to a larger distance?,1
10427,Light weight C++ Signals/Slots or Event System,0
755,converting the sum of numbers to logarithms,0
6942,"Does Povidone-Iodine that penetrates through the skin stays in the body (cells, liver etc)?",1
187,Area of a decentered circunference,0
10010,C++ Fast Fourier transform attempt 2,0
10473,Python Tic Tac Toe Game,0
8982,What kind of spider?,1
71,Minimal trace norm on the set of matrices with fixed diagonal entries,0
8079,Why is centriacinar emphysema more common in the upper lobes compared to the lower lobes?,1
10827,Proof of proposition between Precise Turing Machine and Proper Complexity function,0
3195,How does the brain initiate the process of releasing the neurotransmitters?,1
7528,Why are organs not harvested from deceased cancer patients?,1
9612,Can every regular expression be written as sum of products?,0
8230,What metabolically happens when an egg fuses with the nucleus of a somatic cell,1
2828,First order necessary conditions for nondifferentiable nonconvex minimization problem,0
1284,Closed form of recurrent arithmetic series summation,0
5123,Is diabetes mellitus a sex-linked disease?,1
7014,Is this a bacterial colony?,1
6665,"Can a cleaved plasmid ""close"" without exact matching ""sticky ends""?",1
6635,"Species Identification: Liberian ""kiss-meat"" snail",1
3568,What is the number of DNA strands per cell?,1
2157,Compact open sets which are not closed.,0
1705,"What is the dual space of $L^2([0,1],[0,1])$",0
3032,What species is this mammal?,1
9290,Comparing products sold by several merchants,0
7464,What's the max speed that humans could run?,1
9519,Is it true that P is not equal to deterministic linear space complexity class?,0
11763,Should names of built-in funtions be part of BNF grammar?,0
5752,Deletion errors with Phusion Polymerase?,1
6685,Where can I find histograms and tables of prevalence of mutations in cancer?,1
6184,How long do tiny spiders live?,1
4659,Search engine for biological/medical/epidemiological science literature,1
7316,How many systemic reactions in inflammation?,1
948,"Prove that there is an element in $ \{ \sqrt{3}, 2\sqrt{3}, 3\sqrt{3},...\}$ having fractional part less than 0.01",0
6133,Subset of Protein Crystal Structures (from PDB),1
2334,Is a boundary which consists of boundaries of balls Lipschitz?,0
10618,Recursively find files of certain types and log their paths (C++),0
5632,How do catenanes form when DNA replicates?,1
56,two distinct elements of $GL_2(\mathbb{R})/SL_2(\mathbb{R})$.,0
10217,Algorithm to find out the number of times a number occurs consecutively in an array in a range specified,0
7509,Why is proteinase K digestion performed at 50 °C?,1
11101,Refresh the token before Expiry,0
5102,Rapid Decomposition Of Fruits & Vegetables During Hurricane,1
8073,Why do we need red blood cells?,1
11865,C++ Template to implement the Factory Pattern,0
3439,Kegg in Cytoscape: how to get plots with reaction IDs in place of EC numbers using KeggScape?,1
6482,Under what circumstances does Batesian mimicry evolve?,1
6554,Structure of biological membranes?,1
3052,"How to write a palindrome sequence as-wish (create, theoretically) ? (self-answered)",1
4533,"What is bilateral symmetry in ""bilateria"", an actual symmentry",1
9671,How to simulate online matching algorithms (implementation),0
2927,I need a Hint on this Differential equation,0
5543,First discovery of long-term depression?,1
3212,To which SCOP Class corresponds the following secondary structure?,1
11653,My own algorithm to sort integers,0
9245,"Execute command using `asyncio.create_subprocess_shell` and yield lines of stdout, stderr and finally the return code",0
11425,Split a Map into sublists,0
4816,How does the body survive Ebola?,1
896,"Solving $a(x+2)=\pi-cy$ for $x$, arrived at an answer different from the one in the book",0
2439,Does a function that is twice weakly differentiable have a version that is classically differentiable?,0
5695,Chromosome and chromatid numbers during cell cycle phases,1
9288,Read text from stream char by char,0
8183,How to recover all protein ses into refseq database,1
566,Étale sheaves as colimits of representable sheaves,0
777,Is locally completeness a topological property?,0
7867,Do the organisms within a lichen communicate with each other?,1
10049,Encapsulating game data,0
448,Prove that $\int_{0}^{1}{(1-x)(x-3)\over 1+x^2}\cdot{dx\over \ln{x}}={\ln{8\over \Gamma^4(3/4)}}$,0
11195,Exceptions to control data read flow,0
2215,indefinite integral of $\int \frac{dx}{\sqrt{(x)(x+1)(x+2)}}$,0
7397,What is the difference between Ostracodermi and Placodermi,1
10661,Sorting a list of strings in lexicographic order of sorted strings,0
5512,"How did the huge dinosaurs cope with gravity and loads on bones, etc.?",1
6016,Does a large effective population size result in faster decay of linkage disequilibrium (LD)?,1
5346,Does Sansevieria trifasciata really absorb Carbon Dioxide at night?,1
8525,Has the most recent common ancestor of all living birds lived after dinosaur mass extinction?,1
6110,Why do some yeast flocculate on top an other at bottom?,1
10770,Haskell#concat Implementation,0
1638,Solving for x when x is in the denominator of an equation,0
1174,Help Needed To Prove A Trigonometric Identity,0
1883,A question of a notation in homological algebra,0
10935,Dual Signed Kahan Summation,0
4121,What is the lifespan of haemonchus contortus in its L5 adult form?,1
6343,The biology behind tree pruning and hedge trimming,1
7907,Life cycle of proteins,1
5497,Is the eyes' movement discrete?,1
5076,Any examples of a group of micro-organism that continuously spans two or more species classifications?,1
2020,Delta-Epsilon Proofs and Bounds,0
6947,Why apes started to contemplate and become altruistic?,1
1523,"Continuous function from $(0, 1]$ onto $(0, 1)$?",0
8808,Breathing with Clogged Nose during Sleep,1
2089,Prove $2016^{2017} + 2018^{2017} + (2015)!! + (2016)!!$ is divisible by $2017$,0
7632,How much penicillinase is needed to deactivate 125mg of amoxicillin?,1
3005,Can proteins from different viruses be gathered in one virus?,1
6568,"Difference between Genus, Genus sp. and Genus spp",1
11440,Crawling pages to obtain .htm and .txt files from sec.gov,0
5403,Where do I find standard tissue and cell names?,1
4343,Why proximal muscle weakness is seen earlier than distal muscle weakness in Dermatomyositis?,1
1292,How to find the expected number of days?,0
10730,General pathfinder in Python,0
3540,How can a continuous RNA be transcribed in the lac operon?,1
4053,Where can I find SARS-CoV-2 genome sequences for the UK?,1
4336,how many copies of tp53 (p53) gene do we have?,1
6214,Why does hexokinase bond phosphate to the hydroxyl group on carbon-6 of glucose in glycolysis?,1
8056,Do de-husked seeds germinate?,1
10466,Pixel interpolation (binning?) algorithm,0
4591,Why is hydrofluoric acid so dangerous if it is a weak acid?,1
2665,Weak convergence of a sum of stochastic processes,0
883,Is the inverse of the standard deviation Sub-Gaussian?,0
5587,why is DNA antiparallel? Can it be parallel?,1
9425,Domino tiling of a 2xN rectangle in O(ln n),0
6499,"How do two parents, recessive and dominant genes and two complimentary nucleotides end up in one DNA?",1
6479,Is an adaptation against impact of fall a factor in babies' bones' structure?,1
6573,What species of spider is this? Could anyone help,1
511,Proving that $\mathbb{Q}(\omega)$ is the splitting field for $f(x)=x^4 - x^2 + 1$ over $\mathbb{Q}$,0
3307,What species of mulberry is this?,1
3784,Term for a leaf in a family tree,1
1607,Irreducible polynomial cannot have only perfect power values,0
7415,Is there a minimum load below which an infectious agent will not cause disease?,1
10535,"Parse WAP-230 ""variable length unsigned integers""",0
3521,Identification of this bug or insect,1
8678,Did the hyoid bone of Australipetichus afarensis have a hyoid bulla?,1
5326,Why is secretin sensitive to acid?,1
6415,importance of cDNA sequencing of a specific gene in different plants,1
5513,Is the Opah a warm blooded fish?,1
8592,Is cyanocobalamin toxic?,1
3957,How does the mutualism of figs and wasps exactly work?,1
6576,Mathematical Modelling of Natural Selection,1
3567,Why does ice reduce swelling?,1
2759,Number of solutions in equation $x^2 \equiv a \mod(pq)$,0
11709,Stack implementation using arrays,0
4107,"Does the use of ""var"", ""x"", and/or ""ssp"" in a scientific name provide specific information?",1
6607,Do bacteria with flagella self-rotate?,1
6600,Why severely increased Ligand (eg Hormones) concentration downregulates the Receptor?,1
4920,"Difference between ""transcriptional activity"" and ""RNA expression""",1
1796,Is $\mathbb{R^Z}$ or its elements countable?,0
7094,How can I normalize mRNA samples for sequencing?,1
4556,Gene density percentage,1
5788,How is the mRNA transported out of the endoplasmic reticulum?,1
9982,Longest word simple online challenge,0
8039,Can any species be bred selectively/engineered to become as diverse looking as dogs?,1
2382,What are these specific trigonometric functions used for?,0
11816,"Algorithm to minimize surface area, given volume",0
10302,JS cross-fade transition,0
1832,100 Prison Problem- Why does this solution not work?,0
9922,Is Myhill-Nerode equivalence class of a language which contains all palindrome pairwise distinct?,0
7529,"When a thought 'crosses your mind', does it literally cross between left and right cerebral hemispheres?",1
9801,Python/Pandas code creating 12 month product balance forecast,0
3316,Why do fully grown organisms need protein intake?,1
7991,How can octopus walk if muscles can only contract?,1
9857,Project Euler 407: Is there any more optimal way to solve this idempotent equation (modulo n ring)?,0
3733,Human Anatomy and Physiology - The Muscoskeletal System,1
7508,Is there some branch of biology that deals with the entire organism?,1
5751,Turning publicly available genome data into proteins,1
4544,Restriction enzyme digestion,1
1491,"New to MATLAB, having some trouble solving systems differential equations",0
9081,How to find the spot which is furthest away?,0
3636,Vesicular and non vesicular transport,1
2430,How the free group on two generators $F_2$ is isomorphic to a particular quotient group,0
8701,How much genomic variation one usually find within a given bacterial species?,1
9986,Checking if a directory is empty when having over a million files inside,0
8955,Why in acute phorpyria?,1
1736,"Show the hypercube $[a,b]^n$ is closed",0
3852,What are the determinants of tumor metastasis,1
4194,Difference between taking tissue of cancer from secondary place or primary place,1
8047,Do human cells contain only one copy of the genome?,1
4899,How can we decide at which level does natural selection apply?,1
1820,Diferentiable function with non-differentiable inverse,0
10590,A WinAPI C++ program for printing the master boot record of the hard drive,0
8157,In what two ways is ATP used in coupled reactions?,1
9379,Prove $L = \{M \mid L(M)\text{ is infinite}\}$ is not Turing-recognizable,0
9227,Promise for request/response with timeout,0
8342,How are the dominance and additive effects reflected in the mean and variance of the offsprings of two individuals with known phenotype?,1
5075,How does the microbial environment in your gut initiate?,1
1721,Find a sample size such that the probability of a sampling error less than $0.005$ will be $0.99$ or greater.,0
1266,Jech Lemma 3.10 (cofinalities),0
105,Seeking Alternate Proof Regarding Closure Of Recursively Enumerable Languages Under Shrink,0
10231,Designing stack and queue from scratch in C,0
3488,"ID Request: What is this frog? Eastern Long Island, NY USA mixed hardwood forest",1
3457,Does the fossil record disprove Evolution?,1
5471,Pox virus infection process,1
3388,What part of the brain controls depth perception?,1
3233,Units of parameters in epidemiological model,1
8015,Stem cell that can pass through blood vessel,1
6390,Why do some protocols require prewarming a liquid medium before inoculating?,1
11696,Does this PDO process look protected from SQL injection?,0
11012,"Function to set nested property by dot-path, like _.set",0
3699,Why do asparagine and glutamine have two different abbreviations?,1
8760,First infection of malaria,1
6617,"Is this a grackle with an unusually long decurved bill (Phoenix AZ, USA)",1
141,How to minimize the amount of material used to make a shape of a given volume?,0
3035,Plant dependence on CO₂ levels,1
8387,Can plants photosynthesize all-day?,1
5517,Can a creature fly and also walk?,1
2032,"How can it be shown that $x^x = a$ , has no real solutions when $a < (1/e)^{(1/e)}$",0
9169,Creating multiple observations from single observation depending on conditions,0
5635,What are the clotting factors' effect on avascular necrosis development?,1
749,Integration Problem: $ \int \sqrt{2^2 - x^2} $,0
9010,Finding lost bottle (algorithm problem),0
526,Find example for probabilities.,0
11451,What's the formal definition of Big-O notation for functions of more than one variable?,0
11603,Would a five color display have higher image quality than an RGB display?,0
4785,What are the differences in ultrastructure of cilia and flagella?,1
10347,DFA Minimization: Finding all equivalence classes of $\mathsf{R_L}$ for language $011(0+1)^*011$,0
10343,Countdown timer for new year,0
4393,Identify this frog from Bangladesh,1
5258,Are there any examples of weighted edit distance genome alignments?,1
1428,Understanding polynomial interpolation as a special case of Chinese Remainder Theorem,0
9049,Search Heuristics Where the Search Space Has No Gradient,0
10195,Proving NP-completeness for a not so cheesy problem,0
2994,"If a measure is semifinite, then there are sets of arbitrarily large but finite measure",0
9822,Minimum edge deletion partitioning,0
4642,"How does Trifluralin kill newly germinating seeds, with almost no effects on established ones?",1
9999,Implement Immediate Smaller Element problem using Stack,0
11881,Twiddle table computing,0
5074,How is the role of ethylene in ripening demonstrated in biology (or agriculture) education?,1
8561,Flexor/extensor group in lower arm and limb bud rotation,1
11679,BST implementation in c++,0
9437,Is binary tree just a two-dimension-doubly-linked-list?,0
1554,sample standard deviation given population standard deviation,0
1270,What is a star configuration for a projection of a knot?,0
6036,Is the worm brain understood?,1
5484,Can you gain valid toxicological data about a detergent in cell cultures?,1
110,About linear bijection between Banach spaces!,0
5542,Sister chromatids during meiosis,1
8632,Are tongues red because they contain blood?,1
6071,Do T-cells express MHC molecules?,1
2939,unique solution of pde using method of characteristics,0
3325,Are the social-distancing measures implemented against SARS-CoV-2 also suppressing the spread of other viruses?,1
5782,Getting xyz co-ordinates from a .map file (CCP4 format) in VMD,1
7119,"Energy use by muscles, actual work done by muscles and more",1
6107,What are the typical values of probabilities for nonspecific binding to an antibody?,1
8573,"Is there something amounting to ""check sums"" in genetic code?",1
5790,Is there a difference between a consensus PCR and a pan PCR?,1
636,Tensor Product with a Free Abelian Group,0
10684,How to iterate through all values of an array?,0
5044,Coacervater were more like Viruses or Cells?,1
1837,Calculate Laurent Series of $\frac{1}{z^2 - 9}$,0
6615,What is Hamilton's rule for multiple generations?,1
5091,Respiration of an animal cell media,1
10679,Where can I find a data set of graphs with known domination numbers?,0
8720,How would you effect bulk DNA gene therapy for a human?,1
11715,How an insertion can be decoded in Varshamov and Tenengolts (VT) codes,0
6400,Should we induce fever to assist healing?,1
2357,Numerical method with convergence greater than 2,0
3080,Are there any real life instances of kidney organoid transplants in human?,1
1978,Homology/Cohomology of Closed Manifold with $\mathbb{Z}_{2}$ Coefficients,0
9164,Thread-efficient nonce generations,0
6753,Low cost cell free expression system,1
3346,Satisfication with irrelevant things,1
4637,Are there any medical treatments which no longer work because humans have evolved?,1
6811,Buy bacteria for experiment?,1
5020,How long do human egg cell grow up?,1
3387,How does the enzyme Dicer function in the RISC complex?,1
4055,What evolutionary explanations are there for death?,1
8750,How is the carrying capacity of a logistic growth model calculated?,1
2233,Ellipse tangent to two circles,0
11543,Arduino driver for 7 segment display with bit-shift register,0
642,Homomorphism Between Non-Abelian Group and Abelian Group,0
11809,"If $A \le _m B$, then $A$ decidable $\not\Rightarrow B$ decidable",0
5081,What is the mechanism that directs myosin walking?,1
4635,Would a plant survive if it was watered using hard-water?,1
112,Things I must know before taking differential equations course,0
11069,Determining the number of walks between two vertices in a graph,0
11563,Oracle Relations Between Complexity Classes,0
6079,glossary of biotechnological engineering,1
2,How to check if a set of vectors is a basis,0
4394,Why do rabbits often have white hindquarters?,1
11483,Is it a good practice to wrap datatypes in custom classes?,0
8324,"Molecularly, why can you straighten or perm hair?",1
8619,What is the most reliable tumour suppressing gene for NSCLC?,1
10063,Implementing cat function in Julia,0
557,A question about centralisers in Lie algebra.,0
4476,What exactly happens to animals that fail mating rituals?,1
10205,Create all combinations of length N from a given alphabet (2),0
5162,What is a holocentric chromosome?,1
3021,How to identify a pseudogene to a specific protein coding genes?,1
5333,COPI/COPII proteins and kinesins/dyneins,1
4481,Effect of the same caloric intake of different macronutrients on body weight,1
5182,Epidemic threshold on a directed network,1
2534,Finding the Laurent series of $f(z)=\frac{1}{(z-1)^2}+\frac{1}{z-2}$?,0
4610,How does a change in the potential across a neuron's membrane get turned into a signal that is sent down the axon?,1
5901,Pattern in parental care behaviour from lower to higher animals?,1
9217,Algorithm to find optimal currency denominations,0
3862,Can potassium ions depolarise neuron membranes?,1
3030,Curious what this bug is,1
2031,Saddle point method: a rigorous proof?,0
10606,Cache Blocks Direct Mapping,0
2704,"For game where first player to N points wins, find the distribution of win probability and total number of points between players",0
1778,Significant digits found while using an algorithm with random data,0
7518,Is the eukaryotic nucleus composed of a single or double membrane?,1
4931,how much grass does a sheep eat in square meters per day?,1
2894,"Determine the values of $k$ so that the following linear system has unique, infinite or no solutions.",0
2526,How many arrangements of six books where two blue books must be next to each other?,0
1164,"Prove $d_1(x,y) \le \sqrt N \cdot d_2(x,y)$",0
1873,Girth line equation of Breather,0
1699,Eigenvalues and eigenvectors in $\mathbb{R}^\mathbb{N}$?,0
11624,Compact ways to filter even numbers in Java int array,0
6935,Basic understanding of cell cycle (mitosis) phase,1
7814,Has anyone used Crispr/Cas to induce a knock-in in MEF cells?,1
9940,Error handling for Stripe credit card processing,0
8871,Loss in DNA band size extracted from polyacrylamide gel,1
11956,Triangulation algorithm for an arbitary amount of points?,0
4878,Which variables are controlled in the mammalian womb to ensure a healthy environment?,1
4989,Why are my assay absorbance values very low?,1
10372,Python molar mass calculator,0
1869,Piecewise linear structure as generators of $C(M)$,0
10975,Why finding the difference between the adjacent elements of the array to find the maximum difference?,0
547,Is my inductive proof correct?,0
7974,"Can the ""Cas9""(involved on the Crispr-cas9 mechanism) be considered as a restriction enzyme?",1
4802,Does plasmolysis kill plant cells?,1
6473,Is the start codon regarded as part of the UTR (untranslated region)?,1
9782,What happened to Active Databases?,0
7982,Do blind birds bob their head when they walk?,1
8672,Are there any examples of information compression in nature?,1
3386,Separation of sister chromatids diring anaphase without Centrosomes in plant cell during mitosis,1
2315,Why don't we define neighbourhoods to be open sets?,0
9679,Fire analytics tag based on message event from window,0
1438,Palindromes on Keypad and divisibility by $111$,0
7431,About Frameshift Mutation,1
5309,Are there any major noticeable limitations to genome sequence compression methods that use reference templates?,1
6456,Do white Australians have a distinct look?,1
1683,Volume of largest ellipsoid fitting into a box and volume of smallest ellipsoid containing that box,0
10966,What mathematics can be interesting for these CS areas?,0
11548,Recognizable vs co-recognizable languages,0
787,Circle intersections algorithm with $O((n+s)\log(n))$ complexity,0
2092,What will be the value of sub gradient at $0$ for function $|x|$,0
2686,Indices/Exponents: Simplify the following expression,0
8263,"What is ""enzymatic activity""?",1
7436,"What is the name of this about 10cm high, grey, ""flat hat"" fungus?",1
9189,What publication first introduced the concept of a non-deterministic Turing machine?,0
4676,"Alternative protocol for evaluating RNA integrity, using a bleach gel",1
1674,Proving binomial sum (checking my answer),0
10082,Implementing a method that escapes single quotes in a string,0
1497,About the double integral of the product of two sinc functions?,0
6678,How do short polypeptide chains serve as identifiable antigens?,1
2138,"Prove that if $m$ and $n$ are positive integers, and $x$ is a real number, then: $ceiling(\frac{ceiling(x)+n}{m}) = ceiling(\frac{x+n}{m})$",0
2420,Uniquely determining linear operators on finite field extensions,0
392,Find 3rd point of triangle with the opposite angle,0
1352,Prove that $\lim\limits_{x \to 1} \frac{x+2}{x^2+1} = \frac{3}{2}$,0
7679,"Can in the case of multiple sclerosis (MS), a too high osmotic pressure in the nerve, lead to a high intracellular concentration of potassium?",1
3023,"Functionality of vitamin A, Bx, C, D, E, K as used in cosmetics for the skin?",1
8152,What is the use of having 3 antipodal cells and 2 synergids?,1
9339,String Split a phrase into sentences,0
4059,What Genus Is This Ant Queen?,1
4657,Probabilities in calculating the kinship coefficient,1
4432,"I found this insect in Utah, USA. What is it?",1
3592,Can you identify this insect for me?,1
3226,Where do butterflies sleep?,1
1068,Use Fubini to prove that $\int_a^{x_0}\phi'(x)\left(\int_x^{x_0}u'(t)dt\right) dx = \int_a^{x_0}u'(t)\left(\int_a^{t}\phi'(x)dx\right) dt$,0
2620,Is it true that $A_x$ has even order for all $x\in G$?,0
10421,Grouping sales transactions by person,0
7367,Why do dendritic cells have CD4/CD8 on their surface?,1
3741,What are the consequences of inbreeding?,1
82,Formula to compute partial sums of the Basel problem?,0
9499,"The read tape in the definition of L and NL (logarithmic space) (DLOGSPACE, NLOGSPACE) (sublinear space)",0
4973,Main mechanism of the evolution of sexual dimorphism,1
9187,Simplifying Code for Drop-Down-Box in JQuery and HTML,0
1964,Question about the product of two squared sequences used in a particular step in proof of Cauchy-Schwartz,0
4376,Did spiders respond to light for building webs before artificial light was invented?,1
5389,Why does the brain produce cannabinoids?,1
4426,Are the antibodies developed by differing vaccines still the same?,1
10559,Memory management for small allocations,0
9192,An OEIS Lookup tool in Python,0
3105,What is accumulation and release centre of neurohormones?,1
3350,Open access datasets for QTL analysis?,1
10481,Implementing a generic class and choosing a collection based on a type,0
8662,Why is the human ear most sensitive to 4000 Hz tones?,1
2431,$\sqrt{a-b\sqrt{c}} \in \mathbb Q(\sqrt{a+b\sqrt{c}})$,0
1425,Jacobson Radical and Finite Dimensional Algebra,0
10987,"Get specific properties for all Active Directory groups and all their users, then combine them into CSV",0
4775,Why does enteral carbohydrate yield higher energy than parenteral?,1
10578,Optimal quantization of histogram,0
10012,Metal King: A JavaScript Game,0
81,Vertex Colourings for Directed graphs,0
441,Calculating the determinant of $-2A^{-1}$ given the determinant of $A$.,0
4112,Why aren't introns found on the ends of pre-RNA?,1
11968,Check if a site is indexed by google and stores status in Database,0
4865,DNA as a digital storage medium; sequences algorithmically avoided for safety reasons (or should be)?,1
7396,The evolution of dogs through domestication and artificial selection,1
11958,Handling optional parameters in a servlet,0
7035,How can computer predictions of protein folding be verified computationally?,1
1339,Don't understand the notation conjugate transpose on a vector in assignment solution,0
329,"What does ""Vertex-transitivity"" tell us about an arbitrary graph?",0
6144,What is this bird - sound attached - (Atlanta Georgia)?,1
10790,Split string by list of separators and return used separator in the correct order,0
2340,Product of a family of sets.,0
4052,How to interpret this cuffcompare result? Sensitivity over 100?,1
1702,rank$(R\otimes_R S)$ is the composition of $f^∗$ and rank$(P)$.,0
4263,Triangulation number of the SARS CoV-19 virus,1
4280,What is the substrate for glycogenesis?,1
3219,Could someone recommend an introductory book on epidemiology?,1
2926,"If $B⊂A, P(A)=0.6, P(B)=0.4,$ what is $P(A∣B)?$",0
4026,What flying insect is this?,1
9487,Remove elements that appear m times,0
8125,What made this black cluster on a leaf?,1
7171,Why can't we find a broad spectrum antiviral drug to viruses like antibiotics to bacteria?,1
3224,How does trees know to balance themselves so that they never fall down,1
8356,Why are omega-3 fatty acids so easily oxidized when they're incorporated in cellular membranes?,1
8814,Is there any liquid in the bone medullary cavity,1
10657,Applications affected by memory performance,0
8826,"Insect Egg Case, and if so, What Insect?",1
5722,Decoding animal language (dolphins etc),1
1692,Existence of global coframe in product space.,0
5457,Why can't a human regenerate limbs like some other species?,1
7445,optimization of density gradient centrifugation,1
9990,Creating user accounts while avoid SQL injection attacks,0
5304,What does differential consumption mean?,1
5149,Short dated spontaneous ringing in ear,1
736,"If $P^r$ has all positive entries, then so does $P^n$",0
9555,LeetCode 928: Minimize Malware Spread II,0
3796,Which primates can swim underwater?,1
11473,"Copying content from Excel into PowerPoint as a picture, with error handling",0
8291,The position of the macula in comparison to the blind spot,1
4673,Changes in DNA and forensic cases,1
3614,Why do I often see male robins with female robins?,1
1731,"If $\langle x,y \rangle$ is not nilpotent, then $\langle xu,yv \rangle$ is not nilpotent for $u,v \in Z^*(G)$.",0
4525,Transformation of E.coli cells,1
4255,Are there computational models verifying the feasibility that complex biological systems can emerge by random mutations plus natural selection?,1
9650,Classes and variables in PHP,0
11515,Singly Linked List Implementation in ES6,0
3203,Measuring fitness / lifetime reproductive success (LRS) in Drosophila,1
818,How to solve the below system of congruence?,0
10038,"N-Guest Table, Graph Problem",0
655,Show vectors form an orthogonal basis,0
5557,How can I improve efficiency of Ecoli transformation?,1
1918,Existence of Designs,0
9856,Big theta notation in substitution proofs for recurrences,0
8576,Different names in paired-end sequence files,1
3659,A question about how the brain determines the source of a sound,1
8458,What are the longterm effects of pancreatitis?,1
972,"What is the meaning of ""mass defect"" in measure theory?",0
733,"Find all functions which satisfy $f(m^2+n^2)=f(m)^2+f(n)^2$ $\forall\space m,n\in\Bbb{N}$ and $f(1)>0$",0
11109,Calculating pi with Monte Carlo using OpenMP,0
9878,Regular Expressions to Automaton,0
9776,Calculate age given the birth date in the format YYYYMMDD,0
9728,Contraint with three variables into three binary constraints,0
4793,Harbor Seal behavior and personality,1
2510,End - extension in the complete theory that isn't elementary extension,0
85,How to prove that any Boolean function can be simulated only using AND gate and NOT gate?,0
5034,Antiparallel DNA Strands - Error Correcting Code?,1
1777,Logarithm of null-homotopic maps,0
9829,Is at least one of L and L complement Turing recognizable,0
6298,Why do I still see a bright light after looking directly at it?,1
9162,Simple boolean gate with two TriState inputs,0
9966,Convert boolean list to list of base10 integers,0
9201,Count Characters Function PHP,0
3879,Evolutionary advantage of F plasmid in bacterial conjugation,1
11932,Refactoring to avoid the use of dynamic,0
1041,Problem related to Incircle of a triangle,0
10900,Expected length of a random walk on a line,0
7949,Could ions inside lungs produce hydroxyl?,1
5297,(Genetics) Is a silencer the same as gene silencing (heterochromatin)?,1
6905,What determines the size and shape of a cell?,1
10878,One-dimensional k-center problem. Finding minimum distance,0
272,Proving real polynomials of degree greater than or equal to 3 are reducible,0
602,Prove that a partial equivalence relation in set Dom(A) is an equivalence relation,0
2523,Solve $x^2+2ax+\frac{1}{16}=-a+\sqrt{a^2+x-\frac{1}{16}} $,0
2629,extreme points of a circular disc and a right circular cone,0
1464,Find the value of $a$ such that the series converges.,0
7691,How far can birds see?,1
5205,Why do scary situations make our skin crawl? Why do we have goosebumps in such situations?,1
5353,DIY storing family DNAs' samples for future uses (eg medical),1
5138,How are targets formed for axon growth cones (CNS)?,1
2687,Group Theory and Cardinals,0
480,DFT - Why are the definitions for inverse and forward commonly switched?,0
1413,How would you solve this surface integral?,0
4727,Population Growth Rate Question?,1
6127,At what point does muscle mass overcome muscle strength to affect speed?,1
11485,Bubble sort: average number of total key comparisons,0
10327,Leetcode - First Unique Character in a String,0
2990,Minimize a function with indicator.,0
3651,What is the difference between organelle membranes?,1
10593,Multiple for loops in Sudoku solver,0
5124,How do birds deal with their eyes drying out at high speeds?,1
8920,Boletus or Xerocomellus?,1
6476,Is there any animal database or website that classifies animals as wild / domestic?,1
7265,What is the difference between gene and CDS annotations?,1
3791,What are all possible vectors for unicellular human parasites?,1
9788,Logical conjunction of two binary decision diagrams,0
6123,Negative feedback in the fructose metabolism in liver,1
10885,"Get chat message data from table, grouped by date",0
2285,"If $f(k) = x^k$ for rational $k$ is continuous at single rational value, will it necessary be continuous for all other rational points?",0
7017,Missing 4 $\ce{H_2O}$ (per glucose) in Cellular Respiration... Where can they be?,1
6232,Required energy to metabolize fat,1
6594,Are left-handed people more likely to be colorblind?,1
10572,Efficient algorithm to simulate dealing cards from a large deck of cards?,0
3280,How does the matter that makes up the fat of your fat cells ultimately leave your body--following weight loss?,1
4786,How does a higher channel density increase speed of propagation of an Action Potential?,1
3213,Does opening the lid of the spectrophotometer affect my results?,1
3561,Which concentration of BSA is recommended for dynamic light scattering experiments?,1
9909,Mutually exclusive expandable panels (needs to work in IE9 and above),0
2328,Is there a general definition of structured set and morphism?,0
9649,"Faster way to render XML (10MB) file, loop the content and display output",0
6989,Do Acyl Carrier Proteins and Conenzyme A have similar reactivity?,1
4836,is there a constant leakage current across axon even in absence of stimuli?,1
8402,Can the apparent drop in insect population be explained by local insects evolving to avoid traps?,1
464,A surprisingly resistant elementary numerical inequality,0
10967,0/1 Knapsack problem with minimal cost,0
7235,Why don't dragonflies wings collapse?,1
4584,Which method of gene amplification for toehold switches?,1
6500,What is the name of this type of inflorescence?,1
1050,Galois theory about automorphisms of the field of rational functions,0
3340,Are Sharks able to detect electromagnetic waves using their Electroreception ability?,1
10616,How to combine items in List to make new items efficiently,0
9299,"Check if path exists directed graph, without using collection",0
1882,What is the exact value of sin 1 + sin 3 + sin 5 ... sin 177 + sin179 (in degrees)?,0
5833,Amplified Fragment Length Polymorphism (AFLP) primers,1
494,Find all maximal ideal of an external direct product,0
472,Prime elements in $\mathbb{Z}_{5}$.,0
7536,Recombination Data Set,1
15,Calculating entropy for a given problem,0
3171,Is there a biological environment that we can we assume glutamate exists as glutamic acid?,1
7523,Can (any) human cells learn?,1
6292,Why are butterflies drinking blood?,1
11492,AsyncTask and IntentService,0
10696,Reduce ATM to REGULAR_TM,0
11436,Group and send all files to filetype folder,0
11426,How to avoid using exec() and eval() in Python,0
11427,Naive demosaic for bayer images,0
10124,Depth first search implementation,0
10213,How many operations to produce this superposition of 3 qubits?,0
4418,"How do trees communicate in the ""Wood Wide Web""?",1
8302,Predictive Single Nucleotide Polymorphisms (SNPs) for Bipolar Disorder,1
3685,What do HG and NA mean in Geuvadis project RNAseq sample labels?,1
5594,What are the characteristic structures of bacillus M. tuberculosis and what they cause?,1
9200,query optimization and indexing,0
8001,Do all sources supply all sinks on a plant?,1
7791,"What determines testosterone exposure in womb, baby's genetics or mom's body?",1
10113,Simple Tic Tac Toe game,0
11924,Help to Refactor PHP Flip Image Code to smallest size as possible,0
1805,Topologist's Sin Curve: Last Step in Proof,0
1449,Morita equivalence between $\mathbb{C}[G]$ and $\mathbb{C}[H]$?,0
4699,Coefficient of relationship and path of coefficient,1
11713,"Split-Find: maintaining dynamic graph connectivity information, under edge deletion",0
3465,Gene Circuits; experiments,1
1929,Euler angle in ellipsoid rotation,0
10693,Calling method with complex arguments,0
10833,Transmitting/Sending big packet safely using TcpClient/Socket,0
9994,How does a hard drive knows what bit is the beginning of of a byte/word?,0
6040,What's the difference between mutation and substitution rates?,1
9137,A condition ensuring that a bipartite graph have a perfect matching,0
4790,Can a cell survive temporarily without oxygen?,1
9544,Finding the largest prime factor,0
8101,Do transposons usually jump from one chromosome to another?,1
9279,Why is the Marking Algorithm takes O(number of marks) ?,0
7925,What's the best way to measure/calculate the size of a light beam at the sample of a microscope?,1
461,"Computing the trace and determinant of $A+B$, given eigenvalues of $A$ and an expression for $B$",0
3372,How can I find some pieces of the genome of a microorganism?,1
11733,Quicksort Algorithm Efficiency,0
2129,"Find relationship between $a, b, c, f, g, h$",0
8779,Is there a difference between Luria Broth and Lysogeny Broth?,1
8247,Why do cherries sometimes grow as triplets?,1
5480,Identification of a larva,1
8252,How does the eugeroic modafinil work?,1
1700,How do we obtain that $(n|z|)^2-n|z|-1 \leq 0$?,0
8463,"Clarifying distinction between genetic recombination , translocation. and transposition",1
6417,Does the use of a Thiazide diuretic affect the ability of a hair follicle to absorb substances?,1
6544,Is there any biological reason that professional swimming is dominated by white people?,1
9984,Asynchronous Array.map,0
3157,Is the Hypothalamus part of the Central Nervous System or Endocrine System,1
3502,Why insects are so energy-efficient while flying?,1
11706,An Awk program to find all primes till N,0
1019,Why is Euler's totient function equal to (p-1)(q-1) when N=pq and p and q are prime?,0
599,Concavity of $f(x)=E[| x +Z|^m]$ where $Z$ is standard normal.,0
9537,"UVA online p957 - ""Popes""",0
2209,(Distance measured / height) * 100??? Is this correct?,0
5052,What concentration of hydrogen peroxide kills mold?,1
347,Given parallelogram $ABCD$ with $M$ the midpoint of $AB$ and $E$ the foot of the altitude from $C$ to $AD$ (extended). Show $ME=MC$.,0
1952,How do I prove cardinality is well-defined?,0
604,Mean value theorems for integrals on an open interval,0
339,Why are the fundamental groups $\pi_{1}(S^3)$ and $\pi_{1}(S^2)$ trivial?,0
7998,Alternatives to His-tags,1
4192,Why don't antibiotics affect mitochondria?,1
10251,Animation for android ImageViews acting as game pieces,0
1689,Constrained optimization set up with at least one value constraint,0
10676,"Is ""super-exponential"" a precise definition of algorithmic complexity?",0
9552,Array Implementation of Queue,0
5655,Acetylcholine and muscles- excitatory or inhibitory? (muscle atonia and myasthenia gravis),1
8076,Why do I smell flowers after sneezing?,1
10528,Full-page background in HTML,0
10649,Single instance of reusable HttpClient,0
5418,Effect of pupil responses on the electroretinogram,1
1694,Inner product in a direct sum of a dimensional space,0
7306,What makes delayed onset muscle soreness stop occurring?,1
2036,Calculating sign of a permutation,0
1454,Calculate height from two right angled triangles sharing an edge,0
11140,Python Text-To-Speech program,0
10574,Number of distinct single-assignment forms with $j$ binary function calls?,0
10840,Compacting this repetitive JavaScript bit which trims values in an object,0
6697,Erythroblastosis Foetalis,1
6663,What shape is the pupil of squirrels?,1
4991,"I read that the average cell will divide between 50-70 times before cell death. How, then, can human cells be constantly dividing?",1
9656,Calculate the crc32 of the contents of a file using boost,0
11055,About the paper Privacy-preserving in association rule mining using an improved discrete binary artificial bee colony,0
5817,Using the IMGT/GENE-DB service to find RSS,1
10095,In-Memory FileSystem in Java - Is there a better OOP approach?,0
9895,Lower-order term constraints and wrong guess,0
3332,Why are the other bases not used for RNA capping and tailing?,1
10560,"Why does $A(L)= \{ w_1w_2: |w_1|=|w_2|$ and $w_1, w_2^R \in L \}$ generate a context free language for regular $L$?",0
11526,Copy sheet contents faster in Excel,0
9350,Computational complexity based in the input size,0
3468,Why are large amounts of DNA required for analysis?,1
6834,How are latence period and duration of infectiosity defined?,1
2903,What is the $2n$-th partial sum of a series produced by interleaving two geometric sequences?,0
3557,When did our ancestors switch to a menstrual cycle instead of the estrous cycle?,1
5041,Author statements (Readers) in biological nomenclature,1
11493,Conversion into hexadecimal using C++,0
11536,Term for size of maximum independent set,0
7864,Can fireflies species be identified with their wavelength?,1
3738,Why does V. cholerae produce a human specific choleragen?,1
4199,evolution and mutation of microrganisms against medicines?,1
11826,Unit Test class from iOS,0
2355,Solving the diff. eq. $\frac{dq}{dt}+ \left ( \frac{1}{3 \rho} \frac{d\rho}{dt} \right ) q =A(t)$,0
1582,How do I find the first seed when given the values of the second and third seeds to determine the sequence that must contain the number 2017?,0
11933,Snippet to get all local classes from a module,0
1492,Reference request on numerical semigroups,0
6458,Calculating Rate of Growth without a Population,1
2398,What is the number of distinct 3 letter words out of different number of given letters?,0
6475,In what animal species is the sex ratio skewed in favour of the fertile female?,1
1219,coloring with k colors where sum of two same colored have same color,0
10490,Comparing performance of multi- and single - thread search of a maximum number,0
9724,Factory pattern along with DI using Unity container,0
7709,Why do different humans look different?,1
754,This is a question about elementary number theory,0
9899,Fast k mismatch string matching algorithm,0
7037,"How the vaccine based on ""non replicating viral vector"" is produced?",1
7075,How does this diagram illustrate carbon cycling in lakes?,1
7857,Sequence compression method / format,1
264,strong convexity definition,0
5747,Do antisense transcripts have different names than their sense strand transcripts?,1
7387,Where do the electrons and protons formed from biological reactions go?,1
10326,Limit fgets input to up to a certain number of characters,0
6825,Which animals live in trees and make noises like rubber ducks at night?,1
1307,"Show the graph commutes, diagonal function.",0
6470,Is the autonomic nervous system only activated by internal stimuli?,1
2781,Application of the Adjoint Functor Theorem,0
5249,Inverse of dopamine reuptake inhibitor?,1
11192,Prime Implicants in Boolean Function,0
1780,How can one show the inequality $\frac{a^2}{\sqrt{b^2-bc+c^2}}+\frac{b^2}{\sqrt{a^2-ac+c^2}}+\frac{c^2}{\sqrt{a^2-ab+b^2}}\ge a+b+c$,0
5915,What is the composition of human feces?,1
6987,Do all monarch caterpillars have two pairs of needle-shaped protrusions(or they can have three pairs)?,1
10181,Grammar for square numbers in unary,0
3776,Are human fetuses more likely to be male?,1
9639,Function to find text between two tags,0
4150,Enhancer elements in prokaryotic DNA?,1
6281,When does the kinetochore form?,1
5372,Identification of species found in fly lab,1
343,$W$ contains at least one non-singular matrix,0
4823,Any databases with AAMI ECG and ECHO?,1
2101,Find the indefinite integral of $1/(16x^2+20x+35)$,0
10207,Efficient Implementation of functional and Lazy evaluation in C++,0
1622,An upper bound for integer partitions with unique summands,0
1524,Show that $\bigcup_{n=1}^\infty A_n= B_1 \backslash \bigcap_{n=1}^\infty B_n$,0
8075,Why do cells in meristematic tissues lack vacuoles?,1
3002,MRI maximum field strength,1
4310,Why does double vision when drinking happen?,1
8723,Why do sloths come down from the trees to defecate?,1
6200,"In what ways, if any, does administration of rapamycin *not* mimic calorie restriction?",1
10715,Best way to preload images with callback on completion with pure JavaScript (ES6),0
165,Existence of an antiderivative for a continuous function on an arbitrary subset of $\mathbb{R}$,0
10520,Thought process for the following problem?,0
9061,Merging K Sorted Linked Lists,0
11346,"What is ""memory coalescing""?",0
10193,Roguelike Building Generator,0
11457,"Abstract the (duplicate?) behavior between ""sort"" and ""replace""",0
1005,Volume by integration - Disk Method only/Non-coordinate axis,0
1187,Does a random walk with infinite mean ever converge to anything?,0
3057,Is this description of etiology of celiac disease correct?,1
3898,Is $F_{ST}$ a probability and a correlation coefficient?,1
6788,Examples of Vestigial Genes,1
3155,Why is mRNA used as a biomarker for cancer over tRNA or rRNA?,1
7771,Why do I see different hues of colors between each of my eyes?,1
11901,How do quantum computers find the global minimum?,0
5036,Function of carapace,1
4712,Why do we find some things disgusting and others delicious?,1
11974,Rust/WebAssembly VS pure JavaScript benchmark in Node.js,0
676,"how to make a $3$-$(10,4,1)$ design using graphs",0
6630,What causes adenosine build up in the brain when awake?,1
2084,Is it true that if the anticanonical divisor has positive self-intersection then it is ample?,0
5174,What is the purpose of an siRNA screen in drug discovery?,1
7184,Sodium concentration during action potential generation,1
9148,"Filter one array based on values of another, is this the best way?",0
4316,"If the covid-19 appeared once, could it reappear anytime?",1
2247,Lipschitz Constant for Equation System,0
4870,Which pair of primers should be used to amplify the ORF in PCR?,1
6341,Does the nature of nervous impulses give us a finite number of things we can perceive?,1
447,"Manifolds, questions about gluing",0
5769,Why do we have more sweat glands in our palms?,1
685,How to prove the formula for the are a portion of a circle.,0
2223,XOR big number from m to n,0
4918,Energy consumption of a resting synapse,1
8624,Can dermatophytes (toenail fungus) survive without oxygen?,1
9915,Can we say that Zookeeper updates are ACD (ACID without the I)?,0
2132,Is this an equivalent uniform distribution?,0
3415,Beetroot white skin mould,1
2417,"Fourier series with filter function $f_n^g(x)=\int_0^{2\pi}f_n(y)G(x,y)dy$",0
259,What's the relationship between lim sups of random variables and lim sups of events?,0
3272,Why is yawning contagious?,1
614,"Probability in a series of events, during the series.",0
9458,Reading Values From Enviromental Monitor XML Feed,0
2175,Machine Learning - global minima and convexity in gradient descent,0
564,Why are PDEs and in particular dispersive PDEs considered on $S^1$ so often?,0
7236,Phylogentic Footprinting Project,1
11507,Swift: extract string with regex and range,0
5673,What Chemical Trigger Causes Ectomycorrhiza To Change From Asexual To Sexual?,1
10853,Need help constructing a Deterministic Finite Automata with AT MOST,0
999,Level-set of constant rank,0
8469,Do larger unicellular eukaryotic organisms have larger organelles?,1
3525,Isolating gene of interest from a large strand of DNA,1
9529,More protection needed? PHP secure,0
9780,JavaScript HTTP regular expression,0
10015,"Solving $T(n)=2T(n/2) + n \lg n$ , For ex: Counting inversions implemented with full mergesort",0
9651,Displaying IP addresses in Go using Stringer interface,0
9590,Find the closest unvisited visible home,0
10871,"Stack class in Ruby to calculate maximum number, get the average, pop, push",0
5944,Purpose of antibody wash,1
7399,How does Australia fit into 'New World' / 'Old World' dichotomy?,1
9416,Huffman Coding in C++,0
11661,Expanding compressed string,0
6713,Why is the separation of biochemical synthesis pathways safer and more economical?,1
4159,Toxicity of Zinc to fungi,1
4101,Can there be an equilibrium between humanity's increase of carbon dioxide output with plants since plants harness CO2?,1
6505,Parasitism and mimicry,1
2199,Multiplicative Congruential Generator,0
7621,What type of Bacteria?,1
4096,What effect does ambient temperature have on the cardiovascular system?,1
8065,Do blurry images cause eye strain? At what point is an image so blurry the eye stops trying to focus it?,1
6773,"What is this long, thin and segmented insect I found in my house in India?",1
9739,Permute and count between nested dictionaries,0
4975,Why are humans mostly right-handed?,1
1117,Does the best decision in a card game depend on wether someone shuffles the cards or not. (Black Jack),0
10189,Python style with-statement in C,0
2973,Separation of variables Fourier constants integral,0
184,Maximum number of iterations of a simple algorithm,0
8166,Is there a Zipf law in epidemiology?,1
65,"If $f_n$ converges in measure to $f$, prove prove $\lim_{n\to\infty} \int_a^b f_n(x)dx=\int_a^b f(x)dx$.",0
5281,Coincidence that navel is near the womb?,1
6038,What concentration of sugar is optimal for baker's yeast fermentation?,1
501,Unitary matrix with special relation on matrix entries,0
6118,Sheep vs. Furry animals,1
2274,Computing the $f_{Y|X}=\frac{1}{2\sqrt{1-x^2}}$ over the unit circle,0
8798,Measuring the density of surface antigens,1
9017,Optimizing puzzle game involving sequence numbers,0
5143,How is SARS-CoV-2 'deactivated' for some Covid vaccines (for example Covaxin)?,1
4485,Use of beta-2 microglobulin staining to assess frozen tissue sample integrity,1
1914,Proving there exist a branch of $\log(f(z))$,0
3134,PGC-1β Sod2 limiters/blockers,1
6386,How exactly do microfillaments change the cell membrane's shape?,1
172,Probability of selecting consecutive floors in an elevator,0
810,Write the exact answer using base-10 logarithms.,0
2775,Conditional Probability (Where did I go wrong?),0
1222,Proving Bernoulli Inequality using already proved result.,0
7082,Understanding Enzyme saturation curve,1
5066,Can I use fluorophore conjugated antibody as neutralizing antibody?,1
11907,How the code travels,0
7950,"Are there any studies detailing the overall ""-omics"" effects of using bleach to synchronise a C. elegans population?",1
8691,How is Glyceraldehyde 3-phosphate converted into glucose?,1
11050,Enormous Input Test - reducing program runtime,0
8506,Is a lion a bony fish?,1
2571,Find all real values of $m$ such that all the roots of $f(x)=x^3-(m+2)x^2+(m^2+1)x-1$ are real,0
10093,Finding Matches and writing results to file C#,0
245,Generating function for $a_{n+1}=10a_n+1$,0
4179,"Insect ID, Maharashtra, India",1
4287,Why would evolution favor blue as a color in bugs?,1
8755,Exact location of E. coli in human body,1
5299,What is the relationship between migraines and histamine?,1
1785,Does tensoring with a module preserve this injection even if the module is not flat?,0
7208,How can I verify my true genetic relationship with my close relatives with simple physical traits?,1
2142,Intersection of inductive sets,0
2833,Open and Closed Set Problems using a Ball,0
1410,What does $x$ represent?,0
11895,Select the element out of the array if its index is a Fibonacci number,0
4893,Why do earthworms have so little colour?,1
4333,Resources of all known biochemical pathways?,1
4180,Through which mechanisms did the Drosophila Histone Cluster evolve?,1
3802,Nucleoside analogs that cause mutation,1
1085,Topological properties and product product topology,0
11081,Prove that inserting $n$ sorted values in to an AVL using AVL insertion is $\Theta\left (n \log \left ( n \right ) \right )$,0
1951,what is the limit of: $\lim_{t \to 0}(\frac{1}{b-a}\int_{a}^{b}\left |f \right |^{t}(x)dx)^{\frac{1}{t}}$?,0
3079,Why are cells affected by time?,1
4396,Cardiac cycle and atrial contraction,1
1599,Spectral Decomposition exponential with Pauli matrices,0
271,Where does log(x) / x take maximum value?,0
7203,What to eat/drink to become unattractive for mosquitoes?,1
2008,"Model selection in regression: Estimated parameters seem to be ""non-significant""",0
6087,Does the source of caffeine affect the biological impact?,1
4568,What happens to the nitrogen when an oxygen machine delivers only oxygen?,1
208,Some Logo and Stamp on Mathematics and Mathematicians,0
11095,How to handle same code parts in Factory Method?,0
2631,Semidirect product induced by $\varphi:H \rightarrow \textrm{Aut}(N)^{op}$,0
5522,Effect of soap on the survival of non-enveloped viruses,1
8384,why male penis not considered as cartilage?,1
7560,Why is phagocytosis not included as a type of receptor-mediated endocytosis?,1
2131,$\sum\frac {a_n}{(1+a_1).... (1+a_n)}=1$ iff $\sum a_n $ diverges,0
1971,Need help integrating $\tan x$ and $\tan^n x$ using reduction,0
9025,Find a strategy to evade hungry lions on the real line for the longest time,0
216,Showing a Quadratic Variation is increasing and continuous with respect to time,0
5282,"Hybrid, Japanese or European larch please?",1
6303,How do gory images lead to nausea?,1
4031,HIV and T helper cells,1
10137,Preventing resubmission of form using timestamp,0
5583,Why do plants flower in different seasons?,1
11200,Why do we pop the dollar symbol when it's already present in the stack in PDA?,0
10926,Digital root recursive function,0
11045,Can someone clarify this unification algorithm?,0
4363,"""structural and regulatory elements of genes""",1
4401,What is the relationship between the e value reported by HMMER and BLAST? (Are they equivalent?),1
2408,Entire + periodic in imaginary direction + bounded on the real line implies constant?,0
1171,All $n$ such that $n+2$ is a cube and $n-2$ is a square.,0
11074,Trello list scraper that extracts all numbers from boards and logs the sum,0
2222,"Prove that $\bigcup_{n \in \Bbb{N}} [1/n,1] = (0,1]$.",0
8086,"What is the so called ""hepatic glucose production""",1
10712,"Given a shape, return all triangles that can be formed",0
7884,"From 46 human chromosomes, is each one from a single parent?",1
1561,Prove by mathematical induction that $n^\frac{1}{n}<2-\frac{1}{n}$,0
9784,Calibration and overlay of RGBD with a thermal camera,0
2106,Not sure how to start this FOL proof-- why is vE not a good move on line 4? Thx!,0
148,Is there a possibility that two different polynomials have same polynomial orbit on Siegel Disk?,0
7233,Are alleles equally sized?,1
9226,How many edges before a random graph is connected?,0
8522,Weight of fresh vs frozen tumours,1
10301,Why does the operating system switch an active process to different cores?,0
4930,Why do people feel extreme cold at different temperatures compared to other people of same body structure?,1
4744,Why do some mammals have incomplete orbits?,1
10441,Designing a rationing algorithm for a store,0
11872,Interview solutions to reverse a string and reverse a sentence,0
6843,What's a segmented copy number profile,1
997,Linear transformations of fields,0
9917,Reasoning for awkward style of TreeMap.getHigherEntry,0
4151,Trade-offs between phage and yeast displays?,1
767,When do contractions respect ideal sums?,0
1180,Let $(x_n)$ be a $\epsilon$-additive sequence. Prove that $\lim\limits_{m \to \infty}\frac{x_m}{m} = L$ exists.,0
5402,Deeper Learning in Physiology?,1
3289,Will a nucleic acid sequence deduced from a protein sequence be expressed from a plasmid?,1
8963,What chemicals will kill P1 Phage but not E. coli?,1
4197,Why do some insects constantly move their abdomens?,1
11367,Divide and conquer algorithm for max binary gaps,0
6279,Identification of this Salamander,1
1677,A probability density transformation,0
1277,"Extending the Axioms of Set Theory, and the Continuum Hypothesis",0
4165,Why does having cold hands hurt?,1
10083,Showing that the number of primitive-recursion programs for each function is countably-infinite,0
1025,Probability and Statistics Binomials distribution,0
7543,"Is there a difference between ""genetic cross regulation"" and ""crosstalk""?",1
6288,"How do cells slowly degrade 5,5'-dibromo-4,4'-dichloro-indigo?",1
3034,Mammal size and capillary wall thickness,1
1038,Clarification for a proposition about inner products,0
5900,Experiments in vitro vs those with dead organisms and fixated tissue,1
9866,"Message class, with constructors for data from user and from database",0
7268,Curved membrane effect,1
2107,Inverse Laplace transform for arbitrary positive power function,0
11731,Counting characters in a text file,0
4728,Analyzing Messy Data Files,1
5176,What do we call these containers used in biotechnology?,1
681,"If $a_n \searrow 0$ and $\sum a_n$ converges, is it true that $n a_n \to 0$?",0
6579,Why seeds won't sprout given excess water?,1
6422,"In Western blot, is Ponceau S a valid loading control if band intensities vary between lanes?",1
3295,Placebo effect and why they work,1
3380,MTHFR recessive alleles and B-vitamins,1
246,Interpretation of a weakly compact set of functions,0
2692,Bezout's bound and resultants - reference request,0
11615,CTL vs LTL - when a formula satisfy a model,0
9185,Lower upper bound on # variables in k-SAT with m clauses,0
8297,"Is downregulation of neurological receptors fully reversible, i.e. complete upregulation and resensitization?",1
1064,Find the maximum of a nonlinear function of two variables,0
5058,ATP yield of fermentation: study to cite?,1
6449,Are males taller than females in humans?,1
6037,Signaling through G protein Coupled Receptors?,1
6254,Mitotic chromosome condensation screen,1
11512,Is this a good way of managing parallel go routines when I care about ordering of results?,0
4012,Why are animals afraid of the vet?,1
3022,When does the vertebral column finish chondrifying and begin to ossify?,1
8642,What animal does this skeleton belong to?,1
1422,Resources for Smith Normal Form in Abelian Groups,0
8666,What are these balls in meshopyll cells? [Plant biology],1
192,Prove atleast one of the equations $x^2+b_1x+c_1=0$ and $x^2+b_2x+c_2=0$ has real roots if $b_1b_2=2(c_1+c_2)$,0
7453,Dopamine involvement in pleasure,1
6334,Were there any terrestrial species in the ancestry of all crustaceans?,1
2316,Manifold coordinate basis,0
7521,Voltage-gated Potassium channels in the action potential of cardiomyocyte?,1
4323,What is the point of toxins without remarkable coloring?,1
8401,Why is Cysteine and Tyrosine used to calculate a sequence isoelectric point?,1
1188,Proving that the axioms for addition hold in $R$ -- Associativity. Principles of Mathematical Analysis by Walter Rudin.,0
5373,DNA from sweat on the hat band?,1
11208,I cannot find an invariant for the following program,0
6356,How many molecules of ATP are actually produced in aerobic respiration?,1
2224,Matrix raised to a power,0
207,How to solve a subtraction equation that results in a negative number?,0
11510,Showing the domain of a URL,0
2369,Prove that: $\csc 48° + \csc 96° + \csc 192° + \csc 384°=0$,0
6746,Why aren't there any competing biologies on Earth?,1
2548,The order of transformations in a PDF document,0
10041,Finding all topological orders,0
11969,Finding columns of a matrix that are the same for combinations of events,0
10540,Convert a list of dictionaries to a dictionary of dictionaries,0
9669,$\mathbf{NC_2}$ is closed under log-space reduction,0
3941,Meaning of proliferation rate of 3 day−1,1
9989,How can I clean up (DRY) this verbose jQuery code?,0
3403,What is the reason for 'microcytic' anaemia?,1
6477,Why does ammonium oxalate cause swelling of RBCs?,1
4834,How does symbiogenesis explain reproduction of organelles along with the cell?,1
8614,Is there a GPS super tiny for passerine birds?,1
908,Sequence of non-integrable functions converging to an integrable function,0
231,Linear Operator clarification,0
3743,What is this animal that hides in dustlike structure?,1
5478,Spermatozoa and sperms,1
1382,Covering map between two path connected sets,0
5929,What animals have a blood-brain barrier?,1
597,How to prove that $k^n=\frac{d^n}{dx^n} (1+x+\frac{x^2}{2!}+\frac{x^3}{3!}+....+\frac{x^n}{n!})^k|_{x=0}$,0
10909,Stateless tooltip component using React hooks and ref,0
8103,"What is this insect wing, based on its vein pattern?",1
1236,For what rays does the limit $\lim\limits_{z\to\infty} e^x$ exist?,0
2377,Matrix Similar to an Upper Triangular with ones along the diagonal,0
9980,Is $\Gamma \vdash x x : T$ possible in the simply typed lambda calculus?,0
3475,Can I use TBE to elute a plasmid shipped on filter paper?,1
6175,How is temperature sensed?,1
10417,Jaccard distance between strings in Rust,0
10009,Utilize loop or other efficient way to find string and copy offset columns to certain cells,0
3552,Why is sedimentation rate significant for a ribsome,1
2359,How should I solve the equation $\sqrt{x-\frac 1x}+\sqrt{1-\frac 1x}=x$,0
9158,Processing XYZ data from a large file,0
10604,Verify that a CSV file contains a backup job for every prod job,0
5396,Easy Hardy Weinberg Equilibrium,1
10060,"On an AVL tree insertion/deletion, which nodes have their height changed and why?",0
3851,Rationale behind washing off unbound protein antigen in indirect ELISA,1
9817,Counting Sequential Booleans,0
3473,What are the major evolutionary pressures for Bioluminescence?,1
3674,Cockroaches and magnetic fields,1
6368,Separation of smaller DNA fragments and larger fragments without using gel electrophoresis?,1
7903,Can cysteine alone change pigmentation?,1
6871,"Meaning of the word ""targeted"" in a description of chromatin immunoprecipitation",1
3144,Did we evolve from monkeys?,1
9080,Filters for a JSON collection,0
3188,Is it possible to make a cancer cell that doesn’t encode any neoantigens?,1
9450,Size of the largest connected component in a grid in Python,0
6319,Bacterial Conjugation/Horizontal Gene Transfer -- how does the plasmid exchange work?,1
1517,Show that $\frac{(J-1)!}{2!(J-3)!}= \sum_{h=2}^{J-1}(h-1) $,0
1556,Reducts of categories,0
3460,Do siblings have a bias toward believing they look different from each other?,1
6272,Yeast Strain with squalene synthase / farnesyltransferase (ERG9) gene deleted,1
6073,Effect of cellular phone towers on human health,1
1855,Find the radius of convergence of the series $ \sum_{k=1}^{\infty}\left(\frac{x}{\sin k}\right)^k $,0
5619,How to Design an siRNA Experiment?,1
87,Is this property of quotient maps true?,0
5701,Plant growing very rapidly near my house,1
10573,How to deal with elimination of duplicate logic vs. cost of complexity increase?,0
9937,min vertex cover to access k edges in a tree,0
1788,"If we restrict the character $\chi:G\to S_{o(\chi)}$, then is this map surjective?",0
2244,Limit in form of 0/0,0
7383,Is this a grass cell?,1
7140,Help identify this worm-like thing,1
10512,Encoding order relations in CNF,0
6486,dAT joining: please define,1
6646,"Nerves, Neurons, Axons and Dendrites by Example",1
5718,How are viruses in vaccines weakened in a laboratory,1
8430,on/off behavior of neural networks,1
2389,Prove that $\mathbb{Q}+ \mathbb{R}$ is not order isomorphic to $\mathbb{R}+ \mathbb{Q}$: is my proof correct?,0
5324,Why don't we see turbulence in the aorta even in normal situations?,1
10814,How can I improve this PHP MySql Rank generation function?,0
8700,Are wasps attracted to UV light emissions?,1
7501,Why do humans lose subcutaneous fat tissue with age?,1
1897,Solving a linear system of equations use row operations,0
2755,What's a local angle?,0
6887,Example of impossibility in the nested hierarchy?,1
680,cohomology of complement of smooth ample divisor D in smooth projective variety X,0
587,Solve for x: $(x^2-3x+1)^2-3(x^2-3x+1)+1=x$,0
9545,Testing ServiceController Class,0
6060,Why is the Kakapo more attracted to humans than its own kind?,1
11673,LeetCode 284: Peeking Iterator,0
2890,Density of continuous functions with compact support in weak $L^1$,0
6252,What external signals do tell catadromous fish to go from the sea to the rivers?,1
10187,Check if two separate ranges have some number in common,0
9078,Loading either all shops or a specifically named shop from a DataTable,0
11167,Boyer Moore Horspool Search Algorithm in Go,0
5536,Does a theory exist for the formation of thylakoid structure?,1
369,Question about discrete valuation ring and locally ringed space,0
926,Homogeneous Markov Chain with Continuous time,0
3501,Are there any organisms with larva more advanced than adult form?,1
8048,What is the quality rate of intrinsic autoregulation in the heart?,1
3111,"Why can cats interpret things on a monitor/tv, but dogs cannot?",1
9018,Naïve optimization by stepping until the error falls below a threshold,0
8976,"Why is an HIV infection considered ""incurable""?",1
10989,Prime numbers in given range,0
2706,Question on n-times game SPNE,0
4665,"What does it mean to share similarities among living organisms ""both horizontally and vertically""?",1
10159,Graph isomorphism and the automorphism group,0
4701,Protein tertiary Structure formation,1
6551,What does hemozoin do?,1
4772,Can anyone identify this chrysalis?,1
5507,Does unequal dominance mean the X-chromosome should be a coldspot for antagonistic variation?,1
7021,What shows how healthy someone is by their heart rate?,1
584,Given p and q two real polynomials with q different than zero. Suppose that f = p/q is a periodic function. Show that f is constant.,0
3915,Did most pandemics originate from Asia/China?,1
221,Martingale +OST voting question,0
11062,Lispy code? Sum multiples of 3 or 5 up to 1000,0
3637,Relation between trigeminal and facial nerve in sympathetic response,1
3455,What is this part of blastula called and how is endoderm formed?,1
674,Cardinality of a minimal set of generators.,0
11302,Solve a basic mutex lock problem while preventing deadlock,0
219,How to transform points from a plane to a different plane?,0
2540,If f is injective can you prove this relation?,0
10453,Object - Text Validator,0
10110,Assembling a json object from an array,0
8462,How is e-value calculated in BLAST 2 sequences (BLAST+)?,1
4051,If our eye lens and cornea were flat would we still receive the world upside down?,1
1211,$p’$-group definition.,0
8900,"If a mother had a child with her own son, could a paternity test yield positive result for the son's father?",1
3715,How the glycogen accumulate intracellularly in the reversible cell injury?,1
3078,What is this white stuff inside apples?,1
9516,Suggestions on Point Cloud fusion,0
2913,A subdifferential formulated as an argmax problem,0
4095,Y285 Yeast Strain: Where to obtain from?,1
11066,leetcode 230: kth smallest element in a Binary Search Tree,0
8155,Should the infraspecific epithet agree in gender with the genus name?,1
7169,What risk does the insulin pump hack carry?,1
1756,Calculating the area under $2x^2+1$ using the method of exhaustion,0
6641,Why Cerebrospinal fluid is not heated for VDRL?,1
7507,Which phylum appeared most recently,1
10894,Is there a way to shorten a set of conditionals like this?,0
1543,"How to prove $\frac a{\sqrt{a^2+3b^2+3c^2}}+\frac b{\sqrt{3a^2+b^2+3c^2}}+\frac{c}{\sqrt{3a^2+3b^2+c^2}}\le\frac3{\sqrt7}$ when $a,b,c>0$",0
11645,Achieve error differentiation in Promises,0
8497,Quantitative Physiology Textbooks Recommendations?,1
10299,Is it fine to use my domain model as DTO (Entity Framework Core)?,0
3858,Kidney transplant and adrenal glands,1
149,"Identities involving the boundary, closure and interior of a set.",0
2809,Isomorphism between schemes,0
10103,When did idea of document file format or markup language first appear?,0
7772,Can someone identify this jellyfish?,1
2968,Proving the Archimedean Property of reals and NIP (Nested Interval Property) using MCT,0
1379,Find the Number of Solutions in $x^3 + y^3 + z^3 + w^3 = 0 \mod 5$,0
10017,How can I represent a set of graphs for learning purposes?,0
4872,DNA ligase mechanism,1
453,Complex Numbers: Im$(\frac{12}{z-7})=1$,0
2751,Maximum of function under constraints,0
701,Does the ring of continuous functions determine $\mathbb R^n$?,0
4974,Sorting beads with FACS,1
3930,Is this maritime plant a species of zostera?,1
1972,find sup of $\frac m{m+n}$,0
6880,Relationship between immunologic response to specific gluten epitopes and clinical antibody testing,1
8809,Can I use dATP instead of ATP (vice versa) for in vitro assay?,1
6223,Can DNA be used directly to determine the age of a mutation?,1
1880,Proving multivariable chain rule,0
8371,Saliva test for Toxoplasma gondii?,1
8615,Identifying a beetle from northern California,1
1414,Working with Maple toolbox for Matlab,0
9361,Why Does the Fixed Point Theorem Apply to Quines?,0
7527,"Is ""A"" inhibiting ""B"" and vice-versa, a positive feedback loop?",1
10037,non-deterministic finite automaton state transition table language question,0
4377,How do macromolecules (large drugs) in the eye reach the bloodstream and what are the relative significances of these pathways?,1
5023,"Who were ""Dawson and Wilson"" (mentioned as authors of an embryonic postmortem examination method)?",1
7595,Can frogs see clearly under and above water?,1
6430,Opening and Closing of stomata,1
10550,Creating a set of buffers for tiles,0
409,General formula for probability of drawing certain hands of cards,0
3172,How standardized is lab-grade skim milk?,1
1390,Determining whether the extremal problem has a weak minimum or strong minimum or both,0
9404,JavaScript idle managing structure,0
5239,What are the absolute facial features which features sexual dimorphism in humans?,1
6952,Are there animals which can see movements better than shapes or colors?,1
2642,"If $F : K → M$ is a group-homomorphism such that $\text{Range}(F )$ is not empty, $K$ is simple and $M$ a finite group. How to show that $|M| ≥ |K|$?",0
8819,Are epicanthic folds a dominant trait?,1
2441,Fibonacci Sequence golden ratio big O proof,0
7767,Why are not all species hermaphrodites?,1
10793,Print which CPU flags are set at the start of the program,0
7242,E. coli bioreactor or E. coli fermenter?,1
7834,Does apoptosis occur more at a particular time of day?,1
8881,Long-term effects of antihistamines on mind and CNS,1
11551,"Rock, Paper, Scissors game in JavaScript",0
10056,PyYAML - Saving data to .yaml files,0
2585,Compute the Error Bound for the Lagrange Interpolation Polynomial,0
11874,Number of 1 child nodes in a binary tree,0
7594,How was gene therapy able to cure diseases through the transformation of actively dividing cells?,1
5027,Sansevieria species specification needed,1
5377,"Genetic Drift: Models, assumptions and empirical observations",1
2522,Normal approximation to a Binomial distribution,0
2004,Example Not convergent uniformly,0
2765,"Given six 3D vectors a,b,c,d,e,f, find the rotation matrix R such that Ra, Rb, Rc are respectively perp. to d,e,f (assuming there exists a solution)",0
4946,Why do lions keep young preys and don't kill them right away?,1
5005,Short videos on evolutionary biology,1
1526,Poisson point process construction,0
6927,What happens to deep sea creatures if they reach the surface?,1
10991,Finding dynamic programming algorithm,0
2077,Converting Second Order ODE to First Order,0
1183,Finding the Infimum of a set $2^{1/x} + 2^x$,0
11370,Functional coffee dispenser,0
6119,psychological database with sequenced DNA records,1
9216,Prettify this code - combine items in a list,0
10733,Small website with MVC,0
10335,"Converting a natural number to a permutation matrix in Python. How to speed it up perhaps avoiding messing around with lists, sets and dicts?",0
517,"In a ring $R$, Show that if $x^2 =0$ then $x-1$ and $x+1$ are units .",0
9155,Pyramid of doom Grape endpoints,0
1518,Can any bijective function over the Gaussian integers be represented as the evaluation of a fixed polynomial with coefficients also in the GIs?,0
7607,Where can I obtain the sequence of the E. coli ribosomal RNA precursor?,1
4966,How do we look inside the cell?,1
3644,What is the easiest way to measure a human body surface area?,1
1370,find the remainder for $\color{purple}{TETRATION}$ such that $( {^{2021}2021}(\mod13))$,0
11891,Is the complexity of this algorithm O($\sqrt{n}$) or linear?,0
3971,What is the second phase of photosynthesis?,1
8699,making antibodies rather than buying them,1
62,"Given a square table $n\times n$, two players $A$ and $B$ are playing the following game: ...",0
6305,What are the potential dangers (if any) facing the twin girls recently born in China with their CCR5 gene modified?,1
4374,Function of heparin and dextran sulfate for removing proteins,1
6925,How many transmissions does it normally take for a neuron to reach threshold for action potential?,1
4119,Can jellyfish sting outside of water?,1
6370,What gives things their colour?,1
957,"How can I prove $\int_{0}^{1}\ln x\sqrt{(1-x^2)^{2n-1}}\,dx=-\frac{(2n-1)!!}{4(2n)!!}\pi[\psi(n+1)+\gamma+\ln(4)]$",0
6894,Grouping OMIM disease codes,1
6955,Why do almost all SNPs have two alleles?,1
11221,How to set an interval to std::map,0
4456,Why don't we have more cone cells (bigger fovea)?,1
2442,"Show that when written in terms of $ t$, where $t = \tan(x/2)$, the expression $2(1 + \cos(x))(5\sin(x) + 12\cos(x) + 13)$ is a perfect square.",0
3055,In what range do humans generally interpret sound best?,1
3061,"Large spider identification, Kentucky USA",1
3517,Is an athlete's heart rate after exercise greater than a non-athlete,1
8975,If a person is infected with an RNA virus what percentage of the RNA in the blood of the person contains RNA of the virus?,1
6136,Swing bucket for PCR,1
2191,How to solve this question regarding permutations and combinations?,0
2716,Product rule for partial derivatives,0
10304,Clean up Rails Routes,0
5935,Recalling memories by electrical impulses?,1
11997,Efficiently read in 2nd column of CSV into List of Lists in Python 3,0
5320,Examples of environmentally influenced gene-expression in humans?,1
7199,Is there a genomic code for nucleosome positioning?,1
10356,Sanitizing and validating a user signup form before submission,0
7460,Why are the bacteria that cause hospital-acquired infections resistant to many antibiotics?,1
7478,ID for red millipede swarm near my place,1
4138,Is NADPH salt still usable after an hour at room temperature?,1
6439,Can ampicillin resistant bacteria survive penicillin plate?,1
9399,Iteratively process an identically named file all subdirectories and plot analysis to root directory,0
6262,Did we first have swimming birds or flying birds?,1
5327,"If one of eyes is blind, can that eye still feel pain?",1
7676,Can anyone identify this beetle?,1
3089,Looking for a dichotomous key to identify primates,1
10986,The Rust Programming Language Pig Latin Exercise,0
111,Function on half open interval is Riemann-integrable on closed interval,0
4224,Range of feasible coefficients in an unlimited growth model,1
1216,Orthogonal system of functions,0
10961,Linq version of the simulated annealing algorithm,0
5340,Does it make sense to express membrane transporters as concentration?,1
5047,Are exosomes useful as a transfection or delivery mechanism in gene editing?,1
10694,Comparing variations of A*,0
6335,What is the transcriptome in layman's term?,1
1651,"Node: Type, Stability, Slope at origin, Trajectories. Linear system.",0
37,"How does any map have a ""pseudosection"" (assuming axiom of choice)?",0
5171,How to convert nanogram to picomole?,1
4434,Can a tumor produce something not currently found in our own bodies?,1
7459,Why are restriction sites palindromic in nature?,1
7245,Resilience to the neurotoxins of Indian King Cobra,1
3543,Recombination frequency as a function of genomic location in E coli?,1
789,"Why use a particular regularization for $\int_0^\infty \mathrm{d}x\,e^{i p x}$?",0
5612,Relative concentration of enzyme vs reaction product,1
5692,Can DNA be considered as a fractal antenna?,1
10442,Ancestor with a specific color,0
1549,How to solve implicit solution of IVP,0
10153,What is the complexity of classification with SVMs?,0
2171,Is the image of a parametrization a manifold?,0
8689,Help me identify this insect,1
1462,Help “Generating function or Ordinary MGF”,0
10645,Changing a matrix to become an ancestry matrix,0
4771,How does the splicing enzyme recognize where to splice the introns?,1
11181,How are CPU architecture and word size related?,0
8705,What is the acceleration profile of the greyhound?,1
6533,What fraction of sites are expected to be polymorphic?,1
424,Book searching in Elliptic Equation,0
6521,"mixing beer with spirits, increase alcohol content?",1
4427,Structure of adenoids,1
11652,ASP.Net Core WebAPI Authorization Policy for User or Admin,0
6046,QA/monitoring in recombinant vaccine manufacturing,1
8957,Why does snow not stick to the fur of wolves and some breeds of dogs?,1
2023,Evaluating $\sum_{n=0}^{\infty } 2^{-n} \tanh (2^{-n})$,0
10216,An oracle to separate NP from coNP,0
4628,are dead ants returned to colony?,1
5328,Why do Centipedes always have an odd number of pairs of legs?,1
5950,What is this species of green frog found in store-bought flowers in France?,1
7781,What actually happens when my leg 'falls asleep'?,1
9941,Lower Bounds for the Set Disjointness Problem,0
7325,Gradualism vs. Punctuationalism,1
5811,Model for fluctuating selection,1
3860,Why do dozens of preys run away from a clearly outnumbered predator? (e.g. zebras and lion),1
5462,Predict if a given protein is recognized by antibodies,1
3889,Confusion related to the DAVID tool,1
3577,Why introduction of an extra copy of a gene related to pigmentation causes RNA interference in Petunia?,1
9548,GenBank to FASTA format using regular expressions without Biopython,0
1672,Three questions about Evans proof of the converse to the mean value property,0
7358,Why the total phosphorylation of certain neuronal proteins decrease during development?,1
123,"Prove that $f$ is differentiable at $(0, 0)$.",0
9686,Why is Binary Heap never unbalanced?,0
9632,Determine the ratio of the contents of a pot to the (metal) volume of of the pot,0
9795,A child ID getting all parent IDs,0
3539,What sounds deter sharks?,1
399,Why there exists an element $ y\in G\setminus‎ L $ such that $ K/L_{G} = (\langle y \rangle L_{G})/L_{G} $?,0
5715,Validity of measurements of respiration in isolated mitochondria,1
3318,"Is glycolysis the beginning part of fermentation, or does fermentation follow glycolysis?",1
9536,Algorithm to find most nodes in distinct cycles,0
10734,Partition of a set of integer into 3 subsets of approximately equal sum,0
11412,Interfacing with instruments using pyvisa,0
7210,"Do beneficial viruses exist? If so, what examples are there?",1
4020,What does fitness really mean?,1
11015,Shortest Path Variant (constrained max hop),0
3562,"Is this flying bug swarm termites? Found in New York city, approx 7mm",1
3443,How are melatonin levels measured in humans?,1
5421,Chemical methods to detect cell division,1
11338,$m/p$-equivalence holds after union with an arbitrary finite language,0
6612,How common is bacterial mediated transformation? In plants? In animal cells?,1
3559,Does digit 1 have an extensor sheath?,1
9967,Qt foreach-like alternative to iterate over value AND key of an associative container,0
5664,Can epiphyte share nutrient to host plant?,1
97,"Finding $a \bmod b$ where $a,b$ are large Fibonacci numbers",0
11112,Create all possible character combinations of any size,0
1940,"Partial derivatives of $f(x,y)=\int_y^x\cos(e^t)dt$",0
5291,How effective is spraying disinfectant on streets?,1
1593,Proving by induction that $(n^2)!>(n!)^2$ for $n \geq 2$,0
8541,Why are sight and sound prerequisites for intelligence?,1
10219,begin() vs rbegin(): how can I avoid duplication?,0
2802,prove $n!(n+1)^2-1$ using telescoping series,0
555,Directly evaluating infinite sums with related integrals,0
8668,Integration of several environmental signals,1
179,Finding standrad deviation $\sigma$,0
10850,Proof that MAX CLIQUE is NP-Hard,0
5083,Is funnel web spider venom poisonous?,1
11961,Customized JPanel desing pattern,0
752,Find the probability that the largest value $X_{\max}$ is greater than $0.92$,0
3874,What is the mechanism responsible for long-lasting detectable antibody titers?,1
11251,How do we mathematically figure out if a SVM kernel function overfits?,0
7411,Help on reconciling seemingly contradictory evidence about fetal experience,1
9864,Comparing Server Version Number History,0
4276,Stability of DNA double helix conferred by base stacking,1
8937,How well does the event-driven DVS sensor approximate the rods of the retina?,1
9588,Difference between methods of converting from finite state machine to regular expression,0
4423,Effects of smoking tobacco compared to inhaling other smoke,1
3312,Do people with congenital analgesia feel cold?,1
2960,Irreducible components of the curve-Algebraic set,0
2566,Additivity of Value at Risk,0
9138,Are there any tetrational-time problems?,0
5426,How do neurons inverse an action potential?,1
10446,Are regular languages closed against an intersection that keeps words with the same number of ones?,0
9873,Grouping elements in array by multiple properties,0
7548,"Biologically, does life and death matter?",1
4652,"Being able to write/type different texts using each hand respectively, at the same time?",1
3239,What does the point in the middle between two numbers mean?,1
9429,Denormalizing an OrderedDict to CSV,0
6680,Difference between LH and ICSH,1
7619,Glucose 6-phosphate dehydrogenase: reaction mechanism,1
8526,Why to use transgenic mice in ALS models?,1
321,How many ways to choose a 5 player basketball team,0
3724,Identify plant from genus *Solanum*,1
8398,Book about ordination in ecology,1
933,Graph Theory in Conway's Topograph,0
9380,Function to get rows from database,0
4540,Characteristics of radius of blood vessel,1
2416,Can you tell me the flaw in my differentiation of $e^{x^x}$?,0
6698,Does antibody staining / immunolabeling block or inhibit protein function?,1
3426,Are there chromosomes that we inherit that are not recombinated?,1
1799,Showing with only primitive rules?,0
2407,Proving a jigsaw is possible,0
8834,Is the transcription starting site located before or after the promoter?,1
4807,"Measuring protein concentration, Bradford vs. Nanodrop?",1
3476,Why use two stop UGA codons instead of one in the spike protein mRNA for the BioNTech/Pfizer SARS-CoV-2 vaccine?,1
2997,Proving a group $H$ is a subgroup of $G$ - proving the associativity?,0
7012,How does fungi network transfer substances between plants?,1
4954,How far can free radicals from UV radiation diffuse through the skin?,1
11361,Determining the next payment renewal date,0
11905,How to find all paths with n-distance from a node in a graph with cycles?,0
2002,$AH=AS$ where $H$ is the orthocenter of $\triangle ABC$ and $S$ is the midpoint of the arc $BHC$ of the circumcircle of $\triangle BHC$,0
4614,How can GMO contaminate biologic plants?,1
10788,Prove that every maximal flow yields the same minimal cut,0
5954,"Why is it called Nematocyst ""Battery""?",1
7205,please identify these parasite eggs,1
3619,What is this insect I found in northern Europe?,1
5854,Egypt bug needs identification please,1
6497,Do intestinal flora have the same DNA as their host?,1
11194,Binary search implementation in C,0
3335,absorption time of zinc in the body,1
6703,Does sociality evolved before or after the ability of motility?,1
3392,Why some cells don't produce purines?,1
3508,Does bioluminescence occur in humans too?,1
7941,Is 7-nitroindazole neuroprotective against meth because it oxidizes peroxynitrate?,1
6315,Will modern-day insects grow to massive size in a high-oxygen environment?,1
8419,Function of papain in papaya,1
7394,What is the biological significance of finding palindromes in DNA sequence?,1
8347,What is the importance of alkaline condition in biuret test?,1
4487,How does DNA from sperm fuse with DNA in egg?,1
11954,Making a recursive formula for finding amount of ways to spend money on beer,0
7063,Elevated transaminases after blood transfusion?,1
4466,"Identification of red, plum-like fruit (probably from Southern Russia)",1
1764,Prove that $\frac{1}{(n+5)^3}$ is a Cauchy sequence.,0
288,"How do you break up an exact sequence of any length to a ""succession of short exact sequences""?",0
5316,Giardia lamblia cases of infections,1
7217,What is this spider from Arizona?,1
9539,Deterministic Nonfinite Automaton - Longest Block of Ones,0
1738,Roots of $P_n(z)=1 + z + z^2 + ... + z^n$,0
3428,Telomeres and daughter strands,1
6490,What is the difference between muscle fascicle and muscle bundle?,1
11453,iOS Body-Mass-Index (BMI) app,0
10872,Can someone explain this conclusion for Finite State Machines?,0
1359,Divergence criterion by rearranging,0
11359,jQuery function that modifies a DIV,0
5763,Neanderthal minibrains vs human minibrains,1
748,Brownian motion minimisation problem,0
6209,Need clarification on Coalescent with Recombination,1
1435,Determinant of a general Matrix,0
3923,Why is a gene for a fluorescent protein used rather than one for an enzyme that produces fluorescent molecule?,1
9540,Nondeterministic automaton accepting only words whose first letter is identical to their next to last letter,0
8345,Vultures in Germany in the past,1
3695,Can genes change as we age?,1
2373,"Example of a differentiable $f$ and $(x^*,y^*)$ where $x^*=\arg\min_x f(x,y^*)$, $y^*=\arg\min_y f(x^*,y)$, yet $(x^*,y^*)\neq \arg\min_{x,y}f(x,y)$?",0
9568,Island perimeter code challenge in Java,0
5703,Why is there a seeming dichotomy between mobility and photosynthesis?,1
10430,How to reduce load when fading in multiple elements in jQuery,0
5179,Is there a biological or technical reason for a 40 Ct cutoff in nucleic acid detection assay?,1
3436,Can you help identify this bird in Louisville Kentucky?,1
11049,Number of balanced binary trees (The Art of Computer Programming),0
11996,Difference between Non R.E and Co-R.E,0
5440,"What does x in ""Miscanthus × giganteus"" name stand for?",1
4115,Can an upper forearm amputee correctly control the Median and Ulnar nerves,1
8130,Cellulase Sample Digestion Protocol?,1
10650,Web scraper for a webpage article,0
8451,"How many different kinds of polypeptides, each composed of 12 amino acids, could be synthesized using the 20 common amino acids?",1
10863,Entering two integers and returning a decimal fraction,0
1595,Quaternions as roots,0
1226,Which propositions are true?,0
3541,Why can't complex multicellular organisms reproduce by regeneration?,1
8192,How are commercial steroid hormones produced?,1
8003,Effects of Great Pacific Garbage Patch to Phytoplankton?,1
6361,Effect of increasing Extracellular Na+ Concentration on resting voltage and likelihood of an action potential of occuring,1
8746,How many cyclic and non-cyclic photo-phosphorylation is required to produce one molecule of glucose?,1
1450,"If $A$ and $AB-BA$ commute, show that $AB-BA$ is nilpotent",0
10665,Basic one way hash to store a password C#,0
5253,Mutated cell proliferation,1
3717,DNA replication in $ E.coli $,1
3848,Recombination between DNA segments question,1
11501,Why isn't the Swift programming language type inference more aggressive?,0
10775,Complexity of recursive algorithm,0
5072,What kind of species is this?,1
9258,k-basis representation of natural numbers,0
2283,Generalised Binomial Series,0
5488,How do rodenticides with delayed effect work?,1
3310,How do CAM plants keep stomata closed by day and open at night?,1
8873,What is the lowest intensity threshold of light for photosynthesis in any species?,1
9911,Polytime and polyspace algorithm for determining the leading intersection of n discrete monotonic functions,0
7300,Why is an intron (or exon) still called intron (exon) if retained in (excluded from) mRNA?,1
9809,Tuple/Lookup conundrum,0
5468,How many photons are used to make one glucose?,1
1376,Disjunctive normal form to conjunctive and vice-versa,0
11669,"Computing the ""at least k friends in common"" graph",0
5730,How long does it take for Vitamin D3 to have physiological effect,1
2067,Expected number of transfers/move in a 6 round dice game,0
8953,How to find the enhancer region of a specific gene?,1
6003,Cloning and Telomeres,1
2476,Find the solutions in positive integers $m^2 + 615 =2^n$,0
6889,Most suitable biodiversity index,1
6855,How can I make a protein interaction/protein-complex network?,1
5015,"Possible? When a pregnant woman suffers an organ damage, fetus would send stem cells to the damage organ to help repair it?",1
10357,Project Euler #22 - Name scores,0
1111,What do these arrows mean? (Froda's Thm),0
4560,C to T Transition Mechanism,1
8590,"If senescent cells are removed by the immune system, how can they contribute to ageing?",1
8282,Why would the citrulline content of the watermelon be so high?,1
2337,How to prove this equality about Eulerian numbers?,0
5364,Why is the upper respiratory tract so vulnerable to infections?,1
10050,Stanford developing calculator iOS app assignment,0
6208,Does a human body age at any place at the same rate or can there be big differences?,1
3782,Why do we have to move in the cold for higher chance of survival?,1
11863,OutputStream class for use with subprocess.Popen,0
3401,Santa Fe xeric indigenous tree,1
9978,Renaming PDF files based on given rules in a text file,0
2206,"Fourier analysis question, orthonormal basis.",0
11155,Generate a Json from Strings using Jackson library,0
3275,"What kind melanin do fair or light skinned black or mixed people have, eumelanin of pheomelanin?",1
9623,"Is there any sort of formal definition of terms like 'data type', 'abstract data type', etc?",0
1609,Find the difference between the number of rows and columns of a matrix.,0
2275,Was Fermat's last theorem proved based on Peano's postulates?,0
5100,Optimal carbon dioxide concentration range for the human body,1
10704,Application of Brent's Cycle Detection Algorithm,0
1344,metric from Christoffel symbols,0
8465,Are there human-ingestible liquids that do not contain water?,1
5361,"In the lysogenic cycle, does the provirus split from the cell's main genetic material for replication?",1
7627,What is the creature with the lowest neuron count that demonstrates cognition beyond reflexes?,1
6095,What do I need to do to make a Reverse colorblind image?,1
4071,Does food continue to stay sequential once it is inside my body?,1
4609,Is there a biological basis for different accents?,1
8455,Why does not the host produce any immune response to antiserum antibodies?,1
3381,Why might long telomeres be selected for in laboratory mice?,1
621,How do you use set theory to define the value of zero to the power zero.,0
10221,Compare Complexity of Graph Algorithm,0
7769,Why do the feet of the Gecko Lizard not stick to Teflon surfaces?,1
10742,Complexity of a set partition derived problem,0
5222,To what extent is Ebola airborne? (aerosols),1
8653,"Meaning of a negative value for non-fiber, non-sugar carbohydrate based on a nutrition label",1
7064,How do I run each individual record in a multi-fasta file against a database using PSI-Blast?,1
3655,How to ligate DNA to an RNA molecule,1
10475,Category theory (not) for Programming?,0
5382,Identification: Stinging walking/flying skin cells,1
2981,Small proximity of important points of a function,0
11659,Simple text toggling,0
2769,When is a functor uniquely determined by where it sends objects?,0
8926,Is sugar absorbed into the bloodstream through the walls of the mouth?,1
7320,What's the Evolutionary Purpose of Religion?,1
6196,Could humans breathe if the average methane content of the atmosphere increased to 1%?,1
5835,Precursor miRNA and a mature miRNA,1
2414,Looking for old YouTube math video - and curious about what field of statistics this is,0
7221,Examples of plant families that contain species that are safe for human consumption and species that are poisonous to humans?,1
5871,Reversal of cross-linking in ChIP-seq,1
5784,Why was the Davson-Danielli model rejected?,1
2395,Finding the equation of a line,0
8825,Are bryophyte sporangia multicellular?,1
3760,"Bioinformatics - DNA binding, sequence-specific protein data",1
3855,Would there be any particular reason to choose strawberries for this DNA extraction tutorial?,1
11579,Safe Reverse Polish Notation,0
3279,Conservation Law in Gene Regulatory Network modelling,1
2804,$L^\infty$ is complete,0
5032,Osmotic Pressure Clarification,1
6730,Are there any substance that are more dangerous at low dose than at higher dose?,1
2354,"Analytical ""density"" of a non-inversible (deterministic) function",0
2466,Exponential and Logarithmic Functions $\log_3 (x+7) - \log_3 (x-7) = 3$,0
6287,Hardy–Weinberg equilibrium for SNPs,1
4250,What is the difference between a paralog and an isoform?,1
348,Choosing numbers with the sum $S$,0
5306,I need some forearm bone motion pictures,1
8278,"Can someone ID this moth seen in Bellandur, Bangalore?",1
5312,Help me identify this... plant? fungus?,1
1152,Orientation of a link in a link-system in space,0
1049,Symmetrization and Contraction Principle of Random Variables,0
945,Proof using the Principle of Mathematical Induction,0
808,Application of a lemma to prove Pippenger's 1989 Theorem.,0
4113,Is osmosis diffusion of water?,1
7833,Statement about Tropical Rainforests,1
3009,Is it possible to label a DNA molecule using a radioactive sulphur?,1
3676,Chest muscle and female breast size,1
3359,What is meant by topographic barrier?,1
1475,Evaluare $I(y)=\int_0^1\frac{1}{y+\cos(x)}dx$. Hence determine $J(y)=\int_0^1\frac{1}{(y+\cos(x))^2}dx$,0
1563,Limit of $ \frac1{n -\log n}$ as $n$ approaches $\infty$.,0
9003,data structures/ Classes for RNA & DNA,0
6255,What is the trigger of pollen tube formation when the pollen is on the stigma?,1
2014,Find information about distance of code,0
2318,Images of the derivatives of different charts are equal,0
9633,Does DFS in an unweighted DAG find the shortest path for each vertex from a source?,0
8466,Why are published chromosome counts for polyploids often incorrect by an integer multiplication factor of the original diploid like count?,1
4852,What causes the colors we see in eyes?,1
6650,Why is wound contraction very slow?,1
2866,Which linear maps $\mathbb{R}^{n^2} \to \mathbb{R}^{n^2} $ map $\text{GL}_n$ into $\text{GL}_n$?,0
159,Values of m for which the expression is positive,0
11508,Pin an array in memory and construct a Bitmap using that buffer,0
3697,What is a good review article source for Physiology?,1
9473,Javascript class to geocode Dutch addresses,0
6538,Why do T cells have MHC II receptors?,1
11717,A recursive solution to symmetirc tree,0
5286,What are the standard bio-safety protocols for preparing plant pathology herbarium specimina?,1
4653,What will happen to a neuron if I suddenly remove the pump but not the leaky Na+ and K+ channels?,1
8429,Why/how does exposure to noise cause cochlear hair-cell loss?,1
7653,Sequence evolution simulation tool,1
11607,Monte Carlo simulation of amoeba population,0
1228,Better way of getting segment length from triangle with offset and extension,0
6719,Do bears have killer instinct?,1
4175,How do pet gecko lizards pose a health risk?,1
11210,Is {ww^r ww^r} a context-free language?,0
8456,Are there any studies that show that heavy metals escaped from landfills can cause any harm to human health?,1
7809,"What's the name of this bug from Toronto, Canada?",1
9755,What are the relation and differences between reification and type passing semantics?,0
6049,Are Nilaparvata nymphs winged?,1
4660,Can foraging worker ants become queens?,1
2813,Prove that the set of functions $a_k(x)=\frac{1}{\sqrt{L}}e^{i2\pi k/L}$ are a orthonormal set of functions for $k \in \mathbb Z$,0
4806,"Infant tissues, organs, body parts or reflexes in an adult organism",1
8812,"what these suffixes mean,-coel,-blast,-cyst?",1
5834,why is cellulase not found in animals?,1
2446,"Relations between $f(X,Y)$ such that $f(a,b)=0$ and minimal polynomials of $a$ and $b$",0
6450,Looking to understand the difference between (Fibroblast Growth Factor) FGF-2 and FGF-5,1
5057,Please identify this bird,1
2268,Why do people lose in chess?,0
8617,How is achieved the loss of heat through vasodilation?,1
1726,Difficulty finding context free grammar for this language,0
3339,What is the attacking mechanism of RF on IgG?,1
8741,How does a protein molecule enter a cell through the cell membrane?,1
660,$s^2/s^2+D^2=4N^2λ^2$ put into $y=mx+c$,0
3314,"Does LSD ""stay"" in your fat storage and then ""returns"" back?",1
4883,What portion of America needs the Flu vaccine for herd immunity effects to become substantial?,1
8013,Human Stem Cells and Disease,1
9053,Evasiveness of acyclicity of undirected graph,0
3859,Ribosomal DNA references sequences,1
3108,Breakdown of functional human genome by organ/What fraction of the functional human genome is devoted specifically to brain functioning?,1
8460,Why are some bird species placed as family Incertae sedis while some families are simply monotypic?,1
3259,Aquarium snail identification,1
11849,Quick Sort vs Radix Sort,0
3205,"Which one is true about sunflowers, ""follow the sun across the sky"" or ""always face east""?",1
2572,Find a closed walk in a graph that visits every vertex at least once.,0
3330,Does vaccination lead to short-term secondary infection suceptibility?,1
2720,Numerical Implementation: Solution for the Euler Lagrange Equation Of the Rudin Osher Fatemi (ROF) Total Variation Denoising Model,0
11577,Beginnings of Go web server with mongoDb,0
1708,Adjusting results based on its probability,0
1269,Almost surely finite stopping time for a random walk,0
5078,Are gametes determined by the sex of an organism?,1
7131,what happens to rna length if we have a termination site in additional to the original one,1
4124,The difference between Mast Cells and Basophils,1
3740,When was the first exception to Mendelian genetics discovered?,1
7070,Hybrid seed production requires a male sterile parent. Why?,1
8161,What's the evidence against SARS-CoV-2 being engineered by humans?,1
4578,Which information can be extracted from time course RNA-Seq Data?,1
8049,Is there a way to derive Bazett's formula to correct QT interval in ECG?,1
2945,Field extension equality using Kronecker theorem,0
5801,Evolution of Upside Down Catfish (Synodontis nigriventris),1
8552,How much energy does a small spider expend per day just waiting for its web to vibrate?,1
4626,Polar bodies fertilization,1
3979,What's the role of bromelain in pineapple?,1
9204,"For any language $A$, there is $B$ such that $A \le _T B$ but $B \nleq _T A$",0
5643,A day in Beijing is like smoking Only one sixth of a cigarette,1
10353,"Showing that there exists an algorithm, that converts NFA to DFA under some cirumstances",0
473,A function in $\textit{D}(\mathbb{R})$,0
10897,Is in-place run length encoding possible in O(1) space given that the output is shorter than the input?,0
856,A question about the universal coefficient theorem.,0
8393,Fast standing and the heart's insufficient accommodation of the increased venous return,1
7855,Lookup for transporter locations in humans,1
11150,How to know a certain grammar is parse-able,0
5533,Appropriate regeneration of StrepTrap HP columns for FPLC,1
8176,Mesoderm vs Mesenchyme- what's the difference?,1
10418,Database Connection and Query methods,0
2978,Maximum of $P=x^m y^n$,0
6545,How does the creative process of Biological Evolution work?,1
3276,Missing cells from immunopanning,1
3908,Identification of a mammal in cage,1
7427,How does the emerson effect produce a higher rate of photosynthesis?,1
3313,Is 8 hours of sleep necessary?,1
5308,What are phenetic analyses used for?,1
2440,Use the Poincaré-Bendixson theorem to construct a Morse function,0
1877,Properties of Euler's totient function,0
11752,Opening and validating an XML file,0
3370,Resources for the study of the environment of Laramidia in the Late Cretaceous,1
4134,Enzyme kinetics; what happens at the peak of the Gibbs energy graph?,1
10264,Genetic algorithm final stage,0
2037,For which value of $k$ does the system of equations not have a unique solution?,0
7437,Why does a frog's oxygen intake through the skin and lungs vary throughout the year?,1
9359,Difference between Image Analysis and Computer Vision,0
5073,Why do plants produce so much more sugar than they use?,1
1149,"What is the sum of infinte values of x, where x tends to zero? Is the sum 0, or does it go on to become infinite?",0
2812,Inequality of quadratic form and generalized inverse,0
3320,"Do ""real"" human samples tend to return fewer protein identifications in Proteomics experiments?",1
11119,"Divide decimal by range of fractions, and then convert the fraction that is closest to a whole number to a mixed fraction",0
1368,How to compute $E[\log(X)]$ when $X$ follows a beta distribution?,0
2471,Derivative of $(Ax)^T Ax$,0
6394,Is the signal peptide always cleaved during protein synthesis in the ER?,1
2176,Can the PDE $u_{xx} + u_{xy} + u_{yy} = 0$ be separated by variables?,0
7677,How does entry of Ca²⁺ to the myocardiocyte make it more contractible?,1
8204,Why are tumor suppressor genes recessive?,1
5355,Why can DNA tests with mixed DNA of several people not be used to detect a criminal in a database?,1
10848,Adapting C# 2.0 event code for C# 5.0,0
5545,Is the increased/decreased enzyme activity (tyrosinase) caused by an environmental factor (UV radiation) considered to be gene expression?,1
6846,Why it is important to vaccinate a human newborn within 24 hours since birth?,1
4158,Ventricular Filling : Systole or Diastole?,1
10091,Validating that all open/close parentheses are correctly matched,0
10232,Can the processor just turn off the interrupt request line?,0
8142,"What part, roughly, of the carbon in a plant comes from the soil? As opposed to the atmosphere?",1
4909,"Black and orange spider, what is it?",1
873,Romberg Integration Midpoint,0
3466,Why is my blood group O -ve?,1
4196,Does the brain and the body use the same energy source (glucose/ATP)?,1
4648,How exactly does alcohol solution kill or neutralize viruses?,1
5877,How to find PDB id of an amino acid sequence,1
10513,Check string value of boolean to a mapped enum,0
7743,"What animal classes has also ""Like Humans"" XY Chromosomes for Males and XX for Females?",1
2001,Determine if a set is linearly independent or dependent.,0
11298,Examples of context-free grammars whose ambiguity is unknown,0
3850,Why do we have bacteria in our alimentary canal?,1
9676,Display Object as a node tree in HTML with clickable trace back to root node,0
2474,If $\frac{3\pi}{4} < x < \pi$ then $\sqrt{\csc^2 x + 2 \cot x}$ is =?,0
5717,Does the assembly of the PLC transcription complex utilize phosphorylation in binding of the GTFs?,1
2144,How to prove this sequence tends to zero,0
1729,Implementation of the Baum-Welch algorithm for HMM parameter estimation,0
398,Log Test for Integrals,0
2344,Radius of circle tangent to larger circle intersecting smaller circle at specified angle,0
11917,Shifting an array with less touches,0
5723,Lifeless Lake in Siberia,1
9090,task scheduling optimization problem,0
7725,What happens to the complementary base when the other undergoes a base substitution mutation?,1
11608,Hex to Double converter,0
5720,Why don't onion root tips show mitotic stages?,1
8299,Get protein annotation from Uniprot out of protein mappings,1
9586,Iterate list to map entries in Python,0
11303,Finding the mode of an array/iterable,0
7954,How would our vision be improved if our photoreceptors were not backwards?,1
5001,Homework - Genetics linkage problem,1
4068,Dinosaur bones found,1
1407,"$n \cdot \text{lcm}(a,b,2016) = ab-2016$",0
2366,Why does this system of equations have no solutions? Exercise forbids trying to solve it,0
613,Finding the value to which a series converge.,0
8867,Is extreme cladism a mainstream position in the species debate?,1
8031,"Why would a mother reject her offspring if it has been ""interfered"" with by humans?",1
7828,Do some colors trigger more neural activity in human brain?,1
2937,When to start reading Bott-Tu?,0
7995,"If a DNA letter is one of A,T,C and G, and there are 3 billion base pairs, why don't we say that there are 6 billion letters in the genome?",1
1113,Is it true that when $X$ is a positive matrix and $Y$ is a self adjoint matrix then $XY$ is positive??,0
10,Big Mathematics Challenge on Set and Summation?,0
10605,Longest way for all vertex,0
10503,"Proof of non-regularity, based on the Kolmogorov complexity",0
10114,Turing machine for which it is impossible to decide if it halts?,0
10753,P=NP giving a deterministic algorithm for SAT,0
9580,DFA for at most two $b$'s and at least one $a$,0
5224,What actually kills a plant that requires winter dormancy if it is kept indoors all year?,1
11560,"Function to calculate ""Persistence Rate"" by group with a logical argument to determine whether to include overall persistence",0
2068,Vector spaces over a Field in linear algebra,0
1322,"If $X$ is an exponentially distributed variable with mean $ \lambda$, $Y=−3\ln(X)$ has Gumbel distribution?",0
1293,How to prove that the set of maximal elements of a set of prime ideals is finite,0
11238,TM that finds the middle of an input string in O(n) time,0
9131,Refactoring from if-else-if to Dictionary,0
2545,Where does $\frac12$ come from in this integration?,0
6082,What is a good review book/source for microbiological diagnosis?,1
5010,What is the best color for a PPG signal (photoplethysmography)?,1
2103,How to interpret root-mean-square,0
7936,What is the difference between different brain regions,1
745,Finding Line Tangent to $g(x^2)$,0
3968,From STRUCTURE to FSTAT format,1
9563,Constructing a 4×4 grid of words,0
370,Bivariate Poisson Distribution - how can a specific case be computed?,0
9488,SmartRandom bombing strategy for Battleship game,0
8645,What are some atypical examples of positive transcriptional cooperativity?,1
3146,"Why do we suddenly forget things, like PIN or phone numbers, that we've known for years?",1
6941,Do animals get Post Traumatic Stress Disorder after escaping from a life threatening situation out in the wild?,1
7826,Effects of Fixation on Cell Membrane,1
3211,Alternative to Lotka Volterra,1
4774,How are newly synthesised proteins targeted to the plasma membrane?,1
541,A post for the rejected -- influential papers that had trouble getting published,0
3123,What is this giant mosquito-like insect?,1
4708,CD4+ as Monocytes cell surface receptors,1
7183,Determination of the species of a skull,1
10641,Context-free grammar for language with unequal numbers of a and b,0
8744,Does too much Genetical Modification leads to formation of new species?,1
5049,How would a warm winter affect maple sap production?,1
6442,Why are brightly coloured marine animals thought not to display aposematism?,1
11263,String sanitisation function,0
3680,Which mammal produces the most milk?,1
5255,Cross section through the right arm question,1
712,How to show a matrix can't be written as exponential?,0
3216,Ascending loop of Henle,1
7073,What is the evolutionary advantage of telescopic generations vs normal pregnancy with more young?,1
8621,How to construct a sgRNA library with multiple samples?,1
11157,Placing 1d items in a 2d grid with constraints,0
6901,Measure of environmental impact on phenotype,1
2310,finding convergence for $\sum\limits_{n=0}^{\infty} \frac{(-1)^n x^{2n}}{n!}$,0
4839,Vitamin and mineral contents of common fruits,1
8994,What would be a single elegant-sounding word denoting controlled increase or decrease?,1
5909,When is the lactase in lactose-free milk active?,1
9808,Are neural networks a type of reinforcement learning or are they different?,0
7822,Is a Ginkgo tree a conifer?,1
9934,Filtering input characters for a numeric text field using logical operators,0
9036,Solving $T(n)=4T(n/2)-1$ without using the master theorem,0
9950,Better way to write this branch with an exceptional retry in an embedded C environment?,0
2087,Nearest (with respect to weights) symmetric positive semidefinite matrix,0
10286,RockPaperScissor in Python,0
276,Computing $\cos\frac{\pi}{7}$,0
6251,How to DIY preserve pet DNA today so that it can be used in 20 years,1
11514,Using Enum to Handle String literals,0
2899,Use properties of the Bernoulli Polynomials to prove $\int_0^1 B_n(x)dx= 0$,0
3788,Help me to identify this stream insects,1
7030,Are all animal species prone to cannibalism induced prion infection?,1
9423,"Given an array of n unsorted integers, how can you check that any 2 elements within k distance of some element don't vary by a multiple of 2?",0
2166,Zeros of Polynomials in Arbitrary Rings,0
8234,small cocooned caterpillar found on bathroom door - what is this creature?,1
3337,Why do sharks continually regrow their teeth?,1
11852,Decomposing NP-hard sets,0
9601,Dynamic Programming - How to get the solution from the predecessor matrix,0
8391,Identify this dragonfly with orange body and orange wings?,1
5388,Why would you mix polymerases in PCR?,1
3591,Are epigenetic modifications the most stable mechanisms for cell differentiation?,1
9492,Recursive language with non-recursive subsets,0
2030,Finding the determinant and trace of a linear transformation,0
601,the Frattini subgroup of a finite abelian group of order $p^n$,0
5092,Land Shrimp Sighting (Western Europe): What is it?,1
4271,What is intracellular retention?,1
7343,Which fruit compounds affect the speed of fructose absorption?,1
10698,Own implementation of Euclid sub algorithm in Lisp,0
2506,An Inequality question,0
8261,Why is gynodioecy common and androdioecy rare?,1
9711,Formatting and writing data,0
2378,"Prove $ F(x)=\int_0^{\infty}\frac{f(y)}{x+y}dy $ is continuous on $(0,\infty)$ and differentiable, and have $\lim\limits_{x\to \infty} F(x)=0$.",0
7096,Runs of homozygosity - degree of inbreeding and disease associations,1
4463,How does menstruation proceed during one period?,1
5450,How does Iota-Carrageenan achieve an antiviral effect?,1
6542,Are mature trees as susceptible to mutation from exposure to radiation as seedlings?,1
10710,Solving complicated recurrence relation (rectangle packing),0
11180,Check whether loop invariants are correct?,0
11409,Context free grammar to Chomsky's normal form,0
7773,What genetic distance model should be used when calculating genetic differences in Arelquin?,1
2484,How do I prove there is a homeomorphism between these two topological spaces?,0
10403,What level of maths do I need for artificial intelligence?,0
695,Prove $A \equiv B \vdash (\forall x)A \equiv (\forall x)B$ without relying on equivalence theorem.,0
937,Inverse of a partitioned matrix,0
2761,What is the orthogonal basis for QR factorization?,0
4587,Identification of a spider from my basement,1
3006,How do susceptible organisms prevent parasites from overcoming resistance?,1
3814,Why is knowledge of bacterial pathogenesis important?,1
4002,Why aren't circadian rhythms exactly 24 hours long?,1
11013,Practical exponential time algorithms for polynomial-time solvable problems,0
11941,Generate secure URL safe token,0
4433,Tiny worms found inside my house,1
7347,How valid are GO (Gene Ontology) terms?,1
10537,Understanding the reduction of REGULARTM from ATM,0
1299,Composite of relation and its opposite,0
2232,Generating Numeric Palindromes.,0
10165,Implementing a shared array cache without locking,0
3284,Exhalation while holding breath,1
4703,Validity of Acoustic Weapon Effects on Biological Organisms?,1
3281,"Do ants really dispose of their own dead, and how/why?",1
7793,"How to reduce/eliminate cell clumping in suspension CHO cells, without using an anti clumping agent?",1
9625,Find all pairs in an array that sum to a given number,0
821,An example of Bayes' and conditional probability,0
8268,Is there a surface or body cavity that does not have epithelium?,1
5886,Multi-modal distribution for gene expression data,1
8984,Alleles always occur on the same locus,1
9870,Why does Insertion sort take linear time in this case?,0
1740,Strategy to take absolute value of complicated complex expression,0
3725,What Software could I use to create Diagrams of Biochemical Processes like these?,1
5777,Energy transformations in chemiosmosis and ATP synthase,1
4528,How does the synaptic cleft exist?,1
520,Show that $\prod_{k=1}^n \left(\prod_{j=1}^k\frac{k}{j}\right)$ is always an integer.,0
4349,I am interested in Sociobiology. Which academic field should I study?,1
1961,Are linear shift register sequences corresponding to reciprocal polynomials equivalent?,0
8697,Can I force evolution in a group of cells by removing all the smaller cells?,1
10640,Time complexity of insertion in linked list,0
4169,Long-term-potentiation and memory. Where do we stand?,1
10109,Go functions to create a directory if it doesn't exist,0
6075,What is the biological name of this plant?,1
7999,Glycogen replenishment after exercise,1
741,Can the general septic be solved by infinitely nested radicals?,0
4257,Why doesn't blood remain on a mosquito's proboscis in quantities that could spread blood-borne diseases?,1
0,"$2\left|f'(0)\right|=\sup_{z,\omega \in \mathbb{D}} \left|f(z)-f(\omega)\right|$ implies that $f$ is linear.",0
1508,Showing the set of 2$\times$2 matrices with integer entries are countable.,0
4622,Why is the blood pressure in the superior vena cava during inhalation less than during the exhalation?,1
7114,Regarding the apoptosis mechanisms in cells and cancer,1
889,parallel non-intersecting lines in E3,0
9947,Text Snipper WordPress Plugin in JavaScript,0
11352,Can you give an example of a problem in $EXP^{RE}$ but not In $P^{RE}$,0
5750,How to validate the use of an anti-virus monoclonal antibody in IHC by spiking a fresh organ with infected cultured cells?,1
4778,Why it is so difficult to treat leukemia?,1
7731,What is the space between -10 promoter sites and start sites (+1),1
5030,What causes this acorn disease?,1
3935,Identify a large wasp (?) from southern Poland,1
11328,what is correct maximum number of subnetworks?,0
654,"Numetrical integration of complex exponent integral, need cheapest way",0
7861,Why does spiral or annular thickening occur in water conducting plant vessels?,1
2135,Existence of a functor $\mathsf{Sets} \to \mathsf{Groups}$ that admits a left adjoint,0
4585,Spread of malaria from an infected person,1
1937,is there such a thing as an infinitely repeated digit in an integer,0
8021,Effect of doubling volumes of PCR reagents,1
6008,Question about proto-oncogenes and oncogenes?,1
10374,Global indexing of shared nodes in parallel,0
3149,Why does weight loss lower blood pressure?,1
11658,Solving the travelling salesman problem using a genetic algorithm,0
503,New values of vector after change of base,0
1080,established a inequality,0
273,constructing a zero-mean martingale $\to -\infty$ a.s.,0
10990,How can I use object oriented principles in the following scenario?,0
11574,A Dockerfile for Composer (a dependency manager for PHP),0
1850,Exercise on stopping times,0
11925,Generate line chart from SQL database output using Morris,0
2196,Structure theorem for finite dimensional algebras,0
11588,Pick a subgraph that maximizes the total cost of min-spanning tree among all subgraphs of the same size,0
4516,What is the minimum-volume : neutral-volume : maximum-volume of the molecules that make up the SARS-Cov-2 virus-fusion machine?,1
9609,"Finite state machine written in OCaml to test for the sequence 0,1",0
1047,"Is $f : A \to P(A), a \mapsto \{a\}$ injective or surjective?",0
2168,How should I start this problem?,0
11859,Functional programming FizzBuzz,0
2108,Is it possible to define $f: S \rightarrow T$ such that $f$ is continuous and onto for each of the following pairs of $S$ and $T ?$,0
5260,Causes of monozygotic twins,1
498,Interpretation of gradient at a point where it's undefined,0
483,"If sigma-algebra $\mathcal{B}$ on $X$, show that if $\mathcal{B}$ is finite, it must be generated by a finite partition of $X$",0
228,Determine the parallel plane to segment,0
3274,What is the appropriate method to send a strain?,1
3551,What is the non-local impact of a large-scale destruction of coral reefs?,1
1320,question related to equicontinuous set,0
1079,Proof Solution of Linear Congruence,0
11787,Convex hull partition of a set of points,0
6827,When touch and pain are caused by heat/cold or pressure how are the nerve cells triggered?,1
9094,Modal component in Angular 2,0
3757,Can iGEM distribution parts be directly PCR'd?,1
7681,Why is the 5′ end of DNA a monophosphate?,1
7699,Probability of all alleles represented in a sample,1
2705,Find period of the Function,0
960,Let z be a complex number such that $z^2 +z + 1/z^2 + 1/z + 1=0 $,0
6951,How come the role of the Apis mellifera is determined by nutrition rather than chromosomes?,1
9528,Is finding arbitrary length cycles in a graph NP-Hard?,0
10740,File-encryption utility application,0
6604,Can light function as a neurotransmitter?,1
782,How many distinct pair of boxes of exact size = 2 can I form from $n$ distinct elements?,0
6642,How do plants prevent infection from retroviruses?,1
7978,"Looking for book or article that derives formula for estimating the ""average heterozygosity""",1
1014,Evaluating the real and imaginary parts of a nasty complex number,0
9188,Is it good practice in Java to pass a StringBuffer to a method to get error messages,0
1894,Need help with understanting Product Rule for Differentiation example from Math for Economists Textbook,0
5336,First genomic survey of human skin fungal diversity,1
11459,short text categorization with spelling correction,0
9320,Sort files in a given folders and provide as a list,0
1418,Bundle that is isomorphic to the bundle of Whitney sum,0
6453,Can someone identify this plant I saw in NYC (might not be native idk),1
10731,$\Theta(n^2 ) =\Theta(n^2 + 1)$,0
4760,why is DNA better for storing genetic info while RNA better for transmission of it?,1
8030,Why are there no marine birds?,1
177,Сanonical form of a quadratic form by Lagrange's method,0
7182,What spider is this in Idaho?,1
8878,Is a bone marrow transplant limited by sex?,1
11128,Vertex cover algorithms for directed graphs?,0
9443,Addition in IEEE 754,0
2555,Linear Transformation one to one and onto?,0
9700,Minimize the maximum Hamming weight of basis vectors spanning a binary subspace,0
3047,epigenetic vs. environmental factors,1
3480,Does every wave length of UV kill bacteria?,1
3583,Aquatic forest insect identification,1
3291,Can someone tell me if the example I wrote below is one possible answer?,1
9249,Finding a graph where the edge set satisfies a set of integer equations,0
6382,Pretty Flower Fungus in Oak Tree,1
1356,Inflation property of Artin $L$-series,0
2409,"Examples of Lebesgue-integrable, but not Riemann-integrable functions",0
8337,Does human behaviour that is caused by inheritance depend on the environment and lifestyle in general?,1
256,Let $\varphi$ and $\psi$ be isometries. Show that the conjugacy $\psi\circ\varphi\circ\psi^{-1}$ is of the same type as $\varphi$,0
6224,"Correlation between threat and odour, taste",1
4895,Coagulation of blood in small intestine due to trypsin,1
6489,"""producer cell line"" vs. ""host cell line"" in biopharmacology",1
9887,Error handling in express without middlewares and using class structure,0
61,Polynomial Transformation Involving Mean,0
565,Finding the range of $a$,0
10913,Calculating speedup for a two-way superscalar cpu,0
11934,Number of n-node binary trees containing an m-node binary subtree,0
4953,Understanding PAM and BLOSUM matrices,1
1364,expection of random variable when the index also follows som,0
9721,User authentication SQL injection,0
9041,Conditional milp formulation,0
1486,Decreasing Sequence of Open Sets in Tychonoff Pseudocompact Spaces has Nonempty Intersection of Closures,0
4084,Coalescence time: Is it different for haploids and diploids in population genetics?,1
340,About Trigonometric Transformations in Python,0
1954,How to determine how many members need to be in a domain to produce an interpretation that shows lack of implication between two schemata,0
2554,">Determine subgroup $\langle (12),(13)(24)\rangle $ of group $ S_{4}$",0
8505,Can you identify this climbing plant?,1
7447,Why do people eat meat?,1
7617,Can cancerous cells reach the Hayflick limit?,1
240,Solving For Joint Likelihood In This Case,0
9173,Modular multiplicative inverse in Ruby,0
9454,Why do ACLs (access control lists) have better persistence than capabilities?,0
2985,Supporting hyperplane,0
6590,Absorption ratios 260/280 and 260/230 for RNA,1
3429,Why does 4-thiouracil labelling to map RNA-binding proteins cause a T-C change?,1
11721,Using self-hosted OWIN,0
11106,Analysis of and references for Koch-snowflake-like (and other exotic) network topologies,0
9291,State of the art time complexity for getting (tree) descendants by type/attribute,0
11413,Processing user input for a form,0
10635,Finding a word ladder using Breadth First Search,0
222,Finding an interval of solutions from a Game Theory problem,0
9145,What are the reasons behind using constraints in convex optimization?,0
5144,A question related to qPCR analysis,1
1813,Bounding the integral $ \int_1^\infty \frac{ (\log(y))^n }{y^2} \ dy $,0
7533,Why isn't photosynthesis catabolic reaction?,1
5399,How mosquitoes get their food and survive?,1
9084,How to check if a specific ILP problem can be solved in polynomial time or not?,0
2043,Is $T_n(R) \cong T_n(R)^{op}$?,0
7341,What's the therapeutic index of Pethidine (Meperidine in the US)?,1
720,Help understanding vector-by-vector differentiation identity,0
7720,"Identification of Bird feather, probably from a predatory bird",1
4960,What is this mushroom that only grows next to my tomato seedlings?,1
8222,How many mutated genes from a complementation test?,1
10773,Subscriptable/Indexable generator,0
5891,Current understanding of abiogenesis,1
10812,Turing machine with an oracle for a proper subset of a known undecidable language,0
3967,More informative phylogenetic trees,1
5065,Have there been studies done to test Immortality of cancer cells in culture?,1
4266,What do we mean by MHC molecule diversity? Does each human have a variety of MHC molecule isoforms?,1
7937,"Ligand-binding assays: IC50, EC50 and Kd",1
354,Permutation for balls,0
3963,"Why are different mesenchymal stem cells used for articular, auricular, septal nasal and costal chondrocytes?",1
7599,Is there a gene that starts meiosis 2?,1
10970,Countdown script in JavaScript,0
2918,"A function that is $1/p^{\prime}$-Hölder continuous on $[a,b]$",0
11994,StarCraft Map Dimensions,0
6946,What is a inhibitory tone when talking about neurons?,1
226,What is the lebesgue measure of irrational numbers between 0 and 1,0
7671,Rationale behind different classification of nerve fibres,1
11193,What are the technical reasons for which the empty string is not allowed to be accepted by a Turing machine?,0
4864,Questions about RNA Polymerase,1
2567,How to find domain of Solution of PDE?,0
8550,"During DNA foot-printing, what is the purpose of radioactively labeling only one end of the DNA fragment?",1
8413,Why do flies fly in circles?,1
8643,Is it possible to combine live attenuated and non-live vaccines?,1
11864,Counting occurrences of a word in a file,0
8566,What is the current consensus on the Loveheim Cube of Emotion,1
10847,How many bits are needed? Advantages/disatvantages of this configuration?,0
11203,How do I use the Myhill-Nerode theorem to show that a language is not regular?,0
3103,How do Rab proteins ensure specificity in vesicle transport?,1
6463,Can you help identify this tree from my garden?,1
3650,Cultivate snails and maintaining them alive,1
11419,Simple bcrypt Register User and User Login using PHP - is this approach acceptable?,0
4042,Why isn't the sticky bud plant more widespread,1
11873,Extract Students with All Enrolments in the Past,0
1013,Confidence interval for difference confidence level,0
6581,Similarities Between Cells?,1
8307,Where exactly is pleasure,1
10984,Android music-streaming app,0
2532,Product of affine schemes,0
2799,Determine whether it is true that this summation is zero for some increasing sequence of non-negative integers.,0
779,Pushforward of differentials (?) and Abel Jacobi map on principal divisors,0
9254,Social Media Hashtag Splitting,0
3807,Has the acronym DNA ever been widely understood to stand for deoxyribose nucleic acid?,1
1227,Proving existence of a cycle in a directed graph using Lovasz local lemma,0
2273,"Solution to safe with six keys, largest number of people with 3 different keys each.",0
10365,Where/when did Stephen Kleene first define the Kleene closure/star?,0
10135,Retain previous values in Label,0
1194,Question Regarding Linear ODE-Trouble Using Integrating Factor,0
9881,How can I check if a sequence is alternating?,0
4670,What determines the reversibility of cell of G0 phase in cell cycle?,1
11033,How can I translate this quantified logical expression into english,0
5193,Lack of skin in a certain area of the body --- hypo[what]?,1
4100,How to attract Cyanobacteria?,1
1548,"What's the difference between ""quadrature"" and ""integration""?",0
5553,Do couples having children later in life act as an evolutionary mechanism?,1
4353,Can the RNA in the HIV virus make viral enzymes without entering the nucleus?,1
5893,mutations induced by transposons,1
6419,C-myc/anti-myc Ab Interaction with Fusion Proteins,1
8801,Do RNA modification proteins bind to specific repeats on the RNA polymerase II CTD?,1
10209,Linear programming with absolute values,0
8464,Is it possible to express a mutant gene only in a specific tissue?,1
405,"Proving $\{(C,x): C(x) = 1 \ \ \text{and} \ \ C \ \ \text{is monotone}\}$ is P-complete",0
7917,can recessive alleles produce codominance?,1
10920,What is the asymptotic runtime of the best known TSP solving algorithm?,0
5486,How are new chromosomes replicated into the next generation via sexual reproduction?,1
6728,DNA preparation for sequencing,1
10416,Finding the longest path of sum $0$ in a weighted tree,0
11903,Cache Direct Map access confusion,0
5059,Short-term Lamarckism in asexual single cell organisms,1
11899,Show that if language belongs to $BPP$ then also similar language belgons to $QP$,0
850,How do I solve this probability problem of randomly drawing balls from a urn?,0
4383,Identification of black growth on onion skin,1
5633,Twist in the DNA double-helix,1
11005,Replacing n with 2n in asymptotic bounds,0
3011,"If crocodiles are k-selected, why do they supposedly ""not age,"" as in avoid senescence?",1
5022,Clumping factor test,1
9501,Vue Star Rating Component,0
5870,Behavior of plant guard cells: open or closed stomata,1
278,Saddle-node bifurcation Taylor expansion,0
293,Valid proof by induction for modulus of a product of complex numbers,0
9630,Rigidness and verbose nature of XML parsing,0
903,Find closed form of recursion,0
8702,TRANSFAC Matrix.dat retrieve count matrix using BA or CC field,1
3620,How does Celiac's Disease cause people to stop growing?,1
7547,Is this a leafhopper? (Italy),1
7801,Why does inbreed produce a higher percentage of abnormal babies?,1
4014,"The Eye, and Camera Lenses",1
1453,Showing that the sequence is Cauchy if $|x_{n+1}-x_n|<a_n$,0
2865,Details in mollifiers proof - Evans' PDE,0
2767,Diophantine equation with quartic polynomial,0
4066,"Why should phospholipid non-polar tails be ""protected"" in the membrane bilayer?",1
6694,Are there any disadvantages to HRP conjugated PRIMARY antibodies,1
11405,Asymptotic analysis of shifting/multiplying,0
6404,SNR for good MRI imaging,1
5142,Reproduction in horses and donkeys,1
2791,Compact and connected,0
2746,Surface area of a revolution integral problem,0
7313,It is correct to construct tree species-based rarefaction curves for birds?,1
8220,Causes of Back Dimples,1
10047,What can I do better in this ViewModel Creator?,0
4853,Determine secondary structure (per residue pair) from a protein contact map,1
5961,"Real embryo pictures: How different zones(speeman organizer, marginal zones...) are known?",1
2467,$f(x) = \frac{1}{\cos(x)}$ can be expanded as a power series. What is the radius of convergence?,0
624,Uniteratable Functions,0
4226,How do single-celled predators chase other cells?,1
5395,"What is this plant & it looks like USA tree "" Carya ovata""?",1
4650,Which texts are good for beginners to understand evolution on the genetic scope?,1
8887,How do we know how long hermit crabs live in the wild?,1
162,Combinatorial Proof for a $ p\mid\binom{p}{k} \ \ \ \ \ 0<k<p$ .,0
6384,"Do humans have the hyaloid canal, after all?",1
5130,Deciduous trees in tropical rainforest,1
332,Expected value and variance of step of random walk with barriers,0
9210,Why there is no polynomially large sequence of polynomial large weights that derandomize the isolation lemma?,0
1158,Pdf of $Z=X/Y$ given a joint pdf,0
11714,"Number of states in NFA and DFA accepting strings from length 0 to n with alphabet Σ= {0,1}",0
7701,Doubt in a multiple choice question involving cell organelles,1
9760,Queue with std::vector,0
2321,Reflect point inside Poincarè Disk Model,0
9161,Making feature vector from Gabor filters for classification,0
2520,mean valued theorem in Banach space,0
9076,Selection sort algorithm in Swift,0
5981,Can we change the direction of a neurological signal?,1
6301,Fab fragments of antibodies to fight viral infections,1
462,How to calculate the area of an asteroid using Green's theorem,0
6817,Explanation about cytogenetic notation,1
11593,State complexity of difference of two languages,0
836,"On a hypothetical computer with a word length of three digits and truncation, compute the solution of a system of equations",0
9919,Why half of the medians are greater than the median of medians?,0
1642,"In number theory, is it always true that..",0
9948,Mutex and condition variable implementation using futex,0
5575,Can predator-prey relationship be an example of negative feedback?,1
1181,Basic theorem in Polynomial Congruence,0
2515,"Identically distributed, uncorrelated, Bernoulli rvs are independent.",0
3251,Can creatures that can see color in completely different visible spectrum exists?,1
11388,Pumping Lemma for $L = \left \{ a^{c}\mid \text{c is a composite number} \right \}$,0
1274,Uniqueness of pre-abelian structures on categories,0
7919,Statistical Analysis of Protein Folding Problem,1
3640,"If animals aren't getting tooth decay because they don't eat processed foods, could similar work for humans?",1
1032,Choose items from different sets such that no two items come from the same set but all items are equally likely to be chosen.,0
10190,Scheduling distributed computational graph,0
1220,"$\forall k,n \in\mathbb N:k\in n\iff k\subsetneq n$ [Proof Verification and Suggestion for shorter or simpler proof]",0
6958,"If your atlas is out of alignment, will the rest of your spine be out as well?",1
7909,Why humans have the temperature they have?,1
5845,How to choose the most appropriate measure of genetic distance,1
3532,Can suppression of the immune system help cure chronic diseases?,1
1289,Existence of orthogonal matrices with zero diagonal and non-zero off-diagonal values,0
1488,Diagonal elements of a symmetric matrix and positive definiteness,0
7154,How do you find pre-miRNAs from mature miRNA Blast output?,1
1557,"Construct a deterministic Turing machine that decides the language $L=\{w\in\{a, b\}\mid w\text{ contains an occurrence of }ab\}$",0
10489,DP Knapsack Problem With Categorical Constraint,0
4555,What are the structural characteristics of a protein-protein interaction network,1
1262,Homology between a loop and a constant loop,0
4127,Do plasma B cells express the BCR or only produce soluble antibodies?,1
7515,How can we measure cardiac output?,1
11839,"Show that if Automata $A$ recognize language $L$, there also exists an automata $A′$ that recognize $Double(L)$",0
3929,Can turkeys run around when their head is cut off like chickens do?,1
122,"Does there exist a continuous $g(x,t)$ such that every continuous$ f(x)$ equals $g(x,t)$ for some $t$ and all $x$??",0
4846,What indices can we use to describe fitness landscapes?,1
2415,Construction of Cut off function $\psi$ such that $|\psi'(x)||\psi(x)| < \frac{1}{6}$,0
9207,Are URI's a regular language?,0
10738,Android Java Splash Screen code,0
2513,"Always prime? $6n+1$ and/or $6n-1$, if neither divisible by $5$ nor semiprime",0
9469,Generating all directed acyclic graphs with constraints,0
9237,"In RegExr, why is regex OR in JavaScript sometimes not commutative?",0
1513,Derivative operator of bump functions and the adjoint,0
9975,"Trials, tribulations, and tributaries (Rainfall challenge)",0
1591,How do you use the Undetermined coefficients method for solving this non-homogeneous DE?,0
5984,Are there cases when genus name is equal to the name of a higher taxon?,1
9271,Awkward Generic Repository Call,0
8687,Spider Identification (UK),1
7900,What is this small insect called?,1
9012,Beginner user registration and login program,0
7405,What is the purpose of co-transport?,1
4694,Are there any situations in which phenylephrine is preferred to pseudoephedrine?,1
1278,What does an inverse matrix abstracts?,0
290,Determinants of upper-left submatrices,0
10151,Count the number of leaders in both sides (slices) of an array in C#. Codility EquiLeaders task,0
11562,Movement function for a Sokoban game using Python,0
2292,Characterizing solutions to a particular equality,0
8344,Biochemical Mechanism behind red hibiscus flower on a cream hibiscus plant,1
6758,"What is the difference between a cytokine, a hormone and a protein hormone?",1
2194,A Particular Quotient of Polynomials over Hyperbolic Numbers: is it Anything?,0
1058,What does it mean for a term in a PDE to be linear?,0
4265,How is the human oxygen absorption dependent on the concentration of oxygen in respiratory air?,1
6030,What software is there available for quantitative structure–activity relationship (QSAR) pharmacological studies?,1
3736,Where can I get my exomes sequenced?,1
10253,Converting CNF to GNF,0
6724,Why do type 1 diabetics experience hypoglycemia?,1
11668,comparisons vs arithmetic complexity,0
9918,Big switch statement for sorting a table,0
4691,"Is there a standard definition for plant ""maturity""?",1
1618,Critical confusion with the spectrum and resolvent of a compact operator,0
817,$f$ is injective and $f(U) \subset f(V)$ then $U \subset V$?,0
8694,How do tight junctions in stratified squamous epithelia affect nutrient supply?,1
3770,Phoresis and mechanical vectors,1
11779,Print the N longest lines in a file,0
7606,How can we smell odor direction if we breathe through one nostril at a time?,1
432,What does it mean that the bridge is no longer damped?,0
6571,Difference in frame rates of normal and peripheral vision,1
5136,Why do you need primers in PCR?,1
11633,Multiple rounds of bipartite matching problem,0
7716,"What is the definition of ""Natural Selection""?",1
4764,What impacts on metabolism are likely from the 6x increase in water consumption by Americans at restaurants since the 1950s?,1
9357,K-Nearest Neighbors in pure Python,0
11154,Finding unique/obsolete binary Debian packages,0
9467,Gem to interact with a third party API,0
9589,Slim down Javascript MomentJS Function,0
1653,probability inequality resolution finite field,0
4683,"Can ant colonies have two ""branches""?",1
4492,PedigreeAnalysis Genetics,1
212,Integration Limits while finding volumes,0
10664,Is order of bits in byte really not of concern?,0
3639,Was there a time in Earth's history when some animal life existed on land but humans could not have breathed?,1
4950,DNA polymerase I exonuclease activity,1
711,On the measure of a closed subset of a non-measurable set with infinite outer measure,0
2875,Derivative with Respect to a Ratio of Variables,0
9313,Convert Sql LIKE to Regex,0
307,Convergence of an integral around the origin,0
10145,"Shortest path using less than or equal to m edges in a directed, weighted graph with negative cycles",0
5492,Evolution of scratching,1
3944,Braquio-abduction illusion explanation and references,1
10668,Generation regular languages by context free grammar,0
10255,Extending java.util.Random.nextInt(int) into nextLong(long),0
6056,"(Non-expert-question) What exactly do chloroplasts do when they ""convert light into chemical energy""?",1
11783,Using static management class to control db transactions through an EF6,0
6750,Anaphase Microtubule Disassembly,1
7401,Staying underwater: would mutual rebreathing help?,1
1925,Runge-Kutta ODE Solver,0
10258,SICP exercise 2.28 - counting leaves in a tree (recursive process),0
2413,"Two endomorphisms, $u$ and $v$, of $\mathbb{C^n}$ such that $[u,v] = \alpha u + \beta v$ are both triangular in the same basis",0
2298,How does one represent differential geometry on computers?,0
8734,Does Dorsal Raphe Nuclei firing pattern change in response to voluntary breathing?,1
10563,maximal independent set on grid-based graph proof of approximation ratio,0
7412,Is the molecule nitric oxide responsible for healing blood vessels?,1
11079,How large is the seed in an encryption algorithm such as stream cipher?,0
3728,What are the common methods to estimate additive genetic variance?,1
9046,Training preamble in convolutional codes,0
10494,A recursive function that performs a binary search,0
3298,Grasshopper identification,1
6189,Modeling the production of mRNA,1
8811,What are good databases for RNA-binding motifs?,1
996,How to get values of $a$ from $3 > \log_{5/4}a$?,0
4161,"How does evolution explain the apparation of different group like: mammals, insects etc",1
10420,"Using model relationships to find number of responses by a user, to posts of a certain topic type",0
5530,What is the mechanism by which bactericides kill bacteria?,1
8136,How does population stability evolve?,1
1411,Is there a conceptual derivation of the formula for the composition of two EGFs?,0
4762,Does the speed of electrical impulses through neurones decrease with age?,1
1784,Similarly Commuting Matrices,0
7570,"If all animals were to die, would all plants die too?",1
8767,"In terms of Prions is there a possibility, that other proteins apart from PRPC could be misfolded",1
10051,Find combination of vectors from array that sum up to s,0
9877,Examples of languages not decidable by a TM using certain upper bounds on space/time,0
7747,Generating Cartesian coordinates of each atom in protein chain from the internal coordinates using python or some software,1
657,Question regarding permutations as a product of transpositions,0
8100,"Is ""computational biology"" different from ""bioinformatics""?",1
2743,An article from AMM vol 95 Page 942. (I have some doubt about it),0
579,"How do I show that $ \langle u, v \rangle = \langle u, \lambda u + \mu u \rangle = \langle v, \lambda u + \mu v \rangle$ if $\mu \ne 0 \ne \lambda $?",0
7883,"Do alleles, by definition, code for the same trait?",1
1255,How to prove the limit $\lim_{n\to\infty} \frac{(-1)^{n+1}}{n}$ equals $0$?,0
9115,Averaging a set of percentages between certain important levels,0
7893,How do pineapples and lemongrass grow?,1
10803,Recamán Sequence (A005132),0
3891,"What is the difference in the electrical excitability between a ""large diameter soma"" and a ""large diameter axon""",1
2186,Notation in probability and staticstics,0
7805,Why isn't life expectancy normally distributed?,1
1093,A basic question on equilibrium point of coupled differential equation,0
10215,Sampling among constrained partitions,0
3070,Diffusion of Hypotonic solution into solution with glucose and starch,1
9715,Auto change page title while bookmarking a page,0
5483,Can bacteria or other microorganisms be killed by applying pressure?,1
4866,Is there a way to identify a species of tree?,1
10695,How to improve my these specific math skills?,0
2864,de Rham and Hodge cohomologies become locally free after localization?,0
7226,Hill-Roberston effects and effective population size,1
84,How to show that sigma algebras generated by different RV are the same,0
7261,What is the rest state for eyelids - Open or Closed?,1
4758,Co-transformation of plasmids from the same incompatibility group,1
8759,Countercurrent multiplier mechanism,1
5430,Does Alzheimer affect more than day-to-day memory?,1
5424,Why reference genome is a reference?,1
8114,How do sex biased genes evolve?,1
8249,Is there really a clear distinction between dinosaurs and birds?,1
180,"If $X/M$ is a normed space with the induced seminorm, is $M$ closed?",0
7061,"Confluency or confluence, which term is correct to describe the % area covered by cells?",1
4678,"Is there any way bicondylar/bigonial, bizygomatic or bitemporal breadth can change in adults?",1
380,What do I need to know to understand the Riemann hypothesis,0
11227,Why is removing the second largest element from a max-heap not in O(log n)?,0
8475,"Why does hair turn grey or white, and why does it happen later for some?",1
6290,The information carried by nerve signals,1
6749,What is the mechanism of action of lithium-induced polyuria?,1
5768,What do Illumina HiSeq/MiSeq paired end reads look like?,1
10610,Find sets of weighted objects to maximize number of sets with weight >= X,0
8138,Changing the definition of life?,1
8131,Are All Taxonomic Groups Uniquely Named?,1
11340,Algorithm for subdividing html-elements,0
4409,How do anaerobic bacteria produce ATP for their own cellular activities?,1
7811,Why to choose a grammar from a lot of grammars that can describe structure of proteins?,1
11133,Quicksort Partitioning: Hoare vs. Lomuto,0
4126,"Help identifying a mushroom found in Raymond, WA, USA",1
9891,A color class and a CRUD class for it,0
4136,"Is there a specific suffix for ""within a cell""? i.e. in a similar manner to how -aemia refers to within the blood",1
3986,How to remove protein contamination in plasmid isolation.,1
5902,Will eukaryotic RNA fold in the same way in prokaryotes?,1
3630,Difference between spiking and firing,1
5733,Neuron stimulation experiments,1
352,Show that $f$ is integrable and $\int_{I} f=0$,0
7335,How does the placement of it's motor domain affect the directionality of a motor protein?,1
4943,"Does vaccination make the immune system ""lazy""?",1
1476,Poisson Process Help,0
72,Simple generators with a complex Gröbner basis,0
9642,"Suggestions for alternative 3D space partition tessellation, different from Voronoi and Delaunay",0
7149,Gel Electrophoresis - loading dye and more,1
11850,"Grids, Cells, and Inheritance",0
609,"When asked to find bifurcations in a differential equation, am I only looking for changes in quantity/type of equilibrium solutions?",0
5719,Creatinine excretion,1
8830,How Common are Paraneoplastic Syndromes in Cancer Patients?,1
7858,Meiosis and combinations of chromosomes,1
7454,How do organophosphates actually work?,1
3003,Does class switching occur both in B cells and Plasma cells?,1
1208,Computation of definite integral,0
1304,Orbits are the minimal $G$-invariant subsets,0
4730,Resources to learn about marine life,1
5852,Why do our eyes close when we sleep?,1
6487,Literature that demonstrates organisms have a competitive advantage in numbers,1
2475,Is $\mathrm{Top}$ a coexact category?,0
8374,What are the constraints when growing an artificial brain?,1
10981,Data Integrity Through Custom Variable,0
7390,Proof of Darwinism( fossil records),1
11817,Multi-threaded client/server/rate_controller testing harness,0
449,Is the following set a group?,0
2582,Invariance of dimension in the plane,0
229,Going down theorem: Atiyah and Macdonald,0
11915,Minimum number of nodes to select such that every node is at most k nodes away,0
8483,Can leukopenia in a person with an otherwise normal immune system lead to non-infectious diseases in the long-term?,1
9705,What to do with the Exception when you fail to close() a resource?,0
8780,What is the role of various immune cells in demylinating neuropathy?,1
10716,Best way to structure this PHP code,0
6249,Blood pressure in the blood vessels,1
3575,"What is the biological basis for a human's ability to think clearly and be aware while ""fighting/competing""?",1
10629,Project Euler 18/67: Maximum Path Sum,0
11890,Some terminologies in Wirth's book and the satisfying of deterministic algorithm,0
11445,"Given a number represented as an array of digits, plus one to the number",0
6132,question regarding indirect ELISA,1
2396,Integrating $ \frac{\int_{-\pi}^{\pi} \cos^2(x)|\cos(x)| |\sin(x)| dx }{\int_{-\pi}^{\pi} \cos^2(x)|\cos(x)| dx } $,0
3365,Heritability in population genetics,1
2966,Projective coordinates for point at infinity on elliptic curve,0
8529,What is this larva/insect?,1
6696,Is there a publically available database of microbes that details what their wastes and food sources are,1
2405,How to evaluate these $4$ integrals?,0
11438,Game Of Life OOP Python,0
6055,What is the relationship between snails/slugs and clams/mussels?,1
6838,What is this? Is it harmful?,1
5028,How does 'phosphorylation of glucose' maintain concentration gradient in membrane transport (facilitated diffusion)?,1
9619,MIPS: sign extend in I-Type commands,0
1628,An error on the BBC maths revision website?,0
7077,How fast do we fall asleep?,1
11351,Maximum value a variable can hold without documentation,0
6312,Why are truncations in Receptor Tyrosine Kinases so sommon in transformations?,1
5006,What kind of worm/bug is this?,1
1204,"If $f \mid h, g\mid h$ and $f,g$ are relatively prime, then $fg\mid h$?",0
4308,Open Mass Spec Database,1
3349,Does there exist a reagent that can only be precipitated by Haemoglobin and nothing else?,1
2591,Question about the diagonal of a square,0
3952,What sort of fish is this?,1
8179,Why is it that only humans are ashamed of certain critical biological activities,1
5442,How does chromosome fusion get fixed in the population?,1
5385,"What is meant by ""neurotransmitters flooding the brain""?",1
4193,Can qPCR primer with several mismatch works?,1
7667,methods for targetted deletion of genomic regions?,1
4906,"Can you help me identify this ""thing""?",1
1442,Proving a polynomial has x amount of zeros,0
9355,Recommender system accuracy testing using GridSearchCV,0
10705,"Prove that $\{0^n 1^{n\cdot m} : n,m \in \mathbb{N}\}$ is not context-free",0
9135,How can I improve this RL algorithm?,0
6939,How are nutrients absorbed by a pitcher plant?,1
4406,Why is there more variation in proteins than genes?,1
6558,What moth is this and how do we get rid of them?,1
6584,Does a mutation in the sense strand of a particular gene affect the polypeptide formed?,1
479,"Prove that $C^1([a,b];X)$ is a Banach space",0
3197,D/L configuration for amino acids,1
974,Showing a set of vectors belong to a row space,0
993,Lower bound for Stirling numbers of the first kind,0
5245,Are there differing organelle to cytoplasm ratio in animal cells?,1
217,"A formal name for ""smallest"" and ""largest"" partition",0
5666,Why are abiogenesis and evolution considered unrelated?,1
7808,Creating animal models,1
9221,How do I simplify the code in C#?,0
9129,String Trimmer and trimmed Input routine,0
11670,Am I managing my memory correctly?,0
284,Question regarding equicontinuity and joint continuity,0
8148,classical conditioning paradigm for hippocampal learning,1
3533,Material recommendation: molecular biology for mathematicians and computer scientists,1
2099,Question in integral curve,0
11044,Concurrent quicksort in C++,0
1224,The probability that the last ball in a box is white,0
4083,Looking for Kelly Chibale's paper on Malaria cure,1
11665,How to make this csv-reading PHP code more efficient?,0
10603,Largest palindrome made from the product of 3-digit numbers,0
5975,How to quantify quality of vegetables and fruits?,1
10096,Major Field Test Sample Questions (need further clarification),0
9277,Is there an Interval Tree which supports O(1) dynamic space requirements for queries?,0
2458,How to show $k$-algebras are isomorphic in practice,0
9956,Algorithm for finding the set of minimum coordinate pairs,0
6053,How does HIV know to attack specific immune system cells?,1
1107,Why: $2^{n+1} = 1 + \sum_{i=0}^{n}2^i$,0
6031,Advantage of GCPRs over RTKs or other receptor protein kinases,1
9409,ActionGroupContext to know an id of the current context,0
6743,What is the difference between a predator and a parasite?,1
11183,How motion capture system works?,0
9620,Are constituency grammars and dependency grammars two different types of context free grammars?,0
7664,Worm type bug inside of stick? What is it?,1
8149,Metrics to analyze branch lengths in phylogenetic trees,1
6513,Could light/occasional smoking strengthen the lungs?,1
4075,Can you use a cell in meiosis to create a karyotype?,1
6715,Is there any way the food industry can benefit from biofilms?,1
5317,How To Avoid Macro-Evolution Confusion?,1
8852,Why do haemophillic females $X^hX^h$ die before birth?,1
10069,Definition of $\alpha$-approximation,0
11162,Allocate Resource Effectively,0
4588,I need a site for online courses,1
1393,Exponent of convergence $\limsup_{n\to \infty}\frac{\log n}{\log |a_n|}$,0
9089,Are fully connected layers required for convnets?,0
1580,Establishing a particular isomorphism of groups,0
6282,Do Japanese have a different pelvis position than Europeans?,1
9274,Simple languages that are not of type-1?,0
11337,Smallest real root of a polynomial in a range,0
6485,autosomal recessive population numbers,1
11429,Merging website info into an array,0
9494,Algorithm to sort elements of an array under uncertainty,0
862,Orthogonal complement examples,0
798,"A pair of red, green, and blue six-sided dice probability question",0
3605,Why are plasmids called plasmids?,1
10362,"Manipulating a .csv file to look for two common values to create a key, then summing up values",0
4663,What is the function of nodes of Ranvier in axons?,1
257,Express $\frac{\Gamma \bigg(\frac{\nu+k}{2}\bigg) }{\Gamma (\frac{\nu}{2})(\nu\pi)^{\frac{k}{2}}}$ as a beta function,0
1310,"Evaluating $\int_{x=0}^a e^{-x}e^{-1/x}\,\mathrm dx$",0
9725,"Map overlay, any algorithm for face updating step?",0
368,Is substitution a good strategy when I have to integrate a natural log?,0
11336,Fluid tag for displaying GitHub Gists with noscript tags in a Jekyll post,0
9741,Hardware Transactional Memory Operations in a Hyperthreaded Core,0
3379,Cyanobacterial photosynthetic oxygen yield,1
14,Sample continuity of Brownian motion and Donsker's theorem,0
3943,Insect identification - Is this a bedbug?,1
7495,Which living organisms have antibodies?,1
4217,What range of dose should be used?,1
387,Help with this Trigonometry integral,0
605,Video/audio lectures on differential topology?,0
10508,Methods for proving upper bound on a-approximiation algorithms?,0
4768,RNA-Seq library construction challenges: the biases of RNA fragmentation vs cDNA fragmentation,1
10862,Why Don't We Use Non-ML Artificial Evolution?,0
843,Real life example of relations with various combination of properties,0
9885,"In a LP problem Ax = b, how to solve for A instead of x?",0
1505,Generalization of cos: is this function known?,0
11690,Text class in Python,0
11204,Prioritizing one column over the other column of the same table,0
9344,Deterministic algorithm to find number of collisions,0
10497,Pattern for prototypal class creation,0
5192,Examples of seeking behavior by brainless animals,1
3955,Signaling between Organelles,1
5766,How to read this diagram?,1
11091,Keeping track of people's relationships using a people relation table,0
5386,What is an interaction motif with respect to protein sumoylation?,1
5184,Which statements are true regarding an energy pyramid?,1
8383,Common ancestry of our cells to the first unicellular cell,1
5965,Gene sequence and DNA,1
7361,What is the name of the groove down the middle of an anther?,1
7968,Synthetic life creation - status of attempts,1
3497,How does epigenetics affect the birth conditions via alcohol?,1
8334,A and AB blood types from B and O?,1
2680,Projective module of constant rank $1$ is finitely generated (K-Book),0
6847,How do download a list of the gene length of all genes?,1
7051,Biostatistics: Pollen dispersal directionality,1
6245,Does pepsin enzyme digest other enzymes like other pepsin molecules,1
9681,Why doesn't Godel's Second Incompleteness Theorem rule out a formalizable proof of P!=NP?,0
11247,Most efficient know way to match orders,0
8695,Do plants experience the following feelings,1
4788,Genetics problem-Height of a plant,1
10925,Back end validation as front end validation,0
4384,How to Determine the Most Conserved Sequence from BLAST Result?,1
2682,Conceptualizing the difference between Riemann and Generalized Riemann Integrability,0
95,Modified cantor set can be identified with binary sequences,0
4901,Changing time and rpm of centifuge,1
9861,Middleware for sending PartialViews via email,0
3823,Regulation in plants bearing cleistogamous and chasmogamous flowers,1
1710,Cardinality of $ \mathbb R \times \mathbb R $ and $ \mathbb R $.,0
11892,Analysis of brute force decoder in a $q$-ary erasure channel,0
2257,"How to show $f(X)$ and $g(X)$ are positively correlated for a random variable $X$, if $f$ and $g$ are non-decreasing and bounded?",0
5919,How reversible is DAT upregulation from long-term ADHD medication use?,1
3594,What's the (or some of the) minimum(s) amount of atmospheric carbon dioxide needed by plants?,1
6674,Why are the genomes of Humans 99.5% the same?,1
9125,Calculating the circumference and area of a circle,0
2868,Solving by limit definition,0
1530,Showing that $\mathbb E_x \left[V(y)\right] = \frac{\mathbb P_x\left[T_y < +\infty\right]}{\mathbb P_y\left[T_y^+ < + \infty\right]}$.,0
9559,Fibonacci in linear time by using an extra pointer,0
8788,Is abiogenesis possible today?,1
5413,Why does the ring finger not move independently?,1
4824,Reconstruction of wildlife distribution based on poorly-sampled data,1
5145,Do all organs of our body secrete hormones?,1
2400,A divisor of a product of integers is a product of divisors,0
704,Proof equivalence relation,0
9910,Speech Recognition Part 2: Classifying Data,0
3353,The effect of pH on catalase,1
2387,Examples of Cauchy sequences,0
6549,Does sleeping fewer hours than needed cause common cold?,1
8494,Does any one know which species of insect is this one?,1
10036,Hover on bootstrap card overlay,0
8377,Adult Bugs in Low Humidity House Heated With Wood?,1
5614,Is there variation of AT/CG ratio along species?,1
5459,Why is the 3'UTR region highly methylated in most of the human genes?,1
6592,"What is the point of Meiosis II, considering Meiosis I already produced haploid cells?",1
7659,How do proteins perform their function,1
7929,How would our circadian rhythm change over time if we had no sunlight whatsoever?,1
4479,How much energy would it cost to synthesize all cholesterol requirements de novo?,1
1371,what is the best book for Pre-Calculus?,0
9063,Dynamic IP Notification Using Google App Engine,0
7246,Which species of Agave are known to have inedible flowers?,1
7039,Degradation of PMSF in protein extract while dialysing - safe for feeding to animals?,1
4499,Transfect Mammalian Cells with Single Stranded DNA?,1
651,"If $F$ is increasing and $\mu$ is the measure induce by $F$, does $\mu(A)=m(F(A))$ for all measurable set $A$?",0
4938,What is an simple way to burn glucose for visible effect?,1
8070,How does the color of henna fade?,1
1094,covariance of normal distribution,0
8279,A fully understood living organism,1
7227,Can a pathogen be totally resistant to the human immune system?,1
2921,How to find this limit of Bessel function?,0
198,"If $f \colon \mathbb{R}^m \to \mathbb{R}^n$ is continuous and $\mathcal{H}^d(f(E))\leq L^d \mathcal{H}^d(E)$, is $f$ Lipschitz?",0
9591,Detecting two keys pressed in quick succession,0
7602,Induce plasmid acquisition in bacteria to make them susceptible to antibiotics,1
4658,Questions regarding a particular paper,1
8923,Do all +ssRNA viruses have similar structures and life cycles?,1
10320,Monkey patching extra events in Node.js HTTP/Express,0
2437,How are mathematicians taught to write with such an expository style?,0
6919,Preservation of human tissue,1
4070,Good book on Origin of Life,1
8978,"If a blocker prevents repolarization, will the neuron be stuck in a depolarized state forever?",1
7550,Data Bias in protein-protein interactions data,1
4742,Ligation without purifying insert,1
3809,Is this a common garden spider?,1
1999,Proving $|f_n -f| \leq 2g$ in dominated convergence theorem prove,0
1903,Geometry Problem Concerning Lengths with a Square and Two Right Triangles,0
4039,Expression of eukaryotic ribosomal DNA,1
3563,What inhibits linkage between actin and myosin filaments,1
2641,Prove by Cauchy Test that the sequence $X_n= \frac{\sin(1)}{2}+\frac{\sin(2)}{2^2}+...+\frac{\sin(n)}{2^n}$ converges.,0
6738,How do we determine a disease's incubation period?,1
5753,Venom Denaturing with Heat,1
6928,How do afferent mechanoreceptors work on the finger pads?,1
4739,What kind of fly is this?,1
6619,Human Evolution in Modern Times,1
6593,Is there any possibility of interspecies sexual reproduction in animals like hybridizing plants?,1
10333,Flipping accept states DFA vs. NFA,0
5379,quantification of glucose utilization in different metabolic processes,1
7271,What species is this worm?,1
5756,What is the origin of prions?,1
10013,Intersection of two sorted vectors in C++,0
5604,Sex determination in cephalopod?,1
11748,Efficiently Generate Subset of all Permutations or Combinations with and without Repetition (C++),0
1225,Relation between eigenvalues and a quadratic equations' discriminant,0
3410,Are neurotransmitters part of the endocrine system?,1
4049,Is it possible to become pregnant indirectly?,1
9020,Small space hash functions that are weakly but not strongly universal,0
8839,Is there are practical lower limit to gene length in E. coli?,1
5791,Processing of speech/non-speech sounds in the human brain,1
10384,Generating words based on a list of letters,0
49,String sets commutative under concatenation,0
8564,Is it possible to determine what tissue a DNA sample came from based solely on its sequence?,1
7296,Why is mRNA needed in the Protein translation?,1
8990,Is lung size/shape a factor in long-continuous running of animals?,1
10794,What's the fastest time complexity algorithm for finding maximal paths in an unweighted directed graph?,0
4523,What biproducts do vinegar eels produce?,1
11072,Sherlock and The Beast,0
10507,Is there a way to find path length to a node from root in a binary tree?,0
11304,What does the set {n | n is an integer and n = n + 1} represent?,0
10886,How to revert a carryless polynomial multiplication?,0
1934,Why is my proof that $L^1(\nu) = L^1(|\nu|)$ for signed measure $\nu$ incorrect?,0
886,$A$ is a retract of $X$ iff the inclusion map $\iota $ has the left inverse?,0
8939,Why did evolution make people's skin dark?,1
7705,"When a muscle contracts, but not all the muscle fibers are activated, what happens to the remaining muscle fibers?",1
11363,How long does it take to crack a password by brute force,0
1849,adjoint representation completely reducible,0
3033,How to secrete a recombinant protein from E. coli?,1
32,Is the polynomial $4x^3 - 3x - 1/2 $ irreducible over $\mathbb{Q}$?,0
11326,Photo gallery user control,0
7010,Steroid hormones: how do they travel through the cytoplasm (not just the blood plasma) if they're hydrophobic?,1
3690,Is an ephemeral stream in an unflowing state considered a lentic or lotic environment?,1
7089,Is there a blood panel lab test that measures all the hormone-producing glands?,1
11468,Why does NTIME consider the length of the longest computation?,0
8437,Can anyone identify this insect larvae please?,1
2322,"Convergence of $\sum_n^\infty (-1)^n\frac{\sin^2 n}n$ , questions",0
6270,Why does our face get red during anger?,1
9955,Keep k+ties largest elements in a stream,0
1253,Automorphism of graph,0
7696,"Is it better to maximize sleep, or align to ~1.5 hr cycles",1
2979,Prove that a complex polynomial has $|p(z)| ≥ 1$ with $z ∈ \mathbb{C}$,0
7043,Which of the cell types commonly found in mammals has the greatest number of mitochondria?,1
11585,"Stock price history SQL database with Python, Pandas and yfinance",0
9833,"Iterating an array of nodes, each of which can have children",0
4156,BWA-MEM single strand or doublestrand alignment,1
9326,Simple ticketing system,0
546,What fraction of a Sierpiński triangle is to the left of a given vertical line?,0
9424,Are loop counters spatially or temporally local?,0
9764,String formatting for uint64_t that represents a fixed-point decimal,0
238,What is the term for relation whose inversion is a function?,0
8365,Measuring the protein content using UV Vis,1
8102,Can a bacterium survive without GroEL protein?,1
11573,Algorithm to solve a physical ring removal puzzle,0
11799,Will this algorithm terminate on any input?,0
10522,Simple joke guessing game,0
5390,Pipetting damage to cells,1
3230,Ephedrine or pseudoephedrine indirectly central alpha2 mimetic?,1
8637,Why do some armadillos roll into a ball while others don't?,1
2619,How is it possible to implement inverse cotangent function on range $0<\theta<\pi$?,0
3927,Dreaming after passing out,1
1928,$m(X) > 0$ Show that $Y \subset X$ where $Y$ is measurable can be such that $m(Y) = \delta$ for any $0 < \delta < m(X)$,0
5103,"Like size and colour constancy, why does the brain not maintain focus constancy?",1
6856,Elements that make action potential to conduct quicker?,1
9096,Simple string tokenizer wrapper,0
7081,What is RNA Engineering,1
4442,Does DNA polymerase always go the same direction?,1
6233,"What does it mean to ""map the human genome""",1
10934,"What's the purpose of the ""o(1-o)"" in the back propagation algorithm",0
3997,Why there are no plants that offer salt fruits as opposed to sweet fruits?,1
7559,Why does B12 deficiency enlarge red blood cells?,1
9738,Javascript array-matching beginner,0
6325,Identify this insect seen in a rural area in North India,1
11077,Decreasing runs of inner loop in outer loop,0
6543,Definition of Phenotype,1
10423,Can an NFA have multiple accepting states?,0
11682,PPT generator using SOLID principles,0
6744,What's the purpose of colorful mushrooms' caps?,1
4458,"What kind of fish is this (Florida, USA)?",1
11820,Naive Implementation of Automatic Memoisation,0
897,"Find all possible Jordan canonical forms of $A$, where $(A-2I)^3(A+2I)^2=0$",0
7721,How do colds and flu not infinitely recur?,1
6980,Neuroscience behind the crash,1
3617,Person-years and relevance to incidence of condition,1
7835,Can rigor mortis change the anatomical position in which a person died?,1
5211,What is Colloidal biology and does it have any scientific background?,1
11911,Hashing algorithm which minimizes distribution,0
3609,Moss CO2 consumption,1
10467,Game loop decorator for Pygame,0
2992,Help me find $a$ (which is a component of an orthogonal projection) for which $G◦F = 0$,0
3336,James Allison's T-cell discovery technique,1
11281,Number of order 4 B-trees possible with 6 distinct keys,0
6059,Can oral baking soda effect tumor cells in mice,1
6220,Cicada Killer Behavior,1
2323,Eigenvalues of block matrices with zero diagonal blocks,0
7059,Do chicks in eggs excrete?,1
9814,Printing elements of an array in C,0
5487,How does exercising/starved muscle import glucose (released by liver)?,1
545,Regarding Hatcher's Algebraic Topology Lemma 2.34,0
9238,Format a number to include commas,0
8499,How is the Guide RNA created for Crispr?,1
7638,Factors for sensitivity to electric shock,1
4633,What is/are the effect(s) of altering the Tris concentration on polyacrylamide gels?,1
8597,Does drying meat in the sun make digesting it easier?,1
639,"prove $\left\{a_{1} = 2, a_{n+1} = \frac{2+2a_{n}}{2+a_{n}} \right\}$ converges",0
9604,Summing Sequence with Combinatorics,0
7733,combustion vs biological oxidation of glucose,1
3618,Making Cupriavidus metallidurans in laboratory?,1
5295,"What are the methods to quantify the bacterial adhesion rate for the biofilms grown on coupons in CDC or annular bioreactor, non-invasively?",1
2503,"Continuity of $f(x)=\sum_{n=1}^\infty \frac{x^{2/n}}{n(n!)^2}, 0\leq x\leq 1$",0
11400,How to prove the following properties of Small-step semantics?,0
1182,Is there a branch of mathematics that focuses on finding relationship between pairs?,0
9165,Datastructure for lookup of single point in range (3d)?,0
4422,Where is the H+ ion in this step of glycolysis coming from?,1
1416,Saturating an operator norm inequality,0
9346,Generic comparitive array selection sort,0
11218,Requirements for a TM to halt,0
11430,Why do low fitness individuals have a chance to survive to the next generation?,0
5789,Organelles present in sieve tubes,1
8838,"Species Identification: Bulbous root on plant, Southern California, USA",1
2350,about conjucation and being abelian,0
9783,Is there a non-linear version of ICA?,0
4474,Are there any alternatives to the Epicentre product Plasmid Safe?,1
5590,Can a new Y-chromosome be created?,1
3423,How do burrowing animals get enough oxygen?,1
5318,Regalecus glesne or Regalecus russelii?,1
942,Proof of a ring property,0
1541,The sum of the first $n$ terms of an arithmetic sequence is given by $3n+2n^2$. find the common difference of the sequence,0
11252,How to prove Big-O when $F(N)$ is even or odd,0
5189,Currency metabolites vs. current metabolites: What's the right term?,1
9455,Simulation of animal skins,0
2212,Find the remainder Of an equation,0
6695,Need help with insect identification,1
7745,How do nuclear membranes form during Telophase of Mitosis/Meiosis?,1
8354,Is it safe to use an egg incubator to grow bacterial cultures?,1
9386,Selecting random element from complement of set,0
3029,Can yeast survive without mitochondria?,1
6198,I just do not understand how myelination speeds up action potentials,1
5004,Does cooking ginger reduce its anti-nausea effect?,1
5465,Plasmid copy number and Rop protein,1
976,Holonomy group of Möbius strip,0
8221,Human Bones classification and anatomy quiz,1
11805,Python - Knight's tour recursive function,0
2341,Conditions for applying the second fundamental theorem of calculus with gauge integrals,0
10155,"Probability of having a log(n) length monotone subsequence in a random permutation of {1,...,n}",0
8971,Can molecular genetics make a boolean variable from a continuous variable?,1
7429,Rust on kettle dangerous to consume?,1
1629,How to prove that $\pi > e\ln(\pi)$?,0
5227,Why do we get runny noses in the cold?,1
3899,Can you freeze an ATP assay sample for later use?,1
482,When does a map between CW-complexes give a relative CW-complex?,0
10116,Convert hex to base64 and then fixed XOR,0
8290,What is a deep exhalation/inhalation?,1
9906,Difference between an a microcontroller and a system on a chip?,0
9732,Iterative Radix-2 FFT in C,0
11071,Checking for one- or two-dimensional palindrome strings,0
6250,Accuracy of genome size estimation by flow cytometry,1
1247,"For an irreducible monic $f\in\mathbb{Z}[x]$, is it true that $\overline{f}\in\mathbb{F}_p[x]$ will be irreducible for all but finitely many $p$?",0
6870,Would I expect salt precipitate on fibres of DNA in a NaCl water solution?,1
11434,How are the web based compilers designed?,0
8225,How does an excessive amount of beta carotene affect skin colour?,1
258,"understanding gödel's 1931 paper - primitive recursive functions - ""composition"" and ""insertion""",0
7614,To which ungulate species does this tooth remainder belong?,1
2673,Proof that Bellman update is a contraction,0
11726,Ensure difference between sets,0
10163,Updating XML config files,0
476,find real number using two percentage.,0
2411,"Question about the range of $f(x,y)=\frac{x\cos x + y \sin y}{x^2+y^2+\alpha}$",0
2172,Separation of variables: Laplace Equation,0
7430,Help me identify this spider from my garden,1
9509,How to do training & inference with denoising autoencoders?,0
4202,What is this critter,1
5785,What kind of predators do the snail's shell protect against?,1
313,Find a subgroup of order $12$,0
6347,What determines whether a reaction using ATP produces ADP or AMP?,1
5254,From DNA to final traits of microorganisms?,1
9647,Building vertex-edge visibility graph among polygonal obstacles on 2d plane,0
4908,Are there enzymes for every given reaction?,1
3116,What causes the yellow and brown spots on our sour cherry tree?,1
8856,How well understood are the long-term effects of nuclear radiation?,1
8139,What's the difference between the *types* of tissue dissociation enzymes?,1
10982,Review my ruby for performance,0
4094,What is the relatedness of sisters in a haplodiploid system if you mate virgin queens with 1 of their sons,1
4629,How many possible human genotypes are there that produce distinct phenotypes?,1
9882,HackerRank - Array Manipulation - Follow-up,0
1712,Use DeMoivre's Theorem to prove $ \cos 5x = 16 \cos^5x - 20\cos^3x+5\cos x$,0
3518,Propensity Score for amino acid,1
1512,"For which $C$ is the linear map $\varphi_C : V \to V, A \mapsto CA$ selfadjoint with scalar product $\langle A, B \rangle = \operatorname{tr}(A^t B)$?",0
8895,What really happens when a body is tired?,1
10962,Python 3: Why is my prime sieve so slow?,0
8116,Carbohydrate in egg white,1
8032,Relationship between genetic diversity within and between species,1
3317,What is topological crossover?,1
1900,Function with the property $f\circ f=-id$,0
6671,Statistical Analysis for Blood Sugar Measurements,1
4186,Biological validation of computationally determined gene-gene interaction,1
5288,Genotype frequencies and fitness values in haploid population with clonal growth,1
5642,Production of $CO_2$ basal metabolism test,1
4275,"Besides hemoglobin, what proteins are present in red blood cells?",1
1439,Convert a rank-number to an nPk permutation?,0
401,Can any two irrational numbers NOT of the form (m+A) and (n-A) be added to produce a rational number?,0
7979,What is this plant from Morocco?,1
3394,Why is exercise good?,1
5625,Does cancer cells come from same process as evolution?,1
8253,Why does flatulence vary in temperature and smell?,1
104,Ratio of areas in triangles with Cevians,0
2483,Type of differential equation,0
6882,Effect of steroid hormone on specific cells?,1
11273,Universal binary rewriting system,0
8016,Why is sugar absorbed very fast into the blood stream?,1
3048,Isotretinoin and retinoid receptors in brain confusion?,1
658,Weak * convergent vs strongly convergent.,0
331,How to find if this function is periodic,0
11906,What are known 3SAT to 2SAT reductions?,0
5546,Cleaning out Agar from Autoclave Reservoir,1
4106,What does a read simulator do?,1
11837,Designing a DFA that accepts strings such that nth character from last satisfies condition,0
6429,What is the expected relative RNA concentration level using T-REx Flp-In?,1
6007,"Meat and mushroom allergies, why are they so rare?",1
2630,Rational function on elliptic curve giving $x$-coordinate of translate can be written as ratio of linear functions,0
4803,Why did the armadillo cross the border?,1
3652,If Tumors have lots of mutations in them how is it the immune system can't detect them?,1
6802,In what circumstances does a mammalian egg copy its DNA?,1
556,Gauge transformations in differential forms,0
9296,My first React custom hook,0
9023,What algorithm solves high-order unification for untyped terms in most cases?,0
8326,Will the increase in atmospheric carbon dioxide lead to larger insects?,1
11401,Replacing simple jQuery methods for better use,0
11229,Merge sort and selection sort comparison taking too long,0
4278,Does blood carry metallic nanoparticles?,1
11089,Non-repeatability (plagiarism and time travel),0
11085,Concatenation of two Turing machines,0
867,Inverse Laplace transform of fraction $F(s) = \large\frac{2s+1}{s^2+9}$,0
7853,Why does the PR form of phytochrome exist?,1
10054,If there's algorithm which returns true if Hamiltonian cycle exists in polynomial time then an algorithm to find the cycle in such time also exists?,0
4825,Identification of unknown bagworm (Singapore),1
4817,How can rhodobacter possess a single 'PS-II' like reaction center?,1
10477,Beta reduction order in Lambda calulus,0
8492,Why doesn't our immune system react to infused antibodies produced in a horse?,1
5573,Why do most plants reflect green and others other colors?,1
11590,Analysis of Radix sort of $n$ $b$ bit numbers,0
4967,Taxonomy: Categorising Collembola,1
5916,Concentration of a specific promoter in a cell?,1
2021,Statistics: Why do we divide by $\sqrt{n}$ for sample standard deviation,0
9139,Functional composition of member function predicates,0
11768,Merge sort algorithm written in Python,0
5307,Is the Andraka pancreatic cancer test real?,1
2666,Singular value decomposition of $2 \times 2$ matrix,0
11360,Can Quantum Computing solve Problems not even a Turing Machine can solve?,0
5089,How do castes evolve in eusocial species?,1
5477,What pigment is responsible for the formation of blue skin color in some animals?,1
7926,Can Palisade Cells Survive Independently?,1
3092,Is there a meaningful difference between direct and indirect light,1
1126,Prove that $\int_0^{\frac{\pi}{2}} \frac{\cos x}{x}dx=\infty$,0
1088,Average number of aggregations in the dataset,0
9624,Reduction from Partition problem to 3-Partition problem,0
11505,Finding count of character occurrences in a string,0
6355,Why do we feel tired if we sleep excessively?,1
11327,Does an algorithm exist for scheduling jobs on two processors?,0
4225,How to determine the number of parameters in a phylogenetic model?,1
9260,Why is {w | no prefix of w starts with b} = {w | the first character of w is a} ∪ {e}?,0
2570,"What is the definition of ""equality""",0
9028,Algorithm for printing all accepted strings (to an upper bound if infinite amount) from a given DFA,0
11135,Python jinja2 filter to find hosts matching a group in ansible,0
9897,Regular expression for all binary words avoiding 11,0
11125,Reading image files asynchronously and displaying them on the page,0
7649,What is this insect from Brazil,1
6048,A question on exclusion of study participants for an Exome genotyping array,1
3422,What is the term for a given interpretation of a fossil record?,1
330,Prove the sum of a series converges iff limit of a sequence exists,0
11811,Reverse a linked list,0
1333,Inequality involving series,0
5707,Do seeds use cellular respiration when they are germinating?,1
6345,What is Growth and how can we define it to be a defining property of life?,1
7438,What enables azacitidine to incorporate into both DNA and RNA?,1
758,Calculating the volume bounded by $z = 5$ and $z^2=x^2+y^2$ in 2 ways,0
6072,What software/approach to use to build a graph based on microarray gene expression correlation?,1
4731,"Red and yellow insect found in kitchen in Conrad, Montana (USA)",1
402,I don't understand why we represent functions $f:I \subseteq \Bbb R \to \Bbb R^2$ the way we do.,0
7780,Do we know how dangerous six-eyed sand spiders are?,1
5605,What is the term for all of the RNA in a cell at any given time?,1
5781,Excretion of monovalent and divalent ions in sharks,1
8676,Electrophoretic mobility of isozymes,1
3081,What is mold detection threshold in humans?,1
421,Limit of the Cesaro sum of the product of 0-1 sequences.,0
930,"Compute $\lim_{ (x,y)\to (0,0)}\frac{x^ny^m}{x^2+y^2}$",0
5592,Alternatives to fittest-win and Moran processes as simple mathematical models of selection,1
3683,Why not surgically resect the tumor before CAR-T cell therapy? Won't that be more efficient?,1
211,Connected Graph and Cycle,0
5675,copper spiral birth control not toxic?,1
1,"Is there a principal maximal ideal in $\mathbb F_q[X,Y]$?",0
9214,Laundry - sort socks,0
9194,fix ugly initialisation in while loop over queue,0
418,sufficient condition for symmetry of Hessian matrix,0
11643,Language accepted by a RAM,0
7963,When is it better for a gene to cause a biased sex ratio?,1
2494,How can I solve this rates of change problem?,0
9786,Merging values with lists as flat-lists,0
7395,Anaerobic nutrient expenditure,1
9378,"Importing JPG, JPEG, and PNG images from a folder to an Excel worksheet",0
8043,How many birds in this population would be expected to have either red or white feathers?,1
1923,GCD in unique factorization domain,0
583,No onto map between the algebras.,0
487,A proof on infimum property,0
3801,Major groups of photosynthetic prokaryotes,1
3511,Where does the additional 1 proton cost of oxidative phosphorylation come from?,1
7264,Why are deciduous teeth shed?,1
879,Find the value of the power of a hypothesis test,0
2459,Proof that the equation $x^2=\sin x $ has only one real solution different than $0$,0
726,Computing the trigonometric sum $ \sum_{j=1}^{n} \cos(j) $,0
7474,What does chrUn mean in the output from a Bowtie run on human sequences?,1
2583,Show the $\mathbb{C} S_3$-module of dimension 2 has $S(V \otimes V)$ is not irreducible,0
4496,"In theory, would it be possible to create an injection of Vitamins, Minerals, sugars etc so that eating was no longer necessary?",1
5021,Does Science Say That We Should Die?,1
8908,How can normalizing selection (stabilizing selection) be involved in speciation?,1
664,Determining eigenvalues and eigenvectors of integral operator,0
8651,Diffusion coefficients of glucose in mammal tissues?,1
8173,What are these flower like cells in the photo attached?,1
9920,Python date formatter,0
7697,How is sebum secretion regulated?,1
3071,How long can the brain survive during ongoing cardiac arrest?,1
8667,Do PC-12 cells have to be stored in nitrogen?,1
3560,Why have a placebo control group when testing a new drug if existing drugs can be used?,1
68,Summation multiplication,0
6864,"What tool to use to map reads (samtools, sequencher,...)?",1
10434,Disproving well-quasi-order by providing an infinite anti-chain,0
6769,Can I just simply exchange the eyepiece in a microscope?,1
8449,Are these spinach leaves?,1
4214,Why do flipped cockroaches sometimes lose their heads?,1
6613,What does genetically tractable strain mean?,1
9414,Making recurring requests to a web service using Task.Run,0
1487,Integrating Expression,0
6654,Does N1-methyl-pseudouridine occur naturally in any RNA?,1
416,Lagrange multipliers exercise,0
6557,In which direction plants' root grow in weightlessness?,1
2348,Every linearly ordered subset $\mathcal{A}$ of a set $\mathcal{W}$ of well orderings $\leq$ on subsets of some set $X$ has an upper bound.,0
7370,Has a mammalian species that cannot interbreed with another ever been selectively bred in isolation from it so that it can?,1
10295,Checking for spelling errors with a trie,0
2737,Total differential of a compound function with vector basis,0
7420,What is cytoplasmic localization?,1
3890,Why cytotoxic T cells don't kill dendritic cells when they present antigen?,1
4512,Finding proteins in DNA sequence,1
1207,Determining if a branch cut is valid,0
8584,Is it feasible to grow edible crops for lawns?,1
799,Prove and disprove compactness of balls w.r.t. a given metric,0
9160,Using the pumping lemma for a proof by contradiction,0
5658,Cellular respiration — How is the water expelled?,1
4297,Can someone identify this worm?,1
5651,What really is color and how do we perceive it?,1
619,"Existance of a fixed point of a bijective, smooth function:",0
5332,What are the statistical tools for distinguishing molecular analogy from homology?,1
2460,Limit Question: What exactly happens in this two limits where $x \to \infty$,0
5524,Do uerotelic organisms save roughly 3/4ths water compared to ammonotelic?,1
7628,Is there any stem cell or biogel method that exist for muscle and tendon lengthening?,1
6997,Why do cockroaches and flying beetles survive high levels of radiation?,1
9309,Is this a divide-and-conquer algorithm?,0
5787,Why do seagulls hit the ground with their feet?,1
2694,Prove that the infinite sum of the difference of even and odd values of the Riemann zeta function is 1/2,0
9628,GreetingCard problem with Coordinates,0
7727,"How do metal ions acting as enzyme cofactors ""find"" their respective enzymes?",1
2234,Is every perfectly normal space submetrizable?,0
1545,When is a Quotient Ring equal to the Zero Ring?,0
5050,How to calculate or know by experiment the entropy of enzymes or protein?,1
2423,"If $C_G(H)=N_G(H)$ for all abelian subgroups, prove that $G$ is abelian",0
10765,Plot on a 2D grid a spherically symmetric function,0
10587,Analyzing a web access log to obtaining totals for requests,0
8879,Constitutive Dark Skin vs Facultative Tanned Skin,1
7610,circularizing DNA molecules?,1
4459,Vitamin A Deficiency,1
2121,"Null space of $T$ is {$(x,y,z,w)\in R^4:x+y+z+w=0$}. Rank of $(T-4I_4)$ is 3. Then minimal polynomial of $T$ is $x(x-4)$.",0
300,Is there an efficient systematic way to find relations between powers of Matrices?,0
8489,Can Stem-loop RT primer bind to the position inside mRNA?,1
4988,"Are all dead plant cells (that die to do a job), have secondary wall?",1
8636,"What is the main difference between ""Terminalia ivorensis"" and ""Bucida buceras""?",1
11132,PDA with more than one initial state,0
7346,What is the Baculovirus and how does it help in research?,1
11277,Shortest Path with a twist,0
5287,Sexually homologous traits,1
1973,The ideal generated by $X^{2}-Y^{3}$ and $Y^{2}-X^{3}$ is not prime,0
2179,"Prove that $2\int_a^b \int_a^x f(x)f(y) \, dy \, dx = \left[ \int_a^b f(x) \, dx \right]^2$",0
6492,Research from the early molecular genetics era that supported protein as the primary carrier of genetic information?,1
11017,How is the rule 110 Turing complete?,0
7898,Oxidation means inflamation?,1
2248,Closed range assumption in definition of Fredholm operators,0
8251,Are hormones antigenic?,1
3487,How do myosins cause myofibrils to be shortened?,1
5406,"Get ""DNA"" of one parent based on its children",1
9542,Does increasing k in a k-way set-associative cache always lead to a better miss rate?,0
909,WKB (perturbation) theory,0
9880,Is Binary search tree in 1D?,0
11428,"A monad is just a monoid in the category of endofunctors, what's the enlightenment?",0
11957,Converting a string to coordinates,0
4952,Help identifying an insect (I think it was an insect),1
10509,Algorithm for compressing binary data that can efficiently be partially decompressed,0
5439,How does motor nerve innervation determine type of muscle fibre?,1
6845,Why do physicians try to match HLA complexes for organ transplant?,1
6043,Are human bodies programmed to die?,1
5667,"How does a single-stranded RNA bind to a double-stranded DNA to form a ""triplex structure""?",1
9297,Porting x86 assembly that is used to increment a value,0
6259,Is this arthropod non-intrusive and recommended to be left alive?,1
3643,Are any organisms known to use meiosis I to create non-identical offspring asexually?,1
8288,Is fructose really a poison like alcohol?,1
1040,Is it possible to realize a general compact Riemann surface in $\mathbb CP^2$?,0
9390,Stream JSON from Azure Cosmos DB to browser in Web API,0
9033,Hardware resource Open/Close methods,0
254,Squaring a Riemann integrable function bounds the integral,0
3602,Can the restless leg syndrome may have been caused due to natural selection?,1
7404,Applying drugs to brain via scalp (transdermal),1
7996,What prevents the translation of the negative strand of negative-sense viral genomic RNA?,1
8295,"In cell division, are daughter cells identical?",1
6648,"biologically speaking, what's the difference between sleeping and just resting?",1
291,Calculating the covariance of two random variables,0
7905,What percent of biology study is dedicated to species-specific subjects like ecology and evolutionary biology?,1
2604,3 Variable Diophantine Equation,0
4502,How is randomness of the branch migration process ensured?,1
2639,Proof of Rank–nullity theorem,0
10089,Is Green's the best 16-input sorting network so far?,0
9820,Why is $BPP$ closed under complement?,0
10180,Time complexity for the 'Restore IP Addresses' problem,0
10791,Do Karnaugh maps yield the simplest solution possible?,0
9150,Read integers from coupled lines in a text file,0
6263,Are drones from one honey bee queen all clones?,1
2217,Solve two equations simultaneously that include $e^{f(x)}$,0
5599,Development of radial symmetry in starfishes and other animals,1
21,What's the explicit difference when looking at Differential Equations vs Stochastic Differential Equations?,0
9427,Size of order-preserving minimal perfect hash family,0
6408,TBX3 Protein structure and function,1
6842,Which came first: The Chicken or the Egg?,1
9319,Searching a nested data structure for 2 attributes,0
8740,Are drug-gene interactions predictable?,1
2010,What does the Ascoli-Arzela theorem usually refer to?,0
7604,How does inorganic phosphate inhibit alkaline phosphatase?,1
7810,How do I read an RNA expression pattern?,1
5461,Can anyone explain in a simple manner what is Fourier shell correlation (FSC)? And how is the conversion from 1D to 3D FSC?,1
1927,contour integration $\int_0^\infty \frac{dx}{x^p(x^2+2x\cos{\phi}+1)}$,0
2884,Understanding the Beta-function,0
5554,What are the differences and similarities between fimbriae and adhesins in microbes adherence factor?,1
490,"$2(a^8+b^8+c^8)=(a^4+b^4+c^4)^2$ if and only if $a,b,c$ are the lengths of a right angled triangle",0
7382,Sequence based method for prediction of continuous B cell epitope,1
3871,Mating types in fungi (and somatogamy),1
218,Find a suitable counterexample?,0
3095,What is the evolutionary or biological origin of apathy and indifference. Is it uniquely a human thing?,1
8828,Is it possible for a human being to live on a different day cycle?,1
10167,Asynchronously extract title from URLs using Python,0
1533,Probability of rolling 3 sixes in 6 rolls,0
969,Expanding the square in the variance,0
6622,Is spiders building webs on plants an example of mutualism or commensalism?,1
7983,What happens in your brain when you receive information which causes you to bristle?,1
5139,What is the effect of the wavelength on the spectrophotometric measurements of protein?,1
686,prove the formula and then evalute the sum,0
11697,Why AKS primality test is called polynomial?,0
5218,Possible Genotypes -- Linked Genes,1
326,Help to solve and understand Simultaneous equations.,0
1765,Is this possible: ( neg X AND Y) OR neg Z  (neg X OR neg Z) AND (neg Y OR Z),0
10359,Using pumping lemma to prove irregularity of regular language - what is my error?,0
3588,Exclusion Limit and permeability of outer membrane,1
11981,Finding users who liked a post,0
4827,Are there any small peptides with protease activity?,1
2281,Generalizing Green's Theorem,0
3627,Why hypothyroidism causes body ache?,1
3907,Why more than one chromosome in an organism?,1
2252,"Number of ordered sets of positive integers, whose sum is n",0
10599,Renaming Files and/or Directory,0
7829,What are an internal and external exons?,1
3856,Is this ventricular tachycardia?,1
1301,Pick $\alpha$ such that the spectral radius is minimized,0
8568,Producing a genetically modified animal with cell walls,1
1654,Legendretransformation of convex function in 3 dimensions,0
11022,Lazy prime counting function,0
11798,Simple Caesar Cipher in Java,0
4090,PCR amplification and error propagation,1
7668,Pippin prep kits - expiration date,1
7718,"""Immortal Genes"" common to all organisms?",1
3025,What small insect is this?,1
3745,The evolution equations under different year classes of a age-structured model?,1
6844,Can anyone identify this garden orb weaver spider?,1
2691,Reformulating problem with 'at least one of the following constraints must hold' to an integer programming problem,0
5093,Explanation of universal model of energy flow,1
10732,Twitter scraper using tweepy,0
9107,QVSquareLayout implementation for Qt that makes all internal items to be squared,0
9180,NP-completeness of a problem with pretty fast algorithm,0
5739,How is it possible for a new species to evolve?,1
6706,What evolutionary mechanism caused felines to develop purring?,1
4057,Mixed-mating plants: is the number of mixed mating plants supposed to be trivial?,1
6098,What advantages do birds gain when they mimic other bird species calls in the wild?,1
6860,Under what circumstances will a human neuron divide?,1
1919,Integration of $ \int x^{2} \sqrt{2x-6} dx $,0
8216,How fast can a human run?,1
573,"It is known that $\lim f(u_n) = 2$, what is a possible value for $u_n$?",0
7198,Are plants actual oxygen factories?,1
6910,CO2 availability to phytoplankton in oceans and climate change impacts,1
4268,Do disaccharidases require a cofactor or coenzyme to function?,1
6157,Why people don't harvest Locusts when infestation happeds?,1
6460,Can bacterial RNA be degraded at -80⁰C in a SDS solution?,1
7376,Help me identify this Bug species,1
279,$P = I − uu^T$ when $u$ is a normalized vector (subtraction of scalar from matrix),0
6741,What is working definition for female infertility?,1
7502,Affinity Column of membrane bound receptors,1
8888,How is a T lymphocyte specific to an antigen but not specific to an epitope?,1
2498,Minkowski's and Holder's inequality confusion,0
3977,Laurasia and Gondwana,1
10325,"The proportion of halting programs vs non-halting programs, of decidable programs vs undecidable languages",0
8538,How does coconut water solidify into hardened coconut meat?,1
9392,Remove points in a straight line,0
3578,"Why ""Having chlorophyll without photosynthesis is actually very dangerous"" and ""like living with a bomb""?",1
2596,What's the sum of $\sum \limits_{k=1}^{\infty}\frac{t^{k}}{k^{k}}$?,0
2329,Parametrization of a sphere,0
47,How many bits does a digit have? (when the base is not known),0
2102,Lower bound for the 'de Polignac constant',0
3597,Is there any reason for the variation in mitochondrial DNA size?,1
6818,what is the meaning of VIP-cre::LSL-TOM::SOMGFP(GIN) mice?,1
11372,Fill a list of 2 lists from split string,0
6850,Do human somatic cells have 46 chromosomes all the time?,1
5134,Mutation in pre-mRNA sequence,1
6388,What is in the space between neurons in a brain?,1
796,Use the Sequential Continuity Theorem to show that the function $f(x)$ is discontinuous at $x = 0$,0
6258,"How do chromosome pairs get ""paired up"" for protein synthesis?",1
4337,What are the constraints on an operon?,1
4453,Does drinking alcohol having UTI may help to kill the bacteria?,1
5452,Is Near-infrared focused light safe for your eyes?,1
9944,Assembly Nasm Bootloader x86,0
8979,Gene located on Which strand? Want reference.,1
1762,Double mapping cylinder- a point set question,0
610,diagonalizable matrix,0
2145,Equivalent statement of AC or not?,0
7113,Recommend good conversational books to learn about cell and developmental biology or biochemisty?,1
24,Which cell in a grid a point belongs to?,0
1671,Use strong induction to show for every positive integer n that if $p|a^n$ then $p|a$,0
11780,understanding constraint satisfaction problem: map coloring algorithm,0
615,"Solve $z^4 = 1$ for all $z$ , Hence or otherwise, solve $z^4 =(z-1)^4$",0
8663,Do both Carbamazepinum and Lamotriginum increase glutamate threshold?,1
4256,Why so fewer birds in the yard come late summer and early autumn?,1
8757,Do chickens always lay eggs?,1
4222,What is the general mechanism behind perfusion PET imaging,1
8186,How are cardiac cells connected by intercalated discs?,1
3582,What do nerves have to do with feeling nervous?,1
4461,"If a receptor is inhibited throughout embryogenesis, could there be observable phenotypic differences in the adult?",1
907,Canonical homomorphism between $K/\mathcal O_K$ and $S^1$,0
484,Calculate the mean and variance given a random variable of a beta distribution,0
1360,Basis of Kernel of a matrix,0
10085,"How to show that if a relativized PH collapses, then PH collapses itself",0
11623,Can a DTM simulate an enumerator E?,0
8936,"What exactly is ""lateral septum""?",1
1467,What is the intuition for why row reduction can show linear dependence,0
10523,List nearby bluetooth devices as well as devices in the database,0
5416,"Is it appropriate to say ""selection of"" or ""selection for"" an allele that evolves by genetic hitchhiking?",1
10025,Print max no of recent duplicate words,0
861,Solution to a linear system,0
8373,How to select a microscope for deep microscopy? Specifically for Deep Learning/ML model development,1
1496,Sequential compactness of unit ball in $B(X)$,0
967,logically prove: $R$ is Relation $\to R\subseteq\operatorname{dom}(R)\times \operatorname{cod}(R)$,0
11138,Implementation of Dijkstra's algorithm in Python,0
10942,choosing right neural network architecture and input features,0
9481,Is this a good/safe way to convert enums?,0
11737,the correctness of 2-satisfiability problem algorithm by using implication graph,0
7641,How do viruses provide selective advantage,1
9549,Lexicographic permutation list,0
1494,Is every Hausdorff homogeneous space also regular?,0
3235,How are we able to selectively inflate our cheeks?,1
9048,Can loops like this one be algorithmically transformed into multiplication,0
2436,"Let $T \in L(\mathbb{R}^n,\mathbb{R}^m)$. Prove that $T$ is differentiable at every $x \in \mathbb{R}^n$.",0
5559,Is the function of adjacent genes correlated?,1
4992,Confusion about the construction of the rat's mental map,1
1039,Limits of nth-root on various sequences,0
8945,Can any glider incapable of powered flight strike its prey by descending on it?,1
3629,How do poiklotherms survive at different temperatures even though enzymes work at specific temperature?,1
10836,Generic Graph Traverser,0
10340,Create new columns depending on the columns in a table,0
2793,Say ${\{X_t\}}_{ t \geq 0}$ is a Poisson process with rate parameter $\mu$. What are $\mathbb{E}[X_1|X_2]$ and $\mathbb{E}[X_2|X_1]$?,0
4132,"Why cooking make foods , e.g rice, vegetable etc, soft?",1
6313,Which organism has the smallest genome length?,1
2957,$\mathbb{B}^n$ has the fixed point property $\implies \mathbb{S}^{n-1}$ is not a retract of $\mathbb{B}^n$,0
1249,Best polynomial approximation of a partially constant function,0
6300,Can a color-blind person see color with filter glasses?,1
5865,"What are the olfactory chemicals in whiteboard/permanent markers and what do they bind to in the nose, lungs, and brain?",1
5383,why selecting cells after gene editing with CRISPR Cas9?,1
2727,Common Factor in Matrices?,0
4288,Difference between pulse coupling and diffusive coupling In biological oscillators,1
1271,Faulhaber's Formula proof,0
8844,Are both B and Y ions required to determine the sequence of a protein by mass spectrometry?,1
101,"If two smooth paths are equivalent, does it necessary mean that they connect the same two points, or just that their traces are the same?",0
5907,Sitting in a closed room filled with regular air - for how long will the air last?,1
5805,Can translocation occur within a gene?,1
7819,Why similarities among organisms led scientists to believe that organisms are evolved?,1
3576,Why are there no WINGED flying arachnids?,1
5190,"If one endures the same form pain over a long period of time, would the pain begin to lose intensity?",1
3754,Database of Medical Assertions,1
131,Topology - A definition of the closure of a set,0
3682,Does the apical bud grow back after being removed?,1
11067,Most occuring digit in an array of numbers,0
6495,Heart failure and pleural effusion,1
10751,How can Turing machines loop forever given that the input is finite?,0
2818,Image of a nonmeasurable set.,0
10959,Finding k largest (or smallest) elements in an array,0
4576,Can the human eye axial length decrease?,1
958,solving a differential equation which I don't quite understand,0
10395,Hashtable vs cache-oblivious,0
11234,Is the halting problem a matter of an encoding scheme ?,0
3424,Bioenergetics and equilibrium,1
7398,Curious about Brazzein,1
5574,How do trees lift water higher than 10 meters?,1
7844,How do I test if microbes have survived after dehydration?,1
9585,Split function using C and dynamic memory allocation,0
8117,How are the axons in the white matter bundled?,1
4281,Could You Boil Water from Blood?,1
7254,identification request - medium size fly invasion,1
8090,What kind of spider is this (reddish spider)?,1
35,Is the sequence of functions $f_n=\sin(nx)$ equicontinous in $\mathbb{R}$?,0
9599,How not to solve P=NP?,0
3845,Does Pasteur's experiment contradict an origin of life?,1
1750,Factorization of Symmetric Matrix,0
5241,Where does an organism store reserves of amino acids?,1
17,Subadditivity of betti number of pairs of spaces,0
9358,Listing books by priority,0
662,Poisson process with circles,0
4064,How do ribosomes contribute to their own synthesis?,1
4801,Why does ionizing radiation cause only DNA double strand breaks?,1
2825,"Translate into first order logic: ""$a, b, c$ are the lengths of the sides of a triangle""",0
6094,Colormetric assay for a phenol product?,1
7579,Plasmid specific DNA degradation,1
10881,Math term for Associative arrays/Maps/Dictionaries,0
6293,Cell growth conditions for preparing electrocompetent cells,1
9052,Shortest regex search and sum for integers,0
7746,"How do I stimulate a neuron extracellularly, specifically the sphenopalatine ganglion",1
10102,Comparing two images,0
4661,What is the name of this thorny plant?,1
4898,"How does smoking, an environmental factor, cause cancer, fundamentally a genetic disease?",1
9834,Isprime Android app with kivy,0
5397,How does intron retention make the alternative transcript non-coding?,1
11011,Self populating view models,0
393,L'Hospital's Rule for the indeterminate form $0^0$,0
274,"If $V$ is an irreducible group representation over a non-algebraically closed field $F$, what's $\dim_F\, (\operatorname{Hom}_G(V,V))$?",0
11525,What is wrong with this reduction from vertex cover to binary programming?,0
9845,Applying Case 3 of Master Theorem to $T(n) = 9T(n/3) + n^3$,0
6222,Effect of paracetamol or any antipyretic tablets,1
5216,Why don't housekeeping genes have TATA Box regions in their promoter sequences?,1
1544,Inclusion Exclusion Probability Proof Using a Partition of the Space,0
5796,What is the highest pressure at which plants can survive?,1
6599,Is 100% antibacterial resistance possible?,1
6897,What is the benefit of fever during infections?,1
7105,"What factors, other than its homochirality, make our ""brand"" of biology unique?",1
11010,Python OOP shopping cart,0
8725,Why are some bird hybrids fertile?,1
10941,Whiten black contours around a skewed image,0
7359,Does all of life on Earth use the same DNA compounds for all species?,1
1297,under which conditions we can say that $Z/mZ \times Z/nZ = Z/nmZ$,0
5885,Does the use of RNA as a primer affect the accuracy of DNA replication in E.coli?,1
4531,Why does NAD+ become reduced if it gains a hydrogen proton?,1
11123,Can you multiply complex 2x2 matrices in fewer than 21 real multiplies?,0
847,3D graph of a function - its projection onto xy plane?,0
9598,Do recursive algorithms generally perform better than their for-loop counterpart?,0
2110,"Closed form of $\sum_{r=1}^a\frac{1}{r(n-r)}$, where $a<n$",0
987,"Exercise $2.3.2$ of Grafakos, Classical Fourier Analysis.",0
2795,An elementary question about integers and fractions,0
176,is every antiderivarive an integral?,0
11806,PHP program to generate random phone number,0
3954,Oldest Triceratops fossil,1
6668,How does Acetaldehyde accelerate mitosis?,1
1030,HAKMEM 39: Repetition-less digit strings,0
7687,What is the protein sequence taken as input in the Path-A prediction system,1
11860,Create and print a tic-tac-toe board,0
4190,Turn off multithreading in pymol,1
1572,Find real s.p.d. matrix $C$ to which there is no real $F$ with $F^{\sf T}F=C$,0
410,"Using Smith normal form to find basis of $K=\langle (2,4,1),(1,3,2),(1,1,1)\rangle\subset\Bbb Z^{(3)}$. Is the decomposition unique?",0
8147,Are genes known or at least conjectured to evolve cyclically ?,1
5872,What is one Botulinum toxin medical unit?,1
4863,Where can I get numerical data for the PAR (photosynthetically active radiation) curve?,1
4698,How does the molecular machinery choose where to cut a chromosome for recombination?,1
2384,A trace inequality with epsilon in Sobolev spaces,0
5267,What is a good non-fluorescent DNA dye?,1
11139,Are there any NP complete problems in SUB EXP TIME?,0
6378,"Does this equation have a typo? (Systems Biology, singular value decomposition)",1
8711,What does the human body use oxygen for besides the final electron acceptor in the electron transport chain?,1
9703,Big-O notation for the given function whose runtime complexity grows faster than the input,0
53,Which one is better to minimize SSE or MSE in ADMM?,0
1888,Let $B$ be a non-empty set. Is it possible to construct a vector space $X$ whose the elements of its base are the elements of the set $B$?,0
155,Showing that there is a $\varphi : U \to \mathbb{R}$ such that $y_0 = \varphi(x_0)$,0
3117,What is the role of glucose in plasmid isolation?,1
11362,Input group with flex box,0
5615,Which is the proportion of metagenomics reads that cannot be mapped in any genome?,1
8244,"Source for 'EVERY living organism uses ATP as energy carrier', and can we make a synthetic one that doesn't?",1
6585,"How much does a typical biologist know about signal processing, machine learning, and (theoretical) computer science?",1
2307,Proving $\sqrt{p} \notin Q$ using slightly different steps.,0
4914,What is the another use of de Bruijn graphs in bioinformatics except DNA assembly?,1
2841,Who made now part of the problem?,0
1875,"If $|G|=24$ or $48,36,56,72,80,90$ or $96$ prove that $G$ is an abelian or simple group .",0
10877,Get the value of the precedent day in a pivot table,0
1200,Which of the following options is true?,0
9428,Where does the lg(lg(N)) factor come from in Schönhage–Strassen's run time?,0
2293,Inclusion–exclusion principle (about intersections),0
9334,constant sized circular (ring) buffer,0
4356,Stabilizing forces between the protein sequences?,1
2500,Proving limit of a complex function,0
7849,Breeding laboratory mice with cancer; how does this work?,1
1870,Angles of lines tangential to a circle,0
8239,Do effects of caffeine on human body change with habitual use?,1
10945,Difference between Lamport timestamps and Vector clocks,0
6348,How to check if a population density obeys replicator dynamics,1
1793,"Given a set of nonnegative numbers, put $\pm$ between them to minimize the magnitude of the result",0
1748,what's the real value of $\sqrt2^{\sqrt2^{\large \sqrt2^{\sqrt2^{\unicode{x22F0}}}}}$?,0
5164,Question about cutting gene in Plasmid,1
570,variance of multiple varibales,0
1586,Estimate total distance using Riemann sum based on data table,0
2784,Finitely $\mu$-measurable sets are the closure of elementary sets,0
11198,"What does the structure ($S_t^x P$) in this Existantial Instantiation imply, Skolemization?",0
8762,Should I dilute DNA with water or elution buffer?,1
8733,Mathematics for genetics,1
7142,How have single-celled organisms learned to survive?,1
5963,DNA of cellular organelle,1
1525,What are some research problems that fit as a good candidate for undergraduate research?,0
3507,Is it a valid generalization that kinases catalyse reactions involving energy transfer and utilization?,1
415,Vector: Vector properties?,0
9218,Restricted version of vertex cover,0
5989,Is half-a-tablet of X a substitute for a tablet of X/2?,1
5505,Does the pyloric sphincter contract after ingesting only liquid?,1
10792,Find a particular connected graph within a complete graph keeping all vertices,0
6550,SNPs in the Human Genome,1
9196,Cocke-Younger-Kasami (CYK) algorithem for the word $baabb$,0
446,Moduli of Riemann surfaces (genus g curves) is a variety.,0
5813,Prolactin and Dopamine throughout orgasm?,1
10125,Reading a web page with Python,0
7695,Is there any format for official Physiological/Medicine answers?,1
1691,How can I derive differential equations for polar coordinates based on these equations?,0
6983,How many atoms has the smallest known bacterium?,1
4473,What is the structure of heterochromatin?,1
5362,To have TBE vaccine during allergic times with mild asthmatic symptoms?,1
727,"Show the Hermitian matrices, with trace(g*g1,1)=0 form a vector space.",0
3932,What is the effect of a pure-oxygen environment on a plant?,1
3411,"What is meant in biology by the term ""evolved""?",1
9264,Prove that if for every vertex in $G[U]$ there is an edge in to every vertex in $G[V-U]$ then there is a path from every $u$ to every $v$,0
5469,Can human perception differentiate between monochromatic and polychromatic light?,1
9901,Does an insecure router bypass the privacy guarantee of a VPN connection?,0
665,Best approach for Undecidability proof,0
7488,Interpretation of faint band for Linear Array HPV Genotyping Test,1
363,If $P_n(1)=1$ calculate $P'_n(1)$ in Legendre polynomials,0
429,Extending holomorphic function,0
5889,How does a smoker's finger or mustache get yellowish by nicotine?,1
2719,Calculating sample variance,0
6052,Why does tetracycline have such a broad spectrum of activity?,1
7928,Why we aren't making Darwin's theory a Law,1
880,Please help me understand Analytic Density $\lim_{\sigma \to 1^+}\frac{1}{\zeta(\sigma)}\sum_{n \in A} \frac{1}{n^{\sigma}}$,0
1861,Trigonometric equation $\cos (5x) = \sin (x)$ - How to find $5x$?,0
6137,"What to do if microarray t-test, ANOVA, SAM and LImma show various selected significant genes?",1
10004,Parse heterogenous JSON array,0
1245,Solve $|a^H v | = \|g\|$ to $v$,0
611,Proving a logical implication using modus ponens and metatheorems,0
2602,Continuous function on $\mathbb{R}$ which is constant when $f(x)=f(x+1)=f(x+\pi)$,0
3249,Is it possible to graft plants from different families?,1
684,"$\lim \frac{x}{\sin x} = +\infty$ or $-\infty $ as $ x \rightarrow (n\pi) , n \neq 0$ is a wrong statement.",0
9456,Select Top N elements nested objects,0
2932,Showing that a map is not an isotopy,0
5154,Discrepancy in time for genetic differences between human and chimpanzee to accumulate,1
5874,Ideas for microbiology lab. Antimicrobial properties of cutting boards,1
10250,Lowest common ancestor in recursive tree traversal,0
1713,Prove the following integral inequality: $\int_{0}^{1}(f''(x))^2dx\ge 1920\left(\int_{0}^{1}f(x)dx\right)^2$,0
785,Inequality of polynomial on neighbour quadrilaterals,0
7232,Below which temperature human muscles don't work?,1
9464,Understanding definition of NP and co-NP,0
1535,prop 2.19 (ii)=>(i) of Atiyah Macdonald,0
88,Does convergence of means imply convergence in mean?,0
4400,How loud a sound would need to be to wake someone up?,1
5815,Minimum and maximum exposure to virus,1
5650,"In oscillometric blood pressure measurement, why do we assume that highest oscillations correspond with mean arterial pressure?",1
319,How to prove prime power factorization is square free,0
9794,Summation and big theta,0
10845,C++ Shared_Ptr implementation,0
8479,How does a plant cutting develop roots?,1
2066,"L. C. Evans, weak convergence in Hilbert spaces of bounded sequences",0
10443,Speed up script that calculates distribution of every character from user input,0
10284,API for value boxing and unboxing,0
11985,Indentation based Grammars,0
6244,Linker DNA and Genetic Expression,1
3355,How does one calculate the amount of oxygen produced by trees?,1
2147,Help understanding math notation,0
2211,Representation of a group on a vector space induces a representation on another representation space?,0
10839,Why do servers use ECC memory?,0
8880,How is Na concentration re-established after action potential,1
4309,"Eating rarely but a lot, or often but little",1
7042,Is the fixation rate always equal to the mutation rate for neutral alleles?,1
5906,Speed of molecules in human cells?,1
703,mgf and exponential family,0
11980,Idiomatic Clojure? Performant & functional enough?,0
2646,Find the solution of ODEs sytem with periodic function,0
4294,What are the binding sites (or receptors) of cortisol?,1
10739,Regular expression for string with substring 010 and ending with 01,0
6145,Is arachnophobia connected to lower immunity against spider toxins?,1
3742,Why did the indigenous peoples of northern Asia and America not evolve the same physical characteristics as people of Nordic ancestry?,1
3949,How different is breathing in wildfire smoke in urban areas compared to sitting by a campfire for a night?,1
6824,Additive genetic variance with $n$ loci,1
382,Uniform convergence of functional sequence $f_{k}=\frac{1}{k^{3}}\ln(1+k^{4}x^{2})$,0
10922,Programming a simple clock,0
4961,What is this hummingbird-like insect?,1
6819,Is the six-layer cortex model of the mammalian cortex still the most accepted model?,1
9265,time complexity when power is involved in iteration,0
459,Prove or disprove: if $f(n)=O(g^2(n))$ then $2^{f(n)}=O(8^{g(n)})$,0
3758,Blood draw from the elderly or those with tiny veins,1
7095,Movement of stem cells from mother to fetus,1
3090,"Genomic DNA extraction protocol by salting out with NaCl, how to improve yield",1
10336,"C++ cleaner optimised code, Calculator",0
8749,Why do the brains of cocaine-users shrink faster than the brains of non-cocaine users?,1
9360,Platform game rendering method,0
8317,"How do multiple replication forks function without 'colliding', and what is the benefit of this method?",1
7646,Understanding different genetic terminology - Genotype vs SNP,1
6207,Cloning a gene of an organism with an nonsequenced genome,1
2683,Over the reals the intersection of the orthogonal and symplectic groups in even dimension is isomorphic to the unitary group in the half dimension.,0
5026,Left-handedness and Right-handedness - Are they genetic?,1
4783,Calculation of water potential,1
1444,partial differentiation or total differentiation?,0
434,Positive and negative parts of a standard normal random variable,0
3199,Identification of Jumping Spider Species,1
8763,Can all biological processes be understood as computations and studied as such?,1
11631,RC4 implementation in Go,0
7067,Are plants really oxygen neutral?,1
10722,Word comparison in Python,0
1755,Norm given by infimum on Vector Spaces,0
7091,Plants with no chlorophyll,1
2549,How many integers satisfy $(n-3)(n+1)=\phi(n)\cdot \sigma(n)$?,0
2181,How many members of a group can be generated by 2 elements?,0
1095,A question about current and Dirac measure,0
6065,Why does smoking change the human voice?,1
5033,How does gene affect organs development in eukaryotic cells?,1
7419,How does electrolarynx work?,1
5677,Is Protein-to-DNA ratio a good estimate of cell size?,1
1185,Trivial induced representation and the Frobenius Character,0
11283,A simple lotto game in Python,0
6891,"Bee Identification, Rochester NY",1
9263,"Can the edges of a graph be assigned directions such that all nodes in a given subset have in- or outdegree 0, and every other node indegree > 0?",0
7592,Why are there species instead of a continuum of various animals?,1
2954,Limit with Stolz-Cesàro theorem: $\lim\limits_{n\to \infty} \frac{1+2\sqrt2+3\sqrt3+\ldots+n\sqrt n}{n^2 \sqrt{n}}$,0
1779,"Area of annulus $dA = 2\pi r \ dr$, is it a coincidence that $\frac{dA}{dr} = 2\pi r \implies A = \pi r^2$?",0
10841,js oop best practise,0
11520,Optionally disabling a call-tracing decorator in Typescript,0
1511,Is there a simple formula for an ellipse centered at an arbitrary point in the polar coordinate system?,0
2859,The maximum of $\frac{1}{(2a+b+c)^2}+\frac{1}{(2b+c+a)^2}+\frac{1}{(2c+a+b)^2}$,0
4921,Does Doxylamine have any Influence on the Monoaminergic System?,1
5979,"How to select genes before log2 ratio on a RNASeq gene expression matrix, based on signal median",1
4063,Movement of sperm to the egg,1
2364,Simple Linear Regression,0
840,Using induction to prove $a_n >2^n$,0
10194,Most frequent integer in a list,0
10855,Finding index of $p_{k}$ element in the original sorted array if elements were to be removed using a specific condition,0
2174,"How to understand why $x^0 = 1$, where $x$ is any real number?",0
2245,Why does the power rule work?,0
9839,"Number of ways painting graph in two colors, such that two nodes of same color are linked by edge",0
7356,More proteins from diet when common cold and flu?,1
236,Non-linear functional form satisfying $g(x-y) = \frac{g(x)}{g(y)}$.,0
7085,Is this spider venomous?,1
9163,Diamond kata in JavaScript,0
1534,Can we calculate directly the curve integrals?,0
8024,Succulent weed identification,1
350,Applying Ferrari's method to a quartic,0
2227,How many insignificant digits need to be used to calculate a number accurate to the same number of significant digits?,0
3209,To define the total Resistance of Systemic Blood Circulation,1
8544,Oxygen in the earth’s atmosphere,1
6737,How are ketone bodies used?,1
5774,"Does the brain process sound in ""clips"" or ""frames""?",1
4720,"Is there a hypernym for enzymes that ""cut"" other molecules?",1
2948,Questions about $\ln(z)$ recurrence and fixed points.,0
2536,What trig identities must one know to derive the others?,0
2381,Diffusion equation issue,0
11141,if $DSPACE(\log^2n) \subseteq NTIME(n^2)$ is $DSPACE(\log^3n) \subseteq NTIME(n^2\log n)$?,0
7112,Is there a certain environment where all cellular functions (or at least some) increase their rate?,1
6461,Guide to learning about Population biology / ecology / dynamics for a non-Biologist,1
9685,Simple Text Prediction,0
11848,Write a function to determine whether an array contains consecutive numbers for at least N numbers,0
7690,Can someone help me identify this Ficus plant?,1
8054,Cell life: division for immortality or reproduction with aging,1
10952,Find the sum of all digits that match the following digit in a circular list,0
644,Basic probability counting,0
9977,Outlook VSTO: Fastening email loop on a large pst file,0
2835,How to find explicit quadratic equation for a sequence of terms,0
11435,Computing the correlation of an analyzed stock ticker,0
1506,$\| X'(t) \| = (\| X(t) \|)'$,0
3449,Virus Mortality Selection,1
6537,Where can I find extensive information on animal blood types and transfusions?,1
964,Calculating Fourier Transform of $e^{-a|x|}$,0
7686,Skin porosity in glans penis when erect,1
7369,Do cold blooded animals generate any heat?,1
2840,What does it mean for a subbundle of a vector bundle to be well-defined?,0
4812,Merge several .ab1 sequence files into a single FASTA file?,1
9610,"How to find number of permutations of 1-N length, each [1-N] with k values",0
8328,What's the lowest atmospheric pressure a tardigrade can remain active in?,1
248,Linear transformation - basis/standard basis/linear independendence,0
10133,NP-Hardness of Hamiltonian cycle with $|V|$ divisible by 3,0
700,"Why $[0,1]$ is connected",0
7760,Possible to Gain More Weight than the Food You Eat,1
10447,Is this way of handling events in a Xamarin project memory safe?,0
10818,Find Users by Most Badges,0
11746,Tree node filtering with List,0
7680,Is fever a disease or not?,1
8892,Action potential changes in low sodium concentrations but constant osmotic pressure,1
1800,L^1 norm and L^2 norm of tensor product of two vectors,0
3750,Encephalitozoon cuniculi,1
7055,Can animals absorb atmospheric sulfur?,1
7100,Has it been confirmed yet that the DNA found in dinosaurs was really DNA?,1
1862,Does a Venn diagram need a Universal set?,0
10390,A c++ classs for recording audio samples,0
9862,Dynamic programming solution for cross river algorithm (part 2),0
2517,What does $\sigma(v(t))$ in a Langevin equation refer to?,0
11870,Either monad in C++11,0
9869,P-Completeness and Parallel Computation,0
5903,Do Marsupials have a standard classification system for their blood groups?,1
8633,How does guanidium denature DNA?,1
1811,help with differential equations and local minimum,0
2347,Recursive function's value between iterations,0
6117,Which database has the ready made 16S rRNA Multiple Sequence Alignment File that I can download directly from?,1
8350,"Does body absorb nutrients less efficiently if we ingest the same amount at the same time, opposed to spreading over a larger period?",1
500,Gaussian Process Regression with known observation error,0
6634,"With humans, is being transgender innate, or caused by social factors?",1
3150,"Mariana Trench fish ""how they can thrive under that extreme water pressure is still a mystery""",1
7880,Do artificial light sources cause enough fatalities in light-attracted insect species to cause eventual extinction?,1
3234,What is a good Microbiology atlas for Bacteriology as online version?,1
10048,Javascript run length encoding algorithm,0
9197,Dynamic Routing PHP MVC,0
2279,Check whether the statement true or false?,0
8535,Action Potential Distribution On Synapses,1
3114,How does the bladder transition from releasing urine at night to being able to hold urine at night?,1
5764,Parallel DNA double-helices with Watson–Crick base-pairing: Why do they not occur?,1
5690,Do voltage-gated channels in a neuron use ATP,1
10084,"Concatenate function arguments with ""AND"" string if they're not None.",0
6563,Is pathlength correction vital to be included while quantifying protein,1
4830,What are flagged primers?,1
9153,Equivalence of PDA and a counting PDA,0
1366,Topology problems on closure of a set and limit points,0
10274,Changing from Kernel mode to User mode (and vice versa),0
576,continuation of finite additive measure,0
10697,C++ Interrupted Bubble Sort,0
11243,Why does converting a NDTM to a a DTM result in a higher time complexity?,0
8932,How can electric fields inhibit tumor growth?,1
1801,Physical meaning of limit,0
8156,"External ""lungs"" that process your blood the same as your real lungs do - would that stop your need for breathing?",1
5146,"Is it possible to have undamaged healthy cell, that is dead?",1
1048,Find basis and dimension of vector space over $\mathbb R$,0
7207,"How could be the ""Eurasian magpie"" bird won the ""Mirror Test"" where Gorillas failed",1
3221,How do we know if the folding@home project results are right?,1
1676,What does $p+q=k$ mean in the index of summation?,0
1876,If $\lim_{|z|\to \infty}\frac{f(z)}{g(z)}$ exists then either $f\equiv0$ on $\Bbb C$ or $f(z)\not =0$ for all $z\in \mathbb C$.,0
1433,Help with Markov chain involving matrix diagonalisation,0
9779,Check Cycles- On adding an edge in DAG,0
2167,Dealing with correctness of probabilistic algorithms,0
6508,Loss of taste and smell during a SARS-CoV-2 infection,1
8259,Regarding tumors and their developement,1
5875,Endogenous retroviral insertions as evidence for evolutionary relationships among primates,1
11026,Ruby code to parse and analyze social media stats in json format,0
5638,What type of fish is this,1
6945,Can inhibition of lymphocytes migration be a direct cause of chronic inflammation?,1
5482,Gibson assembly using NeBuilder,1
7782,"When did animals begin to ""parent""?",1
7526,"If a hand was suddenly chopped off while holding something, would the severed hand still hold a grip?",1
1499,"Particular sequence in $L^2[0,1]$ that fades at $\infty$ in $L^2$ norm and whose limit is not defined $\forall$ t",0
4840,Can a dead tree root still draw water?,1
8517,Rosemary room temperature at winter,1
11464,Using exceptions inside CakePHP controller actions to simplify flow,0
58,How to prove the result of summing the divergent asymptotic sum for $H_n$?,0
6501,How can birds keep their eyes moist during flight?,1
5170,Does the deletion of Chromosome 20 cause immunity against prion disease?,1
9852,Django Unified Method for Deleting Instances of Any Model,0
79,Differential equations and Kalman filters,0
2924,Chinese Remainder theorem with non-pairwise coprime moduli proof,0
8217,How can one measure the effect of a stem cell's matrix on the progeny of that stem cell?,1
11940,Converting unsigned integer value into byte array,0
7147,How long human can survive with just drinking water everyday,1
5547,Difference between PCR for linear template and a plasmid?,1
3223,marine animal tracking databases,1
9690,Retrieving OS Platform .NET Core,0
3183,Can you please help me identify this insect?,1
747,Probability of Jamaica winning at least 2 medals on the 100m finals given that they have 3/8 competitors?,0
8942,Effect of the Marcus Theory on Photosynthesis,1
2221,Can anyone help me with this indefinite integral?,0
9638,Evaluation function for minimax/alphabeta algorithm for Tic Tac Toe AI,0
8824,Is the human ovum visible to the naked eye?,1
5732,DNA strand displacement and Branch migration- the same or different or interrelated?,1
6578,Why is Aorta sometimes called Compression chamber?,1
6822,A mathematician's confusion regarding parametric $t$ tests for gene expression data,1
9029,Safety of globalizing config data,0
3549,can auditory/ocular reflexes exist?,1
9438,Prime number generator exercise,0
7605,Have Polyphyodonts ever evolved from Diphyodonts?,1
456,Unit ball of Banach space remain closed in embedding,0
10761,Naive php web hook endpoint for use in a production environment,0
30,Question about rudin's proof of the change of variable theorem,0
2614,"Singularities, essential singularities, poles, simple poles",0
8303,To understand Second messenger signalling in I/c and E/c,1
7269,Chromosomally different D. melanogaster sperm,1
6562,genetic difference subpopulations vs movement rate,1
7598,Is the glucose produced from photosynthesis considered an aqueous solution when written as a chemical reaction?,1
431,Trig equation that fits the plot points (octagonal pyramid),0
4904,What is meant with “the chest wall and lungs are coupled together”?,1
3732,Why do high cholesterol levels result in a buildup of fat in blood vessels?,1
1402,"Unique solution to $x^4 + 7x -1 = 0 $ on $[0,1]$ (Banach's fixed point theorem)",0
10100,Use of Factory pattern — how to implement it,0
1294,dropping a particle into a vector field,0
188,Let $n=x^2+y^2$; $n=2^{2k}m$ or $n=2^{2k+1}m$ with $m$ odd. Prove that $2^{k}$ divides both $x$ and $y$.,0
5611,Can anyone identify these bugs in the soil?,1
5098,"Is a wild-type strain more ""fit"" than its mutant strains?",1
1427,Doubt with rank nullity theorem when nullity equals to zero.,0
3847,Are cell lines potentially dangerous?,1
10502,Is there any way to simplify this code,0
8721,All flowering plants gives fruits. Why does jasmine flower plant not yield fruits?,1
2789,Is a finite union of countable sets at most countable?,0
647,Is there always a stable position for a rectangular lawn table?,0
9395,Updating positions of enemies every frame,0
10127,Improving python3 processing speed (against a reference perl script),0
1718,The inverse matrix |${\delta}$| does it have an application,0
7026,Is it possible to accurately measure micronutrient levels with the blood volume from a Dermal / Capillary puncture?,1
9193,C++ Split string into a vector,0
5525,What is solitary flower?,1
724,Is a set bounded in every metric for a uniformity bounded in the uniformity?,0
7003,What is this fungus growing on tree stumps?,1
1469,Unstable solution for simple harmonic motion using dormand-prince and RK4 method,0
7434,Any simulations of four-winged dinosaur flight? (microraptors),1
444,"If $a+b+c=0$ and $\{a,b,c\}\subset[-1,1]$ so $\sum\limits_{cyc}\sqrt{1+a+\frac{7}{9}b^2}\geq3$",0
990,Distribution of arrival times of Poisson point processes,0
6883,Why do doctors use a new thread for each stitch?,1
9074,Linear regression on points specified by the user in a GUI,0
816,Unit square in a 2-sided square,0
5952,Seizures and blood pressure,1
1153,difference equation-numerical analysis,0
4887,Death because of no radio waves,1
191,"If $\gamma:[a,b]\rightarrow \mathbb{C}$ is a piecewise smooth path and if $\beta:[c,d]\rightarrow \mathbb{C}$ is a path that can be obtained from",0
9411,DisjointSet with O(1) find and O(1) amortised union,0
3053,How is nicotinic acetylcholine receptor recognized as self-antigen during lymphocyte maturation?,1
7878,Deletion of codons at the start of a sequence in preparation for heterogeneous expression. Why?,1
8743,What decides whether an ulcer/chancre is painful or painless?,1
8995,What would happen to a body in an astronaut suit over time if floating free?,1
6294,How to do Sliding 80mer Window search against a database with fasta,1
5105,How to interpret weighted Robinson-Foulds distance between phylogenies?,1
5011,Why don't we consciously know how our bodies work?,1
4737,Why is erythropoietin produced in the kidney?,1
10581,Figuring out the language accepted by a DFA?,0
1265,How to solve this differential equation: $x^2dy-y^2dx+xy^2(x-y)dy=0$,0
3553,Why is chemotherapy-related hair loss temporary?,1
8063,What are the reasons that soap has so different smell and flavour?,1
4624,How is protein cavity centre related to binding?,1
2383,Does $f:\mathbb{R}\to\mathbb{R}$ mean that $f$ maps to all reals?,0
11519,Convert size_t to big endian on Linux,0
6777,What are the function(s) of Alu elements in the cell?,1
4086,Multiplication to formalize Microbiological Processes,1
7714,NaCl role in CTAB - DNA complex in DNA extraction,1
7682,Do all living humans literally descend from one ape?,1
9964,Comparing algorithms to decode a String,0
10532,Recurrence Relation for Column Major Form of multidimensional array,0
8693,Why do ants live so long?,1
3028,What are null cells?,1
6876,What causes Paresthesia (Pins and Needles) at a cellular level?,1
8318,I need help identifying a bug,1
4076,Can we say the 'goal' of Mullerian mimicry is a 'decrease in the number of sacrificed indivials'?,1
4897,Immunology Book Suggestion,1
1598,Generating series of integers with a specified sum,0
1098,Complete weighted graph where every cycle is null-length,0
11644,Creating user accounts as an administrative user,0
6809,What will happen when humans are injected with plant growth hormones,1
11964,Proving an algorithm satisfies $\epsilon$-DP,0
199,Fix $n>0$. Is $\ln(x) \leq \sqrt[n]x$ for sufficiently large $x$?,0
317,Characterization of measurability by closed sets.,0
1071,Can someone guide me through this functional equation?,0
3513,Gestation period of African savanna elephants?,1
4984,Does GC content determine codon bias or does codon bias determine GC content,1
10256,Why does Kadane's algorithm solve the maximum sub-array problem?,0
1688,Looking for a geometrical proof,0
1165,Show that $\int_0^1 \frac{x\log x}{(1+x)^2} dx$ is Lebesgue integrable,0
6991,Is spliceosomal RNA called snRNP or snRNA?,1
7141,What would happen if you combined the world's deadliest diseases & viruses?,1
2587,Upper semicontinuity of $dim_k(m_y/{m_y}^2)$,0
2519,Is the statement $(\exists x\psi(x)\rightarrow\forall x\theta(x))\vdash \forall x(\psi(x)\rightarrow\theta(x))$ true in intuitionistic/minimal logic?,0
7290,How can chromatin state be measured?,1
11267,Basic user registration code,0
7344,Sleeping Pill Overdose,1
1446,Finding the derivative of a function looking at a graph.,0
10461,Locality sensitive hashing with non-scalal values,0
9441,Initial Algebra example,0
7162,A question about the clarity of certain terms,1
7355,Do housekeeping genes vary between tissues,1
7850,Time from stimulus to gene expression,1
7965,At what temporal scales do forest structures change?,1
338,How are spin network edges related to anti-symmetric projectors on the Hilbert space of the fundamental rep of SU(2)?,0
1845,Want to test the series for convergence/divergence $\sum_n \frac{\sqrt{n+1} - 1}{(n+2)^3 - 1} $,0
1035,Expected Value of a RV with CDF Containing a Break,0
11102,Party optimization: maximum weight independent set in a tree/graph,0
3726,Protein structures given in PDB and SNP's,1
2770,Convexity of $g(f(x))$ when $g$ is decreasing and $f$ is concave.,0
11481,Apply function to every subset combination and return square matrix,0
3747,Sampling of Species counting same member of species twice,1
356,$\lim_{r\to +\infty}\int_{\partial D_r\left (0\right )}\frac{e^{iz}}{z}dz=0$,0
1985,Orthogonal binary vectors,0
568,Rectangular prism optimization using extreme values,0
11039,Dynamic programming: maximize the number of things to be bought,0
11310,Perl switch/case module,0
2418,Compact subset of $\mathbb Q$,0
6979,"What does the gene name ""lexA"" stand for?",1
2601,Square root of an arrowhead block matrix,0
11871,Converting (math) problems to SAT instances,0
1055,q question regarding the numerical zero finding of Riemann zeta function and actual proof of Riemann Hypothesis,0
6311,What happens to the enzymes produced by the digestive system?,1
6428,Any food crops that could grow in a desert provided that they get fertilizer and water,1
6360,Trees ability to transport water,1
10459,Toggle functions for drop down for a clock time widget,0
10346,C# Program that checks on the status of the Capslock with each character insert,0
9631,Is order of matrix multiplication affecting numerical accuracy of the result?,0
3000,What was the evolutionary reason for cross lateralization of the brain?,1
2953,Finding least complete solution for congruence,0
3537,What are the advantages of blood's redness?,1
1260,"Gameshow: Coin Toss (head: add empty suitcase; tail: stop, hide money, pick suitcase)",0
1809,Why Fourier transform owns two different signs?,0
6608,What made this tiny honeycomb-like structure?,1
8025,How does latency in carcinogenisis differ from the effect of chance?,1
3462,What proportion of salt in water would make it not dehydrate nor hydrate someone?,1
4292,Is there a way to see what representations are currently displayed in PyMOL?,1
11712,Convert JSON from a webservice to text file,0
376,Sequence/series divergence proof,0
1886,Find values of $a$ such that $\frac{x^2-x}{1-ax}$ attains all real values,0
9021,Forward Error Correction for streaming data,0
4826,Can some one identify this plant with really sweet smelling flowers?,1
2657,Equation of a Hyperbola,0
4639,Are all mutagens carcinogens?,1
893,The four-penny problem,0
8418,What is the source of the electrons generated in the Krebs cycle?,1
5976,Kinetics of allosteric regulation,1
1867,sum to product formula $\cos(a)\cdot\cos(b) =1/2(\cos (a +b) + \cos(a-b))$,0
7779,Why isn't there T2 thyroid hormone?,1
2499,Are following statements undefined or false?,0
4210,How do the bacteria producing bacteriocins protect themselves from it?,1
2367,discussing the existence of a convex function,0
6354,"Is there a lower temperature limit, below which we cannot sense a difference in temperature?",1
8,"Finding $\text{E}(f(x))$,$\text{Var}(f(x))$ and the PDF of $f(x)$",0
2155,"Given a fixed filtered probability space, can we prove the existence of a Brownian motion on it?",0
2178,Boolean prime ideal theorem and the axiom of choice,0
2284,Is the cross product in spaces of higher dimensions useful in this way?,0
5498,Bacterial capsule vs. slime wall,1
10800,Check array in linear time with a constant space complexity,0
5437,Why do humans enjoy spices?,1
1660,"If the sum and the product of two sequences converges to zero, does that mean that each sequence converges to zero?",0
10856,Decidability of dependent typing on primitive recursive languages,0
3829,Why does abnormal mitosis takes place in the cells of tapetum?,1
9250,algorithm for scheduling tasks based on constraints and feedback loop if possible,0
11513,Automatically push git submodule's parents recursively,0
2647,Geometrical interpretation of cup product.,0
949,Matrix of a Linear Transformation on a Polynomial Space,0
1752,Exponential decay: continuous vs discrete,0
10101,Producing queries based on user interface selection,0
411,When is it enough to consider roofs in the derived category?,0
7755,Do all anabolic reactions involve condensation?,1
9305,Is this a valid implementation of a 'future'?,0
355,Evaluating $\int_{0}^{\infty} \frac{x^8 -1}{x^{10} + 1} dx$,0
11349,Item lookaheads versus dot lookaheads for $LR(k)$ with $k \gt 1$?,0
10396,Represent a Class which holds translation Strings,0
1770,What is the set {$e\in(R/ I)\times(R/J): e$ is idempotent},0
5151,What is this thorny plant with cute leaves?,1
4293,How to set up a slow cooling on an AB Veriti thermal cycler?,1
10448,Solving a Knapsack problem with a special structure,0
7930,How do photoreceptors overcome the ambiguity of wavelength vs intensity to determine brightness?,1
7449,GWAS: matched-pairs and logistic regression,1
1514,Finite projective dimension and vanishing of ext on f.g modules,0
11307,Should I keep a relevant constant in the Time Complexity?,0
4289,Proportion of amino acids from a random polymer of U and C,1
5564,What is the Attributable Risk of birth defects in Zika infected pregnancies?,1
6379,Are there known counterexamples to Hennman's size principle for muscle unit recruitment?,1
6692,Gender and age-specific mutation rate in plants,1
788,Show that $a_n (X_n-c) \stackrel{d}{\to} F$ implies $X_n \stackrel{\mathbb{P}}{\to} c$ for any sequence $a_n \to \infty$,0
4656,why does blood when oxidized over time become bluish green?,1
4439,Is COVID-19 more deadly than swine flu?,1
8442,Human somatic cells have 22 pairs of homologous chromosomes?,1
3059,Construct a restriction map of a linear fragment of DNA using the following data?,1
2598,Isomorphic normal subgroups,0
4859,Advantages and disadvantages of sporulation compared with competence in bacteria?,1
230,"Attaching space, help on visualization",0
7738,Which countries do not feature mosquitoes?,1
1083,How to find the domain interval of an inverse function,0
952,Show that Aut $(C_n)=D_n$,0
4198,Mutation rate breakdown by original and mutated nucleotide for Coronaviridae,1
4687,A Hadeeth on the fly,1
10062,Smallest set non-disjoint with other given sets,0
10233,Relation between RAM and Turing machine,0
7071,When was it determined that Type 1 Diabetes is an autoimmune disease?,1
5991,Could Racemic Epinephrine be used to Treat Anaphylaxis?,1
2019,Theorem about Polynomial Rings,0
5685,Incomplete dominance with gain-of-function allele,1
3243,Which animal species is this?,1
11792,Space complexity for storing integers in Python,0
2662,Proving that every non-negative integer has an unique binary expansion with generating functions,0
11441,Loading xml data to shift array keys,0
801,How do I distribute these numbers?,0
7756,DNA dependent RNA polymerase,1
3529,"How far in can non-extremophiles live, in Earth?",1
11059,Can we use Operator precedence parsing with this grammar?,0
1539,Finding Supremum and Infimum of a given set. Is my solution correct?,0
4429,"Can it always be determined if an animal is a carnivore, omnivore, or herbivore by its teeth or are there exceptions?",1
970,Probability/Combinatorics question: boys and girls around a table,0
7612,Young family members to learn genetics - Amino Labs?,1
1193,Proof of $\frac{d \sqrt{x}}{dx}$ including proof of the limit?,0
3668,Growing Penicillium Digitatum Mold,1
2584,How to find the mode of a continuous distribution from a sample?,0
5748,Speed of reaction vs equilibrium,1
8875,Do fish increase or decrease pH of aquarium water?,1
812,The real and deep meaning of quantifiers in first order logic and set theory,0
10747,Does the following transformation preserve context-freeness?,0
8276,How to predict the effect of a non coding SNP variant on the expressed protein?,1
10391,Android audio recording using AudioRecord and ByteBuffer,0
10727,Using SMT Solvers in formula checking,0
9055,"Such code, Much wow, very FizzBuzz",0
11149,Gyorgy E. ReveszExercise 1.1: Show the grammar $G$ generates the language $L$,0
3904,What are sources for learning bioinformatics for self-learning?,1
11951,Minimizing catastrophic risk in Gale-Shapley matching,0
4087,Shortest strings not present in the human genome,1
6745,Recording policies in functional magnetic resonance imaging,1
5804,"Honeybee decision process: new food, new home, new threat",1
11482,SQL Join with PropertyID and Name,0
5772,How to interpret the relationships of PTMs from BioGRID's data,1
11406,How to best maintain a sorted list from a stream of integers?,0
4795,What is the chemical process involved in human hairs changing colour after sun exposure?,1
1138,Free frame generated by a poset,0
2848,ODE compartmental model: waiting time,0
6532,Why my proteins are migrating like this on SDS-page?,1
1550,implicitly differentiate a differential equation,0
11230,Best solutions to 6 degrees of separation,0
2410,ODE with complex char roots gives strange solutions,0
3638,How fast will cells lyse under hypotonic conditions?,1
10412,Update Google Sheet with Python,0
7622,What is the surface area of the vitreous humour in contact with aqueous humour?,1
7324,How are viruses isolated?,1
5711,Structure separating the left atrium from the ascending aorta?,1
10450,On classes $\mathsf{\oplus PSPACE}$ and $\mathsf{\oplus L}$?,0
8461,What is the smallest number of amino acids required for life?,1
8952,What is the relationship between protein-protein interaction networks and metabolic networks?,1
9182,Graceful shutdown of applications/servers,0
9485,Why are the two farthest points vertices of the Convex Hull?,0
2678,Finding the value of an analytic function outside of a simple closed contour $C$.,0
9282,Maximizing integer sets intersection (with integer delta),0
7869,What's the duration between the binding of adrenaline to β-AR and the first translated protein?,1
1244,Using Big-O notation?,0
11702,Using Task.Run(..) in a .NET property,0
1309,"Question about weak derivative, need explanation of this paragraph",0
8773,Using Height and Area for plotting histogram of each marker in FACS,1
8626,Is eating salt dangerous for the brain?,1
1403,Is the dimension of a Noetherian local ring equal to its associated graded ring?,0
96,Function f that preserves difference in distribution,0
6970,How does heart beat faster while doing a strenuous task?,1
8732,Are Triceratops and Eotriceratops similar enough to be considered as the same genus?,1
5016,What is the name of this series?,1
8099,Blood pressure in various blood vessels and heart,1
6218,Workspace preparation and cleanup for DNA work,1
10950,String Extension improvement,0
885,Stuck in determining truth value using proof,0
124,Find the exponent 2 in the decomposition of $A$ into prime factors,0
167,How do I find the derivative of the function $f(u)=5\sqrt{u}$,0
627,principal eigenvectors of an unknown matrix,0
4844,is this true to select 100 volume higher concentration of a drug test?,1
10932,custom smart pointer class template,0
6904,Are cytotoxic (killer) T-cells always present or are they only produced during a cell mediated immune response?,1
3812,Is this a bed bug skin?,1
2235,Moments of a random variable,0
1087,Should I apply boundary conditions in the general solution before finding the particular solution?,0
6416,Spider Identification: Is this an Arizona Recluse?,1
5876,Is there an ecological scenario where terrestrial insect larvae can show food choices?,1
8646,Why is angiotensin converting enzyme localized in the lungs,1
3263,"How is adrenaline (also known as ""epinephrine"") a ligand?",1
10907,Interactive Rock Paper Scissors,0
10030,Finding peaks in a DataFrame,0
6424,Why do some men have patchy beards?,1
10290,Is every program is equivalent to a Push Down Automata?,0
6035,Why is a urea solution hypotonic relative to RBC?,1
10985,Turing Machine - Analyze brackets,0
2154,"Should one square both sides of the equation $\sqrt{1+2\sin{2x}}= \cos{x}-\sin{x}$ in order to solve it, or is there a better way?",0
1195,The function $\exp: \mathfrak{su}(n)\to SU(n)$ is surjective,0
6405,Could a horse-sized duck fly?,1
163,Calculating the limiting distributions Normal and Cauchy Distribution Parameters for the Voigt Distribution,0
2189,How to determine if a surjective homomorphism exists between two groups?,0
195,Change coordinates by substituting $y=z+ \lambda/z$. What is this?,0
9433,Boolean circuit with two inputs and advice input is hard-wired,0
9908,Is this FizzBuzz code idiomatic Groovy?,0
5431,Cell cycle selection,1
11239,Python Binary Search Tree Implementation,0
451,Some questions about open and closed maps,0
7483,How many senses do humans have?,1
4436,How long is saliva viable?,1
3395,"Why do some bad traits evolve, and good ones don't?",1
6465,Can humans distinguish light having the same color but different spectrum?,1
3427,How does RNA polymerase II CTD bind to the RNA modification proteins if the tail is flexible?,1
9626,Unreachable Real Numbers - Randomness & Computability,0
11082,Runtime compiler for getting/setting runtime property values,0
8002,"Mathematical representation of ""gene signatures""",1
11912,Check for valid parentheses nesting,0
9126,Set an image sprite depending on the lowest common number in a set,0
1114,Proof of Proposition 2.4 in Atiyah-MacDonald,0
5024,Why don't amino acids get linked in the functional groups of acidic and basic amino acids?,1
2650,Clarification on metric preserving embedding of unit sphere $S^2$,0
6796,Poly-G tails in NovaSeq Paired-end sequencing from museum samples,1
6328,What is the best argument for maximum parsimony method in phylogenetic tree construction?,1
5111,"How does 2,3 biphosphoglycerate works to release oxygen bound to the hemoglobin?",1
8846,Toxicity of stannous fluoride in toothpaste?,1
7597,Exact definition of homoplasy?,1
1037,Gaussian Quadrature Rules,0
7381,Why do arteries have a small lumen?,1
6567,Are there dextral/sinistral higher animals?,1
5411,Why is coffee a stimulant?,1
1587,every complex number can be put in this form?,0
5279,Divalent cation binding to calmodulin,1
3113,Why are antibodies Y-shaped?,1
7973,Are there any species whose descendants can meet their ancestors from 100 generations back?,1
628,"Suppose that $f_n\to f$ and $g_n\to g$, as $n\to \infty,$ uniformly. Then, $f_n g_n\to fg,$ as $n\to \infty,$ pointwise on $E$.",0
5278,How can a recessive allele propagate until they manifest?,1
10381,How to solve a problem about balancing parentheses with smileys?,0
9832,A semaphore implmentation with Peterson's N process algorithm,0
11320,"What does ""schema"" mean?",0
6944,Which ant/wasp species is that?,1
10647,Force attribute value on potentially non-existent or locked PyNode,0
9660,"Sum Square Difference, which way is more Pythonic?",0
3818,How are the various classes of E coli genes determined?,1
3558,"What is the biology behind a skin ""mole""?",1
10039,LeetCode 146: LRU Cache I,0
8985,Volvox Cellular Reintegration,1
2698,Proving $\lim_{h \to 0} \frac{|h|^\alpha}{h}=0$ given $\alpha > 1$.,0
1932,How to derive generator of cyclic groups,0
6717,Why is there a weevil on top of a beetle?,1
3648,Alpha-gamma co-activation,1
10471,ES6 class that generates an area where you can draw on a page,0
6940,Multiple transcripts encoding for one protein,1
1054,Difference between a number and a set with one number,0
11559,Improvements for ugly reflection,0
4109,Name of This Black and White Dove,1
5201,Does sex-chromosomes exist in all the cells in a human body?,1
1389,Is there any number greater than 8 of the form $2^{2k+1}$ which is the sum of a prime and a safe prime?,0
10024,Deriving from a terminal word in a context free grammar,0
10589,Towers of Hanoi in Haskell,0
4009,Optimization of Signal Peptides,1
9670,Add license to beginning of files,0
9100,"Hangman game, with the number of guesses depending on the word length",0
11978,Generic Makefile for C projects,0
8229,how to clone a gene fragment in two direction as sense and antisense in vector,1
9460,Auto-registering CRTP Factory,0
3721,Chromatids in metaphase?,1
7046,Why do seeds grow upwards?,1
6275,Why is lead dangerous?,1
4808,what do I need to use for protein protein interaction network,1
7259,Why does the number of mutations per individuals follow a Poisson distribution?,1
692,$\lim\limits_{t\to\infty}t-x(t)=0\ ?$,0
9317,Are time complexity of followng codes equivalent?,0
2512,Proof that two balls intersect,0
497,Serre's proof of $ \operatorname{Br}(K/k) = H^2(K/k)$,0
11878,Project Euler #2 (Fibonacci Sequence),0
1109,Nonsingular projective variety of degree $d$,0
5017,"What is the definition of an opioid, beyond that it's something that stimulates opioid receptors?",1
294,Numerical evaluation of first and second derivative,0
10686,Problem with understanding the lower bound of OPT in Greedy Set Cover approximation algorithm,0
6561,How can I determine the sex of a tree seedling?,1
59,"Calculate a sum $1+4e+9e^2+...+n^2e^{n-1}$, where e is nth root of unity",0
1546,Does this apply: $\sin^2(\pi t-\pi) + \cos^2(\pi t-\pi) = 1$,0
3988,Cell division - meiosis,1
10838,Check whether two strings are anagrams,0
10001,Why have additional symbols on a Turing machine?,0
2577,Local compactness and actions,0
2213,"Mutually orthogonal subspaces of $L^{2}(X,\mu)$",0
2076,Let X be sequentially compact. Then X is also countably compact.,0
9178,How to deal with some of the dependencies?,0
4554,Applications of shortest path problem,1
324,Not following algebra in an inductive proof of the formula for the sum of consecutive cubes,0
8843,Secondary/ Acquired lactose intolerance,1
9554,Shift register library design,0
5358,Soft and Hard selection,1
3056,"Why do genetic testing companies (FTDNA,AncestryDNA,23andme) express DNA shared in centimorgans (cM) instead of in number of base pairs or in percent?",1
5923,What is this anise smelling plant?,1
11216,Extending the MVC Routecollection,0
2149,"""Squeezing lemma"" for tubolar neighborhoods",0
6221,How come Draq5 stains cytoplasm and membranes under confocal,1
2763,"Prove that $n$ divides $\phi(a^n -1)$ where $a, n$ are positive integer without using concepts of abstract algebra",0
10094,What is the difference between these terms?,0
9928,Synchronous loop with internal asynchronous calls,0
4430,"How do you determine if donated, stored blood is viable?",1
10707,Recursive math expression eval,0
2830,"Show that $X = \{ \text{The set of all series which converge to } a \in [-1,1] \}$ is not compact.",0
2607,Mapping Class Group acts properly discontinuous; Alexander method,0
10669,Convert a double to a string containing rational and surd,0
8998,"Can two protein secondary structures ""overlap"" in the PDB?",1
2995,Conditional Probability Question (Prizes),0
8977,Question on cellulose synthase,1
10783,Proving n^2 = O(log n),0
11677,Total number of non overlapping subsets,0
1782,Partition of polytope (with respect to convex hull),0
6471,"What is ""bacto"" peptone?",1
11244,parallel processing of files from a directory,0
5447,Strange Cordeyceps-looking Mushroom in Australia,1
8914,Hodgin-Huxley model for a single neuron,1
8323,"Woodpecker pecking, an effective evolution?",1
650,"If $f'$ is bounded on $\mathbb{R}$, then is $f$ uniformly continuous?",0
10663,Monte Carlo Algorithms : Are there any problems where two opposite Monte Carlo algorithms could solve it?,0
6128,Is telomere length a reliable measure of health/lifespan?,1
3688,"JMol ""calculate HBONDS"": which atom is the donor/acceptor?",1
6839,What is this 2-3cm insect found in Slovakia?,1
4350,Why some neurons are tetraploid,1
8005,Microscope scale bar,1
10456,Removing duplicates from list and filtering non-letter characters,0
7308,"Since RNA viruses and retroviruses all have high mutation rates, why do only a few viruses have the virtue of variability?",1
6610,What are these black masses floating on my pool?,1
10337,What is wrong with this proof that proves that 0*1* is not a regular language?,0
1457,Differentiate the Function $f(x)= \sqrt{x} \ln x$,0
4038,If two definitive ovums are fused will they form an organism?,1
6369,Why do human vaccines affect different animals differently?,1
5485,"Do smaller intelligent animals have a higher neuron density to account for their seeming intelligence? Otherwise, what?",1
8868,How do duplicate brain regions (ex: left/right amygdaloid body) operate together?,1
6539,How does valerian make you calmer?,1
4700,What gases are needed for humans to breathe?,1
7450,Is this how female and male gametes look like in plants?,1
3842,Transposons and the net amount of DNA,1
8121,Help identify this insect with a fan tail,1
1056,Additive Inverse of General Function,0
5384,"What kind of tree is this (Seattle, WA)?",1
10065,Main differences between intuitionistic type theory and calculus of constructions (CoC),0
6336,What is the evolutionary reason behind the fragility of teeth?,1
9199,Returning an object from service,0
8061,How is RNA of retrovirus converted into cDNA?,1
4976,Convert gene name to uniprot ID,1
2858,Why$\sqrt{-4}$ does not have $\pm 2i$ as its two solutions?,0
6772,What prevents mRNAs that are localized to a specific part of the cell from being translated before they reach their destination?,1
7764,Can someone identify this creature?,1
4690,"What effect do oligosaccharides, like those found in legumes, have on the composition of intestinal flora in humans and if so how so?",1
6588,Does anybody know what this shark is eating?,1
10883,Inserting strings in middle of a text file using streams,0
10393,Managing database connections for unit tests,0
5008,Is the central axon of pseudounipolar neurons in dorsal root ganglia typically myelinated,1
6047,Hydrophobic interactions in the helix-turn-helix,1
10139,Are all PDA equivalent to two-state-PDA?,0
11823,Prevent multiple ifelse statements in php,0
5493,DNA barcoding and real-time PCR,1
4912,same osmotic pressure of different solution,1
3985,I really need some help with a plant identification,1
3431,What is the thickness of endothelial lining in blood vessels?,1
4682,Does breath-holding cause permanent brain damage?,1
10002,Strongly connected components in a graph: Kosaraju's algorithm,0
4726,Will Saliva make food go bad,1
7425,Alzheimer's datasets highlighting role of individual genes,1
4579,What is the relation between plasmid concentration and mRNA levels?,1
261,Linear combination of Matrix Row Vectors,0
8690,"Why do the calicheamicins bind to DNA at the minor, rather than the major, groove?",1
3482,Immunotherapy for tumours which do not have TSA,1
5185,Is the skin of feline jungle predators protected against ants?,1
5585,Is there a simple way to generate sets of sequences that re-capitulate the topology of pre-defined phylogenetic tree,1
6322,How are logarithmic trendline equations used to determine antibody concentrations in ELISA?,1
743,How many proper nontrivial subgroups do D5 have?,0
5344,Why do different bacteria have different shapes?,1
910,Show that $\mathbb{E}[h(x)^{2}-2h(x)y+y^{2}]=\mathbb{E}[h(x)^{2}-2h(x)\mathbb{E}[y|x]+\mathbb{E}[y^{2}|x]]$,0
3925,What kind of spider is this and is it dangerous?,1
6826,"How do I offer a generous gift to sweet-seeking wasps, bees, hornets, bumble-bees?",1
3837,Can one switch the DNA present in a sperm cell?,1
7966,Parsimony (cladistics),1
1643,About the implicit function theorem. (Is there any possibility that the following statement holds for some $f$?),0
776,"Check to see if the function $f$ which satisfies the following relation is one-to-one or not: $\forall x,y\in \Bbb R: f(x+f(y))=f(x)+y$",0
128,Anti derivative notation,0
550,$\lim (t_nx_n + (1-t_n)y_n) =a $,0
6147,MCQ - Independent assortment or Incomplete linkage,1
4915,Bird identification by sound; midwestern US,1
1029,Why is $nM$ equal to $\sum_{i=1}^{n^2}i$?,0
3334,What do trans-fats do when in human body?,1
4320,Does pH affect Michaelis constant?,1
10826,Temperature conversion in C,0
8874,Agglutination test using antibodies,1
4114,Is there any relation between weight class and extreme lifting performance in O-lifting?,1
9747,Finding the right structure for my application,0
2028,"$\frac{y-b}{r}=\frac{y}{s}$ to $y$ for finding the closest point on a line, from a point.",0
6781,Hypersensitivity Simultaneously in Ear canals,1
3586,Why aren't mitochondria and plastids considered symbiotes of eukaryotic cells?,1
9239,Square Progress Indicator,0
7840,What portion of the electromagnetic spectrum do cats see?,1
3633,Identification of brown butterfly with orange/black/white spots,1
11725,Wrapper for caching methods in ASP.NET,0
4229,How are isopotential maps computed from EEG channel data,1
8040,Why isn't there any repulsive force between Na+ and K+ disrupting thier roles in transmembrane voltage/ action potentials,1
8944,What would the ploidy of a multinucleate cell be?,1
11020,What does the posterior probability of a variable mean in the Bayes' rule?,0
3536,SNP coding for association analysis,1
8688,Number of Chromatids in G1,1
9209,Day counter between two dates,0
11299,My own functions for working with files,0
2655,Then which of the following statement(s) is(are) true? about uniform convergence,0
5837,Why are there three stop codons but only one start codon?,1
763,Shortest paths of undirected graphs with modular weights,0
7148,Feeding behavior of organisms that prey on microorganisms,1
5366,Are there axon branches that go up to cortex layer 1 and spread there?,1
3756,Parametric Bootstrap Capture Recapture,1
8924,How long could Earth's oxygen supply last if no new oxygen were produced?,1
2042,The variance under interventional distribution,0
7422,Why do eggs lack an endoplasmic reticulum?,1
11693,(Python) Random Number Guessing Game,0
9912,Proof of Program Correctness - Loop Invariants,0
2080,Set of subsequential limits of a bounded sequence,0
252,Construction of an integrable function with a function in $L^2$,0
10283,Javascript Performance Optimization,0
31,solution of a matrix using orthogonal vectors,0
5077,How do insects recognize their host plants?,1
93,studying the series $\sum_\limits{n=0}^\infty \tan (\frac{n}{1+n^3})$,0
1741,A confusion about big Oh notation,0
2649,Greens function of 1-d forced wave equation,0
10400,Two versions of Subset Sum Problem,0
7485,Why is Sleep apnea only risk to males?,1
6418,What is an apomorphy? What is a plesiomorphy? Can someone confirm these definitions?,1
8150,How can I calculate alpha helix content from molar ellipticity?,1
4373,Silene virginica Endangered in FL,1
3761,Map gene IDs to Ensembl gene ID,1
890,Solve an equation with parameters over the naturals,0
5649,Is there any strong factor against human edible plants being widespread and easy to gather?,1
3803,Solving Hardy Weinberg problems,1
10867,Base-k representations of polynomials: state of art,0
8108,Typical firing patterns of neurons in the default mode network in resting state,1
4672,Odds to clone a parent,1
1510,Why the same powers of $p$ divide $p^{\alpha}m-i$ and $p^{\alpha}-i$?,0
4655,Name two reasons why it is impossible to determine a gene's nucleotide sequence from the amino acid sequence of the polypeptide,1
1706,How can this be the alternative hypothesis?,0
11843,Is a stack machine with a forward read iterator Turing complete?,0
323,Bayesian Network misunderstanding,0
3191,What is the evolutionary advantage of having pubic hair?,1
6866,Does my nearsightedness come into play when creating light outlines in the distance?,1
10440,Can I include some manual effort in creating an otherwise automated research prototype tool?,0
5996,opposite subtype of stomach cancer,1
8786,The Effects of Large Static Magnetic Fields on the Human Nervous System,1
3928,Where does the first oxaloacetate comes form in the citric acid cycle?,1
3141,Why are dolphins born tail first?,1
9470,Efficiently selecting the median and elements to its left and right,0
1386,Is $\log(\log(n)) = \Theta(\log(n))$? Reasoning with words,0
8842,Why the name hypopharynx?,1
9410,Workaround for overloaded constructor in PHP,0
5904,Do all organisms have to die?,1
7237,Do trees really get a large share of their mass from the carbon in the air?,1
11984,Can we get any subsequence of size $\ge \lfloor \frac{n}{2} \rfloor$ in a sorted order from a sequence in linear time?,0
10597,BFS shortest path program,0
1485,How do I find the solution for these exponential equations?,0
120,Let $(L_n)$ be a sequence defined by $(1/(n+1)) + (1/(n+1)) + ... 1/(2n))$. Show that $(L_n)$ is monotonic increasing.,0
1612,Use the triangle inequality to show that $|a|+|b| \leq |a+b|+|a-b|$,0
5235,What is this insect or worm?,1
4734,Phylogeny: Hybridization between different species sharing same genus?,1
11292,Type-classes for type inference,0
3012,How does the brain recall information?,1
4799,What is the name of this bird?,1
6702,what are the factors that can be used to compute the probability of getting the coronavirus?,1
10700,"Print character + the ASCII value, 10 pairs per line",0
9363,"Initializing an Android activity by reading a CSV file with image IDs, names, and descriptions",0
4145,How does one apply Bayesian inference to quantify a read the deeper you sequence?,1
829,Cooperative Game Theory specialized forum,0
3830,Holder for 75 mm x 25 mm glass slides that can handle vibration,1
5988,How do you consider an organism to be a new species?,1
6984,"Multiplex PCR, shorter amplicon inhibiting longer amplicon?",1
4306,"Unlike humans, why do plants not have something blood-like to transport $O_2$ throughout their body?",1
10354,Optimizing a problem that test all permutations of 1 array with other fixed array,0
4155,Join a linear plasmid just using a primer (without ligase enzyme),1
1235,Definite Integral Evaluation Undefined,0
2726,"Finding the Fourier-Bessel Series For $f(x) = x$, $0 < x < 2$, With Respect to the Orthogonal Set $\{ J_1 (k_n(x)) \}$",0
9694,Assigning an array of different (but convertible) type to concurrency::array in C++AMP,0
5538,What does the acronym ‘PIN’ stand for referring to PIN proteins in plants?,1
2880,When does function iteration converge to a fixed point?,0
1340,some questions on exponential tilting,0
7115,Why is it thought that silicon based lifeforms never flourished on Earth?,1
2754,Can I substitute $\beta A \alpha^{1-\gamma}$ with $c^\gamma$?,0
8664,What is a bacterial biofilm?,1
3041,Oscillatory electrical system using a chain of neurons,1
11143,State complexity of homomorphisms of regular languages,0
9518,More readable approach?,0
3535,How do other primates treat their fingernails?,1
6733,Did cyanobacteria commit evolutionary suicide by producing oxygen?,1
9844,Query for your Answer Progress,0
10960,Autoclicker Tkinter Program,0
2653,RSA signing message without its disclosal,0
6885,What is this beetle and what are the strange antennae for?,1
3472,Does the genetic sequence of SARS-CoV-2 end with 33 A's?,1
3292,Does increased cell turnover cause cancerous mutations?,1
2201,"If $L^{\infty}$-norm of a set of Holder continuous functions is bounded, then does it imply that its $L^p$-norm is also bounded?",0
10183,Python Solution for Project Euler #2 (Fibonacci Sums),0
11594,How to correct distortion from stitching dual camera to estimate homography,0
3163,Why Is Most Life Symmetrical Externally But Not Internally?,1
5627,3' or 5' DNA capping protein,1
2287,To find the integral surface of given differential equation.,0
8594,Is it possible to make a contagious cure to a virus?,1
6798,Why does decomposing matter emit a bad smell?,1
275,Is there a general rule for the number and type of initial conditions in a PDE?,0
1189,How to determine whether this integral converges?,0
6247,What does the thalamus consist of?,1
150,confidence of detection in presence of poisson noise,0
7099,Sequencing two strands of dna,1
3258,Plant identification in Turkey,1
7102,When is an ant colony at its loudest?,1
2685,"If $x$ is rational then $\,x+\frac{1}x \,$ is an integer $\iff x = \pm 1$",0
2552,"Let $a\in C[0,1]$ and $A:C[0,1]\rightarrow C[0,1]$ where $A(x)(t)=a(t)x(t).$ Find $\sigma_{p}$, $\sigma_{c}$, $\sigma_{r}$.",0
1632,Number of rules in my fuzzy logic,0
10210,Read file contents to string safely,0
7717,Green Film Build up in Glass Water Bottle,1
11023,VBA faster calculating,0
4573,"What ""algorithm"" are carnivorous larvae using when foraging?",1
1564,Question on series of function (Multiple choice),0
7155,How many proteins on PDB have unknown function?,1
11827,Egg dropping puzzle - clarification of problem statement,0
4671,Is it possible to artificially select for flight in pigs?,1
11241,Memoizing in PostScript,0
11339,Filesystem-dependant unit-testing in go,0
10011,"List iteration, creation, or comprehension",0
4118,Is it possible to remove one strand of double stranded DNA in vivo?,1
4600,Can you increase the microbiota in an insect?,1
7353,Large set of semen microscope images needed,1
3481,Core Biological concepts explained to a Computer Scientist?,1
6677,Is there a favoured mathematical model of bacterial growth?,1
9712,Regular expression for words containing single 1 and even number of 0s,0
7339,What is possibly wrong in my gel electrophoresis when I didn't see bands of DNA ladder on gel?,1
10235,Computing integer square roots in Java,0
7053,Small black slow-moving insect showing up in the home,1
10743,Monitor webserver accessibility inconsistencies,0
7193,What is this creature? Where can it be found?,1
1502,Intuition for order type,0
1787,"How to solve $\sqrt{2} + \sqrt{3} - \frac{m}{n} > \frac{1}{cn^4}, \forall n \ge 1$?",0
2822,Proof of the incompatibility of extenders in comparison lemma of mice,0
8956,What do different fermentation products have in common?,1
458,"the series $\sum_{1}^{\infty} \frac{\cos(nx)}{\{\log(n+1)\}^x}$ is uniformly convergent on any closed interval $[a,b]$ lying within $(0,2\pi)$.",0
9062,Generating all equal-sized set partitions,0
11651,Adjusting dates in an array based on a start date,0
9505,How to transform an arbitrary graph into a fixed vector representation?,0
7663,How is flagellar movement controlled?,1
8928,What percentage of DNA do people share?,1
629,How to identify a summed number given the total and the position (or index) of the summation?,0
540,Does every algebra automorphism preserve augmentation ideal filtration?,0
5631,Name/term for mechanisms by wich the relative size/number of cells of some tissue/organ are preserved,1
8657,Can viruses stabilize and increase the shelf life of wine and other foods?,1
10118,Algorithm for finding largest subset with equal number of even and odd elements,0
2239,Prove that ≿ is transitive iff ≻ and ∼ are transitive,0
10857,Divide list into batches,0
4367,"In cell division, are daughter cells ""newer"" than the parent cell?",1
2980,Real analysis question about convergent series $\sum{a_k}$,0
6531,Oral Administration of Immunizations,1
11572,Automatically growing label in Python Tkinter (just for fun),0
1521,"Prove $\forall n \in \mathbb{N}$ where $ n \neq 1 , n + \frac{1}{n} > 2$ using completing the square.",0
2422,Solving an ODE with a jump in the source term,0
6547,How does having an empty stomach affect absorption of compounds?,1
6108,Is Sugar a stimulatant or a weak sedative?,1
10541,Creating artificial NP-Complete problems,0
6171,does life make or break?,1
4435,"If massive animals live longer, why do humans with gigantism die younger?",1
7837,What is the name of the bug that emerging from a wood chip like cocoon?,1
1771,Joint Embedding Property,0
5972,Did the eugenics program in Nazi Germany have a measurable effect?,1
11556,Changing binary counter structure such that increament and decreament methods will work in O(1) amortized,0
9731,Static method to get user ID,0
1941,Why is $\dfrac{(n+k-1)!}{(n-1)!}\neq n^k$?,0
2078,Some questions about the proof of the properties of the uniform equivalent.,0
2052,Differentiation of $v(a)=18^2 \cdot a$,0
5998,Is it possible to move your arms above your head when handcuffed in the back?,1
9043,Express product in ILP,0
11885,Show Recognizing two Regular Expressions as equal is in PSPACE,0
10309,Draw an ASCII checkerboard,0
6187,In which order did the cells of the immune system evolve?,1
11617,Question about let syntax in type systems,0
8781,Why are many skin depigmenting agents toxic to the body?,1
8817,variance in zygotic gene expression across species,1
7799,Why do people say that trans fatty acids are bad for your health?,1
11040,How is the Subset Sum Problem NP-Complete?,0
11766,Planar regular languages,0
8185,Why is peripheral vision not bleached by daylight?,1
8359,Why is the liver the only internal organ of the human body to regrow?,1
10608,Can preorder and postorder traversals be used on any type of trees?,0
1042,Non-isomorphic combinatorial classes with growth rate equal to the golden ratio?,0
5434,Where is coagulation factor v produced?,1
10915,"compute a gradient with ""minimal"" colorstops from a ordered set of RGB colors",0
668,Are measures better thought of as densities than differentials?,0
7571,Is there any technique can quickly expand one set of cell chromosomes?,1
10368,Horridly Inefficient Project Euler #14 in Python - Collatz Sequences,0
6688,Why don't rates of cancer increase generation to generation?,1
3362,Plasmid: Empty Backbone?,1
2169,Rank of $R^n$ in characteristic $n$,0
2074,Lower std.deviation of a distribution?,0
9605,"Given a monetary amount, calculate the equivalent change",0
5087,Corrupted chromosome will be in any cell of body if zygote was corrupted?,1
9727,How a reduction can help up solve a problem?,0
6411,What determines sex in birds?,1
598,Why This Map is Closed?,0
7912,Potato with purple veins!,1
10438,Limited typecasting with regex,0
8598,ATP stoichiometry of the Na+/K+ pump,1
2741,If $A$ is clopen in $X$ then $\overline{A}$ is clopen in $\beta X$.,0
7776,What specie of flying insect is this?,1
5661,What's the name of this green fruit with little pikes fallen from a city tree on the pavement?,1
4625,Gene copies vs. gene paralogs - what's the difference?,1
2772,Why did Gauss think the reciprocity law so important in number theory?,0
10672,"Creating lists of events (pitches, velocities, delta-times, durations) from a MIDI track",0
7172,Why does ampicillin in solution turn yellow?,1
6638,Can trial participants get tests?,1
6820,What happens to the human ear as it naturally goes deaf?,1
8390,Why don't plants get sunburned?,1
10058,Strategy Design Pattern in Python,0
3257,How are cells of the cornea transparent?,1
5168,Why does a housecat (or other predator) play with it's food before killing and eating it? Does it make the food taste better?,1
7816,What is the significance of 9+2 arrangement in flagella?,1
2339,Evaluating $\frac{1}{2 \pi i} \int_{|z|=3} \frac{e^{\pi z}}{z^2(z^2+2z+2)}dz$,0
1176,Proving that the given set has at most $2^{n-1}$ elements,0
4686,Models of quorum sensing for multi-agent systems,1
8543,Measuring Bioluminescent Algae Intensity,1
8038,Is it fine to state every learned behavior has an innate component ? ie. Behavior X is largely/ mostly laerned with an innate component,1
5322,Is it possible to completely puncture a human hand and have no blood come out?,1
9680,Survey of informed search algorithms?,0
7372,"Does the most common definition of ""allele"" include a change in phenotype?",1
9091,Search files content fast in powershell,0
3892,What is this soft cased worm-like creature?,1
440,"Given a generating function for $\sum a_n z^n$, what is the generating function of $\sum a_n^2 z^n$",0
3200,Do omnivore mammals vary food preferences based on dietary needs?,1
6643,"In the event of an abrasion, do mast cells cause vasodilation or vascular constriction?",1
7969,Are these spider eggs?,1
8558,Thermodynamics of spontaneous protein folding: role of enthalpy changes,1
6211,If someone A has lung cancer,1
495,"Is there a probability measure $\mu$ on $\mathbb R^n$, with all Borel sets having a measure in $\{0,1\}$ and all singleton sets having measure 0?",0
8271,Tryptophan Operon Working Mechanism,1
8934,How was the resemblance between apes and humans explained in pre-Darwinian biology?,1
2920,"How to draw an undirected graph with nodes of degrees: $2, 2, 2, 2, 2, 1, 1, 1, 1$",0
3470,What spider is this?,1
1303,$p(x)=a_0+a_1x+\ldots+a_nx^n$ is irreducible iff $a_0x^n+a_1x^{n-1}+\ldots+a_n$ is irreducible,0
7201,To measure frequencies of eosinophils and neutrophils in airways,1
4146,What is this animal? Reminds me of a crab because of the way it crawls but it looks like a plant.,1
3181,Is there any conclusive study relating the food consumed and the occurrence of acne?,1
11105,Merging Digital River,0
3097,How to determine the probability that a mutation is lost / fixed?,1
10407,Proof of sparsification lemma: What exactly does the $\pi$ operator do?,0
7494,What is the water and fat composition of the human brain?,1
27,Dijkstra's algorithm - paradox,0
5922,Does the harvesting time of broccoli sprouts change their glucoraphanin content and sulforaphane formation capacity?,1
1323,Show that $\int_0^1 {\sin \left( {\pi x} \right)} x^x \left( {1 - x} \right)^{1 - x} \mathrm dx = \frac{{\pi e}}{{24}}$,0
6206,Import of H+ ions into the thylakoid space during photosynthesis in plants,1
1596,"Let $X$ and $Y$ have the joint pdf $f(x,y)=8x(1-y),0<y<1,0<x<1-y$. Compute $P(Y<X\mid X \leqq \frac{1}{4})$",0
8400,Are there any alternatives to DNA as the hereditary material on Earth?,1
10398,Time - Complexity Convex Optimization and Eigen Decomposition,0
5994,Which life is supported in sterilized 100% pure water?,1
5293,On which DNA strand is TATA box present?,1
1655,What exactly is the paradox in St. Petersburg paradox?,0
1594,Solve $\displaystyle\lim_{x \to \frac{\pi}{2}}{\biggl[(1+\cot x)^{\tan x}\biggr]^3}$,0
11584,Pixel bit-wise LSB extraction to byte array,0
2542,Zeroes And Local Extremum Of Polynomials,0
67,Coefficients of numerical approximation of differentiation,0
5128,"In an open circulatory system, how is blood moved?",1
5737,What bee do I have nesting in my front yard,1
2951,How to determine the matrix $C$ in $C=P^{-1} A P$?,0
4566,How does one maintain balance sleepwalking?,1
10005,Information about ε-greedy algorithms,0
10771,Send messages in TCP-based communication system,0
9172,Integration of data using Simpson's rule,0
7707,metabolic heat generation and exercise intensity,1
5913,What about this bat?,1
11967,Selecting site to browse in python,0
10511,"Are too many function calls bad(as in slows speed performance) for programs written using interpretor-based scripting language(JavaScript, Perl)?",0
11546,Divide and conquer algorithm for a gas station problem,0
8681,Is Ellman's reagent specific for low molecular weight proteins and thiols?,1
2907,Sum of fractional parts of linear and logarithmic functions,0
10930,Is there a problem that cannot be represented using graph?,0
7285,Why are my calculations for O2 requirements of daily metabolism so far off?,1
1818,$L_1$ convergence of $\frac{1}{\sqrt{x}}\sin{\left(\frac{1}{nx}\right)}$,0
8933,Does adenylate cyclase stimulate or inhibit acid secretion in the stomach?,1
3206,How can I create a microcapillary for manipulation of single cells?,1
8425,Hormonal terms Somatotrophin or somatotropin?,1
4919,Chromosomal pair possible in metaphase - I,1
1112,Generating set of Baire sigma-algebra,0
1295,Mixed volume of three squares,0
7178,"What is the difference between ""Bisphosphate"" and ""Diphosphate"" in biochemistry?",1
9992,Has GPT-3 put web designers out of work yet?,0
4243,Can light destroy auxin?,1
1807,Showing two factors to be coprime,0
2917,"""symmetry"" in the sense of Abel-Jacobi map of hyperelliptic curves",0
4534,Why doesn't my rtPCR reaction work?,1
11175,How to enhance my skills as a programmer,0
3467,What structural features make a molecule a potent opioid receptor agonist?,1
11242,Flag words that would be difficult for an early reader,0
2670,How many 5 digit numbers with at least two digits prime and two digits square?,0
1649,"Eigengap of $SS^T$ vs. $\frac{1}{2}(SS + S^TS^T)$, where S is doubly stochastic & irreducible",0
11098,Number-guessing game in C#,0
1377,Probability of meeting someone infected,0
11043,How to verify the solution to n queens problem,0
10281,Combining Predicate Logic and BigO,0
9678,How does the OS detect B&B violation from hardware?,0
6658,How fast do cancer cells divide (compared to normal cells)?,1
10614,C++11 version of Windows EventWaitHandle,0
5534,I2D vs STRING for protein-protein interactions,1
9426,Decorator to convert a function's result into the desired units,0
3104,Why does white light viewed through optical chopper appear purple/blue?,1
3959,How to cut out a specific named gene from plant DNA,1
5840,Why does the gc content deviate from 50% in prokaryotes,1
3846,Do any terrestrial herbivores use auditory crypsis for predator avoidance?,1
10366,Uniformly sampling from cycles of a graph,0
7441,High protein turnover rate and protease inhibitors?,1
11064,Rotate and translate a 2D point N times,0
10860,Finding the (probable) maximum of a large set of integers *without* iterating over all of the values,0
10866,Scrape a reddit post submission for comments and save comments to JSON file,0
3008,Death from too little salt?,1
5473,Does blood typing still provide a use for ancient tissue analysis?,1
5157,Sensitivity vs. Limit of Detection of rapid antigen tests,1
8613,Is it safe to feed the squirrels?,1
8330,New infectious diseases appear mainly as a result of chance mutations in pathogen genomes?,1
11744,Popcount Orders and Lexicographic Orders,0
819,Is there a category-theoretic generalisation of function application?,0
2987,A smooth fiber bundle $S^1\times S^3\to \Sigma$ where $\Sigma$ is a closed surface,0
4749,Do bacteria die of old age?,1
6074,how to estimate phylogeny without using DNA sequences?,1
7432,Why is my DNA band bulging?,1
10506,Select the n closest nodes from a starting node in a weighted directed graph,0
3795,Why is the hexose monophosphate shunt called a direct oxidative pathway?,1
2184,Two exercises on Evans PDE book.,0
4891,Why arent mosquitoes found near neem trees?,1
4508,Auto-immune problems if immature B-cells released if bone marrow bone is fractured?,1
8331,Essential fatty acids function,1
7305,Can people with AIDS/HIV be vaccinated?,1
7673,Protein - one polypeptide molecule or a collection of molecules?,1
8375,"What is the name of this plant with small, 5-leaved divided pink blooms?",1
8353,Can enzymes be modeled using classical mechanics?,1
8361,What does this Barbary Macaque facial expression mean?,1
1106,Existence of basis in both finite dimensional vector space and its dual such that their interaction has some orthogonality,0
4929,Which domains or motifs are capable of attaching to both DNA and RNA?,1
8860,What is the name of the species of this butterfly?,1
7902,Is there difference in stomatal density in young and mature leaf?,1
6574,Regulation of the concentration of precursors of DNA and RNA synthesis,1
9652,Simple MAC converter,0
9583,"Critique my first C++ ""Hello World"" program",0
9230,Where should I put menu items in MVC with PHP - Model or Controller?,0
5982,Identifiying a conserved residue in multiple PDB structures,1
4286,How is a portion of DNA selected and unwound from nucleosome?,1
4613,Is it possible to build a hive for bumblebee or hornet,1
8512,Why is pith of Cucurbits hollow when mature?,1
5160,In what stage of bacterial growth can penicillin inhibit the growth of the cellular wall?,1
9996,strstr implementation,0
1898,"If $x = 3^{1/3} + 3^{2/3} + 3$, find the value of $x^3 - 9x^2 + 18x - 12$",0
11107,Pumping lemma of regular language,0
10741,More efficient vertex-labelling algorithm than BFS?,0
11110,String split for street addresses,0
3451,Difference between 'Orbit' and 'Globe' in eye anatomy?,1
10112,Optimal algorithm for signaling for help?,0
5163,What does Δcys mean after a gene name?,1
1913,How to find the area of a quadrilateral given only the length of its sides?,0
3886,Why is wombat scat (feces) shaped like cubes?,1
1051,When does Big-O notation apply to functions with arbitrary constants?,0
7879,What is the role of the pyrrolidine/piperidine moieties in fagopyrins?,1
6152,What does 21q21.1-q21.2 mean?,1
10399,Replacing data in a .csv file,0
3653,Why does the stability of YAC increase with size?,1
9770,OBBs intersection improvement for AABBs-OBBs,0
4714,Alternatives to ethidium bromide for staining small nucleic acids?,1
8616,why water is a proof of a life?,1
1198,Matrix Determinant Formula,0
11335,Performance of dynamic Fibonacci generator and dead rabbits,0
10714,Why is constant always dropped from big O analysis?,0
10369,Linear Grammar in less than cubic time,0
6058,Does cow urine have medicinal properties?,1
8533,Frog in Akaka / Loango Région Gabon,1
7451,How can I obtain a computer readable model of Dr. Gerhard Michal's biological pathways map?,1
11802,Minecraft block generator,0
11001,Clone a GitLab private repo with Ansible,0
1259,Integrating $\int x\frac{\operatorname{Ai}'(x+a)}{\operatorname{Ai}(x+a)}dx$,0
7542,Has DNA communication/interaction at a distance been empirically demonstrated?,1
9938,"How to describe algorithms, prove and analyse them?",0
7214,Identification of Anoles,1
2115,Is boundary of a subspace strictly less dimensional then space in topology,0
7892,When is it unacceptable to measure dry mass in an experiment to measure growth of plants?,1
9661,"In Paxos, what prevents multiple values from being chosen?",0
8226,What is the metagenome like for other classes of animals?,1
83,Closeness of measures on a cardinal,0
8022,How long can you effectively store a glycerol stock at -20 degrees Celsius?,1
3574,Can radiation exposure cause cancer later in life even if no traces of radioactive material are present in the body anymore?,1
9567,A DFA recognizing my name,0
10772,Disable execution of parts of the code based on user's choice C++,0
10310,"Large dataset with pyspark - optimizing join, sort, compare between rows and group by with aggregation",0
9365,OOP Decision Maker Class - ServerArbiter,0
1814,"What is $\int_0^1 \frac{(1-x^2)xm^2}{m^2x^2+\lambda^2(1-x)} \, dx$?",0
2465,Dimension of endomorphisms subspaces,0
4440,What is the biological basis for tiredness after eating?,1
1858,Find the derivative of this integral function,0
6452,Can bacteria (dis)assortatively mate?,1
5037,Can a new plant grow from half a Succulent leaf?,1
737,Prove the convergence and find limit,0
6833,Have proteins been observed to come into existence through mutations and natural selection?,1
2885,Implicit partial differentiation along $x$ and $y$,0
5175,What did cyanobacteria gain from photosynthesis?,1
9720,Better code for converting a char to its UTF-8 percent encoding representation?,0
10457,Is this form submission validator professional?,0
3980,Outbreeding depression in humans,1
8394,What are multiallelic genes?,1
2295,Differentiating a period of an elliptic curve under the integral sign,0
6330,How does the body switch between aerobic and anaerobic respiration?,1
940,Prove that $112$ divides the integral part of $4^m-(2+\sqrt{2})^m$,0
10552,How does a register remember value?,0
11898,Parsing Title from any given website,0
6996,Is there a biological basis for race (re: Nicholas Wade's article),1
9134,Understanding kQBF: changing order of quantification?,0
6963,"Why do dogs come in all shapes, but cats are generally all the same?",1
4482,What does 'H' in BamHI stand for?,1
6932,Is Race the Result of Microevolution,1
1246,"suppose a>1 is an integer, and p is an odd prime number.",0
10708,Symmetric Tree Check in Python,0
875,"Finding $\gcd(2n-1,2n+1)$ . . . I think it's 1 but is my logic right?",0
5107,Help in identifying crusty formation on Eucalyptus leaves,1
5214,Control for Bisulfite sequencing,1
1575,Finitely Generated Category Representation,0
4483,Is there a way for a 19th century scientist to prove that the octopus doesn't revive?,1
8414,Is Urea excretion a shared ancestral trait of amphibians and mammals relative to synapomorphic Uric Acid excretion in living reptiles?,1
828,Convex hull of $\{ \Vert x \Vert = 1 \}$ is closed in strictly convex space,0
115,Is a right-hand differentiable function differentiable almost everywhere?,0
10141,How to properly solve T(n) = T(n-1) + O(2^n)?,0
6451,Hearing system as in visual system: exists well also - in protecting the inner mechanical parts of both sensing systems - a similarity?,1
11096,Is there a poly-time algorithm for expanding out polynomials,0
7723,Which strange fruit is this?,1
5727,Do pigeons have the smallest legs-to-body ratio of any bird?,1
6420,where to find the relative frequency distribution of synonymous codons,1
2111,Solve the equation $\cos^2x+\cos^22x+\cos^23x=1$,0
11946,Why can any polynomial and exponential be represented as a recurrence?,0
7329,Question about DNP derivatives of amino acids (specifically epsilon-DNP-lysine),1
9333,Using SMT solvers to generate random solutions to given predicate,0
3628,Conjugation in bacteria,1
10147,Checking whether one string is a permutation of another,0
2319,How to show a circle and a elipse is homomorphic in $R^{2}$?,0
9939,"Listing ordered components, recursively",0
3774,Do organisms have a mechanism to control how fast mutations occur?,1
6104,Test of antibiotic A for sensitivity as surrogate of antibiotic B,1
5794,"Can lysozyme also lyse gram-negative bacteria and if yes, how fast?",1
6063,Are there any auto-immune diseases caused by T cells not detaching from antigen presenting cells (APCs)?,1
915,Partial derivative of a function of a matrix,0
3450,How does the structure of the pancreatic acinar cell relates to its function?,1
8240,"Can humans transdermally absorb minerals from ocean water, and if so how much?",1
9883,Join strings split with the python [::n] method into one string as they were before in one line,0
672,What is the area of the largest trapezoid that can be inscribed in a semi-circle with radius $r=1$?,0
9757,Implementing timeout of a resource (in this case a database connection),0
11207,Performance of unpack(),0
6459,Are the controls for RT-PCR the same as those for RT-qPCR?,1
4154,Acid/basic chemicals that can be used without extraction hood?,1
7165,Why do I see an inverted image of an object when I close my eyes?,1
6673,Which statement is incorrect for Rubisco?,1
2246,"Showing: $\mathcal{P}(A_{Z\backslash \{i\}},b_{Z\backslash \{i\}})\neq \mathcal{P}_\iff\exists \mathcal{F}\text{ (non-trivial) }$ of $\mathcal{P}$",0
6784,"For people who work in microbiology labs, what software do you use to manage your strains?",1
3976,How detailed a construction of the family tree of known human fossils do we have?,1
9692,Is this good practice with unit-testing?,0
2829,Prove by using diagonalization,0
433,Use generating functions to determine the number of ways,0
263,How many ways are there for eight men and five women to stand in a line so that no two women stand next to each other?,0
2882,"Showing $\{\alpha^0, \alpha^2, \ldots , \alpha^{n-1}\}$ Serves as Basis for $F(\alpha)$ If $\alpha$ is Algebraic",0
5443,Why a striped baby is not the result of a white and a black parent?,1
719,The length of Triangle,0
10076,Space complexity below $\log\log$,0
3167,Does a presence of ants on a plant mean that the plant has been infested by aphids?,1
1044,"Proving that $p\land q$ cannot be written in terms of $p,q,\Rightarrow$",0
811,Proof that the square root of $5$ is not a natural number,0
10539,Difficulty in updating the balance factor of nodes in AVL tree,0
2029,Loop over bit permutation one flip at a time,0
3799,Why doesn't submersion in water kill fungi?,1
8853,Studying changes in DNA for causes of cancer,1
3516,Correct migration rate expression in infinite island model,1
9198,DFA which accepts all strings starting and ending with 'aa',0
3217,Could someone please identify this species?,1
9213,"Picking a random neighbouring cell, but only picking previously-visited ones if there aren't any unvisited",0
7792,What is happening with this hummingbird and how can I help him?,1
3461,Which human cell lines do not express the GLP-1 receptor?,1
5862,Excretion of small kangaroos while in the pouch,1
6266,The oldest common ancesstor of all human beings,1
10501,Binary integer programming problem without exponential memory,0
8502,"What is the minimum number of clades necessary to partition Vertebrates while maintaining the classical groups of Birds, Mammals, and Amphibians?",1
3444,Is it possible for an organism that is polypoloid with an odd number of sets of chromosomes (e.g. 5 sets) to be fertile?,1
11716,Big O help Discrete Math,0
3911,Do fruit juices have a diuretic effect & what governs this?,1
1273,What is the probability there is no prime between $n$ and $n+\ln(n)$?,0
9500,"Pythonic way to convert XML attribute to float, or else get None",0
4593,Burning fat transferred from one part of the body to another,1
11478,"If the parent in a bridge is the root, is it a bridge cut node?",0
6318,"Physiologically, how can stress/anxiety cause neuropathy?",1
1588,angles of a cyclic quadrilateral,0
6969,Biochemical coupling between two enzymatic reactions - Enzymes physically associated?,1
5760,"In microarray normalization, why is the normalization factor this?",1
1743,Mathmatical notation of random function,0
6507,How does hemoglobin-free blood transport oxygen?,1
8954,How do we perceive acceleration?,1
2127,"Taylor series of $f(x)=\frac{1}{4+x^2}$, with $f:D\to\mathbb{R}, D\subseteq \mathbb{R}$ at $x^*=0$.",0
2664,defining the riemannian metric,0
11271,Describe data structure using equations,0
11992,Enumerator for Word and Halting Problem,0
1203,Can you factor a matrix out of a summation?,0
10953,Matching a time interval using regex,0
4856,Ways to identify/distinguish individual coyotes?,1
8057,How to form biological metallic tissue?,1
5555,Do Alzheimer's patients have spaces in their brain with low interstitial space?,1
528,Pseudo-code for Polynomial Long Division,0
1157,how to find relation R^2,0
23,Monotone likelihood ratio without densities,0
4142,Why does dehydration lead to low blood pressure,1
4232,How is incomplete dominance different from codominance?,1
6714,Dyes to bind to double stranded DNA?,1
5581,What are the roles of cadherins in epithelial mesenchymal transitions?,1
9203,Is the set of admissible numberings recursively enumerable?,0
90,"If $\int_\mathbb{R} f(x)dx = \int_\mathbb{R} g(x)dx$, then is $\int_\mathbb{R} k(x) f(x)dx = \int_\mathbb{R} k(x)g(x)dx$?",0
7562,How much of the genotype-phenotype map do we understand in HIV?,1
10077,The communication complexity of the distance between two strings,0
1197,Inequality with a twice differentiable function,0
648,Taking adjoints does not preserve strong continuity of semigroup,0
8775,What is the scientific name of this plant that is possibly called ogre ears?,1
10259,Dynamic programming: how to solve a problem with multiple constraints?,0
3826,What is the difference between Integrin to Cadherin?,1
439,Do tableaux proofs show syntactic or semantic entailment?,0
3319,List of dinosaurs synonyms,1
6226,How do I download entire human genome for local blast formatting and searching?,1
5230,Tillers and stolons in grasses,1
7191,Stopping all intracellular activity in a reversible fashion,1
2661,"Using the information of homogeneous Fredholm integral equation, solve the following problem for a non-homogeneous one.",0
297,Why is function y in Riemann steiltjes integral $\int xdy$ required to be monotonic?,0
11767,Simple JavaScript canvas game,0
4935,Why are treatment periods with antibiotics longer than 1-2 days?,1
8341,Using spp. for taxa other than Genus,1
311,"Existence and Uniqueness of a Volume Element on an Oriented, Pseudo Inner Product Space?",0
4220,Why does bacillus thuringiensis produce bt toxin?,1
4239,What is the recommended PPM when foliar feeding L-amino acids,1
3368,Is human genome editing more complicated than mice genome editing?,1
11057,Binary Tree for integers,0
10240,Find anagrams in a list,0
4888,How much DNA of Albert Einstein is recoverable?,1
11760,Best- and worst case for Mergesort using Bubblesort for small lists,0
5178,What is the reproductive success of a biting mosquito?,1
2575,Dirac delta function of a function - can I make this transformation?,0
48,Is there a notion of measure over arbitrary metric spaces?,0
8488,Identification and odd leaf anomaly,1
4392,Does RNA serve as the genetic material of some plants and animals along with viruses?,1
11973,Complexity class of finding the number of walks of length $k$ that have different vertex sets,0
11674,Test connection to database C#,0
8514,"What is ""Peripheral Dogma""?",1
10810,Complement of context free language,0
9634,Backward mapping with bilinear sampler,0
8408,Is wiping with RNAse Zap enough to destroy RNAse activity?,1
11455,Context-Free Grammar Question,0
4542,What is omicron squared in genetics?,1
1075,Partial Differential Equation,0
4272,Identify this larvae that lives on a musrhoom?,1
2009,Are there general methods for showing the existence of algebraic values at algebraic points for functions over open subsets of $\mathbb{C}$?,0
7618,Too few transcripts from transcriptome assembler Oases,1
2974,Fundamental group of $Spin^c(2)$?,0
3360,What is the point of DNA sequencing?,1
5248,How does vasoconstriction retain heat?,1
11084,Flexible presentation of a user's name based on a combination of available properties,0
11855,Proof Review: Integer Factorization is in NP,0
4789,Can anyone identify this seed or nut?,1
92,An application of the axiom of choice?,0
489,Unambiguous inequality notation,0
1461,Proving an inverse function is continuous,0
10515,Spell a given number in English,0
7766,What is the efficacy of Pertussis booster vaccine among different age groups?,1
3484,Can a cell start a mitosis if it lacks energy or molecules to complete it?,1
1362,Proofs involving Gradient,0
7332,Why does plasma protein saturation of a drug increase its volume of distribution and clearance rate?,1
2895,"Solving Dudeney's ""A Question of Cubes"": sum of consecutive cubes is a square",0
9351,Finding triples that satisfy given constraints in $O (n \log n) $ time,0
3875,Why aren't we ambidextrous?,1
4833,Approximately how long do bacteria live for?,1
9933,Small DSL: Converting JSON to MSSQL query,0
10873,Showing a spinner over content - fade out some elements and disable clicking on some elements,0
10409,Backpropagation in multiple output neural networks,0
2365,Existence and uniquenees to the equation,0
3895,How to predict future generations from heritability,1
4621,How did shellfish and coral survive acidic oceans in earlier eras?,1
3407,Layman definition of genetic polymorphism?,1
1288,Recursive definition of set and axiom of choice,0
8364,Were nicotinic acid/amide or flavin nucleotides ever part of primary RNA sequence?,1
6872,Nature vs Nurture in Rooster mating dance: Are roosters lame dancers because they never learned any better?,1
11937,What are good examples of computational theories for A.I. according to David Marr's Definition?,0
8006,What are the main principles of the Bacteriological Code?,1
1281,Solution verification of Exercise 8.2.6 Terence Tao Vol1,0
5552,Why don't birds in flocks fly into each other?,1
11184,java class to read csv files,0
10824,opening a text file and building a dictionary,0
3937,How to improve DNA extraction,1
11037,Ensure that ICommand implementation properly uses weak references,0
7932,"What is this hairy, striped orange-black caterpillar?",1
9321,Count elements of a sorted matrix that fall into a given interval,0
11355,What is the relation between Universality and Geometric shapes in cellular automata?,0
4460,Is this a type of fruit fly?,1
5519,Why does chewing enrage me?,1
7129,What's keeping living species from rotting?,1
11629,binary tree to binary search tree,0
394,Euler's Numerical Method,0
5570,How do white Caladiums perform enough photosynthesis to support their mass?,1
4538,Does avocado and orange have a common ancestor?,1
244,PDF for the sum of a Gaussian random variable and its square,0
1465,How to factor a polynomial with a complex term?,0
11503,Optimization with a lower value constraint for positive solutions,0
4905,How to calculate the Jaccard index,1
450,"Prove that the language $\{ww \mid w \in \{a,b\}^*\}$ is not FA (Finite Automata) recognisable.",0
6828,Should I consider [H+] as substrate in MCT transport equation?,1
3708,Which is the best way to fix and preserve comet assay slides before staining with Ethidium Bromide?,1
4205,Functional Difference between the Distal Promoter and Enhancer Region,1
5064,What is an accessible book about plant evolution for a non-biologist?,1
11614,Maximimal Independent Set on Ring and Path,0
4603,What programs account for structural alignment of different parts of distant homologs which have significant structural differences?,1
1101,What is the significance of magnitude when we put a point in $ax+by+c$.,0
5973,Modelling how much cadmium a cell will be able to chelate with phytochelatins,1
2272,What is the difference between the 2 ways to remove percentages?,0
634,Prove that the Fourier transform of a test function has not compact support,0
2390,Continuity and derivative square integrable implies Holder continuity?,0
5289,Software to model and analyse protein–ligand interactions,1
7498,does being battered build muscle?,1
6219,Exploring speed of ants,1
8277,Which components grow in size but not in number and which grow in number but not in size?,1
5272,Were there lifeforms before LUCA?,1
1136,Lipschitz condition for open sets,0
1921,How to prove that the set of Real numbers is infinite,0
7189,Deduce length order of 4 decapeptides based on the Ramachandran plot,1
1825,How to proof using only pumping lemma that something is not regular?,0
1084,Function problem vs. decision problem,0
1392,Proving the equivalence for the map given with wedge product,0
8351,"In marine DNA viral diversity studies, what would ""paradigm of rampant mosaicism"" refer to?",1
3214,How can you explain the origin of life out of nonliving matter (abiogenesis)?,1
10244,What is the average time for a node to transmit on the shared medium for Ethernet? (IEEE 802.3),0
377,Is the following set compact,0
3646,Why do nearby cells have similar meiosis periods?,1
6103,Consumption of different type of energy when one is inactive,1
2949,Combination of Normal distribution,0
10844,"Is matrix ""adjoint-squaring"" faster than general matrix multiplication?",0
7407,"How should ""the human genome"" be interpreted?",1
7289,Are there public records of results with laetrile treatment against cancer?,1
6851,"Barring Antibody-dependent enhancement (ADE), how else can vaccines enhance the infection?",1
5479,Why can hair grow without limit while eyebrow cannot?,1
6787,Negative value on linear gene expression in microarrays,1
6112,How would one determine whether a chemical will upregulate a certain class of proteins?,1
11032,Bakery algorithm: How does it work with single-writer safe registers?,0
1110,Convergence rate of Newton's method (Modified+Linear),0
9698,Find highly composite number using Python 3,0
9892,Does domination rule apply for inadmissible heuristics?,0
2372,Is the running maximum of random walk a martingale?,0
2581,Conditional and absolute convergence of an integral,0
5822,Quantification of concentration from chromatogram paper,1
5475,What are the uses of centrioles and matrix of centrosomes?,1
9034,"Some questions regarding decidability and semi-decidability of $A/B = \{ w \text{ | }\exists z \in B, wz \in A\}$",0
10237,Showing that deciding whether a given TM accepts a word of length 5 is undecidable,0
8321,Why is Homo sapiens not categorized as an invasive species?,1
8215,Is warmth/temperature sensed linearly or on a different scale?,1
697,Equicontinuity of $\{f^n\}$ for a continuous $f:X\rightarrow X$,0
2579,"Break a finite double sum $\sum_{i,j=1}^{n}$ into $|i-j|K$.",0
521,exponential equation system without log,0
1229,"Let $L_1 = 1, L_2 = 3$ and $L_{n+1} = L_n + L_{n−1}$ for $n ≥ 3$. Prove by induction ...",0
2330,Symbol/notation/strategy for figuring out an unknown inequality?,0
8792,"Molecules, Targets and Isoforms",1
367,Matrix $p\in M_2(\mathbb C)$ such that $p^2=\bar{p}^t=p$ and $\mathrm{rank}(p)=1$,0
8562,Where can I find a diagram of cortex connections?,1
5169,Can plants live forever?,1
2463,Number of directed multigraphs with $n$ arrows?,0
11601,Case insensitive string to replace custom comparers,0
4240,Time required to evolve advanced chromatophores in octopuses and squid?,1
9815,Removing a link from a linked list,0
8719,Convergent evolution of fruits,1
7802,Do chromosomes change with time?,1
9768,C++ smart pointers and classes,0
299,An interesting stopping time problem using PGF's,0
8151,For how long and how cold should I perform ethanol/isopropanol precipitations of RNA or DNA?,1
1279,Even number of Parentheses (off by one),0
7964,How harmless bacteria on skin defence against harmful bacteria?,1
9902,Upper bounds for $NP$ based on $NEXP = EXP$,0
3119,"Is the ""freeze response"" really a remain of our reptilian past?",1
10554,Copy an Entity With Navigation Property in C#,0
2627,"Let $g:= f(x,y) ||(x,y)||^4$. Prove that $g$ is differentiable on $(0,0)$",0
11075,Pythonic attempt at conversion of length,0
174,Laurent polynomial algebra simple,0
7972,Can you identify this animal?,1
6718,Iron deficiency anemia symptoms explanation,1
1391,Prove that mean independence implies zero conditional expectation in regression model,0
3623,Why African species are larger in size compared to other parts of world?,1
9497,Relation between size of hashtable and number of values to keep expected number of collisions below/equal to 1,0
3459,In which phenomena does one gene pair hide the effect of other unit?,1
4166,Interpreting SNP-in-gene associations from GWAS studies,1
4611,What is the name of this plant or shrub?,1
5839,Genes that exist in old Affymetrix platform but not in the newer one,1
2845,Naming a binary relation,0
10615,Fast templated call back implementation,0
9657,Gradient Boosting Class/Module using sklearn. (My first Python Module),0
7513,What phenotypes can arise from gender-related aneuploidy?,1
11571,EPI question on multiplying two integers,0
11689,Calendar events based on user feedback,0
3973,Saturated Mutagenesis Screening,1
9144,Calculate the Hamming difference between two DNA strands,0
4108,Why did humans evolve the ability to feel such a high level of heat pain?,1
1315,"Given nonnegative $x_1, \cdots, x_n \geq 0$, show that $x_1 + \cdots + x_n \geq \sqrt{1} + \sqrt{3} + \cdots + \sqrt{2n-1}$",0
8202,Do all body organs grow in proportion during the period of physical development?,1
4144,Do any nonhuman species have effective ebola immunity?,1
5767,variation in expression accounted for a SNP -- what's a usual percent?,1
6759,Can't identify this fish caught off NC coast,1
3909,Identify This Glowing Insect,1
11634,Finding a minimal subset of strings whose bitwise OR is the all ones string,0
6800,Does sickle cell anaemia protect a victim against malaria?,1
1701,Extending function with local maximum in a bounded smooth domain.,0
5679,Health effect of electromagnetic and acoustic waves on brain function,1
1330,"Proving the harmonic series, multiplied by a factor of 1/n, decreases monotically to zero.",0
7847,How do cellular waste products enter arterial blood?,1
2495,rational function with absolute values,0
9702,BFS Algorithm in JavaScript,0
2448,"Abbott Exercise: Prove that $ x_1 = 3 $, $ x_{n+1} = \frac {1} {4-x_n} $ converges.",0
3718,How Do White Blood Cells Learn? Or Do They?,1
2669,Find $\liminf a_n$ and $\limsup a_n $,0
5207,Are there any proven ways to increase the rate of bone remodeling in humans?,1
6179,Viruses selected by evolution,1
5251,How do you interpret the resulting bands of gel zymography?,1
9825,"What is ""potential speedup"" in parallel computing?",0
5648,Where can I find a file listing the genetic differences in humans?,1
2063,Real number * Integer = Integer,0
8289,Where should I go for online information on animals endemic specifically in Mozambique?,1
9154,FTP Download Helper Method,0
4500,Conjugated deoxyribonucleotides,1
9026,How to implement HasMany() relationship with PHP?,0
46,How does one visualize sequence of derivatives and functions in a same diagram?,0
8017,Can wood frogs who have frozen and thawed remember their past lives?,1
7132,Small flying insects gathering around the pot flowers,1
4741,What is the minimum water consumption for Arabidopsis and other plants?,1
11090,Sorting in computing longest increasing subsequence,0
1797,How to show that the limit of a fibonacci sequence equates to 1 as n goes to infinity,0
11999,"java if `String` begins with ""red"" or ""blue""",0
2053,Is the set described below disconnected?,0
5221,Can anyone identify this caterpillar?,1
6900,Cross species effects of Apis mellifera queen pheromones,1
445,Transition from countable to uncountable,0
4509,"Has any scientist elaborated on the ""selfish neuron"" hypothesis?",1
7702,Geometric Interpretations of the DNA Double Helix,1
4809,In which way would the yeast cell cope with the excess amount of methionine in the growth media?,1
8275,How do furniture beetle larvae drink?,1
5110,"What is this tiny, transparent creature found in my home?",1
9653,"Regular expressions, is it always true that (r U s)* = r* U s* U (rs)*?",0
6496,Terrestrial Vertebrate Limbs,1
5818,How would the result of Hershey and Chase experiment been different if protein was the genetic material?,1
173,Defining a sheaf of differential operators,0
694,A cycle is an even permutation iff its length is odd,0
4693,Please help to identify this insect,1
7851,Are there more true codes found in biology besides the central dogma?,1
7890,Absorption of digested food in small intestine,1
5541,Why do animals yawn? What is the biology behind it?,1
9119,Parse Numerals from a String in Golang,0
3994,"Is there an antidote for caffeine, e.g. as a supplicant for caffeine-intolerant persons?",1
9570,"Identifying numeric substrings of an alphanumeric string, and summing them",0
4471,Why are some fungi poisonous?,1
10370,Asynchronous logging using custom log4j appender and ExecutorService,0
10760,Haversine formula in SQL,0
3780,Why is the Hill muscle model only applicable to isometric contractions?,1
7240,"Regarding the kingdom Animalia, which phylogenic tree is more common: Molecular Comparisons or Body-Plan Grades",1
9976,Remove and add connection string,0
11671,Sieve of Eratosthenes in Java,0
10638,All values of boolean-triple,0
6068,What is the darkest color human bowel movement can become?,1
7665,Want to know about a creature which bite me,1
3074,Genetics: pedigree following a rare trait autosomal recessive,1
3658,How do animals end up in remote areas?,1
205,"How to prove for each weight, $E^{adj}_\alpha$ is non-degenerate?",0
1647,Finding the upper bound for this recursion: $T(n) = T(\log n) + O(\log n)$,0
1395,Power Reducing Formula,0
11444,Order a list of tuples or a NumPy array in a specific format,0
11146,Checking if an element exists in an array efficiently and return it,0
5132,"The difference between ""Hunger"" and ""Appetite""",1
8059,Doubts regarding definition of upstream/downstream genes and cognate protein,1
5606,Where to obtain metabolic pathway datasets,1
11343,Finding recurrence when Master Theorem fails,0
1956,Coordinate Form of $r = x/2$,0
929,"Is there a dilation/scaling ""equivalent"" of Wiener's Tauberian theorems?",0
9014,calculate average CPI,0
11300,Variant of nim game with particular rules,0
1589,probability of events given data,0
7045,Are there any de-novo genome assembly programs for HADOOP?,1
8443,Experiments on abiogenesis in laboratories,1
4183,Biological key file format,1
215,Prove by induction for $F(2n) = F(n)[F(n-1) + F(n+1)]$ for all $n\ge 1$,0
8684,Can someone tell me what kind of reptile is this?,1
6412,Is this ladybird larva secreting a protective fluid?,1
11857,Proof of correctness of the XL-algorithm for polynomial systems,0
7480,How can one identify an organism from its dissymmetry ratio?,1
4574,What is this worm like animal found on a well water filter?,1
7442,Hershey and Chase experiment,1
1489,"Integration with surds, problem taking out $x^2$",0
3492,Which Hawaii bird makes this call at night?,1
4589,Blood pH at Higher Altitudes,1
8339,Extract protein sequences from a GBK(GenBank) file without scripting,1
6636,Cytochalasin B in cell movement,1
6895,Question about : RNA interference - small-interference RNA AND about Rab-protein in vesicles,1
1105,"Eigenvalues of $A^n$, $A=\begin{bmatrix}1&1\\1&0\end{bmatrix}$",0
9754,"Date Class, implemented",0
7348,What is this and is it dangerous?,1
11705,Using getters and setters to change another variable C#,0
1791,Trigonometric function with a theoretical scenario used to find missing variables?,0
9805,"How to construct a CFG which generates {0, 1, #}⁺ - {b_1#b_2#b_3#… #b_n | n is a whole number} where b_i is i in binary without leading zeros?",0
1555,Excercise about convex functions counterexample,0
7894,What is this dried animal for sale?,1
7574,Anabolic reactions and reaction energy,1
4719,Kin selection Vs altruism (social biology),1
10338,Consider a 1-tape TM that starts with n ≥ 1 written in unary/binary notation on its tape. Explain how it can count down from n to 0 in O(n) steps,0
9109,"Proof that language is not regular. $L=\{w\bar{w}|w\in \{0,1\}^* and\ \bar{w}\ is\ one's\ complement\ of\ w\}$",0
9749,My login with AJAX and PHP,0
3269,Amphibian blood circulation,1
9792,Better way to write if/else conditions,0
9774,how long will it take to execute a ten-stage pipeline,0
1751,Defining principal elements of every poset. Is this a new idea?,0
1617,Prove an equation given 3 tangents and coordinates of centre of a circle,0
4939,Are human disease-causing organisms living in other creatures helpful to them?,1
11747,Pokemon Turn Based battle (Python),0
7366,How can sodium and potassium from burned organic matter (ashes) reenter the ecosystem?,1
693,"Is the convergence in ""the topology of pointwise convergence"" for sequences or nets?",0
11707,Query complexity of exact learning and combinatorial parameter,0
3819,Does the given pedigree show a Y-linked dominant trait?,1
209,Convergence of maximum of iid random variables in distribution,0
11708,Can abstract syntax trees be unparsed in subexponential time?,0
7985,How is excess semen removed if ejaculation does not occur?,1
9040,A TSP to HamCycle Reduction,0
2046,Sum of 1/n^4 using a half period cosine series,0
3635,Reptiles are a paraphyletic group because?,1
696,Transform a recurrence with fraction into a linear recurrence,0
11595,Installing Mods With Python (v 2.0),0
5734,Are identical twins clones?,1
1089,Counting the number of ways that no pair is shown in a shoes drawing experiment,0
6278,Confusion about Photosystem 2 with regards to lysis of water,1
7057,Infectious deadly disease among free animals?,1
9215,Adding vector functionality to TI Calculators,0
3046,What motivates children to start walking?,1
3031,Does body temperature affect human lifespan?,1
5775,Identify a lone bone (jaw including teeth) found on a beach at Trouville-sur-Mer (France) in 2018,1
902,"On integration, measurability, almost everywhere concept",0
11565,Gaining better performance when screen scraping is required,0
7651,To understand why satellite cells are genetically inactive in Barr body,1
9176,jQuery popup menu function,0
220,Domain Issue: Notation,0
2648,Necessary condition for improper integral of odd and even functions to converge,0
8078,Why can't the human eye focus blue light?,1
833,Solving a simple systems of equations,0
1946,Is a non-empty Language required to contain the empty string by definition?,0
425,Volume of the unit ball through areas of spheres,0
735,Is $E(f(x))$ always a constant?,0
3132,What niche was humanity theorized to fill before we possesd weapons and coordination to hunt & kill large prey?,1
10969,Running time of algorithm (effect of j*j in for loops) - Theta Runtime,0
266,"If $\{u_1,...,u_n,v_1,...,v_k\}$ is a basis does it necessarily follow that $\{u_1,...,u_n\}$ is linearly independent?",0
8120,How much time does it take a human body to replace all of its atoms?,1
10568,Modelling regex replacement via a DFA,0
6675,Are there any theories why such an imbalance in chirality of molluscs?,1
7392,Is evolution always unidirectional?,1
9306,Does the Y combinator contradict the Curry-Howard correspondence?,0
6785,Why is there a size limit on inserts that a plasmid can accept?,1
2057,I am not able to make the required GP to solve this,0
7197,What causes the bright flash of light when poking my eye?,1
5983,Why do most negatively charged phospholipids concentrate in the inner leaftlet?,1
1697,How can I show that a continuous homegenous operator maps a maximal connected element to itself?,0
10901,Is there a difference between total-ordering consistency and linearizability?,0
3748,What is a coupled reaction and why do cells couple reactions?,1
9396,LuhnyBin - my first Ruby script,0
939,Is this inequality true for all k ? $\sum_{n=k}^{n=+\infty} \frac{1}{n^4} \leq (\sum_{n=k}^{n=+\infty} \frac{1}{n^2})^3$,0
961,Difference between supremum and upper bounds and between infimum and lower bounds,0
10361,"Calculate expected values of ""Craps Game"" with the help of Prism Model Checker",0
11782,Transforming a list of maps representing bands,0
2034,"If the dual of a topological vector space separates points, does it separate a point and a closed subspace?",0
3611,recolonize earth desert with plants : which plants first?,1
3603,Why does mold grow on silicone caulk?,1
2069,What is the difference to compute double integral?,0
8478,Why is funnel web spider venom so lethal to humans and not so much for other mammals?,1
2456,What are the distinct cyclic subgroups of order 12 in $\mathbb{Z}_6 \times \mathbb{Z}_{10}^\times$?,0
7609,Real-time PCR delay in Cq due to insertion SNP in primer,1
7293,Does thimerosal have some of the same mechanism of action as sodium benzoate?,1
5578,Reformulation of Hamilton's rule,1
8046,Discrete vs Continuous Replicator Dynamics,1
9888,Setting label in Java button listener,0
9930,Algorithm to enumerate all complete schedulings of finals tests?,0
2608,Methods for calculating the mean and variance of a distribution created from the addition of two normally distributed quantities,0
3458,Transcription of Genes: Are Specific Transcription Factors + Enhancers Necessary?,1
5325,"Species identification, tree from Ecuador",1
6912,Is the leading strand consistent in the same chromosome with multiple replication forks?,1
5520,What is functional dissection?,1
7295,"Animal with ""advantageous"" trait in a environment where the trait is never utilized (high cold tolerance in mild climate) - natural selection occur?",1
1367,automatic differentiation on matrix-vector product,0
5731,What factors affect the likelihood of auditory stimuli causing arousal during sleep?,1
2764,"With circular vertical motion and linear horizontal motion, how to move in a straight vertical line.",0
6602,What is the origin of viruses? How could they get both living and non-living characteristics?,1
6664,What was the biological mechanism that allowed Tarrare to eat so much?,1
9543,Show that the union of Θ and o is not O,0
5063,Do repetitive movements on EEGs show up as discernible patterns?,1
8367,Is viral protein expression important for peptide vaccine?,1
11257,K String Turing machine,0
9307,Calculating the set field of associative cache,0
11028,Runtime of weighted interval scheduling dynamic programming algorithm,0
4877,What is the fate of the typical tree?,1
6873,Where do B cells produce antibodies?,1
2003,Show function series is uniformly convergent by the derivative and pointwise convergent,0
6216,Alternative plant taxonomies to Linneaus,1
7693,Why is Carbon Dioxide a Greenhouse Gas whereas Ammonia is not?,1
11722,Phone number duplication detector,0
5879,"Exactly what kind of spider is this in Louisville, KY?",1
2139,quotient manifold theorem,0
7036,About embryonic and genetic evidence of evolution?,1
8250,Why is the neuronal plasma membrane more permeable to potassium ions than sodium ions?,1
9303,Ensure that a Sinatra hash always has a valid value,0
4913,Why does flu vaccination only work against specific strains?,1
8010,"How did evolution support sports, fun, entertainment etc",1
6329,Where is a coacervate located in the levels of organization?,1
5345,How was the guided daily amount (GDA) calculated?,1
4743,What is meant by clones of B-cells?,1
1610,Are $(\exists x)(\exists y)$ and $(\forall x)(\forall y)$ equivalent to $(\exists y)(\exists x)$ and $(\forall y)(\forall x)$ respectively?,0
7128,"What does ""Origin"" mean in NCBI GenBank?",1
9704,optimizing project euler #83 solution,0
7634,Can a lion be fed cat food?,1
11065,Python: improve in elegant way (code saving) a function in order to avoid several statements,0
10500,Given a bitstring generate all bitstring with n flipped bits,0
8960,What is the biological reason that some viruses cause sore joints (eg flu)?,1
11777,Code review of forward invocation,0
2857,Does HOMFLY-PT polynomial for links ever vanish?,0
11047,2-D peak finding complexity (MIT OCW 6.006),0
7783,Why don't our cells merge when their phospholipid membranes touch each other?,1
965,Inverse Laplace Transform of $\frac{1}{e^s-1}$ and $\frac{s}{e^s-1}$,0
8189,Is the regulation of lactose operon different between Gram + and Gram -?,1
5800,Dealing with Repetitive Bases in DNA?,1
7311,Rhizosphere vs. Endorhiza?,1
5018,Can vitamin B17 cure cancer?,1
4780,Do birds have quadriceps and thighs fused into their hips?,1
560,Construction based on circumcenter and incenter,0
11317,Optimizing this matrix shifter,0
7630,"Butterfly identification: Dorset England, July.",1
74,Uniform Convexity Property,0
3822,After how many hours water drunk is expelled from the body?,1
581,"Find integers $\alpha$ and $\beta$ such that $255\alpha + 63546\beta= gcd(255,63546).$",0
9714,Variable creation and returning Boolean values,0
11576,Custom class for a borrowed unique_ptr?,0
2162,Product rule for logarithms works on any non-zero value?,0
11480,Creating and updating link to instagram image or video,0
5042,How are cell death like apoptosis and entropy related?,1
7904,Mosquito vs Human: Swapping the roles,1
759,Maximum determinant of $3 \times 3$ matrix,0
4344,Computing Percent Identity between DNA / Amino Acid Sequence,1
8315,"In a tumor, why hypoxic regions have access to glucose?",1
11312,A context-free grammar for a language of strings with occurrence properties?,0
10601,Extension Method for Creating Types from Regular Expression Match Groups,0
877,Prove that a certain sequence is increasing and find its limit: $a_1 = 1$ and $a_{n+1}=n(1+\ln a_n)$ (and $(a_n)^\frac{1}{n}$),0
8468,"What's the difference between blood value units 'mE/l', 'mU/l', 'mIU/l' and 'mEq/l'?",1
9128,C++17 enum macro with to_string operator,0
9285,How to handle missing attribute's value with ID3 algorithm?,0
4355,Statistician confused about exact SNP data type,1
7318,Is averaged molar CO2 and O2 output/input necessarily identical?,1
8029,Are there animal species where some females have greater amounts of male-associated qualities than average males?,1
9527,Hiding multiple elements' parent container (by child element id),0
5500,Bacteria utilize short chain fatty acid as energy source,1
1128,"Under what conditions is the operator $Ax = [x, y]x'$ a projection?",0
4419,Do memories have mass?,1
3440,"What is name of the red eyed rabbit or hare, found in Himalayan region?",1
4884,Can we define biological age?,1
2450,solution of non linear differential second order equation,0
8600,Plaque rupture flow chart reading,1
5428,How does high-intensity aerobic exercise affect the brain?,1
8958,Is newly produced sperm healthy if there was previous DNA damage?,1
10994,"If a comparison-based algorithm finds the ith smallest element, it also classifies all the elements as ≥a[i] or ≤a[i]",0
1773,"Show that $\mathrm{min}(\frac{a}{b},\frac{a'}{b'}) \leq \frac{a+a'}{b+b'} \leq \mathrm{max}(\frac{a}{b},\frac{a'}{b'})$",0
2356,If and only if condition for Simpson's paradox,0
1241,Unique line in $\mathbb{P}^4$ intersecting three pairwise non-intersecting lines not in a hyperplane.,0
4885,How much current is required to stimulate a neuron?,1
11740,How to build/recognise a deadlock-free order of resources,0
2492,Chain rule for multiple variables,0
7319,How do cone cells underneath capillaries receive light?,1
5700,What bird is this seen trekking in Nepal during descent on Manaslu circuit?,1
5240,"Are Raf, MEK, and ERK MAP kinases?",1
4043,Why there is no typical cells,1
306,Lower bounding the expectation of an infimum,0
8807,Why can't there be fructification of mycelium in submerged culture?,1
8177,Gastroenteritis virus causing mutation of the Enterochromaffin cells,1
8989,"Transcript(omics) terminology: cDNAs, ESTs, RNA-seq, etc",1
11166,How to solve this asymptotic complexity problem?,0
2271,How to solve this Pell's equation $x^{2} - 991y^{2} = 1 $,0
4713,Using evolution of bacteria against themselves,1
3960,How can a waterborne disease be transmitted,1
11113,Finding pairs of vertices which would disconnect a graph,0
1960,Equivalence of transversality conditions,0
8841,Interpretation of agarose gel electrophoresis of a plasmid,1
5122,Converting from RU/ML to AEU/ML,1
2333,Modular arithmetic problems,0
3621,Why did eukaryotic cells develop?,1
4497,What types of light can't a plant photosynthesize in?,1
8670,Dynamic instability of microtubule,1
4594,Which of the three is true for insulin receptors?,1
2603,Eavaluating an indefinite integral,0
5771,Which cells are prefered by the HIV virus to establish an infection?,1
469,Convexity of a trace of matrices with respect to diagonal elements,0
2187,Is there a faster way to solve this problem?,0
3016,"Is the technology ""identitas v1 forensics chip"" related to microarray technology?",1
11638,Empty an array on focusout - jQuery UI Autocomplete,0
1902,$E_{\infty}$ algebra in characteristic zero,0
2486,Prove that the center of a circle within a constructed triangles lies on the angle bisector,0
9244,Angular Checkbox Filtering,0
6522,Which plant's part is this?,1
6999,Does protein consist of repeating units of amino acids?,1
7568,protocol for pulldown of DNA breakpoints?,1
11790,Script to monitor a folder and compress the content,0
10538,Simple bruteforce algorithm in Swift,0
11904,Polymorphism and Inductive datatypes,0
11741,Fastest way to build string feature vectors Python,0
4561,Relationship between body size and damage done by electricity,1
1319,Limit of Poisson Distribution,0
11632,Calculating compass direction,0
2778,"Is $\sum _{n=1} ^ \infty \frac{1}{(x+\pi)^2 \cdot n^2 }$ uniformly convergent on $(-\pi , \pi)$?",0
2290,"$\int \frac{(e^z)}{z-\pi i} dz$, if C is the ellipse |z - 2| + |z+2| = 6",0
1822,Integral containing inverse $\tanh$,0
5080,Calculating the ripeness rate in fruits,1
10755,Find all possible interpretations of an array of digits,0
941,Complicated comparing sets,0
6365,Neurological response to food cravings caused by bacteria,1
344,Proof involving Floor function,0
3175,Where can I find a list of diseases and their incidence?,1
9038,Part 2: Send HTTP request for each row in Excel table,0
9547,Automaton without variables and guards for queueing system,0
10536,Squeezing decorators into functional extensions,0
4607,Does common X-like picture represent one doubled chromosome or two homologous chromosomes?,1
11331,"""Edit distance"" UVA programming challenge",0
9015,Abstracting device IO / glue logic in a CPU emulator,0
8991,How long does it take to extract a tree core for dendrochronological analysis,1
669,What is meant by the absolute convergence of the infinite product $\prod\limits_{n=1}^{\infty} \frac {1} {1+a_n}$?,0
9341,Trying to speed up VBA macro to generate viable Daily Fantasy Sports lineups,0
2588,Using connectedness to show that $\mathbb{R}^n$ is not homeomorphic to $\mathbb{R}$,0
2488,Simple Curve Integral using Parametrization,0
36,"On every simply connected domain, there exists a holomorphic function with no analytic continuation.",0
287,How to find out if there 7 prime subtractors of a number,0
3159,Identify this excreta!,1
10462,Weird implementation of quicksort,0
5357,Are there any techniques for manufacturing exosomes in the lab?,1
10028,Calculating energy from mass and light speed,0
8611,"When DNA is at its uncondensed form, what can it do?",1
5264,How to start learning disease profiling?,1
1885,When is the function $x^{1/n}$ a monotonic function?,0
1675,How to classify this PDE: $\frac{\partial u}{\partial t}+\frac{\partial}{\partial x}\left(u^3+au^3\frac{\partial^3u}{\partial x^3}\right)=\frac bu$?,0
7581,Does the red blood cell in frogs undergo amitosis?,1
2051,Cyclic vectors of diagonal matrix,0
2276,How to verify if an element is inside an ordered pair?,0
9697,Map a range of integers to a 64-bit integer,0
11636,Code that checks input for calculator app,0
2718,Solve system of nonlinear equations using non-numerical method,0
11610,Web-scraping through a rotating proxy script,0
10313,Fibonacci sum with memoization,0
8293,Is the amount of phosphoric acid added to colas enough to disrupt the function of the kidney over the long term?,1
7752,How do developing neurons become tuned to fire only on receiving specific inputs?,1
4457,Why do the fastest runners tend to be black?,1
4452,Are there parasitoids of mosquitoes ? (other than nematodes),1
2256,How to extend a logarithmic function from the rationals to the reals?,0
1725,base change of a reduced scheme over $\mathbb{Z}$,0
57,"If average salary is correlated with number of men and women in a company , should it be correlated with ratio of men/women?",0
8532,Why didn't these scientists restore electrical activity in this pig's brain?,1
4157,Machine-readable APG III trees?,1
2728,Bounded projection onto finite dimensional subspace of normed space,0
3207,Relationship between toxicity of drugs and negative effects on brain,1
9047,Getting all the dates in a month that do not coincide with a project's dates,0
9541,Sums of Landau terms revisited,0
6667,"In humans, are diseases inevitable during old age?",1
9855,Algorithm for partial order width,0
9112,Truth and lie in infomation theory: negative amount of information,0
11844,Canonical representation of programs,0
10319,React higher-order component: withHigherHandlers,0
1073,Does this equation admit a solution $f:\mathbb{R}^2 \to \mathbb{R}^2$ with non-constant Jacobian?,0
4182,What changes would allow cutting mRNA-based vaccine safety testing to 18 Months,1
8212,Relation between OD with different microbial growth,1
11097,Two-head one way finite memory machine accepts non-regular languages,0
7590,How is vitamin B12 stored in the body although it is water-soluble?,1
9615,Linear time multiplication on RAM machine?,0
5472,"Why is the ribonucleoside derived from thymine, 5-Methyluridine, abbreviated m5U and not T?",1
7777,Is there any biological evidence that is not suggestive of or seems to disprove evolution?,1
4252,What causes REM atonia to be lost in sleepwalking?,1
9066,Data structure to count occurrences of words,0
705,Does the function have horizontal or vertical asymptotes?,0
2752,A problem about polynomial approximation,0
4757,What happens when cells in your body run out of telomeres?,1
9403,Calculating the ideal body weight,0
5409,Can the basement membrane of blood capillaries expand?,1
4478,Are tendons and ligaments classified under the muscular or bone system?,1
5514,"How does anadromous fish physiology ""know"" to switch from salt to freshwater and back?",1
10607,NAQ 2018 Problem D Froggie,0
1781,Marginal Probability Density Functions,0
7374,How does one predict how large of an effect on antigenic drift a substitution in the amino acid sequence of a surface protein of influenza has?,1
710,Inverse Z-transform with a complex root,0
2925,Evaluate $\int_0^1x^a e^x dx$,0
5947,Bee (?) identification,1
7688,Calculate growth rate of a population by Leslie matrix,1
10624,IEnumerable extension method that ingests SqlCommand and returns query results,0
7643,Insect identification,1
9924,Multiple similar event handlers for input validation,0
6350,Magnetic-activated cell sorting vs. FACS,1
962,relationship between $L^d$ convergence and a.s. convergence,0
9515,efficient django model for resume,0
7106,Same primers and different melting peaks for two samples (~1°C appart),1
6241,Reproduction or Cell division,1
7762,"If I built a concrete pool, would it ever contain fish?",1
3152,Restriction enzyme type II,1
7301,How could one calculate the gene flow between two populations?,1
11987,indexOf() and Boyer Moore methods,0
8829,Is the chemical composition of urine detrimental or beneficial for a tree?,1
4314,Crusty eyes in the morning,1
10267,Individual bit access in C,0
2258,Area of parallelogram from a linear operator,0
2392,For What Valus of $a \in \mathbb{N}$ Does $y=x^a e^x$ Has Only One Extreme Point?,0
916,Question about when a projection from a fiber product is open,0
6177,Increasing/decreasing signal intensity in Western blotting,1
9752,"Access function to return ""number of working days until date"" for form",0
7924,Computer Virus that infects DNA?,1
8742,Can we develop a nucleos(t)ide analogue to cure rabies?,1
3327,What was the first gene(s) found to code for ncRNA,1
1983,Alternative methods for $\int_{0}^{1}\frac{x^4(1-x)^4}{1+x^2}dx$,0
5242,Is there any clear relationship between physical characteristics and patterns in the genome?,1
3887,Do sulfate reducing bacteria help during the formation of the mineral dolomite in low temperature environments?,1
5826,"When the mind is highly active, roughly how many neurons become excited in one second?",1
5780,Do phagocytes need antibodies to be able to engulf pathogens (to function)?,1
4236,Does the creation of memory involve mRNAs crossing the synaptic gap?,1
5319,Activity of DNA glycosylase,1
3398,What would cause bands to appear lower on a nonreduced SDS-PAGE gel?,1
594,"mediant and weighted mean, fraction",0
5882,Is an X ml dose of a drug at 50% bioavailability roughly equivalent to a 2X ml dose at 25% bioavailability?,1
2210,finite dimensional group is locally a manifold or product with a cantor set,0
4580,Additive property of taste,1
1412,What are the last 20 digits of mega?,0
8847,What is (are) the medium of conduction for an electrical current with an external source in the human body?,1
8280,Why do obese people tire quickly?,1
11235,Maximum coverage 1/2-approximation algorithm: why does the central lemma hold?,0
3017,Do endocrine cells always lie adjacent to capillaries?,1
9658,Creating a repetitive string in Common Lisp,0
9858,Time complexity in Big O notation for Harmonic series with first k terms missing,0
2249,Method of Undetermined Coefficients Using Complex Arithmetic,0
10882,How to get 2-LOOKAHEAD results in this grammar?,0
9168,"Rust program, which reads, processes, and writes a file",0
10351,Decidable language: set of context-free langauges containing 1 string,0
185,Trying to find $n$ in geometric progression.,0
11910,Waiting for a file to be accessible with Thread.Sleep() and exception catching,0
3406,Why would a flower evolve such that a particular pollinator cannot pollinate it?,1
7561,Do hornets return to the same nest after winter each year?,1
349,Expected value of discrete and continuous random variables.,0
1560,Two dimensional convex body which cannot be illuminated by a finite set of directions,0
6130,identify this ant queen,1
4148,"Are these 2 procedures to fight cancer (cancer ""vaccine"", and cancer drugs which can attack all tumours) related?",1
11824,"What is the ""formula"" for ""any cipher can be deciphered by a quantum computer""?",0
4402,Is DNA replication a serial or parallel process?,1
4520,Guide RNAs and SNPs for nanopore enrichment,1
1942,"How find this value if such $f[f(x,y),z]=f(z,xy)+z,x,y,z\in R$",0
8500,What if target DNA doesn’t have restriction sites,1
1287,How to solve trigonometric equation $\sin(x)+x\cdot \cos(x)=0$?,0
8432,How does the value of K determine number of local optima in NK model?,1
6813,Predicting DNA nucleotide bases sequence from fully formed protein,1
6274,What kind of viruses can be found in sperm?,1
2640,"Computing the norm of the operator $T: (\Bbb R^n, \|\cdot\|_2)\to (\Bbb R^n, \|\cdot\|_1)$ with $Tx = (\delta^kx_k)_{k=1,...,n}$",0
1889,$\int_{0}^{\frac{\sqrt{2}-1}{2}}\frac{dx}{(2x+1)\sqrt{x^2+x}}$,0
864,Do perfect maps preserve perfect normality?,0
50,Convergence of cosine in the calculator,0
11108,Constant in Complexity of SQRT algorithm,0
2787,"Does $\sup_{x \in (-r,r)} |f^{(n)}(x)| \leq A^n n!$ hold?",0
4634,Free software for measuring parts of an image?,1
2902,Getting the best fitting distribution using the p value,0
4592,List of amino acid frequency of different foods?,1
6911,What does γ mean before a gene name?,1
7177,Can a person die from over exposure to rain?,1
2496,Scaled series of shifted continuous function,0
7886,"Do ants use something similar to the honey bee ""waggle dance"" to instruct the rest of the colony where to find a food source?",1
1004,How to write lagrangian terms related to only one variable in a semidefinite constraint?,0
8255,coverage calculations approach for clipped reads,1
9479,How does a transition function behave in a FSM when an input is not recognized (i.e. the input is not contained in the alphabet)?,0
7257,Is this an eastern hemlock (Tsuga canadensis) seedling?,1
11117,Is there a language that can be Turing-reduced from all languages?,0
6930,Grafting vegetables onto fruit-bearing trees,1
2807,Simplifying complex radicals that includes prime numbers,0
132,Don't understand a result of a Frobenius method solution,0
1614,Let $g:\mathbb{R}\to\mathbb{R}$ be defined as $g(x)=x^2\sin\left(\frac{1}{x^2}\right)$ and $g(0)=0$. Prove that $g^\prime$ is unbounded at $0$.,0
1565,Problem - cylindrical coordinates,0
2580,Expectation of standard deviation,0
8877,"Does ""squinting"" make you concentrate better on a logic test?",1
7895,Is Bramble (blackberry bush) carnivorous?,1
86,Prove that the subspaces $T := \{\frac{1}{n}: n ∈ \mathbb{N}\}$ and $S := T \cup \{0\}$ of $\mathbb{E}^1$ are not homeomorphic,0
2140,Confusion about linear convergence,0
5271,Evolution of autophagy and apoptosis,1
11529,Golang and Gin framework: best practices to connect to Postgresql,0
8112,Diastole/systole pressure in transcapillary circulation,1
4470,Relation/difference between metabolism and cellular organisation,1
9905,Is lambda calculus suitable for expressing semantics of non-functional languages?,0
5836,Why doesn't the spinal cord get thicker the further up we go?,1
4612,Purpose of poly(A)+ RNA?,1
6693,What is the contribution of viruses to the evolution of mankind?,1
11625,Longest palindrome O(n^2),0
8231,Why can't diamine oxidase be supplemented?,1
51,About $H^0(\mathcal{O}_X(-k))$ where $X$ is a curve on $\mathbb{P}^3$,0
5742,First documented beneficial mutation?,1
6711,Does cellular/organism death happen to enable evolution?,1
8903,Male behaviour during breeding season,1
4125,What relation do glycerol-3-P DH and acyl-CoA DH have with Complex II of the ETC?,1
3062,What is the genetic difference between two cone branches?,1
4398,"What is the meaning of ""gap"" in G1 phase?",1
515,Basic Homotopy Question,0
10908,For loop that iterates through files and iteratively appends lists storing values from the read file,0
6493,Are red blood cells prokaryotic?,1
3778,How do people wake up just before their alarm goes off?,1
8106,To what extent does loss of neurons in the substantia nigra affect movement?,1
3844,What is the body density of insects on average?,1
4527,What is the relationship between DNA molecules and the chromosomes?,1
2050,Knockout tournament.,0
3763,Do babies conceived naturally or artificially have any differences in long-term health?,1
9132,Is persistence a property of a database?,0
3664,"Aside from Homo Sapiens, do the males of any other species care for the offspring of those unrelated to them?",1
1666,Prove that $V$-valued two-player games of perfect information have an optimal strategy and payoff,0
10912,SQL Table and Merge Statement,0
9758,Why is Two-Phase Commit (2PC) blocking?,0
333,Ordinary Least Squares: Why we need mean independent errors?,0
6755,Is there a maximum limit of connections between a pair of neurons?,1
7788,What pattern can be learned from the data of RNA seq counts and HiC matrix?,1
3933,DNA extraction from agarose gel,1
3374,Why are stem cell therapies more preferred (theoretically) over current measures?,1
9995,Cleanest way to get list of Django objects that have same foreign key and display them in a view,0
7357,Why is the origin (patient zero) required to cure a virus?,1
4948,Is there any bank of animations for Embryology?,1
8893,Why is the penicillin/ceftriaxone hypersensitivity test only done once?,1
9402,Reduction problem to another problem,0
7186,Why sister chromatids and daughter cells but not brother chromatids and son cells?,1
3538,What is the direction of the processing of light by the (human) retina and how does it happen?,1
3878,Predicting host-pathogen gene interaction networks,1
1298,Can someone help me solve the Question on Differentiabilty,0
2942,Find projection to linear orthogonal subspace using linear regression when matrix is not invertible,0
7959,Does cell phone radiation promote longevity?,1
7213,"When comparing oral infection v IV infection in mice, why would the CFU given be different volumes?",1
7545,How can histidine be classified both as positively charged and hydrophobic?,1
8587,Where can I find these frequencies for several species?,1
2651,How to solve a greatest integer equation for $x$?,0
7006,How many lymphocytes in a lymph nodes?,1
9655,Does regret change when the loss function is dependent on the previous predictions?,0
6166,On which amino-acids residue is the SDS acting on?,1
6995,Are there health benefits to donating blood?,1
2684,Module characteristic polynomial.,0
10043,Which method for ODE instead of Euler's?,0
2633,Closed-form expression $(x_{2^l})_{l\in \mathbb{N}_0}$,0
213,Uniform convergence of a series of sine functions,0
9706,Password authentication over an insecure connection,0
2758,A step in the completeness proof of first-order logic,0
2527,"$y''+\epsilon y'=\epsilon$, where $y(0)=1$, $y'(0)=0$",0
2470,"Prove that the Following Set of Linear Transformations is a Basis for $\mathcal{L}(V,W)$",0
11288,Possible memory-leak on a self-removable event handler,0
3625,Strange Exoskeleton Found in Maine: What is It?,1
1343,Prove that $\sqrt m$ is irrational by showing that the set $\{n\in\mathbb N: n\sqrt m\in\mathbb N\}$ is empty,0
158,Slater's condition for closedness of the linear image of a closed convex cone,0
9535,3D intersection algorithm for cylinders,0
353,Cardinality of the borel measurable functions?,0
10564,constexpr Precalculate size of serialized data with templates and C++20 concepts,0
1201,Finding the smallest composition of a natural number with limited basic set of summands,0
250,Question from Mac Lane and Birkhoff (Chapter II Section 5) -- Universal property(?) of direct product of cyclic groups,0
8913,How is Taq polymerase produced?,1
4640,Recessiveness of allele for protection of organism,1
1842,Gaussian Elimination on Block Matrix,0
1280,Higher centers are characteristic.,0
39,"Given a set of integers, and a length n - can we find the minimum difference between any two sums of combinations of size n?",0
11545,Coloring of a K-ary tree using minimum paint Buckets,0
855,Correct Process for Determine Convergence of $\sum\limits_{n=1}^{\infty} \frac{1}{(3n-2)(3n+1)}$,0
322,Spectral decomposition of normal operator,0
8654,Can bacteria metabolize fatty acids for fuel?,1
702,"Orthogonal complement of span$\langle\, \sin, \cos\,\rangle$ in $L^2$",0
9520,"Why ""reduce to"", not the other way around?",0
6088,Why is it that I can understand speech through one ear better than the other ear?,1
2561,"Is it possible to prove that $U(p)$, for prime $p$, is cyclic using only group theory? If not, why not?",0
6530,Book recommendations for evolutionary models,1
3554,Can Omega 3 Fatty Acids prevent chest pain in periodic Atrial Fibrillation?,1
824,Help Building a Partitioning of a Graph,0
8486,Does our heart have to work harder in hot or cold weather?,1
5866,Why ravens play with garbage?,1
5937,phylogenetics and substitution ratios for positive selection,1
4763,Does muscle get bigger by increase in size of individual cells or increase in number?,1
9407,Download and write ~100k images,0
7337,Are there examples of selection on males influencing female phenotypes?,1
8232,Never caught this fish before,1
8820,Bacteriophage lysis in mammalian cells,1
7266,Why does vision gradually becomes dimmer in bright setting?,1
661,Does this Stochastic Differential Equation have a name?,0
6893,Maximum Allometry of aquatic mammals omitting Kleiber's Law,1
7456,Whole Genome Sequencing and B Chromosomes,1
5458,harvesting fertilized eggs from Tetraodontidae species?,1
10293,"Given multiple families of sets, select a set from each such that the intersection of selected sets is a correspondence",0
6965,Does medication make the body dependent?,1
2054,"Prove for each positive integer $n$, there exists $n$ consecutive positive integers none of which is an integral power of a prime number",0
4468,How do you dilute forward and reverse primers for a master mix?,1
11356,Use PreparedStatement to insert into H2 database,0
3766,Are there any animal species other than humans & chimps that engage in tribal conflicts?,1
11454,"""Ringing in the New Year (2011→ 2012)"" puzzle",0
4397,Is there a reason for the lack of full RTK structures?,1
6517,Where occurs diamine oxidase in kidneys - in cells or in extracellular space?,1
5755,What happens if nerve impulses go the wrong way?,1
5094,How can I save bacillus strains on filter paper without an -80 degree freezer?,1
6892,Where to download gene list of human genome?,1
3606,Can crossing over between X and Y chromosome of sex chromosomes take place?,1
3520,What is happening to this tree?,1
2889,In Pollard p-1 how is the bound B chosen?,0
2225,Flip a fair coin 5 times. What is the probability that heads never occurs twice in a row?,0
5671,What determines the number of chromosomes an organism carries?,1
683,Writing $0.2$ with error less than $0.005$,0
7910,Non-Salticidae with °oo° Eye Arrangements,1
6884,What is the point of a runny nose during a cold?,1
3716,Why do humans not have a powerful sense of smell?,1
2569,Doubt about random variables and sample spaces,0
8675,What are the main differences between lab-grown tissues and natural tissues from living animals?,1
4395,Can Tajima's D and other population genetic tools be used to copare Arabidopsis ecotypes?,1
2306,Variance of random vector,0
10305,Python Knapsack greedy,0
4036,"Does severing the Corpus callosum, effect the brain's communicating ability?",1
8563,How do prions transmit their conformation to other proteins?,1
9973,Dangerous interrupts,0
3598,How do kidney cells excrete their own wastes?,1
328,How to solve probability with two conditions (with explanation)?,0
3367,What does probe number and segmentation mean in copy number variation (CNV) data,1
5645,Measuring luminescence in a fluorescence plate reader,1
414,Prove ab is a quadratic residue mod p,0
913,how do I get the tangent coordinates if I am given the quadratic function and the slope(gradient),0
10756,Find and return the earliest occurring word from a string which contains the most repeating letters,0
11719,A less limited Python Lambda,0
8966,The phylogenetic definition of the clade Dinosauria,1
10531,Error bound for minimum-degree spanning tree,0
10203,What is the initial state of DFA equivalent to an $\epsilon$-NFA?,0
11769,DFA & RE from descriptive definition of given regular language,0
2856,Define a compact and convex set through inequality constraints,0
2251,Consider the PDE $3u_t + 6u^{10}u_x + u_{xxx} = 0$,0
6349,"When using a primer to replicate DNA in a plasmid, does it replicate the whole plasmid?",1
7126,MOL2 to PDBQT conversion via OpenBabel and MGLTools removes hydrogen atoms,1
11324,Generically typed interface,0
9894,Find the exactly correct separating hyperplane of SVM when the data is not perfectly linearly separable,0
6021,Is it possible to buy a DNA sample with a specific mutation?,1
2820,inductive limit of compact Hausdorff spaces being realcompact,0
3338,How to know which residues belong to the variable or constant regions of a Fab (fragment antibody)?,1
6652,How exactly does a prion cause disease?,1
2594,Calculating the angle for a path between two nodes in a graph,0
11931,Memory-Test for Soldiers,0
7939,Does 405 nm light set off phosphorescence in the eye?,1
7216,How are the correct tRNAs transported to the ribosome?,1
10956,XAML Markup Improvements,0
6455,Why do fat people and thin people get hungry at the same time?,1
8789,Rosetta ab initio prediction and protein-protein interaction fitness help,1
1090,Finding a perpendicular line that connects two skew 3D lines at a particular distance?,0
11006,What happens after the accept state if there are still letters in the string in a Turing machine?,0
6105,What is the function of Xylem parenchyma?,1
8067,Can anyone help me identify what type of horns these are?,1
3073,Any studies on the effects and/or benefits of oil pulling?,1
3037,Using proportion or a diversity index when dealing with just two strains,1
1067,Help eliminating a term inside a square root,0
7192,How exactly does marijuana damage brain cells?,1
1763,Euler's Line of a medial triangle,0
626,Number of permutations of items in a table where you may only select one item per column and row,0
7414,"In the video, ""Inner Life of a Cell"", what's the empty space between the molecules?",1
5827,"Do animals suffer from ""Human"" mental disorders?",1
7876,Why do we assume that the first humans were dark-skinned?,1
11407,What is the theoretical result of flattening a list containing only itself?,0
9606,Router for quering MySQL results in NodeJS,0
11867,The content of an implication from the snm-Theorem,0
2964,Trick with differentials from $\frac{dr}{ds} \to \frac{dr}{dt}$,0
8940,What is this viny plant in the UK?,1
6409,Do mammals develop tolerance to anticholinergics?,1
10534,Differences between Fuzzy C-Means and EM,0
8066,What prevents platelets from clotting regular blood vessels?,1
443,"Is $f(x) = \theta a^\theta x^{-(\theta +1)}, \quad x\in (a,\infty)$ a complete distribution?",0
3496,Mechanism by which water flows through xylem,1
1263,How to simplify the polynomial $T=(a+t_1)+(a+t_1)(a+t_2)+\cdots\prod_{i=1}^n(a+t_i)-(a+a^2+\cdots a^n)$,0
8262,Genetics - Ancestry DNA relationships,1
9963,Quick sort implementation,0
6780,Identify this giant green moth(?) with great taste?,1
2599,When are two Representations equivalent?,0
8970,How to inhibit formation of specific antibodies (to antisera)?,1
1817,Proof that there is exactly one equivalence relation that forms a partition,0
9106,3SAT solvable in polynomial time...but with exponential tuning?,0
2288,Finding a point on the line,0
4017,When do kinetochores attach?,1
8501,How many frames per second do human eyes see?,1
8426,Extraretinal photoreception in mammals?,1
1173,Maximum Singular Value of Sum of Positive Semidefinite Matrices,0
7520,What is a good multiple alignment of large genome sequences when working with limited hardware?,1
22,Group theory: How does binary operation define its associated set?,0
11491,Transition System Problem,0
7068,Why does Porous-tube Nutrient Delivery System cultivation improve nutritional quality of Okinawa spinach (Gyruna bicolor)?,1
6162,Ecological specialization and relative abundance,1
7170,Can prawns and lobsters live out of water for more than six hours?,1
8309,Regarding apoptosis and turning it 'back on',1
5360,Development threshold of a blowfly species differ depending on situation?,1
4171,"If the top epidermal layer is burned away, what is it replaced with?",1
5613,Why are low throughput methods more trustable for protein interaction?,1
7274,Listing Cluster of Differentiation (CD) markers (immunology),1
1950,Compute $\lim\limits_{x\to0} \left(\sin x + \cos x\right)^{1/x}$,0
9523,"Algorithm for comparing two lists of objects, to insert added items, and delete removed items",0
10458,Optimizing Node.js http get for AWS Lambda,0
25,D and E are mid points of sides AB and AC respectively of the triangle ABC. A line drawn from A meets BC and H and DE at K. What is AK: KH?,0
4262,Are all non-breeding naked mole rats the same sex?,1
9071,"Is there a ""well known"" example of a constraint satisfaction problem on a 3-element set which is polynomial-time solvable?",0
3752,percentage of animal diseases caused by bacteria?,1
2644,"$(E,\|.\|)$ is complete $\iff$ every normally convergent series is convergent.",0
1698,Laplace transformations on a homogeneous ODE,0
4977,What prevents the human intestine from 'exploding' as a consequence of bacteria growth?,1
3730,"Expected $\mu$ and $\sigma^2$ for a phenotypic trait, given heritability h and known parental phenotypic measures?",1
9985,"Given a binary matrix, how to find the starting coordinates of a sub matrix?",0
5334,How do plants benefit from their seeds being buried?,1
802,"Integral extensions of rings, when one of the rings is a field",0
10238,Powerset (all subsets of a set) in Java,0
1036,Computing the degree of the splitting field of $x^3+18x+3$ over $\Bbb Q$,0
1665,"$X_1,X_2$ connected. Show that $X_1\times X_2$ is connected.",0
8737,What are some potential consequences for attempting to cure Type one Diabetes?,1
10154,"Logs 'Fizz' for multiples of three, 'Buzz', for multiples of 5, and 'Fizz Buzz' for multiples of 3 & 5",0
4416,"What does ""Activation"" refer to in the context of the symptoms of Schizophrenia and Schizoaffective Disorder?",1
11966,JavaScript making http(s) request: requiring modules within a function,0
706,Calculate minimal polynomial of a matrix,0
8559,Where do I purchase this Trypsin?,1
325,Multiple solutions of non homogeneous differential equations,0
1448,H-polar decomposition,0
898,Application of wavelet analysis in computer science,0
7143,Did the number of rods changed from ancient time?,1
9532,Is my code for a forum page vulnerable for sql injections?,0
5363,How do you write genotypic and phenotypic ratios?,1
11314,Deciding whether the head of a TM remains in K slots?,0
8389,How would ecology be affected if 100km² of an ocean surface was covered by a floating object?,1
296,solve differential equation $f'(x)=f(x)$,0
8416,"What is a ""membrane holding potential""?",1
7024,What is a chromosome?,1
5823,What is the extent of the effect of Tris on E. coli?,1
4524,Do we know what the earliest stages of integument like fur or feathers looked like?,1
3746,What causes a selective shift of colour perception after removing wavelength filtered glasses?,1
4697,Absorption of pentoses in intestine,1
10272,"What are the draw backs, if any, in using C and C++ together? Is doing so considered correct by the large?",0
589,series of the integrals converges then the series converges almost surely,0
582,"How can I show that a bijection between $[0,1)$ and $(0,1)$ cannot be continuous?",0
6564,Linkage disequilibrium,1
1006,Schubert Cells of Flags,0
2606,Necessary and sufficient conditions for a set to lie in a hemisphere.,0
5527,Cyanobacteria pools as carbon sinks,1
11169,Is it possible to build regex-based-map with search asymptotically faster then hashmap?,0
11002,What's the meaning of the $\top$ symbol in a Hoare triple?,0
3662,"Where happens MHCII coordination to a self-peptide, and what happens if the bond would be irreversible?",1
9787,T&PL: Language grammar with terms,0
8369,Name of this kind of stain on fruits and how do they form,1
269,"Show $\lim_{(x,y)\to(0,0)}\frac{x^3-xy^3}{x^2+y^2}=0$",0
10196,Decidability of the language of all TMs whose languages reduce to a fixed decidable language,0
1479,Does the integral $\int_{2}^{\infty}\frac{dx}{\sqrt{1+x^{3}}}$ exists?,0
3299,Real unipolar neurons do indeed exist in human?,1
11103,Finding hit ratio of a cache,0
8596,Do experiences shape actions of insects? Animals?,1
2543,Books and bookshelves combinations w.r.t. to book order,0
6931,Can a mother somehow positively affect fetus during pregnancy?,1
9070,"Calculating parking fees, given start and end timestamps",0
2776,About the uniqueness of a quadric determined by sufficient points,0
5114,What determines the amount of data you would get from a sequencing experiment?,1
1566,Differential of Stochastic process,0
11622,Optimize a zscore algorithm,0
11185,How to optimize Method Visibility and code structures for better performance?,0
1947,Probability that the sum of the numbers shown is a multiple of $5$,0
11330,Selecting users with biopsies in a given country for charting,0
6013,How many paraphyletic groups can be formed from a phylogeny?,1
5150,Why are both glucagon and cortisol released in hypoglycemia?,1
8153,How to derive the deactivation time constant in this model of Acetylcholine Receptor state kinetics?,1
5540,Why are human feces riskier than urine with regard to spreading diseases?,1
140,Prove that there are infinitely many integers $n$ such that $\frac {2^{6n}-4}{6n-1}$ is equal to an integer,0
4044,Kidney failure → Inhibition of Na+/K+ pump → Heart failure,1
8805,Gastric and intestinal gas exchange,1
10558,Comparing two implementations of smoosh(),0
5621,Do cell membranes have more phospholipids in one layer than in the other?,1
1547,hodge stars of 2-forms in 4-space,0
1966,Exponential convolution of an $L_2$ function,0
6660,Is it possible to determine if it is the 5’-a 3’ strand or the 3’-5’ strand?,1
8378,What is the diet preference of American cockroaches?,1
7211,How are neuromodulator receptors distributed?,1
8938,Leaves not liked by herbivores,1
1704,"Using spherical coordinates, is there an equation of a sphere not centered at the origin? If so what is it?",0
203,Find the extremals $y(x)$ and $ z(x) $ for the functional,0
6444,"When running a gel, what could cause a standard to run ""faster"" than usual?",1
7424,Are there any enzymes without aromatic amino acids?,1
10307,Approximate subset sum with two-dimensional vectors,0
2309,"Roots of polynomial in $R[X],$ where $R$ is $\text{UFD}.$",0
2022,Performing Hypothesis Testing when each test has a different probability,0
10726,Deque Container with an instant consumer for high speed object dumping,0
1717,Definite Integral of $\int_{0}^{\infty}3^{-4(z^2)}dz$,0
3354,"Connect the inner and outer space of cell with a wire, will there be electricity?",1
6023,Number of dopaminergic neurons in VTA,1
6922,Why do we feel cold on having fever?,1
10998,"""Almost Sorted"" coding challenge",0
1031,"Prove or give a counterexample: For all $x > 0$, $x^2 + 1 < (x+1)^2 \le 2(x^2 + 1)$",0
5946,Does anyone know the explanation for branches with different flower colors (see picture)?,1
7531,Protein construct design,1
5898,Additive genetic variance $V_A= 2pqa^2$ ... what is $a$?,1
11397,Merge the multiple observables responses into a single array,0
8799,Does germinal centre interaction with environment contributes by any means to the heterogeneity of the SHM-resulted antibody repertoire?,1
10505,Looking for the name of this job scheduling algorithm,0
2886,Topological definition of intersection multiplicities of algebraic varieties,0
2505,The fundamental group of $SO(3)/SO(2)$,0
5284,Osmosis and hydrostatic pressure,1
10052,Suspend and resume a thread using signals,0
8395,What is the degree distribution of synapses per neuron in the human brain?,1
6024,Why is the swelling of bread when placed in water not considered to be caused by osmosis?,1
8028,How can I obtain a uniform bacterial sample?,1
2834,How to determine optimal points on segments to fit dataset,0
7496,Is the mutation rate in organisms in general consistent over the genome?,1
5009,Allamanda blanchetti fertilization mechanism,1
2663,Bounded Random Variables are Subgaussian,0
423,How to move forward with Laplace transform of $e^{i(5t)}$,0
7812,Examples of genes involved in plastic responses,1
3542,What happens when the parietal cells of gut epithelium becomes partially non-functional?,1
9659,Why does Travelling Salesman Problem pose the restriction that each vertex can only be visited once?,0
5535,What's the lowest temperature a tardigrade can remain active at?,1
8205,Which plasmid can express T7 RNA polymerase in mammalian cells?,1
4241,What insect is this case from?,1
277,Does de morgans law apply to literals within brackets?,0
3204,Does anyone know what are these birds?,1
1935,Equality of limit and supremum of a sequence,0
6167,Bird identification from Nepal,1
3383,Is Panmixia very rare?,1
5894,Why Lungs can't work in water and gills can't work in air?,1
904,"Understanding the difference between two theorems related to $|G\,:\,K|=|H\,:\,K|\cdot|G\,:\,H|$.",0
572,Wolfram Alpha gives an answer to a non-convergent integral,0
10706,Show that problem is PSPACE-complete - path in directed graph,0
11965,Synchronizing two SQL Server database tables with the most recent changes to both tables,0
8727,Want to know which insect it is? I often found it in washroom. Is it dangerous and how to control it,1
8785,What microscope/magnification would I need to observe P. Acnes bacteria?,1
1749,"Given rank($A$) = rank$(A^{2})$, can we prove A is invertible?",0
2930,Laplace Transform of $\sin^{2018}(t)$?,0
3905,Hybridization of an Indo-Aryan ethnic group and a Tibeto-Burmese ethnic group,1
9904,Does a proof using the well-ordering principle need a base case?,0
156,Partial differential equations Richet,0
8980,"What is difference between breed, variant, subspecies and species?",1
3729,cloning and blue white screening in pet21a,1
2969,Dominant morphism $P^1\to P^1$ which is not an isomorphism,0
9846,Decomposing the search problem into several small problems,0
8286,Misincorporation of dUTP into DNA?,1
7228,Why boys who inherit more genes of their mother are not born as girls and girls who inherit more genes of their father not born as boys?,1
6902,External sensory stimuli that awaken a person from sleep,1
5231,why does the score matrix influence the E value (BLAST),1
10617,Algorithm for real time Coordinate smoothing,0
8352,How do the quantities of ATP formed during aerobic and anaerobic respiration compare?,1
8685,Phylogenetic Independent Contrasts with discrete traits,1
10322,Arduino: Change the color & color intensity of a LED periodically,0
5646,"How to quantify the ""stability"" of a protein complex?",1
2748,Express AB in terms of $a$,0
8335,Proteins with alpha helices alone and beta sheets alone?,1
3714,How long is one generation for a mosquito?,1
2428,Integrating matrix differential equation with linearly varying anti-symmetric matrix,0
9332,A small emacs-lisp snippet for opening a register in another window,0
2792,What is the entropy of a doubly stochastic matrix?,0
6978,Is metastatic cancer always lethal if uncured?,1
5670,Hypotonic or Hypertonic solution and why?,1
4446,The GUG start codon in E. coli: identity of initiating tRNA and efficiency of translation,1
10904,What's the difference between cache miss penalty and latency to memory?,0
5551,immune response towards sperm cells,1
3232,"Biology Intuition and Origin of the ""facts""",1
7255,Animals with very high bite pressures,1
1509,Why the polynomials with real coefficient and having degree >3 is not a vector space?,0
5743,Reliability of Sanger sequencing,1
1553,Estimate $\sum_{n = 0}^N \cos (\alpha n^2)$,0
10582,How do you solve a recurrence relation with multiple subproblems of different sizes?,0
5896,What's a protein pulldown assay?,1
9496,Spacial complexity of an $O(2^N)$ time-complexity algorithm,0
1590,Need help with a number theory question,0
834,Is there an axiomatic approach to ordinal arithmetic?,0
8007,What causes sodium channels to open?,1
1372,"Conditional Density, Additive Gaussian",0
9683,Are the Before and After sets for context-free grammars always context-free?,0
6100,Understanding genetic similarity in humans,1
2311,"On sequences of differentiable functions, prove that $\{f'_n\}$ converges uniformly to the derivative of the pointwise limit.",0
113,Is there a relation for when a circle intersects more than half the perimeter/circumference of another circle?,0
5819,Location of genes encoding ribosomal proteins,1
3404,How to convert bwa mem output to BAM format without saving SAM file,1
2230,Augmented Matrix Consistent,0
7124,Why do Petri dish lids not fit?,1
9796,Is given point covered by any circle?,0
865,A special improper integral,0
794,Decomposition of a group,0
8661,What are some good examples of open-source articles in which the synergy of two medicines is demonstrated?,1
1868,Wald's equation example controversy,0
10923,"Using promises to zoom to a project, then to a task or comment",0
10236,Sorting by repeated reversal,0
6302,How does hair grow and is it similar to how grass grows?,1
10817,What is the State of The Art of Writer AIs (Deep Learning)?,0
1939,Set of prime numbers $q$ such that $\sum\limits_{p\leq\sqrt{q}}p=\pi(q)$,0
6441,"Species Identification: Snake, New Mexico",1
7139,How many human proteins are very well characterized?,1
7596,Vectors for genetic engineering,1
4667,How is it that ionic diffusion is independent of other ions?,1
10397,Find the shortest & best starting move in Mancala (Kalah),0
6640,Do I have to chew for digestion to kick in?,1
11224,Selenium Java: errorRecovery,0
4447,Why do we sweat after drinking water and running?,1
6937,"ExAC Browser: What does a ""dubious variant annotation"" mean?",1
11245,Speed-up of two-tape Turing machine,0
2094,Diagonalizability of matrix A,0
19,Action of a 1-form on the push-forward and pull-back of a vector,0
1286,"Interpreting the word ""randomly""",0
5899,"What are ""inactive"" cells during Ca2+ imaging of neurons?",1
4889,Are chromosomes from each parent split between gametes with equal probability (esp. in humans)?,1
10504,Voronoi Diagram: Exactly 2n-5 vertices,0
7806,How many species did Carl Linnaeus classify?,1
1034,Is this proof for $\sum^n_{i=1} i= \frac{n^2+n}{2}$ correct?,0
2847,Does this functor commute with inverse limits?,0
9576,Rendering drop-down boxes for country and region,0
6933,Advanced Higher Biology 2017 - EPT Index,1
11380,Convert HTML color to OLE,0
9480,Restriction of SAT to CNF,0
3722,"Glucose Oxidase, Condition to be Active?",1
1321,"Intuition around why domain of x of arcsine and arccosine is [-1;1] for ""real result"" & domain for arctangent is all real numbers",0
1659,Galois groups of polynomial above a field of 17 elements,0
10758,Defunctionalization and known arity function calls by pointer,0
2018,Spivak Calculus Chapter 5 Problem 10 (b),0
4385,Is there natural occurrence of induced pluripotency / expression of Yamanaka factors and what is the evolutionary explanation of that?,1
2714,Minimality of the Generator of a Kernel,0
9868,Mocking IElasticClient in unit tests,0
8424,Parts of the brain pivotal for maintaining consciousness,1
3777,What causes motor laterality/ side dominance?,1
4347,What are the effects of caffeine on the mammalian circulatory system?,1
1703,what is the simplest way to express this expected value of a product of two variables?,0
6447,Would salt cause a pistachio nut not to be able to germinate?,1
5082,Methane and wetlands,1
3278,How does the blood of the veins in the legs get to the heart?,1
5810,Recommended applications for commercial antibodies,1
7865,Sansevieria falling back to the wild form via leaf cuttings but not via micropropagation,1
3131,Why do organisms excrete nitrogenous wastes?,1
11686,Stored procedure to swap account holders,0
1577,"In a random sample of $6$ candies, what is the probability that at least one color is not included?",0
2533,Hyperbolic distance of a point from center in Klein-Beltrami disk model,0
9617,Computing the distance and weight matrix of a graph,0
11759,What is the practical relevance of textbook mutual exclusion algorithms?,0
509,Which pullbacks preserve the sheaf of differentials?,0
5199,Is there a correlation between incidence of type 1 diabetes and vitiligo?,1
11604,Finding center of graph/tree,0
6041,Why does the side of the mebrane of a neuron with a high concentration of positive ions become electrically negative?,1
11364,Procedural function for prepared MySQL statements in PHP,0
5039,How to find a PDB structure of a protease with a peptide like inhibitor,1
7490,Is it possible to mathematically model the growth of plants?,1
3881,Test question regarding botany,1
632,"Almost an optimization problem, I have the minimum, but what are the best areas in search space?",0
5412,Why are plant cells rectangular and animal cells spherical shaped?,1
6736,Will the N- or the C- terminal soluble domain be on the extracellular side?,1
2399,Sufficiently large chromatic number implies clique minor,0
3245,Can hair follicle miniaturisation affect hair color?,1
2507,"Regular value, Jacobian determinant of constant sign",0
7052,Where can I find resources of the biological processes occurring after death of a mammal at various temperatures?,1
11487,"Randomized BST height analysis : How $Z_{n,i}$ and $Y_{k-1}$ are independent?",0
4037,What is Meriva Phytosome Curcumin?,1
10444,Tic-Tac-Toe with React hooks,0
3409,Do all cells have the same DNA?,1
5995,Germ cells vs. gametes,1
10633,Insertion sort in Rust,0
7421,Is there any evidence that soft tissue can be preserved for 65m+ years and if not what hypotheses exist to explain it?,1
1179,"Let $f(x,y) = \sqrt{8y+1}$ be a scalar valued function, and the curve $C$ described by $2x^2$ for $0<=x<=1$",0
1223,What does the $X_i$ represent in the law of large numbers,0
8927,How often does pre-mRNA processing lead to midstream off-frame errors in eukaryotic mRNAs?,1
6488,Do the eggs of fraternal twins come from the same ovary?,1
134,Can this transformation be expressed as a matrix equation?,0
10936,Mapping categorical data in K-nearest neighbour,0
2654,Evaluate an integral using integration by parts,0
1926,How do I tackle this combinatorics problem about married couples around a table?,0
11018,A filled_multi_array Template Function for Boost.MultiArray in C++,0
6139,Are viruses more common due to modernity?,1
9534,Simple bash script creates apache2 virtualhost config for subdomain,0
9592,Does array always have a wasted space of O(n)?,0
5778,is this a soft coral on sand?,1
11642,Choosing a magic number between 0 and 9,0
7410,Is Gorlin's sign hereditary?,1
7363,Are there more/less favourable phases of menstrual cycle to donate blood?,1
1474,Probability of rolling 6 when throwing k dice one by one vs all at once.,0
7008,Are there any known mutual symbiotic relationships that has more than two agents?,1
936,Finding joint distribution of differences of iid exponential variables.,0
8972,How did birds become so intelligent?,1
7040,Protein purification methods,1
7023,Long-term viability of induced parthenogenesis,1
10130,Find cycles in Graph using Union Find Algorithm on Adjacency List,0
4097,"Do homing pigeons fly straight home or follow certain ""highways""?",1
11657,Returns Google Sheet cells from a named range,0
102,Silly Error calculating eigenvalues of a 3x3?,0
1866,Why is this a local isomorphism?(model theory),0
5561,Can a cancerous cell from outside cause cancer in a healthy person?,1
7585,Do the effect of inbreeding depression disappear after the first generation of outbreeding?,1
8863,Luciferase promoter vector over p-AcGFP1-C1 vector,1
3645,How is it possible to even hope for an ebola epidemic of this current size to remain contained to a relatively small part of Africa?,1
4380,Enhanced Spectrum Chloroplasts,1
4711,What is Peter's rule in neuroscience?,1
1172,Let $X$ metric space connected by paths. If $U$ is open then every connected components of $U$ is open in $X$?,0
11569,Document clustering for summarization,0
11284,Overloading operators in PhoneCall class,0
5350,"Claim: Cat litter with different colors each son, could have different fathers",1
841,The Third Derivative,0
2126,Difference between Double and triple integral?,0
4818,Is it possible to calculate the evolutionary response to nonlinear selection gradient as a change in variance of phenotypes?,1
9422,Remove duplicates from a linked list,0
5869,"Is there enough vitamin B12 in lakes, rivers and ponds, for humans not to need to take supplements?",1
7842,Can aptamers be used to identify the terminal amino acid residue of a peptide?,1
5423,Trigger allergic reaction in non-allergic people?,1
10996,Python username and password program,0
9733,Inserting nodes into a singly linked list based on size of number,0
457,Question about group action,0
10677,Making a preselected drop-down selection box in HTML,0
10940,Maximum weight matching,0
10182,Converting to Base 26 in One Based mode,0
9493,"Given tree with 0 or 1 assigned to each node, count paths with odd number of ones in it",0
8813,How can antibodies in rapid antibody tests be kept at room temperature without denaturing?,1
6267,Can you eat enough to make your stomach explode?,1
1515,image of integer in $(Z/p^nZ)^\times$,0
2916,Reference for Math-Physics history book,0
4955,Woodland outdoor microscopy advice,1
3948,What promoter is required for expression of a human protein Y in bacteria?,1
7462,What is the structure of DNA polymerase III?,1
4247,Is it dangerous to eat a mutated eggplant descended from a radioactive ancestor?,1
11274,Get element at a specific position in a string with separator,0
4201,Protostomia classification and characteristics,1
10214,A matrix rank problem over finite fields,0
8433,"Difference between Category, Rank and Taxon",1
7708,Why does my grass luminesce when I step on it?,1
3727,How does the OD correlate with the number of algae cells?,1
4548,Do voltage-gated calcium channels affect neuronal conduction speeds?,1
8009,Why are triacylglycerols broken down before being absorbed?,1
11366,Good social community dataset needed!,0
1933,the street network of a given city,0
8264,Are hybrid-species individuals considered to be of the same species as their parents?,1
44,Prove that this set is open/closed,0
1452,"If $((X,\leq),(Y,\leq),f,g)$ is a Galois connection, show that f is a morphism/monotone from $(X,\leq)$ to $(Y,\leq)$",0
1859,About minimal subgroup of a finite group.,0
11812,Decision Tree Learning Deviation - Russell and Norvig,0
10868,Flexible Team Orienteering Problem,0
3133,Programmatic way to differentiate homodimers from heterodimers?,1
3464,What's the difference between a free chromosome fragment and an extrachromosomal array?,1
8796,What chemical test can be used to tell apart meat and plant-based meat?,1
389,Are the following systems of inequalities the same?,0
4025,Does modern theory of evolution include modification of physical environment?,1
4987,Change of phase from juvenile to adult in plants,1
4235,Why do plants produce and store both amylose and amylopectin?,1
9039,Function declarations using macros to support multiple platforms,0
8340,Do species which have a closer common ancestor to humans tend to be more intelligent?,1
2854,"Prove that $\{v_1, v_2, n\}$ is a basis",0
4379,Banana peel bruises after a hit,1
10140,Sum of unique integers to cnf constraint,0
7247,What's the difference (functionally speaking) between yeast centromeric plasmids and artificial chromosomes?,1
11531,"Given N, generate sequence of random numbers from 0 to N - 1 with no repetitions",0
5456,How can a YAC be screened against a cDNA library and a cosmid library of genomic DNA to find a gene?,1
6566,Variations in asexual reproduction,1
6831,Left and Right Handedness,1
761,"How to use the assumption that a vector field is curl-free in a ""convex"" region,",0
10622,Find the repeated elements in a list,0
2447,Tamal K. Dey's Curve and Surface Reconstruction - Lemma 3.3. Normal Variation,0
6637,Is every evolutionary change an improvement?,1
10562,Python program to calculate the area of two-dimensional shapes,0
8946,Does darker skin color make it easier to live under sun?,1
5759,Mechanics of going from DNA sequence to metabolic network,1
8795,"How ""unique"" human vagina is?",1
9466,"Understanding connection between minimum spanning tree, shortest path, breadth first and depth first traversal",0
7578,Why are nitrogenous bases of DNA hydrophobic if they can hydrogen bond?,1
11250,Fast sampling from discrete space,0
9220,"In a BOINC project, how are responses checked for accuracy?",0
5602,Why is there a layer of moist lining the inner walls of alveoli?,1
9050,How to determine if a language produced by grammar is recognizable by deterministic pushdown automaton (DPDA)?,0
3573,Herd immunity without vaccines? (corona question),1
10575,How to write stack programs for arithmetic terms?,0
4559,Why do individuals vary in the number of SNPs for a given gene ( e.g. FOXO3A )?,1
7279,Enzymes and plasmids,1
2469,"Evaluating the integral: $ I = \int e^{\frac xa} \sin x \, \mathrm dx$",0
8036,"Could an ""overactive"" brain increase the chances of Alzheimer's Disease?",1
3100,Understanding Genetic Dynamics of Specific Problem,1
7838,Is there differences in components of saliva among species,1
2573,Integrate a two form on the sphere,0
8608,"What is meant by ""catalytic amount of a hormone""?",1
3301,Are these fruit flies really coming back to life after being frozen?,1
10680,Hibernate MassIndexer using chained invocation for building a batch job,0
2771,Find the roots of these two polynomials.,0
9412,Getting a key's value in a nested dictionary,0
6625,Is a nucleus more dense than the rest of the cell?,1
10174,"Does an algorithm exist that transforms any connected graph, cyclic or not, into tree form?",0
11461,Simplify simple object clear function with Javascript,0
6403,Pavlovian Conditioning And Synesthesia,1
10546,ViewModel Format Function,0
1159,Hypothesis experiment,0
3050,Use of salt as preservative,1
8087,Regarding kidney transplant,1
5367,What is this insect I found in Russia?,1
210,A problem related to intersecting lines,0
2688,Integral in manifolds problem,0
5451,What does does a blood sample tell you about an individual's identity?,1
8071,"Black/dark-red smooth West African worm, full of red blood",1
100,$\limsup$ and $\liminf$ of real-valued function (Exercise 9.3.4 in Analysis by Tao ),0
7299,Transcriptionally-mediated DNA damage,1
11598,"PDA for { xy : |x| = |y|, x ≠ y} from its grammar, and intuition behind it",0
11048,Usertool For Website Admins -- Follow up,0
11280,"From the LR(1) parsing table, can we deduce that it is also an LALR and SLR table?",0
3863,method for DNA extraction for human mucus(nose) or earwax?,1
731,Quadratic optimization solution using Cauchy Schwarz inequality,0
8146,Retrovirus Production,1
28,what is the area of triangle?,0
1102,Linearly independent bounded functionals,0
6295,Can LSD in very small amounts increase mental ability?,1
8736,Approximately how thick is a single strand of cat (domestic housecat) hair?,1
7167,The Identity of this Lepidopteron,1
6954,Crick’s Central Dogma — Counter Cases,1
310,Minimum value of an integral.,0
5824,What makes alcohol harmful to mammals?,1
4900,Michaelis-Menten Kinetics: Does measuring apparent Km and Vmax take into account competing reactions?,1
2380,"What does ""coefficients from all of $\mathbf{F} _q$"" mean",0
4829,DNA & mRNA During Transcription,1
3612,"Biological terminology: ""codes for"" vs. ""codes a""",1
2501,"If $\lambda$ is an eigenvalue of a normal operator $A$, then $\left.A\right|_{{\mathcal N(\lambda-A)}^\perp}$ is well-defined and normal as well",0
2438,True/false: $\det(A^2+I)\ge 0$ for every $3 \times 3$ matrix with real entries and rank $>0$,0
4290,Needle-like crystals observed in wild-grape wine under microscope. Potentially harmful?,1
3345,Why the length constant of passive current flow isn't depend on the membrane capacitance?,1
2090,Which is a better definition of a parabola?,0
8527,Contact Inhibition of Cell Division: Signaling Pathway,1
6859,Large congregation of birds?,1
1730,"Conics: The line $\mathbf{l} = C \mathbf{x}$ passes through $\mathbf{x}$, since $\mathbf{l}^T \mathbf{x} = \mathbf{x}^T C \mathbf{x} = 0$",0
7303,Interaction study of oligomeric proteins,1
955,How many different numbers can $a_1 \circ a_2 \circ \dots \circ a_n$ result in?,0
8686,What is the biochemical reason for mental fatigue?,1
7768,Why isn't the upper limit of pain lower in humans?,1
463,Bayes rule on conditional probabilities that follow Poisson/Gamma,0
6436,What is the 'fallacy' in simple segregation rules in reference to polyploidy?,1
2137,Groups of order 2k have a normal subgroup of order k and odd permutations,0
4828,Mushroom Identification: Small conical light-brown mushroom,1
9195,Create a unique four digit code from 35 characters,0
858,How do I invert this sparse lower triangular matrix,0
5948,Why do men have a higher hematocrit (red blood cell count) than women?,1
1230,Dinner invitation problem combinatorics,0
407,what is the value of the contour integral oriented counterclockwise?,0
1124,Identfying natural isomorphisms using Yoneda's lemma,0
4018,Reverse tomography to create 3D scalpel,1
11540,Are poly-reductions to PSPACE problems for following problems are known?,0
9377,Relativization of NP-completeness,0
2844,Examine the uniform continuity $f(x)=\frac{\tan(\sin x)-\frac{(\sin x)^{3}}{6}}{x^{5}}$,0
7127,How sterile is working next to a bunsen burner?,1
4005,Which part of the genome are the developmental sequences of embryogenesis located?,1
7655,Lyonization vs Genetic Imprinting,1
6362,SARS-CoV - relative size of the spike protein,1
2016,Can negative integers be prime?,0
1915,Algorithm to calculate price based on number of units,0
8144,"In a skeletal muscle contraction, what happens after ACh binds to the nicotinic iontropic receptors on sarcolemma?",1
8919,What dictates which protein to synthesize at a given time?,1
1401,Is it possible for Markov inequality to have at least two points of equality?,0
8096,"Human sleep cycles and dream times, what influences the timing and intensity? Sleep history included",1
3400,"How far in evolutionary distance is the P-distance estimator ""accurate""?",1
4969,Can a person die instantaneously from internal damage to the brain?,1
8322,At what rate does C-BSE occur spontaneously?,1
7238,Can a human increase cold resistance through some practice?,1
10031,Correct Way to Retrieve Header Records With Filtered Detail Records,0
7103,"If you suspended your DNA like a rope in its 6ft full length, could you feel it if you waved your hand through it?",1
6308,Is there any evidence for the validity of RNA/DNA supplements?,1
3840,Origin of logarithmic sense responses?,1
468,Finding a curve given only its basic form and its tangent line,0
6498,Why don't the female lions in a pride help their male lion to protect their children from other males?,1
8320,Does artificial heat (shower/tea) affect diurnal rhythms in humans?,1
11347,How many ways to find a sum totalling n using only certain Integers?,0
9835,HTTP PATCH method for WebAPI,0
4982,What is the impact of sertraline on white blood cells?,1
10184,Testing a Controller in a while loop,0
11136,Very slow graph walking,0
386,Why does $\mathrm{abs}(i)=1$,0
10526,Non intersecting paths of graphs with obstacle number one,0
2345,Sketch the graph of an integral function,0
9077,Group testing puzzle,0
9562,Circular-shift with variable bitlength,0
9949,Making a copy constructor more flexible for ADT queue,0
9927,What does the 2 in a 2-approximation algorithm mean?,0
7583,Can Meiosis 2 be called as mitosis?,1
3085,Immune System - B-cell receptors,1
2941,Use moment generating functions to find the distribution of $Y$?,0
6234,Why do nerve gas victims have chronic neurological issues?,1
7830,How to use mechanical microstrainer to extract tissue proteins from human?,1
5980,"Determine similarity in percentages between species A and B, A and C, and B and C",1
3922,Why can't we propose a solid theory regarding origin of life?,1
4368,Forest Fires and Horsetails,1
9525,Weighted Online Matching - randomized algorithms,0
1567,"Does the function $f:\mathbb R^2\setminus\{(0,0)\} \to\mathbb R$, defined by (see below), have a limit as $(x,y)$ approaches $(0,0)$? .",0
7330,"Gene terminology - is one gene a concrete, single physical sequence?",1
1399,How to prove that this generalized polynomial has exactly one root?,0
9004,Generation of all numbers of arbitrary length and base,0
6006,Why are trichomes important for both the roots and shoots of plants?,1
8756,Can you use images taken at different exposure times in western blot image analysis?,1
8346,Is there a consensus on the CaMV 35S minimal promoter sequence?,1
10764,Binary digit problem?,0
11418,A javascript equivalent for toDictionary (c#),0
765,Total derivatives explanation,0
7443,Protein food eating tendency,1
4326,"Why is the opposite of plantar flexion called ""dorsiflexion""?",1
4486,Genetic networks vs genetic architectures?,1
3148,Why are market squid attracted to fishing lights but also avoid naturally lit surface waters during daytime/full moons?,1
2943,Intuitive Approach to de Rham Cohomology,0
4413,Are phylogenetic tree construction algorithms any different than general clustering algorithms?,1
852,"Prove or disprove: $\phi(Ax,y)=\phi(x,A^Ty)$",0
4941,Laemmli-SDS-PAGE problems,1
4748,Is it necessary to calculate lane normalisation factor when doing western blot data analysis?,1
7123,Identification of an insect (?),1
1957,The composite of all unramified extensions inside an algebraic closure,0
3647,Why can blood group O be given to all blood groups?,1
531,Book Recommendation For Ordinary Differential Equation.,0
2672,Pick the true options for a $n\times n$ matrix $A$,0
11031,Strongly connected component algorithm in Python 2.7,0
371,Average points given a win ratio,0
783,"Compute the following Lebesgue integral $\int_{[0,\pi/2]}fd\mu$",0
1420,Problems on deriving cumulative distribution function,0
5209,How can I separate the abundance of the incidence results?,1
849,Equivalent Norms for Intermediate Subspaces,0
20,Convergence in $L^1$ coincides with convergence a.e.,0
3762,phylogenetic Independent contrasts with unresolved tree,1
5071,Linkage disequilibrium D sign,1
2071,Prove that two random variables are independent distributed normally,0
10314,"If $L_1$ is regular and $L_1 \cap L_2$ context-free, is $L_2$ always context-free?",0
2098,Puiseux decomposition over a field with positive characteristic,0
4685,How does Reissner's membrane rupture cause Ménière's disease symptoms?,1
11866,Client-side API design,0
11586,Should I use an intermediate variable in a complex C# expression?,0
6651,Human Endogenous Retroviruses,1
8372,Why do neurons die so fast without oxygen and nutrients?,1
9988,Simplify my class mapping common class properties between model and viewmodel classes,0
7832,Are there any epiphytic plants that pull water from the air and supply terrestrial plants with excess?,1
7161,What species is this lizard?,1
475,If $f$ is an odd function then $c_n = 0$ for $n$ even,0
11144,Retrieving a user's password for verification,0
9742,The upper bound on a Nondeterministic Finite Automata's configurations number,0
4924,Is there any difference between strain and mutation/mutant?,1
3227,Do similar adaptations result in similiar genetic code?,1
3184,Can coding DNA be used for DNA fingerprinting?,1
757,How May I Determine if a Number is Divisible by a Given Set of Numbers?,0
2962,Intuition and name for $a^T R a$,0
7386,What are the various parts of an ant hill,1
9095,Formal language representation of program,0
3712,Gene Complementation Question,1
7577,How does the human body use energy?,1
8095,Does it make sense to classify all humans in a single species?,1
7535,When does BLAST fail to align 2 DNA sequences?,1
7433,What is the difference between fixation and loss of alleles in a population?,1
11597,Proving with co-induction principles,0
1552,Using Fredholm alternative to prove a necessary condition for existence of a weak solution.,0
9750,What does mean by the independent columns in 4NF normalization?,0
7660,What bug is this? I found several in my flat and I have no idea,1
9400,Practice of setting parallelism as the default behaviour,0
10660,Closing a ResultSet and rethrowing an Exception,0
6210,How to make a fake auditory signal?,1
5586,Do human visual functions degenerate due to genetic factors or by external factors?,1
10651,Favorite Game List utilizing vectors and iterators,0
7601,HSL Lightness vs Eye sensitivity,1
8305,How do animals with fur get enough sunlight to produce vitamin-D?,1
9275,KMP string-matching algorithm implementation,0
8435,FIbroblast vs fibrocyte,1
6881,How can we determine the polarity of fat molecules?,1
11771,Trying to implement cross-class functionality that needs a field to operate in C#,0
4597,Why is beta actin commonly used as a control in Western blots?,1
3088,How are single-stranded binding proteins removed from the lagging strand during DNA replication?,1
2424,Disjoint Lines in Projective Space,0
1905,Convergence of a product series with one divergent factor,0
3469,Why did life on Earth develop with two sexes?,1
10279,Gather list of all IDs ordered by submission date and ID by parsing file path,0
11549,"""Deep length"" of a list",0
2064,There're no $x \in \mathbb{Q}$ which verifies $x^2=12$.,0
10291,Fibonacci sequence in C,0
11627,"Dijkstra’s versus Lowest-cost-first (best first), resolving some contradictions regarding complexity analysis",0
4200,Are trees the only source of large amounts of oxygen?,1
11093,An explanation for Barendregt use of Y combinator in an equation,0
9793,What are the applications of Rose trees?,0
3288,Protein Conformation Modeling,1
4170,Do humans learn to distinguish different senses?,1
8935,Is Insulin-Glucose dynamic Lotka-Volterra?,1
1074,How far from a matrix the rank does not decrease?,0
3321,How much DNA does a species lose after post-polyploidization genome downsizing?,1
6443,Why do morning people have shorter biological clocks?,1
6111,How to biologically interpret path weight summation in weighted and directed gene regulation network?,1
968,Non full rank differential and holes,0
33,Every prime ideal of the integers is a maximal ideal. Assume the ideal is not $⟨0⟩$.,0
3906,"What does the root ""phyllum"" mean used botanical binomial nomenclature",1
10201,C++ beginner exercises: grading program,0
6101,Problem: What is this pattern of inheritance?,1
2011,Prove that $f : \mathbb R \smallsetminus \{−1\} \to\mathbb R \smallsetminus \{1\}$ given by $f(x) = \frac{x − 3}{x + 1}$ is bijective,0
193,Transform quadratic form into canonical form.,0
7882,How efficient is the sodium-potassium pump ?,1
9827,Drawing an ASCII grid in Ruby based on a 2D array,0
11466,Script that fixes YML SIDs to be simplified for production,0
6976,Purpose of K+ channels in action potential,1
2736,About $n$'th rooth of $-1$ in a finite field,0
3974,How is bilateral asymmetry determined in embryonic development?,1
10092,Wrapping argparse to use configuration file,0
8348,Why are enzyme-catalysed reactions slower at lower substrate concentration?,1
3504,Insect identification by example,1
7960,Is there anything that tells me how Lichens Grow?,1
9745,Roman numerals to Arabic number,0
1017,"Abelian group - set $G$ of all complex roots of $1$, of all possible orders",0
5090,Difference between Facultative Aerobes and Facultative anaerobes,1
3201,Why are fibroblast used so commonly in cell biology?,1
2843,Eigenvectors of the companion matrix,0
11723,jQuery security and efficiency simple calculation code,0
2815,homotopy between continuous functions to an absolute retract,0
3210,What are these shrimp-like insects in my cat's water bowl that appear overnight,1
5806,Why do most fish move fins orthogonally with their axis of symmetry?,1
1558,Functions whose limit at infinity is zero are closed,0
5237,How to correctly and accurately identify a few species of trees from their leaves?,1
10588,Code Kata - Berlin Clock,0
4822,Why do cats' claws retract?,1
1732,Determinant of submatrix,0
10709,Arden's Lemma in case $X_{i}=AX_{i}$?,0
9362,Check if a given number N is a power of k,0
10035,Securing an Image Upload Script,0
2940,Geometric series in a probability question,0
2012,Does a normal number contain each sequence of digits infinitely often?,0
11431,Camera access for both JS and AIR,0
4608,"If an organism is supported only by cartilage, does it have an endoskeleton?",1
8850,How and why can cold inflict pain?,1
6002,What species of arthropod is in this picture?,1
1536,Why this expression is a characteristic function? (Infinitely Distributions),0
10974,Recurrence relation help?,0
8634,can a bacterial protease inhibitor cocktail be used for Western Blotting involving HUVEC cells and HT-29 adenocarcinoma cells?,1
10630,How to reduce this regular expression?,0
9229,Eliminating $\varepsilon$-productions during elimination of left recursion,0
11424,"PowerShell - fast remove a directory with 10,000+ files",0
403,Limits using Maclaurins expansion for $\lim_{x\rightarrow 0}\frac{e^{x^2}-\ln(1+x^2)-1}{\cos2x+2x\sin x-1}$,0
4810,Thymus and maternal microchimerism,1
303,Perimeter of the Unit Ball in $\mathbb R^n$,0
5725,Is the structure of human brain white matter fixed at/near birth?,1
11893,Is using return appropriate here?,0
1423,Inequality on sequence of integers whose only prime factors are $2$ or $3$,0
11130,Why are $L$-reductions defined the way they are?,0
7525,Identity by descent among unrelated individuals,1
1086,Using ODE to model a discrete phenomenon,0
1000,Question Regarding Equivalence of Definitions of Homomorphisms of Groups,0
8213,Replicator equation for mixed strategies?,1
978,Depth of infinite direct sum,0
6468,How to grow bacteria?,1
742,Probability with my Facebook friends,0
1896,How to determine the equation and length of this curve consistently formed by the intersection of Circles,0
7283,Can someone identify these eggs?,1
718,Are these facts about the Poisson process correct?,0
5628,How are individual neuron firing rates characterized?,1
1355,Reason for existence of 'swapping' elementary matrix operation,0
9405,"Is {| L(M) ∩ (ab)∗ is infinite} in D, SD/D, or not in SD?",0
5301,Can NSAIDs impact negatively the healing of tendons?,1
4735,What do you see if you look at your own retina with the same eye? (optical feedback),1
1100,Show $h$ is continuous on $D$,0
11165,Resource Allocation Graph: Two processes want the same resource,0
2236,Error minimum when it is minimum,0
3768,How is it possible to breathe perflurocarbon?,1
11831,Xerox Parc MVC implementation,0
3821,Why are birds have balls in the form a cork screw i dont have the scientific name,1
9174,How can I prove impossibility of generalizing a given higher order function from pure to monadic or applicative?,0
8388,Non-monotonic knock-out effects in prokaryotes,1
2360,"Joint Distribution, find $P(X-Y>z)$",0
3161,What type of photosynthesis is performed by phytoplankton?,1
8052,ID flying insect found in Belgium,1
247,"In general what happens in Conway's Prime Game given $2^n$, with $n$ composite, as the initial value?",0
8162,How are signalling pathways specific when secondary messengers are not?,1
107,Example of two non-homeomorphic spaces with the same de Rham group,0
1630,"Proving that the set of all graphs of continuous functions $f:[0,1] \rightarrow \mathbb{R} $ is closed",0
2668,Covariance matrix of a set of spherical coordinates,0
2477,domain and range of trigonometric function,0
9113,Must a word be binary (and never unary)?,0
11456,Maximum number of positive literals in 2SAT,0
10241,Relationship between PP and PH,0
4501,Why are some genomic regions sequenced more than the others?,1
11233,there are a better solutions to set FIELDS as data at ADODB query from xls file (exported from SAP),0
10644,Getting a transpose of a matrix of size of n*n where n=2^m using multithreading,0
10830,Delete duplicates from unsorted linked list,0
1119,"Let $\lim_{n\to\infty}\frac{a_n}{n}=0$, the series $\sum\frac{a_n}{n^2}$ converges?",0
7796,What are these bladder snail parasites?,1
4932,Extreme or just rare: evolution of complex life in extreme environments,1
1615,Knight's tour problem existance proof,0
2509,Show a real polynomial has at least one zero,0
5029,Would a complete lack of heterozygotes in a population indicate the presence of a recessive allele?,1
10510,DFA with limited states,0
9503,F# InitInfinite(Async) functions in C# without disabling ReSharper warnings,0
9946,How to prove that $n\log n$ is space constructible?,0
8409,Is water released when a phosphodiester bond is made between two nucleotides during DNA replication?,1
1735,The Closed topologist's sin curve,0
549,derivation of geometric series summation rule?,0
2971,existence of a unique vector in a Hilbert space,0
786,Have I been rigorous in this simple argument with summation and expectation operators?,0
11698,How to construct a truth table,0
6178,Ancestral states of sex determination system,1
4428,Does food really give our bodies the energies that we have determined by burning them in the lab?,1
11889,Extract a character at particular place in a string,0
9511,Process CSV files that follow the first nonempty one,0
6975,Identifying a spider very similar to a brown recluse,1
5069,It is possible for person with AIDS be negative for HIV antibodies?,1
538,Conditional probability with exponentially distributed random variables,0
7444,"How do you call ""pocoya"" bird in English?",1
5849,"Does the lack of ""mirror life"" tell us anything about abiogenesis?",1
6789,Differences among competent cells?,1
10609,Fail-safe remote API operations for managing customers and billing,0
1290,Subbasis of a weak topology,0
6045,Using Q solution with ready made MasterMix,1
11646,Creating models manually in MVC,0
3182,How to determine the primary Uniprot accession number from a list of accession numbers?,1
1135,A sentence false in a field of characteristic $0$ but true in all fields of positive characteristic?,0
8674,Subtracting shared DNA with half-sibling,1
4346,Variance components and heritability,1
3013,Blood clumping in mosquitos,1
11861,Naming of Monte Carlo and Las Vegas Complexity classes,0
8167,Does CoA always bind to organic molecules through a thiol bond?,1
4886,Pyruvate oxidation - where did the hydrogen come from?,1
4061,How can you identify if a person is homozygous for a certain allele?,1
4745,"Bird identification: song two low, two high, five short",1
1328,"Is $R\operatorname{Hom}(\bullet,R)$ a triangulated functor? What is the opposite of a triangulated category?",0
9896,Censoring words in lua,0
9965,Simulation of Central Limiting Theorem (CLT),0
175,Forming a combination that is mathematically possible?,0
4103,How long do the periods of systole and diastole last?,1
11350,Arbitrary precision integer square root algorithm?,0
1473,"A question of the book ""a guide to quantum groups""",0
7276,Synthesis of Fatty Acids Longer than 16 Carbons,1
3361,Species diversity in cheese and yoghurt?,1
7328,"Why some seeds are mucilaginous (chia, rucola)?",1
5341,Are Flippase Recognition Target sites read through during transcription?,1
5761,Differences between synaptic connections,1
3293,Why my base-quality in alignment is not perfect?,1
1795,"In △ ABC, D is the midpoint of AB, while E lies on BC satisfying BE = 2EC. If m∠ADC=m∠BAE, what is the measure of ∠BAC in degrees?",0
8534,Can we produce sugar using chlorophyll dissolved in ethanol?,1
6691,Is it true that ethanol can have some positive effects?,1
6478,Garden Mushroom Identification,1
3356,How does isopropyl alcohol disinfect less in higher concentration?,1
7942,What would it take to recognize a deer by its photo?,1
9575,Markov Chain w/ non-stochastic matrix,0
7584,How to reduce edge effects in cell-based high-throughput experiments?,1
6792,can you tell someone's age from a DNA sample?,1
11897,Loop through database and run shell commands with Python and exiftool,0
11034,How to do amortized analysis for an expanding array?,0
9504,Statistical calculations with sets of genes,0
778,(Tensor) Product of irreducible representations,0
7541,What physics knowledge can be applied to biology of organisms and ecosystems?,1
1441,Question on Riemann's Derivation of the Zeta Functional Equation 2,0
4709,Are there available fluids that can be used in place of blood to facilitate oxygen and carbon dioxide exchange during major surgery/trauma?,1
11683,Looking for a better solution than a bunch of switch statements in my JavaScript,0
10939,Find most stable combination of a vector with itself at different periods,0
7629,need to identify species of this Leaf-footed bug?,1
10482,Elegantly avoid columns containing NaNs?,0
11168,Does Type:Type lead to inconsistency without general inductive types?,0
1431,Does the order of extraction in Urn Problem matter?,0
10888,Applying minimax tree to this array,0
7940,"Do any birds have established ""poke a predator's eyes out"" behavior?",1
6291,How do mutations with very little fitness benefit get fixed?,1
3804,Function of amatoxins,1
10288,Optimizing code solution for Palindrome Index-Hackerrank,0
9621,NoSQL-based sequence generator,0
3607,"What's the real meaning of ""brain shrinkage""?",1
169,Unclear if this del vector identity is true,0
839,Pontryagin Duality and Adjoints of Group Automorphisms,0
4035,How screeching affects the body?,1
771,Almost sure convergence of Newton's method,0
4832,The genotype of a hybrid plant from a cross and its determination?,1
2827,Show that if $A$ is a nilpotent matrix then there exists $k\leq n$ s.t. $A^k=0$ without using Cayley-Hamilton,0
5582,How is there no limit to a human lifespan again?,1
9874,Q/A trivia quiz query,0
11447,Bracket Pair Validation,0
7477,Determining water movement in Cells with Same DPD,1
346,How do I prove that $f(x) = ln(x) − (x − 4)^2$ has exactly two roots.,0
9997,Error Handling in Servlets and JSPs,0
2173,"Limits of integration, surface joined by paraboloid and plane",0
7457,Can a reservoir host act as a vector?,1
1285,What is the inverse of $f(x )= x \operatorname e^{|x|}$?,0
9006,Is the language of pairs of words of equal length whose hamming distance is 2 or greater context-free?,0
2905,"$\lim_{x \to 1} \dfrac{\ln(x^2+1)-\ln(2)}{x-1} $ = 1, why?",0
3677,Preferred Aspect Ratio for Human Eyes,1
6877,Simple and inexpensive geobiochemical studies,1
4369,How do plant cell divide without centrioles?,1
7975,Contrast Media for Plant cells,1
11179,Is unification over regular expression equations doable?,0
6977,Is there a way to chemically detect the presence of Fungus in a sample?,1
8993,Dissection techniques for fruits and seeds,1
318,Finding the equation of a curve by using the points of intersection of tangent and normal on the X and Y axis and other information.,0
9388,Setters dependent on other instance variables in Java,0
5930,How exactly are game theoretical evolutionary models described during implementation for computer simulations?,1
905,Piecewise step function for changing dollar amounts?,0
3808,PSI-BLAST website algorithm parameters,1
1383,Bound on the $2$-norm of a diagonal sub-matrix,0
2033,"Let $R$ be an infinite comutative ring with unity, $M,N$ be $R$-modules, $f:M \to N$ be a surjective module homomorphism; then $|M|=|N ||\ker f|$?",0
2535,integral of a (cotan) rational function,0
3834,What is(are) the mechanism(s) that stop cells from fusing in vivo?,1
1375,Understanding Kelly's criterion,0
1812,What is the class of languages accepted by DFAs whose transition monoids are transitive permutation groups?,0
265,Geometrical explanation for Derivatives,0
4620,Factors of infection rate,1
2794,How to compute this integral...,0
10516,StringBuilder vs string.concat,0
7556,Which organism can point us to the evolution of sight?,1
1684,Set $J$ contains elements $c$ from commutative group $F$ such that $c^3=e$. Why is $J$ a subgroup?,0
26,Intuition behind this construction regarding eigenvalues?,0
3414,"Are bananas C3, C4, or CAM plants?",1
9693,Logical shift with signed numbers,0
7821,Hardy Weinberg Clarification,1
2877,Show that $\{\sqrt{2a}\operatorname{sinc}(2ax-k):k \in \mathbb{Z}\}$ is an orthonormal basis for $H_a$,0
3456,What is the evolutionary cause for various finger lengths?,1
5783,"When purifying plasmid DNA after cloning, do you get endogenous plasmid in addition to your vector of interest?",1
6425,Can methylisothiazolinone/methylchloroisothiazolinone (MI/MCI) behave as bacteriostatic in low concentrations?,1
5662,Can you extract specific data from EEG,1
11952,Simple login using ReactJS,0
9418,"construct a TM decides in linear time, if valid bracket",0
8062,How can axons shrink?,1
11272,Simple factorial program using recursion,0
1349,Question regarding the formal definition of NP,0
8964,How much influence does toxoplasmosis have on personality and intelligence?,1
2564,what is the significance of the annulus in laurent series?,0
5908,Can axons act as receptors?,1
6595,Why are lipid-soluble substances harder to excrete?,1
9383,Match formula for loop in VBA,0
3916,What is most simple eukaryotic genome?,1
11882,Creating efficient PDO functions,0
8000,Does the dissociation of serotonin receptors and their ligands really take hours?,1
7988,How is insulin transported in vivo in mammals?,1
5704,Hardy Weinberg Equilibrium problem,1
6990,What's the evolutionary reason behind feeling 'sorrow'?,1
8129,possibly unusual spider behavior?,1
5523,Importance of germline and somatic genomic mutations to the purpose of treatment in cancer,1
2622,Explicit use of Mean Value Theorem,0
10080,Research on Tree Automata/Tree Transducers for implementing Tree Generators,0
7388,"Does the nervous system have ""routers""?",1
9435,Is there a way to find a simple regular expression for this language?,0
7750,To characterise diameter of capillaries in organs,1
11506,"Algorithm: ""Minimum"" maximum flow with extra capacities",0
6967,Why are nutrients from food absorbed more efficiently?,1
7223,Function of NaCl in yeast shuttle prep of plasmids,1
9269,Making a priority queue using a Heap. Without using queue or heapq,0
4260,Why isn't there a standard unit of promoter strength?,1
6374,Is plasma membrane permeable to sucrose,1
9442,Soft question: program result verification,0
7224,Can bacteria be considered carnivores?,1
10545,How much time (in hours) will it take to check if the number with 20 binary digits is the prime number?,0
6704,Why are there no multicellular prokaryotes,1
7785,How long does it take for DNA to degrade,1
42,Visualization of rotation in $\mathbb R^3$,0
6316,"Alan Turing was treated with estrogen-analog, though he was gay. Shouldn't it actually increase his female-like desires?",1
1657,A space with an isometry group of $\operatorname{Spin}(d)$?,0
3775,"Is it possible that the recipient of a heart transplant would display some of the donor's personality traits, as if the heart has memories?",1
5391,T7 promoter leakiness,1
8965,"What is a ""Valid Species""?",1
4455,Evidence & discussions of hard polytomy,1
9225,parsing left linear CF grammars,0
8258,What were the symptoms of Phineas Gage after suffering his brain injury?,1
1350,A stick of fixed length is broken into 3 pieces. Construct triangle,0
1644,Convexity of the set,0
9353,Finding the second largest element of large input sets,0
3412,"Is it true to say that the more an organism is smaller, the faster it's going through evolution?",1
2412,Should the set of Continuous Functions on an Open Interval be a Vector Space?,0
5252,What are the main mechanisms of interaction between the nervous and immune systems?,1
6907,Do antimuscarinic drugs increase cAMP or cGMP,1
9247,"Session state wrapper, extending an existing application",0
8423,Is pulse rate measurable in the capillary bed and venous vasculature?,1
10527,Adding very large arrays,0
2228,Question about probability in infinite game of chance,0
1233,Curry-Howard correspondence,0
5054,What jellyfish is this?,1
2134,"Does an extraneous root of a polynomial in trigonometric functions have meaning? (Eg, the root $\cos\theta=-2$ of $\cos^2\theta+3\cos\theta+2=0$.)",0
3914,Does one neurotransmitter travel all the way through the nervous system?,1
6849,Why don't macaws get selenium poisoning from brazil nuts,1
9953,How close are current computer technologies in terms of energy efficiency to the Landauer Limit?,0
11275,Parsing JSON with generics,0
790,A map which has at most one extension to a homomorphism,0
1455,How to prove this identity nicely?,0
1108,"Let F denote $M(R)$, the set of all mappings $f : \mathbb{R} \rightarrow \mathbb{R}$, made into a group",0
11159,Filtering a list based on conditions,0
3015,How do scientists create specific mutations?,1
182,Infinite sum evaluation-square root,0
9699,Data mapper reuse related domain object for setting data and return a clone of the domain object,0
11845,"Is the usage of JSONObject and JSONArray is correct, as it take lot of time to render UI",0
6433,What is this small tissue structure found in kidney?,1
1786,Splitting field of $x^3+x^2+1$ in $\mathbb{Z}_2$,0
8311,What do the letters 'p' and 'c' mean in mutation descriptions?,1
9133,Complexity and hardness of undirected path,0
6684,Depositing/publishing protein structure simulations,1
920,Find the value of $f(t)$ for which $f ' (t) = 0$,0
6385,Unknown animal - What could it be?,1
7845,Can rapid eye blinking induce epileptic seizures?,1
4791,Confused about the calculation of BLOSUM matrix,1
5634,How do I prepare a solution? (Calculation),1
7253,Where to start understanding chemical principles of human body?,1
10303,"If $g ∘ f$ is primitive recursive, are $f$ and $g$, too?",0
2529,Show that the set of zero of a polynomial of $n$ variables has dimension $n-1$.,0
6689,What species of butterfly is this?,1
2963,Intersection of compact subsets of metric space / seeking alternative proof,0
7054,amount of tRNA and its extra arm,1
10040,2D matrices addition,0
4903,Why and how do red bone marrow concentrations in humans change during traditional aging?,1
4404,What is this little white creature?,1
11655,Infinite monkey theorem demonstration in Python,0
11190,Image Carousel in JavaScript,0
4562,Can species be paraphyletic?,1
3408,How are haplotype blocks different from genes?,1
7589,What is the scientific and common name of this bug?,1
5129,"Is there a color changing organism that is by default translucent or otherwise ""colorless""?",1
1775,Finding an appropriate axis of rotation for two points such that they can be rotated and translated to overlay a given line,0
5392,"Genetics, sickle cell anemia",1
5401,How can I reduce the background gradient in phase contrast microscopy?,1
4176,why can't we digest cellulose,1
3581,Sequence analysis software suites,1
9471,Search Indexer Transaction Safety,0
2531,No unique stationary distribution?,0
1833,Riemannian connection on product manifolds vanishes,0
8381,Do dingos show wolf 'characteristics'?,1
1381,Find $\int_{3}^{5}\left(\sqrt{x+2\sqrt{2x-4}}+\sqrt{x-2\sqrt{2x-4}}\right)dx$,0
2846,Main branches of mathematics,0
6656,Validation by PCR of a lowly expressed gene in microarray,1
4345,Is 'disorientation event' a common term among biologists?,1
10387,Floating point format: why must `1−emax ≤ q+p−1 ≤ emax`?,0
10375,Letter frequency analysis (Breaking Vigenere),0
9558,How to perform alphabetically ordered DFS?,0
4116,On which strand does the promoter sit?,1
8822,Why is a solution of cesium chloride used in Meselson & Stahl's DNA replication experiment?,1
11003,Regular languages - models of computation,0
2780,Solving an equation in a noncommutative ring.,0
3831,All or nothing phenomena,1
4488,Why do spiders make their web near the ceiling and near a light source?,1
8912,Population where most of the newborns die soon?,1
3389,Is Behe's experiment (evolving the bacterial flagellum) plausible in the lab?,1
239,existence of a linear map,0
11888,Scaling the last column in a table (with input) to match the container,0
270,A particular combinatorial identity,0
5085,How is Hypertonic Urine Produced in a Mammalian Kidney?,1
4902,Why do some people have symptoms of salmonella and others not?,1
988,Using $\epsilon-\delta$ to prove that a limit is not a specific number,0
11495,Project Euler Problem #10,0
4060,How to interpret McDonald-Kreitman test results?,1
11220,"Is using the result of cmp() as an index ""too cryptic""?",0
5629,Why are bacteria immune to snake poisons?,1
3700,Do oral vaccines exist?,1
3701,Amino acid characteristics that determine their chemical properties?,1
744,Increasing the set of marked points for a relative homotopy,0
2083,"Probability density function of the sum of $n$ dice, each with $m$ sides numbered $0$ to $m-1$?",0
5062,How are monocytes larger than capillaries?,1
543,Example of a continuous point on function with no RHS and LHS derivative?,0
2998,Compact subsets of convex sets,0
10906,Macro to run code once during the lifetime of the program,0
2434,"Proof $d(A \cup B,C) = \max\{d(A,C),d(B,C)\}$ in any complete metric space",0
5250,Length of anopheles chromosomes?,1
7700,skin colouration in thalassemia,1
9893,"Regarding programming languages, what is meant by ""hook""?",0
6231,Fatty acid oxidation in adrenal medulla?,1
5515,Are all quadrupeds edible?,1
11552,Clojure - substring? function,0
1916,$\Omega^*(M)$ as a graded algebra over the ring of smooth functions. Is there a notion of basis?,0
10667,How to solve Assigment problem on SPOJ?,0
1440,Generating Standard Uniform random variable,0
5338,Is the minicolumn the unit of the neocortex?,1
2863,Multiplicativity of the Euler characteristic,0
7751,Where can I find the list of all tendons in the human body?,1
9223,Validation for Model Object using Fluent Validation,0
6027,What are the chemicals of betel leaves that may react with estrogen?,1
4211,Range for which the Verhulst-Pearl model is a good approximate,1
7741,Female preference for males who are already in a relationship,1
7636,Recombination fraction( frequency) in Homozygotes,1
4092,What is the definition of a stringent/relaxed plasmid?,1
3894,What's the difference between growing cells in culture and cloning them?,1
4417,What is the function of multiple nuclei in syncytial cells?,1
11522,Searching for a substring in a ring queue,0
3499,The Collagen Triple Helix,1
7393,Can exhaustive algorithms produce MSAs that are suitable for 3D structure modelling?,1
8511,How difficult is it to adapt an existing vaccine to a virus variant?,1
3965,What are the types of interactions in biological network (protein networks)?,1
1576,Fourier transform and complex vector space,0
11647,Clean up If or syntax in JavaScript,0
1397,homomorphism inducing Galois cover,0
10105,"LW, MTD, STD, YTD Sales... all in line and looking pretty",0
8503,Identify this plant from the Netherlands with big white flower,1
3474,How do NSAID's work and what are the differnces between COX-1 and COX-2?,1
312,"Average no. of objects in a box,when m objects are filled in n boxes.$(m>n)$",0
10688,"One rational interval function and one irrational, will they ever collide?",0
1258,Wronskian of two solutions to a second-order ODE is zero $\implies$ linearly dependent,0
8821,Drinking River Water Unsafe?,1
3810,Why is dimethyltryptamine (DMT) being released during death?,1
170,Differentiable function impleis uniform convergence,0
2216,Cauchy heat equation problems,0
2072,What is known of when do solutions exist for the equation $x^3+y^3+z^3=n$?,0
8518,Can gut flora affect what we can eat and what we cannot?,1
9926,Why isn't coNP = NP?,0
7365,Why is Bcl2 a good target for cancer therapy?,1
11471,What is the difference between type theory and logic programming (in terms of declarative programming and specification),0
8630,Does the change in eye color (melanin concentration) affect the iris pattern?,1
11448,Creating boilerplate for jQuery plugins,0
4421,What's the meaning of this notation?,1
8906,Is it possible to make synthetic olfactory receptors?,1
8283,What would happen if there were no SOX9 in an XY human?,1
6816,Length of upstream and downstream of tss important for gene regulation o,1
1011,"Partial converse of the fact: $f\in L^p , g\in L^q \Rightarrow fg\in L^1$",0
6032,Why is the strength of genetic drift inversely proportional to the population size?,1
3843,"Virus cannot survive on surface after certain time period, but why and how?",1
8209,Why does hair grow after trimming but remains at a constant length after a while?,1
3600,Viagra for pain management,1
289,proof using field axioms only,0
5868,What are the problems in using an ssDNA or an mRNA for expression instead of using a plasmid?,1
6700,Can cerebrospinal fluid pass through the pia mater or ependymal cells of the ventricles?,1
2461,Consider the non-homogeneous linear recurrence relations $a_n=2a_{n-1}+2^n$ find all solutions.,0
5770,What is this insect seen in Northern Italy?,1
7076,Are humans not sexual dimorphic? Can genetic XY but SRY not expressed become pregnant?,1
4978,Is it possible to identify a particular gene sequence from next gen sequencing techniques (especially RNA-seq )?,1
1419,Why is the morphism induced by this linear system birational?,0
6546,Genetically improved *Leucaena leucocephala* seeds,1
9166,Building cycle in rectangle,0
11186,Balanced Distribution Of Items,0
9959,"Hackerrank: ""Cut the sticks"" Javascript solution",0
11678,Extract multiple attributes values in XML tags,0
4274,What are the (evolutionary) advantages of secondary transport?,1
3589,Can denatured GFP show fluorescence?,1
2753,Find $\phi_1(x)$ and $\phi_2(x)$ such that $\phi_1 + \phi_2 = \psi$,0
871,How can I construct these homeomorphisms?,0
9002,Sequence program (FizzBuzz-like),0
6854,How can a two genera share a latin name?,1
1283,How to calculate percentile rank if all values are equal to zero,0
11368,Can you recognize or decide if a Turing Machine has an infinite sized language?,0
8064,Variant VCF: AD vs DP?,1
10763,Isomorphisms between regular graphs of same degree,0
1627,Is this relating to continuous functions conjecture correct?,0
7439,After getting fully vaccinated for HBV why does the antiHBs titer last for so long?,1
10172,Python Making Bruteforce Password Crack Faster,0
7475,Does every human eye see the same visible spectrum?,1
2304,Find the sum of all values of $x$ which satisfy the following systems of equations:,0
11290,Fitter Nearest-Neighbor function with three nested loops,0
2468,How to compute the quadric form matrix of the B-spline norm $\int_{k_1}^{k_n}f(t)^2dt$?,0
2910,Computation of $\omega$- limit set of the given system.,0
2605,"Find the absolute maximum and minimum values of the function $f(x, y) = xy^{2}-y^{2}-x$ on the region $D$",0
1434,Observations (aka realizations) of conditional expectations,0
9708,Run control tasks asynchronously using TPL,0
10691,Image placement & animation from grid,0
6371,What's the effect of oxygen deficit on plants?,1
3166,How do sarcomeres coordinate contraction?,1
8327,Can COVID-19 affect a person a second time?,1
4692,Color vision across species,1
8752,Is there anyway from which we can measure the viscosity of honey using a refractometer?,1
9468,Can we create recursive functions only by using if-else statements?,0
7080,Can you find malaria parasites in saliva?,1
8891,Why do we use different micropipette tips for different volumes?,1
8706,What is the probablity that SARS-CoV-2 will mutate?,1
9315,Using deftype to create a wrapper class for byte arrays,0
6352,Identify this vertebra,1
29,How to define a continuous surjection from two sets,0
7062,How quickly can lasers of various wavelengths and powers impair human vision or cause pain in the eyes?,1
7499,Exactly what biochemical factors control the intensity of an allergic reaction?,1
2177,"Show that $m^*[(a,b)]=m^*[[a,b)]=m^*[(a,b]]=b-a$ here $m^*$ is the outer measure.",0
2732,Evaluate using cauchy's integral formula,0
5113,"How likely will 2 normal bacteria ""attack"" each other if they infect the same parts of your body?",1
8158,Do individual mammal hairs absorb water?,1
2109,Sample mean: dependence,0
10022,The perfect function alias,0
6898,SARS-CoV virus stability at low temperatures,1
2312,What conditions are necessary or sufficient for this manipulation of differentials to be justified?,0
8578,Why doesn't the polar side of the plasma membrane block nonpolar diffusion?,1
6126,Will the heart keep beating if it's separated from the body?,1
6526,What do sharks not like the smell of?,1
9614,English Translator - follow up,0
2164,"Why ellipse is a ""conic"" section?",0
10071,A password generator,0
11348,Approximate String Matching Interview Question,0
8508,"Ribosomes producing proteins, but need proteins to be produced?",1
4752,What are the limitations to current nucleotide sequencing technologies?,1
807,Solving a Word Problem relating to factorisation,0
6135,Does intelligence depend more on environment than on genetic factors?,1
3693,Why slow worm lost ability to walk in evolution/ecology perpective?,1
3827,Why do we blink instead of winking each eye independently?,1
5847,Dominant species in tundra,1
52,Pivot points in augmented matrix,0
8513,Bug Identification: Tiny Bugs in Fairport NY,1
7074,Is there evidence to suggest that sleeping requires more energy than watching TV?,1
10371,Solving a recurrence relation involving square roots,0
5186,"What does it mean for a hormone to be ""active""",1
7933,correction of read counts for spikes,1
11868,Raft algorithm: What's the meaning of concept `index`?,0
1551,"Global maxima/minima of $f(x,y,z) = x+y+z$ in $A$",0
4234,Why is the Mongolian Horse superior in stamina?,1
7644,Cloning a coding gene into a non-expression vector,1
11153,"Sum All Odd Fibonacci Numbers, freecodecamp challenges",0
1907,How to show the convexity of this set,0
6710,Streamlined flattened worm identification,1
3527,How can I differentiate between polysaccharide bands and protein bands on SDS-PAGE?,1
10260,How many unique counting functions there are for strings of N bits?,0
5858,Is it possible to exclude article types in a PubMed search?,1
1057,"Probability of rolling 2 and 3 numbers in a sequence when rolling 3, 6 sided dice",0
11808,why is the max number of Nodes mod(N/m) + mod(N/m^2) + 1 in R-tree?,0
5828,Are SNPs and alleles the same thing?,1
8577,Do people with colorblindness have less cones or no cones of a certain type?,1
7018,How correlated are the lengths of tendons in different part of a human body?,1
3956,Can Escherichia coli survive on glucose and water alone?,1
76,supremum norm and submultiplicativity,0
5141,Are sensory receptors neurons?,1
7,What are PDEs of the form $\sum \partial_{tt} w = \sum \partial_{xx}w$ called?,0
9875,Whats the difference between an oracle and a decider in Computational Theory?,0
8855,What is the need of mucilagenous coating in pollen grains of aquatic plants?,1
8272,Empirical Measurements of Barr Body Ratio,1
2611,What structure is preserved in a vector space isomorphism?,0
3014,Can a firefly control its glow?,1
11846,Calling different class objects using python,0
7448,Calcium concentration in activated dendritic spines?,1
558,How to find out the overlapping area of circles?,0
4999,Why do conker flowers grow upwards?,1
553,How can I find maximum and minimum modul of this complex?,0
5864,Why do we like to touch fluffy things?,1
9381,Functionality for automatic retry after exception,0
8206,Is this adaption of the Gillespie algorithm using Michaelis constants justifiable?,1
1871,What's the name for this sort of join?,0
6575,How does the strength of 3D printed tendons compare to original tendons?,1
5802,What is the point in the Neuromuscular Junction?,1
2073,Convergence properties of nets and filterbases,0
9489,Is it decidable whether a Turing machine will ever leave the start state on any input?,0
1468,Minimizing a system of linear equations,0
2497,Is the following rule valid to whether or not limits exist?,0
9842,Checking if there are no numbers from cellular services,0
121,Does a truly random sequence in the range of x..y average to the average of x and y?,0
514,How much faster is $T_2$ than $T_1$ in percent $\%$?,0
3599,Why can we sniff so much?,1
8164,What is an epistasis group?,1
6647,How scientists can be confident that human embryo tail is really a tail?,1
652,I have $17$ red and $8$ blue balls how can i distribute them to max $5$ groups and every group will have more red balls then blue ones,0
3130,Crude oil contamination hazard,1
7158,"What kind of mushroom is this, and is it edible?",1
4553,Why does cell differentiation start with the morula?,1
3530,How are colors outside the standard RGB color scheme perceived?,1
5652,What is the effective population size of a simple two deme metapopulation?,1
11152,"Hello, First Name Last Name",0
4945,What is the most readily usable form of nutrients/energy source for heterotrophic microorganism in general?,1
8794,What's Incomplete atrioventricular heart block (AV)?,1
3099,Are homozygous carriers of the CCR5-Δ32 allele fully immune to all known strains of HIV?,1
1116,"How to interpret the equation of a line in 3D through two points, when there are $0$s in the denominator?",0
6160,"Are there any social-behavioural differences between the biological sexes in humans ""proven"" to have an evolutionary basis?",1
7317,What Effect would Cannabinoids have on the Acute Porphyrias?,1
4185,"What does ""generalisation"" mean?",1
10464,Best route around confirmed appts - Traveling Salesman Problem,0
11836,Combining text in an array in JavaScript,0
11497,Recursive filename search,0
6125,Does the brain always enter alpha/beta waves upon brief awakenings during the night?,1
5369,How does the embryo inside a shelled egg get oxygen?,1
3083,Serological assays not detecting native proteins,1
5974,Why do plant leaves turn yellow?,1
5419,How do eukaryotes terminate transcription? (clarification on Campbell Biology),1
8471,Cancer in myogenic heart cells?,1
596,Norm independent solution for partial differential eqution,0
5200,"Why do female humans invest more in parental care than male humans, from an evolutionary standpoint?",1
4371,How many co-expressed genes would be expected in a tissue?,1
7219,Are there issues with filling PCR tubes to capacity?,1
4493,how to culture mc38 cells,1
11417,Calculating and printing a credit card balance,0
7566,Why can't NMR be used on large RNA molecules?,1
935,Algorithm for Chebyshev series derivative,0
8399,Why is one testicle larger than the other?,1
11403,why does message authentication using 2-universal family of hash functions require a prime number of possible hash values?,0
1911,The trace norm cannot be increased by composing with a unitary operator,0
11982,PHP creating slugify (clean URL) links in simple way?,0
8638,"Identification of a bug in Vasai, India",1
6570,What is the meaning of 'primary' and 'secondary' sympatric speciation in this paper?,1
118,"What is ""every inductive set""?",0
6837,Can the dendrites of sensory neurons be a meter long?,1
5003,What model of epistasis best fit the reality?,1
11316,Sorting in O(n) time in a finite domain,0
9151,Is it ok to use Thread.Sleep and Thread.Interrupt for pausing and resuming Thread like this?,0
8897,What is a good miniprep protocol for the class room?,1
6808,The actual name of growth force,1
5504,About molecules and their shape,1
4875,Cold water sour taste,1
1078,Any subgroup of a cyclic normal subgroup is also normal.,0
8519,Is there a protocol for freezing and thawing Bacillus subtilis cells?,1
1104,A question concerning the right side of an autonomous ODE,0
3087,fibrinogens and fibrins - are they the same molecule?,1
7465,How important is the womb's environment?,1
7463,Mutated and unmutated PCR product,1
3390,How reward / penalty is comprehended?,1
10949,Algorithm for graph with nodes grouped into sets,0
3194,Why don't phosphatases both add and remove phosphate groups if enzymes catalyze reactions in both directions?,1
11554,Difference between grammar productions and derivations,0
6121,Total number of animals in Australia,1
9689,PHP class for scanning filesystem,0
6804,Expected reproduction rate of a dandelion and/or fern,1
1451,"$E_{k} \subset [0,1]$ such that $\lim_{k \to \infty} m(E_{k}) = 1$ but $\bigcup_{n=1}^{\infty}\bigcap_{k=n}^{\infty}E_{k} = \phi $",0
9085,Why Does the Deterministic Selection Algorithm Run in $O(n)$ and not $O(n\log n)$?,0
11902,Sorting an ArrayList of Vehicles using quick sort,0
5821,Is it possible to estimate the age of a wasp nest by its size?,1
1620,"Subsets of $\{1,2 \dots n\}$ with no consecutive integers",0
2609,Is this a possible coordinate change matrix?,0
6306,Lions protecting girl in Ethopia -- how plausible is it that they understood situation?,1
4178,What bacteria results in a Gram +ve cocci and catalase +ve? What test comes next?,1
304,logarithmic inequality with different bases,0
9248,CSV parsers and OrderedDictionary,0
5687,Is there any standard of notation for ecological diagrams?,1
2007,Subgroups of $ \mathbb{Z}^n $,0
618,Why should the fibers of a surjective morphism of curves be finite?,0
361,Smooth cubic surface in $\mathbb{CP}^4$ is covered by lines,0
5177,How do I calculate amount of nutrients retained/excreted in fish?,1
6102,Can we create custom gene/protein?,1
3107,How much mechanical stress can a skeletal muscle bear?,1
7608,what books do you recommend to undstand horvath clock?,1
805,Proving an equivalent definition of the $\lim_{x\to a}f(x)$ exists,0
529,Is the space of maps which satisfy this vanishing condition finite-dimensional?,0
845,How does ~ distribute over parentheses?,0
1209,Confusion with the definition of a convergent numerical process of integration,0
8058,Is DNA from more parents (than two) better for the fitness of the offspring?,1
4747,"What is ""integrated spindle activity"" in plain English?",1
9932,Are all these steps necessary with prepared statement?,0
6138,What is the map unit between the genes?,1
5848,Is it possible to prove that a hand sanitizer can kill 100% of a person's germs?,1
7378,How does CO2 gets diffused into the red blood cells?,1
8316,What disease does Saccharopolyspora erythraea cause?,1
9921,Creating a scraper using multithreading,0
1669,"Probability, Discrete random variables",0
10585,Convert float price to integer price without commas,0
7870,What factors have led to selection for intelligence in crows and rooks?,1
4804,Why don't cells double gene expression after S-Phase?,1
5589,"Co-dependency between carbohydrates, fats and protein in the mammalian diet?",1
2798,a powerset define a group?,0
5115,Inheritance percentiles,1
2643,Is there a ring R for which R[x] contains only finitely many irreducible monic polynomials?,0
6076,How does alternative splicing work?,1
3267,"How does ""be altruist to those who are similar to you"" evolve?",1
7019,How do astronauts eat in space?,1
3438,How might I break down bread into glucose in a model of the human digestive system?,1
2153,Linear Independence proof.,0
8707,Why do ribosomes associate with rough endoplasmic reticulum but not other membranes?,1
1024,"Geometric Brownian motion, Itô formula",0
4258,Concentration calculation of Factor VIII for Elisa,1
1758,Integral with respect to the sum of two complex measures,0
5095,Problem in understanding Operon,1
9662,Understanding a proof for the existance of a non-computable function,0
2250,"Proving that $x\mapsto \sum_{y\in A\cap\left(0,x\right]}r\left(y\right)$ is right-continuous",0
8816,confusion regarding degrees of flexion and a goniometer,1
5315,What is the difference between drought resistant non-succulent plants and plants that cannot be allowed to dry out?,1
1831,Finite subgroups of $SO(3)$ for specific elements,0
4228,What is the significance to life of the anomalous properties of water?,1
298,How to write correctly when performing integral calculations?,0
11121,Names of specific SAT variants,0
1650,"Twin square-free numbers of the form $6k-1,6k+1$?",0
2289,"if $a$ is are real number that $a \neq 0$, and $\cos x = \sqrt{\frac{\cot x}{\cot x -a^2}}$, $x$ is on which trigonometric quadrants?",0
10087,Dispatch different parameters to different classes with single interface,0
3169,What is the mechanism of oxygen uptake in E. coli?,1
9439,Is any State Space Tree always Binary Tree?,0
4651,"These Mammals Had a Good Run, So What Happened?",1
11920,Are degree and order the same thing when referring to a B-Tree,0
985,"What is the proof for $\sqrt{-a}\times\sqrt{-b}\neq\sqrt{ab},\text{ where }a,b\in \mathbb{R}$",0
5441,Origin of term ‘confluency’ in cell culture,1
7385,Estimates of historical human population size,1
1346,Fuzzy sets: extension principle,0
4259,Physiology of skin and leather: why do salt borders occur?,1
3675,speciation in a single population,1
10382,Cleaning up Compiler class,0
4582,"How does excessive acute inflammation damage tissue (eg, in sepsis or cytokine release syndrome)?",1
7992,Do Traits Have to be Adaptive in Order to Survive?,1
5676,"Is the heart more relaxed when stretched or contracted, and how does it affect cross-bridge interactions?",1
11094,Not respecting the 3rd rule of a LL(1) grammar,0
73,Estimator for Gamma distribution is biased or unbiased,0
2952,Strongly additive property of measure,0
1345,Show that a local ring is equicharacteristic iff it contains a subfield,0
1728,How to prove a function of two variables is Lebesgue measurable?,0
8580,Will two Type IIS restriction sites cut if they are directly back-to-back?,1
725,Probability recursion,0
9231,Interpreting a proof of $2^\mathbb{N}$ being uncountable,0
8163,Why do pandas have a high probability of giving birth to twins?,1
8524,Why do we exhale after we hold our breath?,1
5563,What is the name of this small black insect?,1
1146,A superspace of an eigenspace,0
5147,Do all chromosomes in one human body contains same genome?,1
9729,Non-Deterministic Turing machine vs Probabilistic Turing Machine vs Deterministic Turing Machine,0
1134,Uniform convergence to the derivative,0
4643,Why are killer whales found in the Gulf of Mexico smaller than ones found in the Pacific?,1
6229,What is the purpose of using two layers of gel in SDS- PAGE?,1
809,Question about differentiability and sequences,0
11825,"When problem A reduces to problem B, which problem is more complex?",0
3656,Biological significance of correlation between the radius of gyration and number of layers of convex hull of protein structure,1
9045,Find the election winner,0
1374,Functions with the property $\frac{d}{dx}(f(x)\cdot f(x))=f(2x)$,0
5560,What is a set of chromosome and what is a pair of chromosome,1
2908,How to prove that $w\lambda(h)=\lambda(w^{-1}(h))$?,0
2988,Evaluate $\int_{D} \frac{dw}{w \cdot (1-w)}$ where $D$ is the rectangle,0
6307,"Identify this insect with a big ""face"" pattern on its brown fuzzy wings",1
10567,JavaScript Good Patterns - Is this a good example?,0
397,"implicit differentiation, can't find my mistake",0
3857,most different human tissues with respect to gene expression profiling,1
6971,How does methamphetamine (meth) damage neurons?,1
9415,SQL prepared statement to search songs by various text fields,0
4572,Questions regarding transformation in bacterial cells,1
8104,Honeybee relatedness: workers and nephews,1
7685,How do fully dioecious plants determine sex?,1
4668,Names of different cyclins,1
5660,Has network theory been successfully applied to protein expression within a cell?,1
6164,Name of dominant dinosaur,1
2238,An Algorithm to Find the Generators of the Radical of a Monomial Ideal,0
3333,ATP required for cell processes,1
2637,Finding the vertices of a convex set of matrices,0
5672,"Why can't men produce milk, just like women?",1
551,Understanding generalizations of the wave equation.,0
227,A complete metric space with some convex-type property,0
7739,Can someone identify this odd looking spider?,1
4970,What placement of plasmid parts makes the most sense?,1
7885,Does a virus that spreads more rapidly have less chance to evolve?,1
7736,Part of a fish outside the intestinal sac on the back?,1
8941,Full name for stem cells,1
4472,How much does a human brain's metabolic rate vary?,1
6858,"In adverse effects of Heparin, why is bleeding from deeper organs more common?",1
11609,Approach / data structure to wait for N tasks to complete in arbitrary order,0
6014,Blood become denser when you are dying of deshidration?,1
8818,"How long does a mosquito take to land on a host, bite, and fly off?",1
2671,Taylor series method for differential equations,0
7083,About cell membrane; action potential and resting potential,1
3522,Number of MHCs in neurons,1
4513,What tool can I use to align multiple protein sequences to one reference sequence?,1
844,What's the cardinality of this set?,0
7692,The pectoral fins of a whale and a shark. Are they analogous organs?,1
5853,Implications of what the discovery of Naia means,1
3418,What kind of fish is on the picture?,1
8884,"Meaning of ""optical"" in ""Optical cap, 8X Strip"" (used in qPCR)",1
10334,Beginner Question Concerning the Logic of a Very Simple Correctness Proof,0
6256,Species Identification : Worm like insect but broad at back,1
7354,"Is it ""easier"" for researchers to detect evolutionary ancestry than distance in the evolutionary tree?",1
10148,Number to words in Python 3,0
1658,Weak compactness of a set of translates in $C_0(\mathbb{R})$,0
237,How can we evaluate $\int_{0}^{\infty}e^{-xt}\sin(t)dt$ without using Laplace transforms?,0
4238,Snake with orange spots found in South Florida,1
9491,How to prove that a binary heap can't be sorted with complexity that better than O(nlogn),0
1602,Bounding a polynomial from above,0
6807,Problems with analysis of small RNAseq data - Adapter trimming,1
10470,Find all row combinations which sum elements equal to any given number,0
9654,Checking if blocks are catch extendable,0
4571,What kind of skull is this-I found it on the beach in Cape May,1
8207,Do prokaryotic chromosomes have centromeres?,1
305,How to calculate maximal square size when fitting N squares in a given container?,0
3951,What are in common between transcription factors?,1
6022,Can estimating the likelihood of protein sequences adopting functional enzyme folds show life is too complex for evolutionary timescales?,1
7754,"copper vs aluminum, what's the safest for health?",1
10918,Latent Dirichlet Allocation in Python,0
11692,"Why is c) a combinational circuit, but d) not?",0
6948,What kind of insect does chirp like this?,1
6756,What is the effect of reduced gravity on human height?,1
3020,Why is fructose not glucose the main energy source of sperm?,1
11142,Ping Pong game in SFML,0
10245,Hashing a Specific Range Of a Character Array,0
10628,Framework for composing algorithms,0
2757,"$E(\max\{X_1, \ldots, X_n\})$ is increasing in n for iid random variables",0
5678,"What is the difference between ""lineage restriction"" and ""differentiated"" in terms of stem cell biology",1
9408,is it always true that the depth of BFS is $\leq$ DFS?,0
7027,Why does Anti-A antibodies make type-A blood type clump?,1
11502,Interactive logistic map,0
5537,Difference between the spinal cord and vertebrae column,1
5232,CDK3 1 simple coding mutation/missense mutations (S106N) glioma,1
6395,When is really necessary to visit field to observe sample collection process?,1
4382,What are the advantages of heterologous expression systems?,1
10424,Optimizing URL router behaviour,0
3565,Using perceptual adaptation for enhancing realism of VR/other entertainment,1
10292,Sorting a list in ascending/descending order with a button toggle,0
2269,Extension of Yau's theorem to general bundles,0
3709,Does the body have a mechanism for cleaning plaque buildup in arteries?,1
4563,Neurology: spinal tract,1
9593,Origin of quantum complexity theory,0
7600,Classification of degree of infested areas by pine processionary moth on regions,1
9430,ReactJS Formik form with list update,0
11171,Hamming Weight to find the sum of 1 bits in the range between A and B inclusive,0
6853,Why do some animals have beards?,1
2331,Formula for $M_{p^k} = \{ x \in \Bbb{Z} : x^2 = 1 \pmod {p^k}\}$?,0
3479,Horizontal Gene Transfer,1
4305,UACC-462 cell culture,1
7648,Hummingbird cross Bering Strait,1
4218,Are there fungi that are directly beneficial for humans?,1
2514,Solve $5^{2x+2}-5^{x+2}+6=0 $,0
7737,"Human evolution: Where *exactly* did the first human come from, whose parents were not?",1
2218,Dot product cancellation,0
6009,Redheads and pain receptors,1
4511,What mushroom species is this?,1
1351,"Given two equations $(xax)^3 = bx$ and $x^2a = (xa)^{-1}$ in a nonabelian group, solve for $x$.",0
625,find the minimal polynomial of the following over the Rationals,0
10439,Text representation for numbers with python,0
10411,Minimum window substring using python containing substr in any order,0
10074,showing that the pair of Finite Automata are equivalent,0
3112,Does someone know of a website that keeps track of a species population?,1
7256,Contracting muscles in humans,1
7362,Is it possible to have raw ngs data to practice,1
2541,Tricky trigonometry question (distance of a ship),0
1168,"If $ f \in \mathbb{Q}[x] $ is irreducible and has a root in $ \mathbb{Q}(\sqrt{2}, i) $, then it splits",0
8145,Translation of RNA into proteins,1
1317,Optimization on Lipschitz manifold,0
5290,Function of the 'double' leaf on a pomelo tree,1
4669,Long term storage of agarose-ethidium bromide gels that have already been cast,1
282,"Is the subgroup $H:=\langle xyxy\rangle$ normal in $G:=\langle x,y\mid x^3=e, y^2=e\rangle$? If so, find $G/H$.",0
7730,Why am I getting low transformation efficiency with DB3.1 E.coli cells?,1
5427,Database of medically validated SNPs,1
6176,Are there any flowers that look like snakes?,1
6982,Why are some housekeeping genes considered better?,1
534,Prove the non-existence of the set of all functions,0
8434,Why do cucurbits produce so much fluid when their stems are cut?,1
4206,DNA replication precision,1
6972,Is one DNA molecule same as one chromosome,1
2429,suggest textbook on calculus,0
9318,Metaclass to run a __first__ method for the first instantiation of a class,0
2553,proving that an improper integral diverges,0
1938,Determining if two general conic sections are tangent to each other,0
2906,Names for left- and right-total relations,0
2623,How to find the probability of a score falling in between 11 and 14 using z-scores?,0
6727,How do physics notions of fluid dynamics relate to pressure gradients in circulation?,1
6421,Non toxic low melting point alloy,1
6899,What's the proton concentration around a DNA helix?,1
8115,What biological specimen is this? Seed? Excrement? Fungal form?,1
6413,How do SDS-PAGE gels differ in a Bis-Tris system vs. a Tris-Glycine system?,1
3917,How do transplanted stem cells find their way to bone marrow?,1
1766,"If $m$ and $n$ are relatively prime positive integers, prove that $m^{\phi(n)}+n^{\phi(m)}\equiv1\pmod{mn}$",0
5501,Why MHC class I antigen presentation exist in normal cells?,1
151,Clayton's copula limit to infinity,0
11606,"""Log in"", extract number from a map, increment it, and log out",0
10902,What is the practical difference between an neuromorphic processors and GPU's?,0
9292,Stateful User tracking,0
2600,right continuous implies countably additive,0
234,Solving a nonlinear reaction-diffusion PDE,0
3348,Abnormal Prolactin Level,1
6116,How to fit simulated with measured data having systematic errors?,1
6923,How body loses more fat in CO2 form than in sweating form?,1
981,Convergence in mean of a series of random variables,0
6284,Why does it take many sperm for one sperm to fertilize an egg?,1
10121,Getting WiFi SSID on iOS in Swift,0
9121,C++ bare getter setter with dispatch,0
11851,"Comparing Selection, Insertion, and Bubble Sorts for database application",0
9143,"How to produce all the numbers in a range [0,1,...,n] for which if 0<=k<=n, then for a positive integer x, the expression: k & x = k?",0
11004,Using logic to compare absolute values,0
89,Relation between complex-valued analytic functions and (anti-)holomorphic functions,0
4963,Is it dangerous to rub closed eyes?,1
7491,Any evolutionary explanation for human blood groups?,1
6271,Non-Lifestyle related diseases,1
8111,"Since Darwinian times, has there been any striking/notable effects of evolution on humans?",1
3376,"Why does it hurt when you take sweets, if you have cavities in your teeth?",1
10197,Idea for a Graph Based Algorithm,0
4162,Why human endometrium doesn't stay constant?,1
4327,Isn't biological immortality strictly speaking impossible?,1
10762,Python ASCII-Art Table,0
5243,"Identify caterpillars and, if possible, parasitoid (Sabah, north Borneo)",1
10896,"My solution for Advent of Code 2020, Day 4, in C",0
8386,Sex biased gene expression in the X chromosome,1
5684,"Identification of a beetle found in a basement in Virginia, USA",1
5002,Neurophotonics vs. Optogenetics,1
6286,Does anyone have any TOPO directional cloning tips?,1
4359,best book for a comprehensive introduction to biology for a computer science graduate interested in undertaking research in bioinformatics,1
3940,"What are iPSC cells, and what are their applications?",1
1178,Counting Solutions to $x_1 + x_2 + \dots + x_k = n$ with $x_i \leq r$ Closed Form,0
11909,Binary ↔ Gray permutation matrix,0
3811,Can certain jellyfish photosynthesize in the medusa stage?,1
8623,Difference between mutation and DNA damage,1
3137,What is the difference between cytosol and cytoplasm?,1
11751,Complexity of minimizing the maximum inter-cluster distance?,0
938,odd/even function hybrid combination,0
2873,Evaluate $x+4/x$ when $x$ is a solution of $x-6/\sqrt{x}=11$,0
3202,Is urban beekeeeping harmful or are there good practices to follow?,1
7914,How are there multiple varieties of the potato?,1
11309,Script to execute arbitrary command on each Git project in a directory,0
2342,Using epsilon delta definition show $a_n=\frac{2(n!)}{n^n}$ converges to $0$,0
11396,Proving that the cover time for graph is exponential in the worst case,0
11270,Read and convert binary files to ASCII text,0
11828,Return first duplicate,0
10766,Non-recursive (iterative) DFS with $O(n)$ size stack,0
5204,Spores bacillus subtilis in milk,1
9483,Intersection of regular and not regular,0
9608,Keeping attribute names simple when using getters and setters,0
10518,Remove range of keys from Binary Search Tree in O(s+h),0
5993,How long does a tan last?,1
3303,Is there a bacterium that became a virus?,1
2124,Strategy for finding integral roots for polynomials with large coefficients,0
4994,What is a cortical circuit?,1
11918,What is the purpose of Bayesian networks?,0
6080,Can the Hebbian theory apply to Inhibitory Neurons,1
10594,Find the smallest binary digit multiple of given number,0
1670,Can a density function in a closed ball have an unbounded expected value?,0
1980,Partial derivative not parallel to $x$ or $y$ axis,0
4123,Do people even notice when insects other than butterflies and beetles go extinct?,1
561,Transition map for Möbius band in differential geometry.,0
11541,Union of right congruence relations,0
10957,Json type-safe builders using jackson-annotations,0
11567,How can I prove the minimum pumping length of finite language?,0
10229,"For a cycle with $n$ vertices, how many distinct chords are possible?",0
1357,How do I produce a Bézier curve with 4 points and without just using a website?,0
5097,Earliest ancestor of humans who could integrate into modern society,1
1836,Partial derivative of an integral transform,0
6115,Molecular/cellular biology textbook to consolidate what I know about molecular/cell biology,1
9323,"Learning C, basic string reversal function",0
10348,Ways to differentiate comments in source code (PyCharm),0
9475,How to read BNF syntax of C?,0
3315,What is this pink angiosperm from Morocco?,1
2823,find a formula to cacluate if a moving object goes to a target,0
633,Asymptotic distribution of a linear function,0
7958,Autoimmunity - negative selection of T-cells - APC,1
7116,How many molecules NADH are produced in the Krebs Cycle?,1
10367,Class project: user-editing page for a haiku website,0
11637,Algorithm to find the size of a quotient of a free group,0
8610,"Why is the outer circle of human mitochondrial DNA ‘heavy’, whereas the inner circle is ‘light’?",1
11282,What Do These Symbols Mean in Repetitive Rule Application and How Are They Applied Practically?,0
4964,How do Opioids Stimulate a Histamine Release?,1
351,Precision matrix of AR(2) matrix,0
1232,Endomorphism ring of indecomposable representations,0
9903,Validity of macro for printf() call in a corporate environment,0
4311,Where does all the carbon go?,1
9093,Summing up distinct elements in steps,0
7674,What are the difficulties/challenges against developing a coronavirus vaccine?,1
9270,Aggregate prescriptions per drug in a CSV file,0
6366,Is it possible to dock multiple ligands with the target?,1
6042,Inheritance of FEVR (Genetic Disease),1
2946,Speed Networking for Small Group (10 people),0
8169,Can aflotoxin presence be inferred from the mild discolorotion at the middle parts of a hazelnut?,1
5986,Can someone identify this ant queen?,1
4360,Light and Dark Reaction of photosynthesis?,1
1892,"show that:for every $x\in S$, there exsit $y,z,w\in S$, such $x=y^2+z^2+w^2$",0
7215,Why Only DNA can Contain Hereditary Material?,1
1234,Stationarity of the sum of an ARMA processes,0
2146,"Good low-rate, short-length block codes",0
10129,Return 3 smallest elements in a list,0
10392,Project Euler problem # 3 is this the most efficient approach in Python or can I do better?,0
1815,Show that every linear transformation $\mathbb R^{n}$ ->$\mathbb R^{m}$ transforms linear dependent vectors into linear dependent vectors,0
6771,"Trying to identify a beetle seen in Ontario, Canada...and its babies, or parasites?",1
1334,Do we have $\int_{0}^x \frac{t^N}{1-t} dt \to 0$ if $N \to \infty$ and $1 \leq x < 1$?,0
1272,prove - For symetric matrix with zero diagonal there exists $UU^t$ s.t $A+2I=UU^t$,0
9103,Using return value vs out parameters,0
11,"Question about equlaity of two language, simple but tricky.",0
5070,Understanding the Amino Acids,1
8647,Need either a [similar] ribosome to the following few | a heuristic for finding [similar] macromolecule given 20 others,1
7774,"""Air sac"" and ""air cell"" in a chicken embryo",1
11694,onResize and onLoad handlers to toggle mobile layout,0
4769,What is the difference between endomysium and sarcolemma,1
1872,Algebraic construction of a state space system,0
11649,Is it admited to give the complexity of a function regarding the resulting data structure?,0
5510,Is there evidence that some non-human species perform sexual selection based primarily on intelligence? How do they do this?,1
5463,Regulation of the TCA cycle and glycolysis by adenine nucleotides,1
2658,Homotopic function question - very basic,0
2045,Duo Fresnel-like integrals $(??)$,0
11469,How does one formulate a backtracking algorithm,0
442,Proof of Kolmogorow-Riesz for $\ell^p$ space,0
3884,New GO terms after TopGO enrichment?,1
3613,How to pipe Bwa-mem output without saving SAM file,1
422,How do you show that $7a^2 - 12b^2 = 8c^2$ has no integer solutions?,0
11148,Upload multiple photos to server,0
8698,Which sample type is more proper for whole genome sequencing in AML patients? Peripheral blood or bone marrow?,1
1490,Eigenvalue of derivate of Poincáre map,0
7519,Do recessive alleles really exist?,1
6583,Does ethanol destroy RNase?,1
3265,Why are male gametes and female gametes not equally sized,1
8771,Can ' functional' stress 'forced upon' a cell actually cause cell mutations when they divide and reproduce?,1
1091,Bounds on polynomial roots,0
8160,"For Penicillin Binding Proteins, why is the enzyme-peptide complex less stable than the enzyme-β-lactam complex?",1
1583,Venn Diagrams confusion.,0
5846,Monochromator in fluorescence microscopy,1
2991,paint $\mathbb{R}^2$ with two colors,0
2419,Discrete and compact subset must be finite,0
5910,Has any large-scale origin-of-life simulation/experiment been done?,1
1608,Mean Absolute Percentage Error,0
9816,Creating the design matrices for a canonical correlation analysis,0
3309,If our skin is burned by the sun what causes the red color of the skin?,1
435,Find all functions $f:\mathbb{Q}^+\rightarrow\mathbb{Q}^+$ such that $f(x)+f(y)+2xyf(xy)=\frac{f(xy)}{f(x+y)}$,0
5714,Will a sandwich assay work with a GST 26 antibody/protein?,1
8260,DAPI staining showing unknown artefacts?,1
10460,Function to class migration: constructor best practice,0
3999,HELP hepes preparation,1
11205,"Meaning of the ""why not"" modality from linear type theory?",0
10832,Normalising fractional numbers,0
10683,List enrolled users & show checkmark if all activities are complete,0
6299,Why do Sorghum Bicolor leaves roll up?,1
1061,Proving an equivalence relation on a group $G$.,0
9111,What is the connection between data structures and data types?,0
1578,Finding the flux of a cylinder using the Divergence Theorem,0
5455,What happens if a circulating naive B cell is met with a polysaccharide/lipid antigen?,1
3947,Questions to ask to a panel of people that will be sequenced,1
6766,Does a plant have to have leaves to produce fruit?,1
6457,What is the role of RAGEs?,1
3841,Why do dragonflies have these special little spots on their wings?,1
9767,Calculate amount of elements in collection by property,0
1864,"Mass of a wire positioned along the interval $[a,\ b]$",0
41,About the definition of divergence,0
4328,Improving Gel Extraction yields,1
1170,Trail Mix Packaging problem part 1.1,0
171,Are the quantifier negation rules in first-order logic derivable?,0
7624,"Why do large, aromatic residues prefer beta-pleated sheets?",1
11490,"""Linked"" Enum value attribute",0
5808,What kinds of animals does insular dwarfism affect and how large does an island need to be to escape it?,1
5776,What is the probability of an offspring sharing identical HLA typing as one of their parents?,1
8515,Do men have significant hormonal cycles?,1
4082,"Understanding the ""Waterfall Illusion""",1
7765,What is the smallest pressure differential that humans can detect?,1
286,"With a product and sum of $x$ and $y$, calculate $9x^2+15y^2$",0
3631,Using expression vector to express arsenite oxidase genes in E. coli,1
406,Simple group of order $3420$ has no element of order $171$,0
9826,What is the order of the Pancake graph in Given example & what are the properties of Pancake graph?,0
8567,Does Amphibian embryo's blastocoel become a primitive yolk sac without yolk?,1
4519,Antibacterial soap impacts on septic system?,1
10383,Calculate Hand Value in a Blackjack Hand,0
9560,Can I Use Machine Learning to Predict the Likelihood of an Order Being Shipped?,0
11289,"Expected number of maximal cliques in $G(n,p)$",0
5408,Is there any situation where bloodletting should be paired with transfusion?,1
11086,Creating an Excel sheet and appending namings for a matrix,0
7722,Have there been any theories put forward as to the reasons behind Temperature-Dependant Sex Determination in reptiles?,1
11613,(semaphore y=1; int x=5) vs (semaphore x=5)?,0
2700,Likelihood Function is a random variable,0
9123,Reading a line of text from a socket,0
11266,Decide if number is Armstrong number,0
9027,What is the $4k$ kernelization algorithm for Planar Independent Set?,0
7331,What are the exact characteristics for something to be considered a novel virus?,1
4023,Structure coordinates in PDB file,1
7467,Do humans have enough biological differences to be grouped into races or subspecies?,1
8171,How allele is related to trait that is more complex than two cases (ex. height)?,1
2796,$n_p$ - the largest power of the prime $p$ which divides $n$,0
8019,Relationship between BMI and age?,1
8195,what is the integral of PAR radiation over total solar radiation,1
6000,How do I find the number of child terms associated with a specific GO term?,1
7092,"What do we use as baseline to determine what genetic segments are ""mutations"" (and what are not)",1
9607,Reduce repetition in these Redux CRUD actions,0
11656,Stock quote checking script,0
3010,Why do sneezes come in pairs or more?,1
10023,Procedure to automatically solve field theorems in a SMT solver,0
8105,Evolution of plants and chloroplasts?,1
10769,Perfect Probabilistic Encryption still requires key length about as long as message,0
8360,What's the longest intron in the human genome?,1
4581,Interchromosomic vs Intrachromosomic Recombinations,1
3509,How to determine if two mutations in a gene are on the same or different alleles?,1
9668,Metropolis algorithm Simulated annealing,0
2810,Dividing by $\sqrt n$,0
454,"Showing $\mathbb{Z}\times\mathbb{Z}$ is isomorphic to the group $\langle x,y,|xy=yx\rangle$",0
11475,Macro for rounding with variable precision,0
6582,Which steps occur in each phase of Meiosis and Mitosis,1
6801,"Good source that explains the evolution of single-celled organisms ""from scratch""",1
3297,"Exact meaning of the term ""clutch""",1
1829,Interpolate daily values from monthly averages,0
5285,General anaesthesia and brain cell damage,1
373,"Proof that a function is Riemann integrable if for any $\epsilon > 0$ there exists a partition P such that: $U(P, f) − L(P, f) < \epsilon$",0
5274,How do wild animals get rabies?,1
4387,Troubleshooting bioconjugates migration in a SDS-PAGE gel?,1
7190,Can the mating of a couple with Rhesus positive and negative blood types result in miscarriage?,1
4971,Can I find out what resistance bacteria has based on strain? where do I look for that info?,1
882,Finite colength ideals in a power series ring,0
3262,What is it the most common reason for community acquired pneumonia?,1
3147,Why does throat 'burn' when you've got a common cold?,1
10306,Generating rooted labelled subtrees of a JS object,0
9935,Get metadata from an Icecast radio stream,0
8652,Consuming animals by slaughtering vs injecting barbiturates?,1
6962,How medical studies induce cancer in lab animals?,1
3720,How do geneticists compute the percentage of DNA shared between species?,1
1890,Constructing a special point in quadrilateral,0
3489,Could the growth rates of Vibrio vulnificus be affected by an oil spill?,1
400,Lifting properties of morphisms in category of sets,0
730,Finding interest rate without principal,0
1133,Regarding the normal closure of a finite extension,0
11369,Shifting event times to and from time zones,0
8782,Is the size of the genome across species roughly the same?,1
5158,Can plants suffer from CO2 poisoning?,1
9083,Thread-safety and delegates with generated numbers,0
9181,Avoiding repeated code in worksheet,0
9771,Four algorithms to find the Nth Fibonacci number,0
11688,Append table cells to select boxes in indexed order,0
3094,Is it hydrogen atoms or electrons that are passed along an electron transport chain?,1
5247,What happens to human dopaminergic reward system once a teenager becomes adult?,1
360,Maximum of the expectation of a concave function,0
6764,Kinetic mathematical model of glycolysis?,1
5773,What could cause spiral tree growth?,1
10917,Generic observer pattern implementation in C++,0
9179,Javascript Object of Arrays manipulation,0
10262,Counting paths between 3 cities in C++,0
9167,Matrix OOP implementation using C++11 and C++14,0
10745,"Is the language $L=\{a^nb^mc^k | k \ge max (m,n) \}$ CF",0
3789,"Are fruiting bodies, basidiocarps, heterokaryotic?",1
3180,Can you identify this snake?,1
8170,Is chloride necessary for animals?,1
1804,How to prove that an ordered set is a lattice.,0
2229,Optimization for tank,0
585,what are parameter and constants in orthogonal trajectories?,0
11821,Why does my Genetic Algorithm not work for higher number of individuals?,0
4595,If hermaphrodite C. elegans can reproduce with females?,1
7104,Is O4I2 sufficient to reprogram cells (ie induce pluripotency)?,1
9886,Method Ordering - Readability / Maintainability,0
2887,How to express the oscillator equation $y'' + 3y'+2y=\cos(t)$ as a first order system?,0
2024,Let A and B be any propositional formula,0
7351,"If we introduce any disease or deadly effect to a large group of living things, will such a group be able to develop a resistance?",1
4285,is there a way to do batch download for all gene pathways?,1
366,Specific problem on distribution theory.,0
7360,"If a person has a specific mutation in a gene, is it more likely he has other mutations in that gene?",1
3187,What is this bug found in a garden in Utah?,1
6131,How does protein enter bloodstream?,1
9684,Android single activity app structure for smooth ux,0
4054,Why does K+ move out of the cell?,1
5697,What is the average age of my flesh and my bone?,1
334,Sphere homeomorphic to plane?,0
10692,Computing the shortest path in a labyrinth,0
3604,What happens to lactic acid I eat?,1
5951,can somebody please Identify this queen ant?,1
6913,Why replication collapse but not stall leads to DNA break?,1
8427,What factors affect the rate of siderophore production by microbes?,1
8539,Have humans evolved to live longer?,1
10703,Sum of Squares/Square of Sum Difference,0
7058,How much total RNA can be extracted from Drosophila brain,1
7188,How does the descending branch of the loop of Henle equilibrate concentration?,1
9286,Are finite state transducers and Mealy machines the same machines?,0
1192,Eigenvalues after Givens-Rotation,0
11639,Proper use of mysqli->close();,0
4536,Why don't acacia trees prefer increasing tannin levels in their leaves rather than leaving them high?,1
1616,Playing rock paper scissors over online chat.,0
10549,Mergesort performance in C,0
6705,How to measure bacterial content,1
5056,Can motor neurons in the brain stem start movements?,1
11774,Function to check that a Python list contains only True and then only False,0
11796,defining the operational semantics of a concurrent language,0
11394,File-copying Manager,0
678,$L^p$ boundedness of Riesz potential.,0
10329,Are intersection and union redundant? Possibility to get smaller output without negation?,0
4389,Why does hypergranulation prevent the epithelialization of a wound?,1
7371,Why is the internal capsule dark in this transverse section of the brain?,1
11710,Managing a wish list from an API,0
8438,Artificial Hormones of human body,1
3120,Unknown aquatic larvae,1
3876,Taxonomy and morphology of marine fish,1
5013,Text Book Recommendation: Organic Evolution,1
1912,Global Solutions on Compact Space,0
1447,Line and surface integrals $R^{3} $,0
11660,CPU cache - retrieving data from memory,0
8593,Is it possible to simulate the effects of high altitudes for plants?,1
3692,Periods of Heavy Speciation,1
2301,asymptotic of a geometric like series,0
1745,Is it possible to extract a variable from this equation?,0
1498,Pre-image of a submanifold by a submersion,0
3704,Effect of opposing electric charges on cells,1
6973,"What does ""dissection-based microscopy"" mean as described here, and how can it give genetic information?",1
1001,Probability of this event of a tuple not being deleted: Is this correct?,0
6514,How can Chronic myeloid Leukaemic drugs reduce the production of the Philadelphia genotype?,1
10296,Swap previous non-whitespace character in emacs buffer with some known analogue,0
4925,What can pass through the intestinal membranes?,1
656,Prove the comparison test for convergence of real valued series,0
4539,Where does Taq polymerase migrate during electrophoresis?,1
1988,Fundamental group S^2/~,0
6376,Variation of length of circadian rhythm in humans in absense of time reference,1
5203,Isotropy of sarcomere bands in skeletal muscle cells,1
7097,Crispr-Cas9 method and nobel,1
7843,"Can Anyone Tell Me , Which Insect or I think Moth Is This",1
762,Connected field must be path-connected?,0
10410,Anti-Bot comment system,0
9016,Conversion of RE to NFA,0
9553,Which pattern could help to refactor this controller code?,0
4110,Did modern alligators and caimans come from prehistoric crocodiles?,1
3222,Spine found on the beach,1
10921,A small to medium sized pygame game,0
4322,How arteries split into smaller blood vessels?,1
4300,What happens to the red blood cell in CaCl₂ solution?,1
9058,Sample Banking System Deposit Function,0
2119,Growthrate of Fouriermode,0
4765,Differentiating Taenia solium and Taenia saginata Infections,1
3550,"Why dont ""growing degree days"" have units of degrees Celsius (or do they)?",1
3139,Which will produce more oxygen? A few large trees or a greater number of smaller plants?,1
7889,The drawing of genetic crosses,1
9280,Can we express the program to find last element of a list as a catamorphism?,0
11178,Fastest method of randomly swapping array indexes / generating random alphabets in C++,0
7278,Mushroom Identification: White mushroom growing on tree (South America),1
4570,Are mesophyll cells the same as parenchyma cells?,1
6327,"How are homing pigeons' ""homes"" changed?",1
4372,"Small, brownish bird with reddish spot around eyes",1
1776,Graph Theory Inductive proof,0
2481,Show that an equivalence relation is equal to the union of its equivalence classes,0
3486,"Please help identify insect found indoor in Malaysia, south east Asia",1
8445,Can anyone ID this flower plant by the photo?,1
7981,How much ATP formed from oxidation of stearic fatty acid,1
5992,Recognition of snake (image),1
9972,Is the optimal order of graph vertices s.t. minimizes edges to later vertices a well-known problem?,0
7831,How Circumcision could reduce the chance for a HIV infection?,1
7209,Mitosis and Colchicine,1
1212,Cardinal of a difference of power sets,0
1768,Open sets separating points in a metric space?,0
3373,Ipsilateral vs contralateral side of body,1
3531,When does protein folding begin?,1
2117,"Evaluate $\frac{\Gamma(n/2)}{\Gamma(n/2+h)},$ $n,h \in \mathbb{N}$",0
4213,Do male animals visually perceive females as more/less attractive?,1
7553,where can I find estimated costs of laboratory equipment?,1
11995,Quick Sort Implementation C++11,0
593,Definition of a Limit: Changing Signs,0
10825,Count how many times values has appeared in list so far,0
7989,Do oysters feel pain?,1
10815,2-dimensional ranking of multiple arrays,0
4922,How does Mupirocin affect in staphylococcal infection?,1
10819,Is the length of the shortest quine in a programming language computable?,0
3764,Is an axillary bud a type of intercalary meristem?,1
1798,$\mathbf\triangledown\times\mathbf F=\mathbf 0$ implies $\mathbf F=\mathbf\triangledown\Phi$ denpends on whether it's simply-connected domain,0
2934,Rounding unit vs Machine precision,0
3749,How do our muscles get tired?,1
6494,"What is meant by ""the degree to which a gene is expressed"" in an individual?",1
2725,"Show that $f_n \to f$ in $L^2(d\mu)$ if $f_n \to f$ a.e., $f_n \ge 0$, $f_n \in L^2(d\mu), f \in L^2(d\mu)$",0
1592,Dirac delta of a function with zero derivative,0
1520,What is the support of a localised module?,0
3043,Neural coupling between Pinsky-Rinzel (reduced Traub) neuron with a Wang-Buzsaki neuron?,1
4137,"Trying to identify the tree in this picture. Shot from the Nepenthe restaurant, Big Sur, California",1
7650,Does one parent transmit more DNA to the offspring than the other one?,1
7911,RNA seq and using of Poly(A) or non-Poly(A) based amplification of RNA,1
998,Find a closed form for the number of divisors of $m$ that are relatively prime to $n$,0
1891,Prove an initial value problem blows up in finite time.,0
11756,Arrow anti pattern with crutch,0
8899,Hardy Weinberg principle,1
9159,Why doesn't this derivation of the margin in a SVM give the correct result?,0
1624,Procedure with limits problem,0
8865,What is the relationship between radiation and evolution?,1
751,Reformulation of a point in the closure of an orbit,0
9841,Hash Table: How to Calculate Max Load of a Bucket in Practice,0
1443,"If $f>0$ is continuous on a bounded closed interval, then $1/f$ is bounded there",0
1196,Third Order Linear Nonhomogeneous Differential Equation with Variable Coefficients,0
1504,A question in Rolle's and MVT theorem,0
1140,Parseval's Theorem Proof,0
6448,What is the biological advantage of bilaterity?,1
5689,"What are dreams, biologically?",1
5206,In plants why are potassium and nitrate ions absorbed faster than any others?,1
452,Absolute continuity and convolution,0
9447,Is the credit assignment problem a well-posed one?,0
2088,Closure of a point : Zariski Topology.,0
4003,How do large herbivores get enough protein?,1
4675,Do eukaryote cells contain DNA that isn't part of a chromosome or located in the mitochondria?,1
9726,Initializing events on class,0
4717,How many calories do gut bacteria burn?,1
10376,solving ()=(/3)+(/6)+1 without Akra-bazzi method,0
6535,Why does temperature shock kill fish?,1
8523,How do we see and/or detect neurons?,1
5588,What determines the duration of larval stage?,1
7906,Evolution & Celluar Chemistry,1
7549,Is dysharmonia an actual disease or something only Oliver Sacks believes in?,1
7349,"How does gas equilibration occur in the alveolus, numerically?",1
3189,Improving transformation efficiencies- induce supercoiling?,1
505,Exercise 2.5.6 of Understanding Analysis,0
2944,"Proving that for any cardinal number, there doesn't exist a set containing containing all sets of that cardinality.",0
2401,L'Hôpital's rule and Difference Quotients,0
11158,Is $\frac{n}{\log n} \log \frac{n}{\log n} = O(n)$?,0
6620,Is there any definition of life which makes viruses undeterminable?,1
8665,Mesoporous silica particles as anti cancer drug delivery method,1
233,Image of a morphism of varieties,0
6523,Why are some bodily fluids more of an infection risk than others?,1
251,Connection between Theodorus spiral and Archimedean spirals using an analytic expression,0
4495,Protecting an internal clevage site from restriction enzyme while cloning,1
8574,Are neural connections one-way?,1
9849,Memory usage in Reversi board state,0
2676,Why is $\ell^1(\mathbb{Z})$ not a $C^{*}$-algebra?,0
6716,Why does the pulmonary artery have higher glucose concentration than the pulmonary vein?,1
4543,Coefficient of Inbreeding - implementation issue,1
3177,Why is glycine considered a nonpolar amino acid but a polar molecule?,1
10034,"""Suspicious comparison of integer references"" while checking for a monotonically increasing sequence",0
9252,what is a compiler intrinsic function?,0
7426,Does global sperm count decline also mean lower testosterone?,1
5754,How does use an action potential from innervation selectively modify tropomyosin over time?,1
8510,Generate full dimer from monomer with C2 symmetry?,1
10905,Acceptable way of using jQuery methods in Angular directives,0
5140,What is the mechanism by which quitting smoking causes increased appetite?,1
1714,"How to prove that if $n > 1$ is a natural number, then $n-1$ is also a natural number?",0
5698,Reproduction number of a SIR model with mortality,1
1538,Distribution of a Sum of Independent Random Variables,0
11087,Test runner for Scala problems,0
7481,What is the cause of a protuberant belly in kwashiorkor?,1
10055,What can I improve on my iOS PDF class?,0
1830,High Degree Bézier Curve For Curve Fitting,0
10778,"What does ""prompt collection"" mean in the context of memory management?",0
554,Pointlike function without minimum.,0
1053,Unit vectors in $\Bbb R^n$,0
1129,Every continuous function has directional derivative?,0
10161,Excel Mapping Module,0
8803,Do RuBisCo and Haemoglobin have any similarity?,1
682,"Subspace proof homomorphism Hom(V,W)",0
6093,What allows diverse ecology to thrive despite forces reducing species diversity?,1
11114,Selecting and copying event log entries for some machine,0
5422,What are the distinct neurochemical components of sexual pleasure?,1
4028,How do biologists estimate that there is 8% of protein coding genes in human genome?,1
842,"Clarification on "" the collection of subsequential limits of a sequence in a metric space form a closed subset""",0
11080,Building tree structure based on flat objects - second follow up,0
10774,Getting integer values and one CSS class name,0
8569,What drives max heart rate on beta blockers?,1
10081,Calling API (with rate of 5 calls/second) using Jersey client,0
5712,How can birds disperse seeds when they are able to digest them?,1
7069,Which hormones can cross the blood brain barrier?,1
7967,What value type would a chromosome position be in a database or form?,1
2358,Exercise 36 Ch 1 in Stein's Real Analysis,0
6601,Species of this White Dove,1
1327,Well-definedness of group law on elliptic curves?,0
7580,Can anyone identify this plant from Bangladesh?,1
5053,Is this black locust?,1
5453,"Is the ""concept of time"" coded into the genome?",1
6959,Invertase calculation?,1
6760,What alternatives are there to the amyloid hypothesis?,1
9565,What does $\text{dom}(\Gamma)$ mean in the context of an inference rule?,0
3385,Why are children more active than adults?,1
11025,Capture Min() And Max() Of Numbers Input,0
3779,Why do fetuses have membranes between fingers and toes?,1
3783,Comparative effectiveness of antibiotics against colonies and growing bacteria,1
7807,Do DNA footprints vanish in generations?,1
7757,"What does it mean for an enzyme to be ""constitutively partially active""?",1
5616,How is honey not toxic to our epithelial cells?,1
2874,Why ordered n-tuple can be defined as a surjective function?,0
9707,Decide whether a polynomial has a root,0
5735,Cytology urine samples,1
3136,Basic question about symbiosis( or about kinds of symbiosis),1
9773,Linear programming maximizes the minimum distance problem,0
3939,How can highly virulent but uncommon diseases (like ebola) maintain a stable equilibrium?,1
1103,Determine orthogonal projection on column space of given matrix,0
690,Line-Ellipsoid Intersection,0
2085,find the matrix of a linear transformation $X1\oplus X2\to X1$,0
588,Inequality $\sqrt{a_1a_2}+\sqrt{a_2a_3}+\cdots+ \sqrt{a_{n-1}a_n}≤ \frac{n-1}{2}(a_1+a_2+ \cdots + a_n)$,0
10944,Playing pure sinusoidal tones,0
10852,Does any algorithm loops at some point?,0
7007,Is each generation getting older?,1
10200,Scoped time sink implementation,0
10414,A visitor at a political convention with n delegates,0
6333,How many animals inhabit the United States?,1
10008,"Alarm clock with ""ringing"" functionality",0
6596,Is there a defined non-trivial chromosome number distribution for a given kingdom?,1
6763,Do findings on promoter methylation of the serotonin transporter gene and amygdala activity contradict the established view of serotonergic function?,1
2185,Alternative to matrix inversion?,0
2394,Contradiction: finding potential function of $\nabla f$ where $f=e^x y z$ due to $e^0=1$ - violates path independence,0
181,$\displaystyle \lim_{x \to 0^-}xe^{\frac{1}{x}}$?,0
4598,Closing a Plasmid by Ligation,1
7506,What is the meaning of Dimer Catastrophe?,1
848,Graph theory : the adjacency matrix of an n-dimensional torus,0
6026,"Why does strenous exercise cause vision of ""lights""?",1
2220,Why is $\frac{2n!}{n^2+n}=2(n-1)!$?,0
8536,What happens if both forward and reverse primers have same Tm?,1
9979,Amortize time for a counter with the operations INCREMENT and DECREMENT,0
2163,Is $\mathbb{C}$ still algebraically closed in ZF-models without the Axiom of Choice?,0
9482,Download pictures from Reddit,0
10655,Why are processes on the internet not required to use TCP or UDP?,0
6190,Why is the mosquito a definitive host in malaria?,1
7417,What would happen if brain neurons did not reduce their sensitivity to neurotransmitters after prolonged exposure?,1
8370,Why does botulinum toxin seem to be more dangerous to humans than to other mammals?,1
3670,Redundancy of the genetic code,1
9929,Complexity of finding the largest $m$ numbers in an array of size $n$,0
11972,DFA for accepting all binary strings of form power of $n$ (not divisible by $n$) i.e. $n^k$ for given $n$,0
3393,Why is flash light harmful to what aquatic life forms?,1
5444,Geographic regions as subpopulations/demes,1
1949,Does order of qualifiers matter in FOL formula?,0
7948,Causes of the stochastic behaviour of voltage-gated ion channels,1
11014,OO and non-OO usage of Mysqli,0
5746,Why do human ears have a lower boundary for the lowest energy perceivable signal than eyes?,1
2530,Is the following series converging $\sum_{n=2}\dfrac{1}{(\ln n)^{\ln n}}$,0
7997,What is the criterion for genetic similarity among siblings and humans in general?,1
575,Basic Algebra Question about speed,0
6679,Specific Neurons that Require Glucose,1
2241,"Has the diophantine equation $xyz=n(x+y+z)$ for given $n\in \mathbb{N}$ only finitely many solutions $x,y,z\in \mathbb{N}$?",0
9256,Extracting Country Names from Cell Values,0
7820,"Why do floaters in the human eye appear to have a squiggly-line, tubular shape?",1
10746,"Given a valid combination, how to get its index in the sequence of integer partition",0
2473,"Find the coefficients $a_n$,$b_n$ of the Fourier series for a function:",0
2634,Distribute $30$ marks to $8$ problems,0
6708,Sodium levels and blood pressure,1
11743,Avoiding instanceOf when finding index of an interface within a list,0
6949,What is the volume of menstrual flow in non human hominidae?,1
10690,Is there any other computation theory besides the one in automata theory?,0
6725,"Why does agrose gel runs horizontally, and SDS-PAGE gel runs vertically?",1
8349,why dna polymerase 3 requires a primer for replication,1
437,Confusion with integral domains,0
641,Provability of deduction in presence of existential quantifier,0
8764,"Why the ""cfr."" in 'Cirrhipathes cfr. anguina' and not ""cf.""?",1
4654,"Getting confused by neutralizer, fixator and stabilizer muscles",1
11886,Extension method splitting string on each capital letter,0
1325,Expectation of quotient of linear combinations of independent standard normal random variables,0
11377,3n + 1 programming challenge in Python,0
10880,Eight queens with Java,0
2254,Find distance between two curves on plane using calculus of variational,0
7635,Can the eye determine which type of defocus is presented to it?,1
8082,Help identifying a moth,1
7945,Are different eye colors indicative of chimerism?,1
6621,Meaning of 5’–3’ in relation to ORFs,1
2544,Solving an inequality fot hyperbolas,0
2375,solve : $3^{\log_3 \sqrt{(x-1)}} < 3^{\log_3{(x-6)}} + 3 $,0
5556,Do biological facts determine when a human fetus is considered alive and human?,1
11118,Getting NTFS permissions of all shared folders on the local machine,0
9393,Is the verifier for an $NP$ and its $co-NP$ the same?,0
721,nabla operator under the integral sign,0
7111,Why does Rigor Mortis occur after death?,1
4291,Which wavelength to use to determine algae using a colorimeter?,1
8245,Relationship between blood pressure time series and ventricular dynamics of the heart,1
5680,Effects of mushrooms on their hosts,1
10543,Weighted interval set scheduling problem,0
10570,Graham scan implementation in Haskell,0
11041,JavaScript debounce function,0
10831,Strings: Making Anagrams,0
10331,Random index generator in C++,0
8281,Identifying a tree with an image,1
3934,Do cockroaches have less health issues than humans?,1
7591,Is this a bedbug or a book lice or what?,1
6528,By what mechanism does penicillin resistance usually develop in Streptococcus pneumoniae?,1
7418,Renal threshold for glucose,1
1737,Understanding Index Sets,0
9646,Solving the max-subarray problem from CLRS in C++,0
10270,Placing a point between two nearest ones,0
7179,What are the pros & cons of site-directed mutagenesis? What are the alternatives?,1
4184,"Is it a limitation of the eyes, or the brain, that we can't see a moving bullet?",1
8683,How does vitamin A deficiency arise?,1
8385,Australian Tree Identification - maybe pine?,1
687,Connection of a regular surface obtained through implicit function theorem,0
4507,How would blocking Na/K ATPase affect the ability of a neuron to exhibit a series of action potentials?,1
5762,What wasp like insect breeds in clay pots with dead spiders?,1
9431,Returning the result of whichever method finishes first,0
4773,Differences between Gradualism and Uniformitarianism,1
8769,Quantitative Trait Locus process?,1
6268,Gloves for Cell Culture?,1
1606,"Find all pairwise non-isomorphic graphs with the degree sequence (2,2,3,3,4,4)",0
4546,What is this insect that showed up after I left food out? How can I get rid of it?,1
4662,"Estimate sex-specific survival from mark-recapture data using multi-site, sex-specific cormack-jolly-seber model?",1
314,Generally accepted notation for referencing function without defining it.,0
11008,Scraper for downloading and saving images from web page,0
9295,Preview method for multiple types of panels,0
2652,Derivative of logarithm function,0
6120,Are all genetic disorders inherited?,1
6399,What is the limit of time resolution in fMRI?,1
1213,An application of Runge's Theorem to approximate analytic functions by polynomials,0
9871,Is there a decidable problem which has a proof that it cannot be proved to have a particular deciding Turing machine?,0
973,"Sampling without replacement, final input",0
9665,Concentration bound for sum of dependent geometric random variable?,0
2842,Equality regarding $\vartheta$-functions using Poisson Summation,0
7552,How to design the primer when you don't have GC?,1
7921,Is it possible to train allergic resistance by exposing yourself to allergens?,1
9336,Doubly linked list implementation in C,0
9032,Reset an input field after submission,0
5311,qPCR: Accounting for different sample mass when interpreting and comparing Ct,1
746,Radius of the circle internally tangent to three circles whose diameters are the sides of a $3$-$4$-$5$ right triangle,0
3702,What exactly does Curare do to the peripheral nervous system?,1
8380,Is this a Loranthus Europaeus?,1
8848,Why doesn't CAS9 cleave the original CRISPR sequence in the bacterial genome?,1
6212,Did the Britons 100 years ago have different intestinal flora and fauna?,1
3593,Can viruses be deformed?,1
9571,Newsletter SQL query optimization,0
3964,"What are these maggots, and how to get rid of them?",1
7492,"If body temperature is 37°C (98.6°F), why are most people more comfortable at around 21°C (70°F)?",1
3624,Protein expression in K. lactis system,1
11516,"""Angry Professor"" Python implementation",0
8583,What is this fish?! Is it even real?,1
923,Yet another attempt to $f'=f^{-1}$: via $(f^{-1})'=\frac 1{f'}$,0
2900,How to show that $\lim_{n\to \infty} f_n(x) = 0$.,0
10269,Could this PHP Facebook class be any more OOP-ified?,0
10955,Class-Definition Comparison,0
5436,How can cells produce antibodies despite error-checking mechanisms in their genomes?,1
3866,Manipulating phylogenetic trees,1
4365,How was the diversity between ethanol fermentation and lactic acid fermentation evolved?,1
7901,What difference does it make in the organism's physiology/metabolism whether oxygen binds reversibly or not?,1
5375,Western blot alternatives,1
1177,How find this limits $\lim_{n\to\infty}\left(\sin{\frac{\ln{2}}{2}}+\sin{\frac{\ln{3}}{3}}+\cdots+\sin{\frac{\ln{n}}{n}}\right)^{1/n}$,0
6314,When does weak selection produce qualitatively different results from strong selection?,1
11386,Simple Countdown Timer,0
1316,number of possible component in sinusoidal model,0
8093,Can an octopus survive if one of its three hearts stops working?,1
5928,Modern Classification of Introspective Psychopharmacological Drug Profiles?,1
10486,Log table with a summary of claims,0
4414,How does increasing the temperature increase the compound action potential in some nerve cell?,1
10797,Is there a #$P$-complete counting problem such that every (valid) instance of its decision version is a Yes-instance?,0
567,existence of a sequence of continuous functions with two conditions,0
3679,Hardy-Weinberg applied to three alleles and stimation of allele frequencies,1
1993,Extension of linearly independent set to a basis in an infinite dimensional vector space,0
471,Function in the Hardy space $\mathbb H^{2}$,0
10223,Matrix multiplication with OpenMP parallel for loop,0
11477,Proof of equivalence of regular expressions (0 + 1)(0 + 1)* and (0 + 1)*(0 + 1),0
10837,Naive implementation of KMP algorithm,0
11410,"Sub language is not Turing-recognizable, or could it be?",0
178,What is the Arg of $\sqrt{(t-1)(t-2)}$ at the point $t=0$?,0
6289,Some sort of Lymantriidae caterpillar?,1
11421,Error handling data from XML document,0
4295,Can one type of bacteria cause several diseases?,1
5195,Is the appendix a vestigial structure in all vertebrates?,1
1953,How do you show that $n = 3$ is the only positive solution to $2^{n-1} = n+1$?,0
2452,Show AB and BA have the same eigenvalues,0
11807,Faster and cleaner SHA-1 leading zero histogram with Python,0
9961,LeetCode: FloodFill Rust,0
4569,"Definition of ""Regime of selection""",1
3601,Tissue fluid water potential,1
11038,Max nodes whose value exceeds all neighbors,0
2487,How to get transition matrix of markov process?,0
3106,Decreasing Solubility as Solvent Moves Higher in Paper Chromatography,1
6028,What is Mycoplasma Lyo medium?,1
2202,Find the volume of the solid interior to both $x^2 + y^2 + z^2 = 4$ and $(x-1)^2 + y^2 = 1$?,0
9753,Hash table: When is it suitable to use modulo power of 2?,0
8285,Blood type frequency given probability,1
3793,How are lophotrichous flagella of helicobacter pylori produced?,1
168,How do I find this limit? $\lim_{n\to\infty}\frac{(n+1)^2}{4^n}$,0
10321,Improving handling of Express endpoint,0
7639,Chaos theory and population cycles of odd periodicity,1
1747,Connectivity of a Hamiltonian path,0
649,The functional equation $f(f(x) + y) = f(f(x) - y) + 4f(x)y$,0
10993,"Value store (""optional"" type)",0
11376,Monotone Frameworks: Transfer functions for flow edges instead of labels,0
1052,Discrete math(ternary string),0
3872,What is the change in ratio of histone to protamine in men with infertility called?,1
8776,What kind of microscope for ML/biological research?,1
6273,Will a garter snake eat unusual prey if made to smell like something normal?,1
6633,How to study the effect on tau protein isoforms on microtubule based transport?,1
10098,probability of collision,0
11187,Prove that all non-recursive languages are infinite,0
99,Find local maxima of this quadratic function,0
1261,Matrix exponential question,0
6520,"Do bacteria develop a resistance to antimicrobial peptides at the same rate as against ""regular"" antibiotics?",1
7710,evolution or chance?,1
1471,Separable extensions and Hensel's Lemma,0
3434,why on hydrolysis ATP bond releases energy?,1
2314,Why vector calculus seems inconsistent and vague,0
11060,Configuring a date picker with support for disabled dates,0
5464,What is the cause of the spots on this leaf?,1
7872,Does taking a shower have the same effect on muscles as warming up?,1
3828,Why don't plants use radio waves?,1
6238,Can threat to survival increase mutation rates in germline cells?,1
8392,"During the process of plasmid isolation, how can we be sure that only plasmid DNA has been isolated and there is no chromosomal DNA?",1
8045,What is difference between the malaria (cross) types?,1
10160,API using NodeJS to recive data from client and send it to a server,0
10332,Priority in pair inside priority_queue on basis of both elements,0
2370,Extending Morse-Smale pair from submanifolds?,0
5955,Why would a bacterial population show initial growth when it is in unfavorable growth conditions?,1
4618,Does human brain produce nicotine?,1
3248,Compatibility between spytag/spycatcher versions,1
1215,"Let (X, S) be a measurable space and a function $f: X\rightarrow R$ such that $|f|$ is measurable but f is not measurable",0
11009,Improvement of this method,0
136,Binary expansion of $\frac{1}{\pi}\tan^{-1}\left(\frac{5}{12}\right)$,0
1562,How do you prove Well-Ordering without Mathematical Induction? (and vice-versa),0
9513,(Finite Automata) Why the following is a NFA?,0
10884,Efficiently calculate the value of an arithmetic sequence,0
5924,Cichlid fish in Africa,1
689,Are these two maps injective? (I'm trying to check a Tor group computation),0
4949,How much mass does a person lose in a day through breathing and perspiration?,1
8929,About what percent of mutations are not adaptive?,1
10445,MLP and backpropagation limitations?,0
6920,What's the determinant of the male-biased birth sex ratio in humans?,1
8092,Why are there sporadic lightly pigmented hairs in facial hair?,1
522,Methods to solve highly symmetric non-linear equations system,0
4149,"What are these tiny, almost transparent, dots in my vision?",1
5191,How are neural pathways discovered?,1
8735,Does learning increase the number of neurons in the brain?,1
4027,Do fallen leaves produce oxygen?,1
11537,Give LL grammar for this language?,0
8404,Software for counting fly eggs,1
11021,Pairwise adding tuples in a list,0
934,Box Plot Log Scaled?,0
106,Finding separable extensions in which a prime ideal in a Dedekind domain splits,0
2059,Is the supremum of an almost surely continuous random function random variable?,0
4351,Inter-codon mutations statistical analysis,1
6054,Is it possible to establish a newer animal model completely based on Bioinformatics studies?,1
6070,At which point does a cell switch its function?,1
8509,Why is the brain dependent on glucose?,1
5932,"What does ""crude"" mean in this context?",1
10806,C++ : N line segment Intersection,0
9116,Using await to break long-running processes,0
8235,Glycolysis step 5: isomerization by triose phosphate isomerase,1
1125,"Approximate with error bounds, the integral $ \int^1_0 \frac{\sin x}{x}\,dx $",0
10557,Longest collatz sequence using dynamic programming,0
5099,Why is urobilinogen reabsorbed from the gut just to be excreted via the kidneys?,1
1851,Why does $b^{\log_bx} = x$?,0
506,Reducing balance with overall percentage,0
1380,"Show $f(x)={x\over x+1}$ is uniformly continuous on $[0,\infty)$.",0
10169,PHP secure hash generator,0
9998,Zepto / jQuery plugin base,0
9551,Does this regular expression equal this automata?,0
8658,Why can blood vessel contraction be described as a second order system?,1
5490,Larva of Halyomorpha halys?,1
4080,What is the difference between an alpha subunit and a non-alpha subunit in ACh receptors?,1
1667,Conformal Mapping preserves the angles between the smooth curves.,0
5799,How to manufacture different sized micelles in nano -scale?,1
8439,Why is it harder to sequence plant genomes than animal genomes?,1
5957,What does this graph explain?,1
8555,Are some polyketides enzymes?,1
1746,Proof that eigenvector corresponding to simple eigenvalue is continuous,0
3040,What is a good biochemistry reference for reading papers about metabolic pathways associated with human disease?,1
8110,Protein molar mass from Uniprot ID?,1
4718,Degree of dosage compensation in Drosophila melanogaster,1
2113,Side of the parallelogram formed between $3$ parallel lines,0
11296,Loop combinations of byte for Poker simulator,0
5219,How can low cholesterol cause mortality?,1
8713,Immune response to foreign protein,1
9867,What is the maximum number of indices one can create on a table with N columns?,0
6509,Are all fusion genes somatic in origin or can fusion genes be germline?,1
5474,How can epigenetic changes be erased if they are inherited?,1
5596,Cationic lipid mediated transfection optimization for 150mm dishes,1
9097,NP-completeness proof via reduction,0
10861,Color swatch selector with multiple mouseover and mouseout functions,0
2118,Confusion about Proportion and Percentages,0
1878,"Explanation of ""generic point"" with examples?",0
1007,Prove that compact sets are closed under arbitrary intersections and finite unions.,0
9960,C# function to execute queries in a SQL Server database,0
6321,Scoring matrices (BLOSUM & PAM) in BLAST and other sequence-comparison programs,1
4219,Why would growth hormone (somatotropin) cause both lipid AND glucose release?,1
6396,Redox potentials in photosynthesis light dependent stage,1
4386,What species is this bushy thorny yellow-flowered angiosperm from Morocco?,1
3632,"Floats of Algae, a house-made conjecture",1
2550,Isomorphism and $\mathrm{id}$,0
7761,Hardy Weinberg Explanation,1
5656,Is it possible for a human to live forever if he/she didn't catch any diseases?,1
9013,Idiomatic way to construct a SQL INSERT query in Python,0
9914,Non-regularity of the set of primes in unary encoding using Myhill-Nerode,0
1305,Show basic scheduling problem is NP Complete,0
4277,mRNA Transcription from Nuclear DNA,1
9717,Partial derivatives of bilinear Sampling,0
6193,How many cells should be seeded for passaging?,1
11735,Calculating primes until a user-given value,0
11395,Extension of PHP `round()` for PHP_ROUND_UP and PHP_ROUND_DOWN,0
6782,Why spermatogenesis is an independent process while formation of ovum is dependent on fertilization by sperm?,1
6092,Is there any evidence of blue jays preying on other birds?,1
6519,Do plant cells recycle carbon dioxide from their respiration during photosynthesis?,1
5133,Why do we urinate more often in winter compaired to summer?,1
9629,Empty words in regular languages,0
4911,What happens to dextrorotatory amino acids in humans?,1
8498,Blood group probability question,1
268,Problem related to continuous complex mapping.,0
859,"Maximal ideals of $k[x_1,\cdots,x_n]$ and degrees of field extensions",0
8641,"If aging is caused by ""DNA Damage"" why is the process of aging generally similar between people?",1
6069,Percentage of genome devoted to regulating gene expression,1
4143,How do C. elegans manage nutrition?,1
1378,"An easier way to find the integral of: $\int {x\sqrt {2 + x} {\rm{ }}dx} $, where ${u^2} = 2 + x$",0
3526,How to analyse an ECG?,1
1459,A path has only two vertices which are not cut-vertices,0
2313,Determining the transformation matrix R,0
9958,Read contents of file with appropriate error handling (Rust),0
5448,Why aren't mammals and reptiles considered amphibians?,1
1987,Algebra Distance Question,0
8601,Server for protein structure prediction for multiple sequences,1
70,Whitney sum bundle vs. direct product bundle,0
1437,linear transformation matrix relative to a basis,0
9372,Updating an offset in a buffer after each read,0
10876,Clear cache files older than 30 minutes,0
8011,How many polynucleotides are there in one molecule of DNA?,1
2936,Find the complex square root of $7+6\sqrt2i$,0
5686,Why do some moles grow longer and darker hair than the rest of the skin?,1
8635,How many genes are needed for a living organism?,1
4715,Native vs Immigrant plants,1
8243,Can someone identify this species from the pea family?,1
1151,"In a joint distribution, is it true that $P(A_1, \dots A_n, A) = P(A_1, \dots A_n, A^{c})$ if $A = A_1 \cup A_2 \cup \dots \cup A_n$?",0
2677,A consequence of Wilson's Theorem,0
8174,Unwanted E. coli product in plasmid product,1
11439,Replacing files with symlinks to other files,0
10404,Check-digit algorithm that includes characters?,0
2559,"Why is a statement such as, ""It's 5 o'clock"" excluded from propositions?",0
11801,Bot that selects web reviews based on spreadsheet entries,0
838,Greatest integer function inequality solution,0
2788,Ptove that $3\prod\limits_{cyc}(x^2-x+1)\geq x^2y^2z^2-5xyz+\sum\limits_{cyc}(x^2y+x^2z)$,0
8845,GWAS: marker map based on old genome assembly - can I use the new assembly to look for SNP positions?,1
2130,construct inverse point with respect to the circle by the use of the compass alone,0
6614,Why a cell contains all DNA when it only needs a few genes?,1
129,Integer solutions of $a^3+2a+1=2^b$,0
691,find the angle between 2 points in space and the line vertical to one of them.,0
9347,Refactor deeply nested if-else,0
10479,Create a complete binary tree and do level order traversal on it,0
5814,Can I kill bacteria with distilled water?,1
9710,Is there a simple example of sets such that $A \leq_T B$ but not $A \leq_m B$?,0
4078,"From a purely biological perspective, how does an optimal human diet look?",1
4283,How to take precise/low number of cells from cell lysate?,1
2478,Undefined Subintervals - Riemann Integrals,0
11170,Coding Challenge : Build Tower refactoring code is it necessary,0
4437,Interpretation of picture of human chromosomes,1
3931,Does the anatomy of our hand result in (computer) mouse-accuracy that varies by direction of movement?,1
2659,Non normal operator examples on Hilbert space.,0
1033,"$A\in\mathcal{S}^+_n,A={}^tMM$",0
7537,Adaptation by standing genetic variation and fitness variance,1
153,What does this notation mean?,0
9098,How I can make file multiple of `segmentSize`,0
4399,How related do life forms need to be to produce hybrids?,1
3420,Is a part of the spinal cord from the mesoderm?,1
5025,Immunity during pregnancy,1
10480,Byte conversion in my Caesar's cipher,0
10016,Create path to file under 64-bit %programfiles% from 32-bit process,0
4048,Does pupil size affect image focus in persons with no lens?,1
9800,Remove all occurrences of a digit from a number,0
2881,Contraction map on tensor product of symmetric powers is surjective.,0
10977,Binary Tree Preorder Traversal,0
4088,what are the best books for the IIT-JAM biological sciences exam?,1
1613,"Is it possible to add computational facilities to otherwise ""mathematical"" formal systems by adjoining identities to types?",0
8211,Bacteriophages and their role in genetic editing?,1
8815,Asymmetric volcano plot,1
6480,Is too much CO2 in the air toxic?,1
7244,Why are sarcomas rare compared to carcinomas?,1
10685,What is minimum cost perfect matching problem for general graph?,0
11745,Brandes' betweenness algorithm for weighted undirected graph,0
4506,Mechanism of redirected blood,1
3229,Proteases in the blood,1
4647,Why do people and animals stretch out their bodies and what is causing this behaviour?,1
11035,"What architectural features will allow this microprocessor to access a separate ""I/O space""?",0
3417,Are receptors integral membrane proteins or peripheral membrane proteins?,1
6751,Beginner question about growing E. coli,1
10937,How to prune branches in a branch-and-bound solution for Flow Shop Scheduling?,0
7336,Gene of interest number of copies in transformed K. pastoris,1
10602,Making user login system secure with $_SESSION,0
7684,Methanol and brain damage -- special affinity for optic nerve or just really toxic?,1
315,very basic verification of pre-image of a function,0
5229,What is the advantage of being tired after having a sex?,1
8053,How it will taste if one puts two substances on tongue simultaneously?,1
6,option: $X$ can't be homeomorphic to an open subset of $\mathbb R$ to be false,0
11922,MSO (Monadic second-order logic) Logic On Words,0
3885,Why does the pET- expression vector contain a LacI gene additionally to the one in the genome?,1
7873,Infra/Ultra sound exposure,1
4796,Various Genetic Loads and their Definitions,1
5347,Is there a good site or software to see if a primer pair spans an exon junction?,1
1626,Example for a nearly injective sequence with subexponential growth,0
147,Is this an equivalent definition of Hölder continuity?,0
4056,Difference between clonal and subclonal mutations,1
11524,Unit tests for a function that calculates demerit points for speeding,0
436,permutation group and cycle index question regarding peterson graph,0
6852,Are any biology research journals free to publish in?,1
10674,Client side authorization when retrieving from server,0
6195,"What does ""fit"" mean in ""survival of the fittest""?",1
4733,What is the difference between hsa-miR-33a and hsa-miR-33b?,1
1847,Examples for topological vector space,0
1661,Symplectomorphism and compactness,0
739,Exponential integral representation,0
2850,Second fundamental theorem of calculus on the unit sphere,0
3369,How to measure trajectory regularity?,1
10265,Naming a template print method properly,0
11054,Is this grammar LR(1),0
8728,Why was Achromobacter xerosis removed from the NCBI taxonomy?,1
8644,How do neurons form new connections in brain plasticity?,1
7923,Is once per day the optimal sleep pattern for all mammals?,1
10247,Pandas filter dataframe on multiple columns wrt corresponding column values from another dataframe,0
2711,"Knowing $\int\sin(nx)\cos(mx)\,dx$ shortcut for $\int\sin(nx)\sin(mx)\,dx$?",0
4208,Etymology of eccentric/concentric contractions,1
1634,Inherited topology of logical Stone's spaces.,0
4983,How can I get the coding region from gene sequences?,1
791,Absolute value of power sets,0
7234,Why did humans evolved the scratch reflex?,1
10487,Congruence of Squares for Factoring,0
917,"Given the volume of a grain silo and the height of the cylinder of the silo, solve for the radius.",0
2632,Find the values of the real parameter $k$,0
10927,How to reduce execution time for this clustering computation?,0
8832,Association of shorter telomeres with heart disease,1
8008,"Is ""tonic activity"" common for neurons firing in the brain?",1
1979,Showing that the upper packing dimension is the packing dimension,0
10152,Change random methods without losing too much performance,0
2240,Find the probability that a family has $k$ kids and two of them are boys (no more boys),0
3174,Neisseria meningitidis transformation into a pathogen,1
7000,What is the difference between the Modern Synthesis and the Extended Synthesis?,1
11201,Bare bones implementation of Java HashMap,0
6812,What does units/mg mean for Streptavidin,1
2710,prove thatt $\sum_{cyc} \frac{1}{{(x+y)}^2}\ge 9/4$,0
9803,Generic Comparator Using Class Fields & Lambda Java,0
1190,Monotonic functions bijectively mapping rational numbers to $n$-adic rationals (numbers having finite expansions in base $n$),0
7260,Can we taste electrons?,1
4880,Can anyone help me identify this insect?,1
6351,"Why are oceans said to have ""low productivity"" in terms of photosynthesis?",1
11840,Inheriting from Dictionary class with tuple as value,0
45,Norm on a certain quotient C$^*$-algebra,0
4504,What kind of red and black insect is in the photo?,1
3984,PBST vs. TBST buffer in western blotting,1
11648,Lambda calculus :Will there be any x left after first substitution?,0
1405,Find the minimum value of $x_1^2+x_2^2+x_3^2+x_4^2$ subject to $x_1+x_2+x_3+x_4=a$ and $x_1-x_2+x_3-x_4=b$.,0
9819,Multiple values against same condition,0
11000,"In index allocation scheme, what parameters does the maximum size of a file depends on?",0
1432,Why are the random variables independent?,0
10525,Is it possible to have 2 languages with different syntax but the same semantics?,0
7484,How was the heritability of IQ tested?,1
1406,What could the formula of the present value for such a saving plan?,0
10600,"Create an optimal to express all natural number as an arithmetic expression using the alphabet $\Sigma=\{(,),1,+,\times\}$",0
11538,String combinations of 0 and 1,0
11619,Is there a context-free grammar for $L = \{a^{2^n}| n \geq 1\}$?,0
4111,"Can genetically engineering the DNA of a human zygote, make it a twin of another human in entirety?",1
1754,Solving for beta with gamma function,0
11564,Need help removing ambiguity from grammar,0
5617,Why isn't phosphorus or nitrogen a limiting nutrient for animals?,1
5912,Evolution of blood types,1
5045,Can Coronaviridae mutate into something as dangerous as Flioviridae?,1
8588,"Can an organism obtaining a part of its genome via horizontal gene transfer be called a ""hybrid""?",1
10211,Slow query joining orders and products,0
10702,Handler for jQuery DataTable search with filters and pagination,0
1130,"If $A + B$ is invertible, do we know if $A$ and $B$ are invertible separately?",0
6878,What is the point of being selection-free?,1
9573,Start learning about Theory of Distributed Systems?,0
826,Partial derivative of a loss function,0
1623,Orthogonal basis square integrable function on real line,0
508,Limit point of isolated singularities,0
9942,Decreasing the runtime of this non-abundant sums solution,0
3663,Does anyone know what kind of caterpillar this is?,1
1826,Verification of Alternate Proof for Identity Theorem in Conplex Analysis.,0
8987,num_tol_term in PeptideProphet result,1
7220,Is there a way tell apart dinosaurs from similar extinct reptiles?,1
9257,Exporting site and address data,0
5884,Why don't we build up an immunity to sore throat?,1
7538,Does eating bananas help digestion?,1
2170,How to define a profinite morphism,0
10584,Does a NFA/DFA need a failure state?,0
2955,Probability of finding at least $k$ consecutive heads in $N$ coin tosses?,0
6017,What are these structures in blood from a nosebleed?,1
2702,Trying to find an $\arctan(x/y)$ identity.,0
11432,Complexity of finding binomial coefficient which equals to a number,0
6552,"How can my sister have dark brown eyes, while my parents have blue eyes?",1
8783,ATP cost for gene expression,1
43,The intersection of Riemann-Stieltjes integrable functions,0
11736,Userscript to redirect insecure pages to HTTPS,0
11365,{a^n b^n c^n | n>=1} - PDA,0
857,linear transformation of a finite dimensional vector space,0
374,Verify Lipschitz condition,0
10643,Scheduling a dependency graph for parallel computing,0
8027,Can crocodilians differentiate their offsprings from other young crocodiles?,1
7789,How many different smells can a human recognize?,1
7558,Why is contractile vacuole absent in parasitic protozoans but present in free living protozoans?,1
8870,Is a gametophyte a spore?,1
10373,Why is IDA$^*$ faster than A$^*$? Why does IDA$^*$ visit more nodes than A$^*$?,0
1789,how to choose which one holds?,0
1945,Why not an Absolute maximum in an open interval?,0
2112,Let $A$ a Markov matrix and $x\in H_c$. Show that $e^{tA}H_c\subset H_c$ for all $t\in\Bbb R$,0
4139,Long-Term EMG studies,1
7863,Explanation of protocol in DNA extraction experiment,1
4318,oversecretion of the thyroid gland,1
8833,Is the birds' decision to fly away congenital or learned behaviour?,1
7118,What does this biomass measurement mean and how to translate it to volume,1
2208,solving an equation of the type: $t \sin (2t)=2$ where $0<t< 3 \pi$,0
2851,About the integrals $\int_{0}^{+\infty}\sin(x)^k e^{-x}dx$,0
8041,How can we say that a gene is spacio-temporally regulated?,1
5958,What is the maximum electric potential that can occur in the human body?,1
4860,Estimation of cases with dominant inheritance,1
1268,Monge-Ampere equation and maximum principle,0
3039,Could a fetus properly develop in micro/zero-gravity?,1
2862,Surface parametrization,0
11209,If A is polynomial time reducible to B does that imply not(A) is polynomial reducible to not(B),0
3290,Where can I find DNA decryption research?,1
7971,"Is there a photobleaching-resistant, cell-permeant viability stain in the far red part of the spectrum?",1
8910,How only one follicle develops into graffian follicle?,1
1313,"If $f (t) = |t - 2|$, find $f (-t)$",0
7098,What are the appendeges behind a crane fly's wings?,1
884,"How do I find, by the definition of a derivative, the derivative of $\tan x$?",0
4130,Lyonization and X-linked disorders?,1
214,"Vector space, direct sums involving linear maps and polynomials",0
9557,Retrieve words from dictionary when they meet letter requirements,0
8882,Difference between Diffuse Optical Tomography and Optical Tomography,1
3744,I found a bug on my bedroom floor. Is this a bedbug?,1
7916,"In our solar system which other planet could have been in the ""habitable zone"" in the past?",1
5269,Which insect is this?,1
6821,What are the basic skills required to pursue future studies in theoretical ecology?,1
5404,What's this spring-like structure in the plant parenchyma cell?,1
9401,Improved RandomGenerator with nextPrime() method,0
7004,Population genetics of pan-genome,1
5303,How do major and minor grooves arise in the DNA helix?,1
10889,Find magnitude pole of an array,0
8159,What are the animals in these pictures?,1
9848,Correctness of the Betweenness centrality formula,0
5127,Can human brain memory be removed by EMP?,1
4636,What is this nighttime creature?,1
10874,iTunes playlist copier,0
3765,"With the 5$ covid19 test - an antigen test - , would trials (most likely) be independent?",1
9734,Initiating an action based on product type,0
6950,What is the name of this beautiful insect?,1
1995,Determine at which points $f(x)=[x]$ has a limit,0
408,How would one go about finding the Trinity Hall Prime number?,0
11829,Why can no task have a utilization rate greater than one?,0
4740,How is instinct carried from one generation to another?,1
8680,Are wild cats the same species as house cats?,1
1361,isolation of zeros of continuous functions,0
1326,Left shift invariant ergodic measures not supported on a periodic orbit,0
6628,Can anyone identify this creature that looks like a stick?,1
5856,Why do people sleep with their eyes open?,1
8696,Validity of comparing gene expression levels between alive and <24h postmortem cohort,1
1347,Show $Px \perp (x-Px)$ and prove $||P|| \leq 1$,0
932,Solving $U_{n+1}=(U_{n})^{2} (n+2)$,0
607,How to prove $2\sin^2(80^\circ) - \sin(70^\circ)=1$?,0
10634,What is the standard way to choose a new leader in Multi-Paxos?,0
4766,Protein half-life regulating gene expression,1
9262,Properties of language that can be enumerated in a finite amount of time with an enumerator?,0
6981,Why do humans masturbate?,1
8579,Why does protein have 4 calories per gram?,1
592,"If $G$ is isomorphic to $H_1\times\cdots\times H_n$, $H_i$ subgroup of $G$, then *is* $G$ the internal direct product of $H_1\cdots H_n$?",0
6936,How to wash the column during protein purification with GST tag?,1
8332,"Do we know how animals refer to us, humans?",1
11151,Filter for reading data over a serial connection,0
10596,"Let $ L = \{ \langle M \rangle : L(M) = \Sigma^* -\{\epsilon\} \}$, Show that $L\notin RE$",0
1003,"Relation between Ramsey Numbers: $R(s, t) > (t-1)(s-1)$",0
6391,Why is the GULO pseudo gene expressed in humans?,1
283,What are the commutative rings $R$ for which $A \otimes _{\Bbb Z} B = A \otimes _R B$ as abelian groups?,0
5496,Book-recommendation: Ethology,1
4242,Aloe species identification,1
7202,Equilibrium and Metabolism: Can cells exist at STATIC equilibrium? What about dynamic equilibrium?,1
4599,The Viceroy Evolution Paradox,1
1127,Prove that $\sqrt[3]{\sec\frac{2\pi }{7}} + \sqrt[3]{\sec\frac{4\pi }{7}} + \sqrt[3]{\sec\frac{8\pi }{7}} = \sqrt[3]{8-6\sqrt[3]{7}}$,0
3900,Is it considered feasible to genetically improve plants for better Carbon dioxide breakdown?,1
2183,Rotman Abstract Algebra Correspondence Theorem clarification,0
3096,Cocoon like bug on exterior walls south florida,1
372,Maximum Volume of Cube Inscribed in Sphere of Radius 2,0
7637,What vitamins exist for other animals but not humans?,1
1844,Applications of Perfect Numbers,0
4787,Microscopy Book Suggestions,1
3713,What is overdiagnosis?,1
7298,What is the use of ampulla in Scoliodon?,1
4303,Is the male bee's penis homologous to the female bee's stinger?,1
10053,Move objects into embedded arrays,0
5609,Is exon order always preserved in splicing?,1
1904,Function induction contradiction,0
4557,"Can you ""fight"" a coma or serious illness?",1
11297,"I feel as if my quicksort can be made more efficient, but what?",0
11269,Wator planet program,0
8026,Why does insertion of transmembrane domains occur in the rough ER?,1
1400,"Notation for permutation, use for summation indices.",0
3838,Is a butterfly one or two animals?,1
4253,"What is the difference between ""physical interaction"" and ""genetic interaction""?",1
9035,"Find the set of all edges which there is a cycle such that for every $e' \in C, e'\neq e$ : $w(e')\leq w(e)$",0
4494,What causes the overactivity of keratin production and expression in the cells of the nail bed/ nail matrix after some traumata?,1
10781,Show with delay directive,0
6169,"How long can an infant human hold his/her breath as part of the ""dive reflex""?",1
5335,How to use DRAQ5 and MitoTracker CMXros dyes to stain turtle erythrocytes?,1
578,Laplace operator in polar coordinates,0
7713,What happens to the mold spores we inhale?,1
9364,Finding the market price for each order at the time it was placed,0
11718,CFG to PDA - no empty transitions,0
4046,What to look for when buying a light microscope?,1
157,Converting a Cartesian ODE to Polar,0
493,Further interesting examples? Obtaining (co)monoids from dual objects,0
383,Is the curl of every non-conservative vector field nonzero at some point?,0
6739,Why can't you taste food when you have a cold?,1
1010,Path connected compact set with given property,0
9790,OOP PDO Database Connection,0
2280,Is this process a martingale,0
1097,The idea behind Green's theorem,0
3772,How does different sensory stimuli differ in nerve signal?,1
11036,k-limited solution for PCP,0
10947,Command Line Program for EC2 instances,0
1231,A formula for higher order derivatives of inverse function,0
7032,Can C. elegans be raised on Lactobacillus as the only food source?,1
3868,What diurnal red & black moth is this?,1
1991,Purpose of the Perturbation function in Convex Optimization,0
11306,Making Candies - HackerRank question - proof of optimality of a greedy approach,0
1373,How to evaluate this integral ($\int_{0}^{\infty}\exp(-\alpha x^2)\cos(\beta x)dx$)?,0
91,Primes of the form $x^3+y^3+z^3 - 3xyz$,0
3244,Why is Leptospirosis so difficult to catch?,1
1480,"Let $F_n$ be free on $n$ letters and $g_1,...,g_{2m}\in F_n$. Can $F_n/⟨⟨[g_1,g_2],...,[g_{2m-1},g_{2m}]⟩⟩$ have torsion elements?",0
10519,How do I prove that a language is deletion closed?,0
3086,What species is this fast-moving spider?,1
1002,How is the constant of integration being included in the final derivation?,0
6464,Quorum Sensing in Vibrio cholerae,1
3493,"How, on a physical level, does ATP confer energy?",1
11815,How can it be decidable whether $\pi$ has some sequence of digits?,0
2826,Do abstract harmonic analysts use topological methods to solve problems or deal with Borel hierarchy?,0
9322,How are bitwise operators used in normalisation of floating-point numbers?,0
8554,Primer design for Gibson assembly,1
1175,Computing $\int_0^1\frac{\ln^3(1-x)\ln(1+x)}{x}dx$ or $\sum_{n=1}^\infty\frac{H_n^{(4)}}{n2^n}$,0
2253,A problem with two dimensional vectors and scalar multiples,0
6194,Why do microarrays require a priori knowledge of the genome?,1
1579,"Lie algebra representation induced from homomorphism between spin group and SO(n,n)",0
7047,What is the datatype of dna sample?,1
1436,Holomorphic functions: is it true that $f(\bar{z})=\overline {f(z)}$?,0
7322,What percentage of twins has the same gender,1
7698,"Like Mother Cape Buffalo,do remaining mammal mother species also try to protect their babies from being eaten by predative animals?",1
7029,Why ketoacidosis is less common in patients of Noninsulin Dependent Diabetes Mellitus?,1
4879,Difference between Sphyraena obtusata and Sphyraena novaehollandiae,1
4431,What is the right definition of 'Sex Linkage'?,1
6794,How to compute properties of peptides ?,1
781,Asymptotics of a series involving cos integral functions,0
5829,Effect of single nucleotide deletion or insertion on primer annealing,1
7009,Will climate change affect flower population?,1
2879,Linear Algebra Done Wrong -- Appropriate for first course?,0
5414,How different is an introverts brain different from an extroverts?,1
11699,Reaching local optimality in simulated annealing,0
6709,Tool use by animals: research history,1
2335,a question on GNS space,0
9853,Algorithms for MinSat when all literals are positive?,0
10405,Problem with implementing Brzozowski's algorithm,0
11753,Telegram - GetUpdates Process,0
4649,Are Lambic beers the product of quorum sensing?,1
9259,why is every self-reducible language in pspace,0
4325,Why is the variance of the Wright-Fisher model not equal p(1-p)/(2N)?,1
8314,Are there known genome sequencing issues in E. coli?,1
40,"If a relation doesn't apply, is it considered true?",0
11404,How do you check if two algorithms return the same result for any input?,0
8484,How does paracetamol work?,1
1020,Puzzle about six travellers going through bridge above canyon with an oil lamp,0
11458,Linked list arithmetic,0
1507,What is a function called that maps the minimum of the domain to the minimum of the codomain?,0
11219,Calculate the midpoint of a polyline,0
4550,Why do humans alone have the capability to have religious/spiritual experiences?,1
640,When to use L2 regularization?,0
2929,Proving that if $a \le -1$ then $\underset{n \to \infty}{\lim} a^n$ does not exist,0
11781,Natural deduction proof without any predicate,0
10059,Randomized Median Element Algorithm in Mitzenmacher and Upfal: O(n) sorting step?,0
9000,Inverting index structure in C++,0
6397,Is it known how human sweat glands evolved?,1
2618,Probability that a random graph on countably many vertices is connected,0
8861,Applying kiwis on gelatin,1
10342,How to cluster nodes based on the number of dependencies,0
1943,Solve $y''-xy=0$ about the ordinary point $x=0$,0
4081,Relation of conformational entropy and protein folding,1
6929,Why is E.coli used as a model?,1
8132,Understanding F-statistics in population genetics,1
8182,Do fledglings die if they are not fed constantly?,1
8223,"What is this ornamental, yellow flower that looks like a smooth pineapple skin?",1
6050,DNA methylation and genome size,1
3238,What buffer should I choose for IEX chromatography for purifying IgY,1
10248,Sokoban with only $k$ boxes,0
9375,Integer Partition using an iterator,0
986,"$gcd(p,a-1)$ or $gcd(b,p-1)$ where $p$ is a prime factor of $a^b-1$",0
5844,Photosynthesis production of oxygen,1
11605,"Assuming the Exponential Time Hypothesis is true, what's the fastest possible algorithm that can be produced for NP-complete problems?",0
11500,Lexicographically Smallest String,0
800,Ring of remainders definition,0
7706,Can one derive COVID-19 risk from a cheap consumer genetic test like 23andme?,1
3584,Are brain cells replaced over time?,1
10963,Hardness of finding all Control Flow Paths of a function,0
10899,What's the class of problems solvable in polynomial time with an exponential number of processors?,0
714,Probability of exponential distribution less than normal distribution.,0
4000,Why not replace the human genome with it's decoy genome version?,1
4438,What causes people to smell one persistent smell during Covid-19 infection?,1
4245,"How does the body ""know"" how to metabolize foreign substances",1
4937,Why haven't environmentally-reactive bodies developed as an evolutionary advantage?,1
11256,(DROP) Data Reduction Algorithm - How it works?,0
5618,What is disease risk?,1
11650,Making adjustments based on biblatex style,0
2320,Finding the point of intersection between a linear and quadratic function.,0
921,Groups question about center,0
6752,Why is carbonylation added as a fixed modification in mass spectrometry peptide analysis?,1
5117,"What is the name of this plant which is located in Hyderabad city of Telangana State,India?",1
7156,Cockroach brain functional anatomy,1
5438,Can you vaccinate against bacterial diseases? Are there existing vaccines for such diseases?,1
9802,Slice chunking in Go,0
8270,Do human beings have pheromone receptors?,1
2104,Problem defining root automorphisms on Galois Group,0
10687,Getting paginated data from ajax call and putting the data on the page,0
4981,Latency to audition in human beings?,1
11929,Python simple battleship game,0
10252,Is it possible to build DFA for odd-length words with 1 in the middle?,0
8496,How protein denaturation affects digestion?,1
3564,What is the name of this tiny spider?,1
7108,Can anyone expolain this? Cell culture vials have strange hair-like condensation patterns,1
5820,"What does the ""*"" in haplogroup I2A1* mean?",1
5407,What causes puberty to begin?,1
2353,Uniform convergence for a sequence of function,0
2576,Discrete subspace in the product of Sorgenfrey's line.,0
11803,How is segmentation different from multiprogramming with fixed partition?,0
4352,Weighing 2 vertical halves of the human body,1
10903,Complexity of domino tiling with dominoes placed in a line,0
7375,"Between Cholera and Polio, which disease cannot be controlled by killing the vectors",1
772,Attempt on proving $e^x$ is continuous on $\Bbb{R}$,0
2805,Covariant derivative do Carmo help clarification concept,0
3268,Epitope annotated protein,1
2699,Connections between Levy Processes and Exponential Families,0
9718,Show cents only if price contains them,0
8224,What would be the best dredging/trawling tools to collect macrofaunal priapulids?,1
1532,Taylor series of infinitely differentiable function,0
963,solve coordinate and quadratic system,0
8034,how cells make other macro molecules?,1
4415,What species of duck is this?,1
5233,Is the information in the brain stored in the connections rather than neurons?,1
577,How to Show that $1+\left(\left\lceil\dfrac{x}{n}\right\rceil -1\right)n\leq x$?,0
4015,Using PGAL10 promoter to overexpress specific yeast genes: How to?,1
10834,Incentive for block creation in a private blockchain,0
4602,Presence of reaction module in bacteria but not in Eukaryotas (human),1
9521,Flight combinations between two cities,0
6524,Can someone identify this bug?,1
1022,Linear Regression: Finding a quadratic function that approximates a given set of points,0
496,"Show that the Markov chain, with $p_{k,0}=a_k$ and $p_{k,k+1}=1-a_k$, is transient if $\sum_ka_k<\infty$",0
3135,Why do I have a lot in common with my mother?,1
4331,How to determine externally that a whale is a mammal?,1
7952,Partial muscle fibre contraction,1
9781,Two solutions to 2-sum,0
4358,How to validate the regulatory interactions inferred from gene expression data?,1
729,finding and analyzing critical points,0
4549,Why do neurons have a negative resting potential?,1
7262,Are there any parasites that alter human behavior in a self destructive way?,1
3186,Identification - hornet,1
4425,Spatial sequence of autumn leave colouring: top to bottom,1
7470,What is the timing of information assimilation within a human brain?,1
8203,Reusing frozen blood,1
11959,"Program for entering 1000 random numbers into two different databases, one for odd numbers and one for even",0
6186,"Identify mystery insect found in Boston, USA",1
3987,What is this agglomeration of pink cells I found attached to a stone?,1
5152,Is it possible to express the cistrons from a polycistronic insertion fragment in a single plasmid?,1
1879,Trace of matrix power,0
6015,Why is succinate dehydrogenase attached to the inner mitochondrial membrane?,1
3854,"Is the tendon width determined by genetic predisposition, and if so, is genetics the sole factor?",1
10586,How to express a parabola as a Bezier curve,0
11990,Create release package from git tag with Powershell,0
7675,Does a bird know it's different?,1
8915,Why are valves preferentially affected in endocarditis?,1
7364,Why have parasites not evolved to be harmless?,1
11703,Making Math vector implementation using java,0
18,Proving that three co-normal points on a parabola and its vertex are concylic.,0
5914,Can general soap kill bacteria?,1
139,Proof the degree of a reflection through a hyperplane is −1.,0
9682,Java Brainfuck Interpreter Method,0
8679,What is the difference between a mechanistic and a statistical predictive model?,1
8582,Why is polysome loading affected by double stranded structure?,1
4947,What's the rationale behind freezing one's eggs if cells can be cloned?,1
7250,Assembling small DNA parts using Golden Gate,1
9371,Is this a safe/correct way to make a python LogHandler asynchronous?,0
4047,How to understand certain protein names,1
7423,Could tumor cells have normal genomic profiles?,1
8376,Extremely rare occurence of Heart cancer?,1
4282,Why are our bodies created to itch when histamine is released by our immune systems?,1
9574,Complexity of ANOTHER HAMILTONIAN CIRCUIT problem,0
2638,Covering compact sets,0
7088,"Is this plant ""Hedera canariensis""?",1
7122,Why do naked mole rats live in colonies with a queen?,1
7333,"How common are the ""common"" human coronaviruses?",1
9806,Extracting components of a filename,0
8528,Why does ear wax taste sour?,1
10294,Conditional validation for credit card payment information on form submission,0
1760,Concavity and critical numbers,0
10431,"Representation of unsigned integer on a little endian, big endian computer",0
1965,Finding the radius of convergence from a closed form representation of a series,0
9011,Eliminating repetitions of subsequent items in a list,0
11963,What is a Meta algorithm?,0
11832,Simple C++ program to add two integers,0
1559,measure theory - cantor set,0
5435,Help me identify this insect from Bangladesh,1
11947,Python algorithm for identification of low-level jets (meteorology),0
11989,C++ console progress display,0
1302,$f(x):=x^4+ax^3+\frac{3}{2}x^2+1$. For which constant $a$ the function $f$ will be convex on $\mathbb{R}$?,0
8581,issues with MultiPipMaker,1
9130,Approximately counting the number of marked elements in a list of n numbers,0
365,A point minimizing total great circle distance to a given set of points on a hemisphere,0
4849,Calculating Protein Concentration from Kilo Units (KU),1
8996,"Is the empty GI tract a hollow tube with air inside, or is it generally collapsed until food is eaten?",1
10808,How can I learn Sunday's string searching algorithm?,0
3667,Introducing novel genes to an adult multicellular organism?,1
9434,Working with list in Java,0
8313,Why guard cells need to turn malate into postassium malate to become turgid?,1
3500,"In the context of heterotrophic theory of abiogenesis, what is an organism that eats other organisms called?",1
7413,What is this insect? 6 legs and red body,1
6631,How many organisms have ever lived on Earth?,1
11810,Two approaches to Logging when Unit Testing with Python,0
3869,What is GST RhoA fusion protein?,1
2025,Coin toss puzzle with 1 biased and 2 unbiased coins,0
8710,Mathematical model about the relationship between two animal species,1
7740,What's the cause of the scars on these cherries?,1
6466,Does a zygote express all genes?,1
8790,What is the average eye sight for humans? How bad is one's eyesight if you are1 or 2 SD below average?,1
5674,Why were dinosaurs not as smart as humans are?,1
5368,Is the coronavirus getting less dangerous?,1
9316,Modifying a data table of report data,0
5577,How can there be a one-to-one correspondence between RNA and genes?,1
7735,When happens when pollen grains land on the a part other than the stigma of a flower of the same species?,1
11160,Counting words from standard input in Swift,0
5926,Any species returning to the land twice throughout their evolution?,1
1652,Unique Solution to Equation in Two Variables & Possible Use of the Implicit Function Theorem,0
11286,Doge meme generator in Racket,0
8396,How does human body keep track of its age?,1
1874,"If $z_1z_2$ is real and non-zero, then $z_1=p\overline{z_2}$ for some real $p$.",0
7944,What is vascular cambium?,1
11819,What's the point of Subnet Masks?,0
6377,Does evolution only give rise to traits that confer fitness?,1
11462,List-manipulation exercises in Scala,0
11635,Aggregate cidrs up to a limit,0
13,Nonexistence of Morphisms between Schemes of Differing Characteristic,0
8172,Is excretion always necessary?,1
1884,Simplify $\frac{[m+n-1]!}{[m]![n]!}$ where $[k]=x^k-x^{-k}$ and $[k]!=[2][3]...[k]$.,0
7934,What is the tRNA gene copy variation between different yeast strains?,1
5807,What kind of bug or insect is this?,1
2897,the Expected value of a gambling game,0
2266,Meaning of holomorphic Euler characteristics?,0
11570,Return payload in service layer,0
979,How to find $\lim_{n\to\infty} \sqrt n \left(\log\left(\frac x{e\sqrt n} + 1\right)\right)$,0
3236,What is intercalary mitosis in bacteria?,1
5323,"Unidentified insect seen in southern UK, near North Downs",1
8754,What is the tissue structure of bamboo?,1
2291,Visualizing Conditional Gaussian,0
7551,Scanning Electron Microscope images of wheat grains,1
9838,A lambda calculus evaluation involving Church numerals,0
5792,TB disease - treatment and infection,1
6805,Verifying Protein Folds,1
3832,Ostium: insects circulatory system,1
3140,Can anyone identify what type of bug this is?,1
3902,LD50 of Botulinum Toxin,1
5277,Are Hsp70 proteins only activated in response to heat shock?,1
10681,Coordinated Attack Problem On The Arbitrary Graph,0
3833,Chloroplasts in an animal cell,1
6435,What do phagocytes secrete?,1
8540,Storing Taqman plates with polymerase in fridge before running,1
11544,Determining if there is data left after fetching a page of data,0
5180,Why the smell of sweat greatly varies across the body?,1
9970,"How can I make this CouchDB view code more ""correct""?",0
1162,"Show that $f(z)=0$ for all $z$, where $f$ is an analytic function on the closed unit disc with additional conditions.",0
1989,Can differential equation with integration factor be solved on another way?,0
4319,Why does our eyes got wet when we feel emotional or whenever we are hurt?,1
10068,Are interrupts only found in BIOS?,0
3696,How to get started in bioinformatics,1
8210,"Can immune cells be recruited to an area of inflammation, and later go on to a second?",1
2015,"Does convergence in distribution imply ""convergence of supports""?",0
4091,Protein degeneration/excretion in cell,1
10436,Menu traversing on next and prev button click up and down,0
9001,How does one formally show that two lambda functions are $\alpha$ equivalent?,0
5348,Would expression of GroEL and GroES in erythrocytes be a potentially effective therapy for sickle cell disease?,1
8968,Can the brain influence gene expression?,1
3285,Biological data source of trees,1
5119,How is a synapse held in place?,1
11163,Binding Lists of Commits to a DataGridView in Winforms with an MVP architecture,0
9674,How do I decode a received polynomial code with an error?,0
11953,"Implement `fold` on a ""Rose Tree""",0
9957,How to read this inductive language definition?,0
9524,Git delete all merged in local branches,0
5531,What does +60mm mean in MRI scans?,1
9828,How does an operating system implement the C library?,0
7291,Is it unusual for populations of archaea to be found living inside trees?,1
3068,Basic question about phylogenetic trees,1
2264,"If $a\ge b\ge-c\ge0$, is $\sqrt[3]{a-b-c}\ge\sqrt[3]{a}-\sqrt[3]{b}-\sqrt[3]{c}$?",0
5960,Identification of an animal building,1
478,The Picard Group of the Affine line with double origin,0
4890,"Is ""cell proper"" considered a biology term / well defined concept?",1
7400,Fine permanent fluorescent marker for blue light,1
1821,A $m$-dimensional differentiable manifold that has a non zero continuous $m$-form is orientable.,0
5393,How did life survive in the Snowball Earth theory?,1
8304,"What is the ""stimulus"" that initially triggers an action potential?",1
7728,Can we disambiguate competing molecular mechanisms of learning and plasticity by measuring electrical activity of neurons?,1
8343,How to find name of the gene,1
10822,Databases and B-Trees: What are Keys and how are they related,0
7798,Surface Plasmon Resonance (SPR) Predicting Molecular Weight Limit?,1
6062,Correlation brain size and muscle volume,1
8731,Genotype result of double fertilization,1
7292,Protein-Bound Drugs in Kwashiorkor,1
1772,Limit of power series,0
11923,Removing random repeated guesses from brute force program,0
9384,"Dataflow framework for global analysis: Why meet, then apply?",0
390,When are we allowed to match coefficients?,0
9618,Right usage of ViewModels in MVC,0
912,Group action on an ultraproduct,0
4575,Can androgen-insensitive genetic-males get pregnant?,1
5566,What is the purpose of the viscous gel in the Pacinian corpuscle?,1
9370,Parametrized reduction from 3-SAT to Independent Set to lower bound running time under ETH assumption,0
3323,What stops myosin during muscle relaxation?,1
4957,What is splice junction pairs?,1
3970,Can I breed the most productive hen by hatching eggs from the most productive ones?,1
6512,Online repositories of scanning electron microscope photographs?,1
586,"Convergence/Divergence of Integral, can P-test be used here?",0
11720,Remap ls to honor .hidden files,0
10816,Greedy Optimum Dominating Set For A Tree,0
11383,Genetic algorithm to find the minimum of a three-variable function,0
806,How to show $A=\begin{bmatrix}A_1\\A_2\end{bmatrix}$ is non-singular when $N(A_1)=R(A_1^T)$?,0
3649,Did the Broadbill Swordfish population fully recovered?,1
428,derivative and integral,0
10377,Join strings with different delimiters and some possibly empty strings,0
6591,Is global life expectancy normally distributed?,1
1008,Does the homotopy equivalence of a space with its subspace imply deformation retract?,0
11058,Delegating to a lazily loaded object in Ruby,0
7173,Influence of alcohol on brain cells,1
7794,What causes the characteristic 'gleam' in the eye of a living being?,1
2989,"How to prove$\int_0^{\pi}f(x)\sin{x}\,dx$is a integer",0
643,Please check if my reasoning about whether this topological space is connected is correct,0
2267,The Curvy Rebound: One of the most interesting (Geometric) Probability problems.,0
6393,In vitro virus assembly,1
11217,Meta Programming Operators,0
2547,Finding the confidence level and number of successes?,0
8507,Do all gene mutations in pathogens lead to more harmful consequences for humans?,1
3524,Why is freezing bacteria not a problem?,1
10671,Relation between Hamming distances of columns and rows,0
2100,Intersection of two clubs.,0
1070,Solving a simple homogeneous ODE,0
11285,Calculating longest increasing sub-sequence recursively,0
9785,Changing color on button click,0
9836,python httplib snippet,0
764,Computer Science maths - graphs and trees,0
9243,Answer to an implementation of Project Euler #8,0
2689,Convergence in distribution implies stochastic boundedness,0
571,${\mathbb Q}$ as a direct product.,0
1092,"Given $A$ , $m \times n$, $b \in R^m$, $x'$ is a solution to $A^TAx' = A^Tb$",0
6141,"Do ants actually stick better after ""licking"" their legs?",1
7544,Cancer history on environment-cancer relationship,1
9971,Regarding to the speed of supercomputer,0
8470,What determines the length to which hair grows?,1
7615,Which functional annotations could be useful?,1
1909,Proving a couple of logical equivalences related to the statement $A \leftrightarrow (B\vee C)$,0
5702,When designing primers how important is the GC clamp?,1
6191,Where are all the dead cockroaches?,1
3396,Non competitive inhibitors and Uncompetitive,1
5305,"Why are eggs ""egg"" shaped?",1
6423,How do inward rectifier potassium channels work in the heart?,1
2277,When there a subgroup isomorphic to $H\times K$,0
2182,Need help with the first step in Theorem 1 of Nair's classic paper on Least Common Multiple,0
9235,Linked lists of templated classes vs function ptr,0
4606,"What is the distinction between the terms detrivores, decomposers, saprotrophs and saprozoic organisms?",1
4339,Coefficient of relatedness for a locus on the Z chromosome,1
10168,Pulling log messages from a MySQL table,0
4962,Why are root hairs mostly unicellular?,1
1835,Question about Fatou's lemma,0
7455,"Are there inherent problems in simulating marine environments, as compared to terrestrial systems?",1
8181,PDB Mining: Why Do I Find Atoms Less than 1 Angstrom Apart?,1
5509,How can insects survive without an adaptive immune system?,1
6525,Do hormones make men think of sex?,1
10176,The theoretical upper bounds for duplicate detection in a set of objects?,0
7093,PCR products with no band in gel,1
4518,Do we have information on differential reproductive success for many species?,1
7951,The colour of aquatic plants found deep under oceans,1
8200,What makes diffculty to make a human bio-tooth compare to a mouse's?,1
80,"Why are the Gegenbauer polynomials called ""ultraspherical""?",0
4851,What is the smallest known organism with a skeleton?,1
309,Find the Solution Set to the Exponential Equation,0
11521,Number of binary trees of size $n$ such that all subtrees of same size are equal?,0
1963,What does $\frac{d^6y}{ dx^6}$ mean?,0
11261,Automate tasks with Lambdas,0
9114,PHP code to scale images and generate thumbnails,0
4251,What is this insect? Seems to be in Indonesia,1
6445,How do fibers control muscles?,1
5101,Modularity of transcription factors,1
4892,What makes drosophila eyes red? and is it stable?,1
4923,Identify the fluff that I have found in tea,1
7871,DNA to Binary Distance Computation,1
4062,How to promote acorn maturation,1
7251,"reason for ""not for diagnostic use"" advice in protocols",1
6529,Values of Miu_max and Ks from parameter estimation?,1
3519,No. of meiotic divisions to produce specific no. of seeds,1
3781,tandem repeat sequence; causes of contraction and/or expansion question,1
11156,Basic graphical R code draws an ellipse instead of a circle,0
4776,What is holding the immune system back to not attack human body cells?,1
7540,How does the age of a parent affect the chances of occurrence of certain genetically transmitted diseases?,1
7532,Why don’t bone marrow donations harm the donor in the long term?,1
9807,Calculator for more than two numbers,0
6861,Most painless method for killing insects,1
6707,What metabolic processes do dormant and ungerminated seeds carry out?,1
166,When convolution of two functions has compact support?,0
1936,Sketch the locus of points that satisfy $|z-1+i|<2.$,0
8627,Did humans evolve the ability to swim? Or is it just luck that we are able to swim?,1
5470,Are the human genes' promoters all known?,1
11795,How to show that language L is NOT context-free?,0
8284,Is starch a better coagulant than cellulose?,1
3678,What is the mechanism responsible for the periodicity of hiccups?,1
8482,Can PolyA tails be within Expressed Sequence Tags?,1
6649,Why does M1 RNA together with C5 protein in 100mM Mg(II) fail to cleave tRNA?,1
9142,subsets of infinite recursive sets,0
8748,phylogenetic analysis of gene enrichment?,1
5861,Are the asymmetrical positions of owl ears consistent across species with this trait?,1
60,Find the minimum value of $|x+1|+2|x-5|+|2x-7|+|\frac{x-11}{2}|$,0
2006,Two quadratic equations to get an expression,0
4792,do cancer cells respond to EM fields?,1
2722,$L^2$ convergence by the sequence of domain,0
10786,Parsing a file for a game,0
4338,Identifying an insect in Cambridge UK,1
4120,Why must bacteria outrun diffusion?,1
5225,Why would it be beneficial for cortisol and corticosterone to exhibit pronounced anti-inflammatory activity?,1
5257,How do I know which alleles the parents have?,1
10254,How to prove universality in complex systems?,0
4777,RT-qPCR of selected differential expressed genes: which dilutions in calibration curve?,1
7719,How do injected purified anti-D antibodies prevent the natural production of antibodies in order to prevent Hemolytic Disease of the Newborn?,1
9831,Pros and cons of representing strings as lists of characters,0
6690,Why do brain cells use shuttles that pass electrons from NADH to FAD?,1
10625,In certificate view of NL can we force the guesses to be in some format like $a^n b^n c^n d^n$?,0
10192,What is Finite Automata Bowl?,0
2303,area or volume (amc)?,0
9968,"If the load factor is a decimal (say 3.6), what is the length of each chain in a hash table that utilizes separate chaining?",0
1430,Bijection between dominant rational maps and morphisms of function fields?,0
3306,Why is compensatory negative supercoiling generated in a positively supercoiling ccDNA?,1
9149,Classes to encode and decode images,0
10358,I can construct DFA for $a^{3n+1}$ but pumping lemma says it is not regular,0
1385,Clarification needed on finding last two digits of $9^{9^9}$,0
10995,Simple PyQt5 counting GUI,0
10813,Unique everlasting session with low collision rate and is set across sub-domains,0
1641,Differentiation and integration,0
4249,Evolution home experiment?,1
9331,Small FizzBuzz program,0
527,"One-One, Simple And Jordan Curves",0
11927,Perl script to rename multiple files with vi(m),0
9859,Weighted Random Choice,0
3820,Regarding benign tumors and what 'stops' them,1
9273,Are the complements of $NP$-languages with only $n$ words of length $n$ also in $NP$?,0
11786,Why we don't care about minimizing Push Down Automata & Turing Machines?,0
7282,What causes goose bumps?,1
6722,How do honeybees requeen themselves?,1
10556,Project Euler Question #2: Sum of even Fibonacci numbers under 4 million,0
481,About period of elliptic points,0
1569,Does $ \sum_{n=1}^{\infty} (-1)^n\frac{3n-2}{n+1}\frac{1}{n^{1/2}}$ converge?,0
4986,"While someone's ears pops with pressure, can he/she hear other sound at the same time?",1
381,"How is $\{\mu (U): A^{-1} \subset U, U \text{ is open}\}=\{ \mu (U^{-1}): A \subset U, U \text{ is open}\}$?",0
485,Calculating correlation given a joint cumulative distribution function,0
10472,Does quantum computing convert any O(2^n) algorithm into a polynomial running time and how?,0
5495,Why are fearful stimuli more powerful at night?,1
4722,Why do humans sneeze out mucus if it's a good thing?,1
5183,Are added yogurt cultures harmful to the gut?,1
2352,Product of two complementary error functions (erfc),0
8196,Why would hawk moths evolve long tongues for Darwin's Star Orchid when there are other flowers around?,1
11755,Java 8 unit test for third-party data feeds,0
9382,Find most valuable subset of a node weighed tree,0
8930,How to deduce if RNA virus infection or DNA virus infection,1
10517,Behavior of different multiplied and added time complexities,0
9622,Create New C++ Class,0
6938,Evolution - The ability to control ear muscles,1
3054,What are the identifying characteristics of a Jellyfish?,1
9954,Generating social media links,0
10675,Questions on AlphaZero Implementation,0
6033,"What percentage of people today would likely be descendants a man born 4,000 years ago?",1
2148,How to find an asymptotic expansion of integral?,0
6616,Why and how is DNA synthesis so much faster then RNA synthesis in bacteria?,1
3270,does the amount of blood circulate in a body is same before and after amputation?,1
3302,Is the Lucy fossil really what scientists claim it is?,1
7647,Why can one swim longer underwater by blowing out air?,1
7795,Detecting cancer in the hyperplasia phase using image processing and SEM,1
11542,"language for Turing machine, {w#w | w ∈ {0,1}*}",0
5161,"Plant species ID, Bangladesh",1
7862,Can two arms-racing species be stabilized?,1
4993,How do scientists kill the bacteria they themselves made resistant?,1
1977,Confused about variation used instead of weight in variational formulation based on method of weighted residuals,0
10044,"Is there any concrete relation between Gödel's incompleteness theorem, the halting problem and universal Turing machines?",0
8493,Why are animal mitochondrial genomes so conserved and small in comparison to those of plants?,1
1335,"Find a partial sum $S_n$ that approximates the sum of the ""$S$"" with an error smaller than $0.1,$ and deduce if $S_n$ is smaller or greater than $S.$",0
2983,Complex Infinite Sum,0
5990,What happens during metamorphosis?,1
2259,Problem in finding a bijective map.,0
2984,"Interpreting fundamental theorem of calculus when the domain of $x$ is $(-\infty,\infty)$",0
6915,What is the difference between sieve cells and sieve-tube elements?,1
9587,Negation of the semantics of the Until operator in LTL,0
7050,"When assessing a threat, does the amygdala compare the stimulus to memories of the amygdala or the hippocampus?",1
4270,Parallel Autonomic regulation of Cough and Runny Nose,1
8546,Was Dr. Livesey's treatment a valid one in the Treasure Islands?,1
6906,How to characterize stability of a protein from Trp fluorescence vs [denaturant] curves?,1
4782,Does evolution produce organisms perfectly adapted to their environment?,1
5953,The pBR322 convention,1
1695,About the Fourier transform of the surface measure of the unit sphere,0
6863,Why didn't Escobar's hippos introduced in a single event die out due to inbreeding,1
7195,What is the pH of the mitochondrial intermembrane space?,1
1046,"Why when $f$ has a local minimizer that is not global minimizer, then f have another critical point?",0
1264,2nd uniqueness Theorem in primary decomposition,0
1072,"Let $|A|=0.$ Show that there exists a positive number $\delta$ such that $|A+\epsilon I| \neq 0$ for any $\epsilon \in (0,\delta).$",0
10345,Follow Up post: Proper handling of exceptions in MVP,0
9907,Iteritems on a slice of a Python list,0
10406,Simulated annealing for magic square-of-squares puzzle,0
1723,Galois group of $x^{15}-1$,0
6204,Opposite results between Blomberg's K and phylogenetic signal in Phylocom (AOT),1
10811,Cycle decomposition in Python,0
6483,Attraction and hormones levels,1
6265,How specific are CRISPR-cas9 cuts?,1
2402,"Such thing as inverse/undo ""search"" or ""filter"" operator",0
4968,When is Water Produced During Photosynthesis?,1
2231,Hilbert Spaces; eigenvalues of $PBP$ vs. $B$ for $B$ compact selfadjoint and $P$ orthoprojection.,0
8738,Ebola immunosupression and infection,1
8018,Cooperative Enzyme Question,1
2836,"Finding the integral closure of $k[x]$ in $k(x)(\sqrt{f})$, where $f(x)=x^6+tx^5+t^2x^3+t\in k[x]$.",0
2837,Showing that $k | 12$ given $k$ is the order of $2$ mod $13$.,0
8020,"In vivo, does it take energy to move double bonds from cis to trans in long chain unsaturated fatty acids",1
2528,Set theory and function composition,0
11701,Is peer to peer and client-server a type of network or protocol?,0
2040,Probability of answering question in an exam,0
3399,Is there a term for when a detrimental gene can be positively selected for because of linkage to a very fit gene?,1
2093,"Prove or disprove that If $a\mid c$ and $b\mid c$, then $ab \mid c$.",0
6431,How do plasmids protect themselves against restriction enzymes?,1
715,Are the trees well-quasi-ordered by induced subgraphs?,0
9936,Classification algorithm for high dimensional data which is uniquely definable in a very small sub-space,0
6156,What would happen if you slowly crushed a live brain?,1
1206,Find error estimation of remainder term of an integration formula,0
5576,Viruses affecting transmission capability of mosquitoes,1
9860,Refactoring two node-accessing methods,0
7458,determine longest poly-purine tract,1
820,"Finding $\sup$ and $\inf$ of $\{\frac{nk}{1+2n+3k} : n,k \in \Bbb{N}\}$",0
507,What is arcsec (-2)?,0
3065,A website for identifying birds,1
2120,What does this symbol mean (white circle connected with black bullet; both are linked by a horizontal line) and how can I write it in LaTeX?,0
11913,Concurrent bidirectional dictionary,0
7927,When running gels what is the difference between constant volts or constant amps?,1
3590,what are hyperbranched amplicons in DNA sequencing?,1
9691,Undetectable error correcting codes,0
6344,Can I make an population genetic analysis from incomplete protein?,1
530,Find $C^1$ class function such that,0
10003,"Solomonoff's theory of induction, Kolmogorov complexity and Bayesian Inference",0
10437,Counting inversions with index constraint,0
11321,Finding the tree height in Python,0
3510,Can DNA test of my grandparent's brother reveal my heritage from that branch of the family?,1
9298,Renames file-name references inside files in a directory,0
11854,Composition of combinators with arities greater than one,0
9761,Finding Kernel in DAG,0
8604,Can viruses be used to extract oil from algae?,1
10073,Query regarding Integer factorization,0
10128,"Given 2 regular languages and their DFA's, how to construct the DFA of the union?",0
1043,"prove that if given $n$ islands and $n-1$ bridges, and no loops are formed, all the islands are connected",0
10879,Is this program susceptible to a buffer overflow exploit?,0
4040,Can erythrocytes Function without plasma?,1
3836,Fibronectin glass surface adsorption,1
9837,"How to define the partial or total order of the segments to be inserted in a ""sweep-line status"" data structure?",0
4491,"from an ageing reproductive stem cell's DNA to baby's ""brand new"" somatic cells' DNA",1
5890,Stomata during night (respiration),1
7472,How is Calcium regulated in myocardic AP and plateau phase?,1
3453,What is the cause of the packaging capacity limit of recombinant adeno-associated viral (AAV) vectors?,1
888,"Show that if $(m,n) = 1$, then for any number $p$, we have $(p,mn) = (p,m)(p,n)$.",0
8739,How do plants 'tell time' for circadian rhythms based on a ~24 cycle?,1
2325,Find a sequence $a_n \downarrow 0$ such that lim$_{n\to\infty}na_n=0$ but such that $\sum_{n=1}^{\infty}a_n$ diverges.,0
4965,How would constantly growing nails have aided early human?,1
186,"How many sequences we can make from 4 digits, such that they don't have more than one zero.",0
2086,Residue fields of a principal ideal domain,0
3991,Why there is Cp/Ct (crossing point) value for negative sample in COVID-19 RT-PCR?,1
9127,Reporting the highest satisfied poker hand in F#,0
11517,Name and complexity of a problem concerning metrics,0
1142,Find $f(5)$ of a non-constant polynomial function $f(x)$,0
535,Trivializing the vector bundle of $S^n$,0
6670,Pathogenesis of Chronic Venous Congestion in Lungs?,1
10046,Logging leads when interactions happen for a contact,0
144,Proof by induction of Bézout's identity for $n$ integers with no common factors,0
8098,What is the structure and function of chromosomes during interphase?,1
5012,Can epigenetic structures carry a trait?,1
1415,"The formula of $E_{16}, E_{18}, E_{20}$ and $E_{22}$ where $E$ is Eisenstein Series.",0
7976,What is the main general difference between Mitosis and Meiosis?,1
2821,Multiplying last row of matrix with the matrix's inverse,0
10078,planar max cut graph with constrains,0
11960,How to find number of blocks in cache?,0
3570,How to detect specific mRNA dsRNA by Northern analysis?,1
8986,Is there a database of known riboswitches?,1
2518,Example of a engineering problem solved using the Euler's method,0
7145,How is mRNA directed out of the nucleus to its ultimate cytoplasmic location?,1
6163,What kind of NW USA insect Is this?,1
10328,Multi-User Roles in Laravel,0
7466,Rabies virus mortality,1
8772,How can two biological sequences be anything but homologous?,1
2696,A nonlinear optimization problem: numerical solution fails,0
3995,"All somatic cells contain the same genome, then how does it knows that it should develop into a specific organ?",1
1221,square squares with diagonals also squares,0
109,Two questions about the evaluation functor,0
2493,Proving or disputing existence of required linear transformation,0
5620,Do the centrioles in the centrosome differ in their angle to one another?,1
1257,Is $~f(x+dx)=f(x)+df ~$ true? How to prove it?,0
2801,Probability that I choose the $k+3$th candidate after rejecting first $k$ candidates,0
11663,Page Replacement optimal verses MRU,0
5978,Why is the frog genome so much larger than a fish's?,1
196,Set theory question equinumerous sets,0
4298,Differences in structural target for LPS detection by LAL and MD-2/TLR4,1
9663,Densely connected non overlapping subgraph,0
5433,How does the shoulder joint stay in place?,1
4246,Identifying whether amino acids are hydrophobic or hydrophillic,1
1242,How to show that $ze^z$ is univalent on the unit disk?,0
3038,Gene transfer between Gram positive and Gram negative bacteria?,1
9349,"Rsync script that does Daily, Weekly and Monthly backups with hard links",0
4304,Is anaerobic activity during ketosis possible?,1
9945,How may an algorithm always color optimally connected bipartite graphs?,0
5275,Is water movement across cell membrane purely diffusive or it always requires channels?,1
1466,Playing audio files at lower % of regular speed - how long will they be? negative percentage / ratio calculation,0
7896,Improved Vascular Stiffness due to Protein,1
9603,Arranging Buttons on a Process Enumerating Application,0
11948,"Centre, diameter, and radius of graph",0
1501,Probability that a card drawn is King on condition that the card is a Heart,0
1026,Reference request: crowded space,0
9398,"How do you apply Context-Free Pumping Lemma to these problems, and how do the approaches differ?",0
7231,Finding confidence level of miRNA disease associations,1
1018,How to find $m$ if $m+7$ & $m-34$ are both perefect squares?,0
4695,Do animals follow tactics?,1
1027,Confusion with $U(1)$ and $SU(2)$,0
9611,"What is the generating algorithm for the ""komb"" instances found on satcompetition.org?",0
11465,Collisions in independent hashing,0
7117,What factors should I consider when selecting a reference genome for mapping?,1
2624,Proof that $SupA$ = $SupB$,0
5270,Role of Intermediate Filaments in cell - cell signalling,1
491,Show that if $|G| = n$ and 3/4 of G have order 2 then G is abelian.,0
7749,"Is the swimming pool water harmful to frogs who jump in? If so, how?",1
911,"Expected area of the intersection of of triangles made up random points inside a circle, all the triangles must contain the origin",0
10678,Project Euler Problem #6 - sum square difference,0
7786,"Fish ID? Small, yellow-finned, tropical fish in Thailand",1
8420,Human perception of time depending on age,1
8703,Would a shark whip into a frenzy from smelling its own blood?,1
1600,Inverse function table,0
8265,How do I prepare and clone from E. coli DNA?,1
9022,Rendering and re-rendering a Mustache template,0
2721,"Is ""$f$"" the function or is ""$f(x)$"" the function?",0
3711,To what extent does the distribution of nerual transmiters in the brain vary human to human?,1
11765,Project Euler 22: Names scores by Loki 2,0
7468,"What's a ""constitutionally small penis""?",1
679,solving quation : Summation of variables equals k (with conditions),0
8806,White water bird with black 'hat',1
11754,Starting a fire and forget async method,0
9311,Turing Machine-Like Formalism for The Actor Model,0
1199,Show that there are infinitely many primes congruent to 1 or 4 or to 2 or 3 modulo 5.,0
9240,What is the complexity class of finding vertex cover number of a simple graph?,0
11591,Splitting a path string,0
3125,Has anyone tried Gibson Assembly Optimizations?,1
10713,Diagonal gradient optimization,0
6246,Can specific B-cells be created in a lab?,1
7048,Cell nanoparticle dynamics within blood,1
5949,How do lilies sense day and night and open and close their flowers?,1
8894,Parthenogenesis in Bees,1
5491,"Why don't rats have a gallbladder, unlike other rodents?",1
10072,Characters set permutations with repetitions,0
4933,Is evolution of gametangia in land plants and charophyceae convergent?,1
2715,How high can a loose rope around a circle pulled above ground,0
3608,Do deaf people sleep better?,1
1709,Partial derivatives of $xy^2/(x^2+y^2)$ at the origin,0
3785,Cellular Respiration in Boiling Conditions,1
2361,Building a triangle from random segments,0
4881,Does dairy negatively affect the voice for singing?,1
4732,What do blue cone cells add to visual function?,1
3864,"Can you ""spam"" bird sounds so that birds no longer interpret them right?",1
11804,Coding standard and Readability: Verbose/Redundant statements vs Short/Compressed,0
9813,why are integers considered as an ADT?,0
6776,Linked genes outcomes in offspring,1
10639,Preparing precedence graph from fork and join code,0
4980,Why is alcohol purged from the body more slowly when we sleep?,1
6154,Are all antibodies against a common antigen identical?,1
9759,Usage of state machine to model lifetime of an IP address,0
11691,"Is O(mn) considered ""linear"" or ""quadratic"" growth?",0
11955,"Calculate how many coins, coin values are 50, 20, 10 and 5",0
5302,"Are CN3, CN7, CN9 and CN10 the only Parasympathetic Cranial Nerves?",1
6215,Tree with red samaras,1
8405,Female mosquito fate in absence of food,1
2876,About the Cantor-Schroeder-Bernstein theorem.,0
6406,How to Determine Sufficient Time for Melanoma Survivor to Be Considered Low Risk?,1
3162,Why babies cry after they are born?,1
7028,Why does rapid decompression make you lose useful conciousness so fast?,1
9186,Selecting k rows and k columns from a matrix to maximize the sum of the k^2 elements,0
11983,Drawing an implication graph for 2-SAT clauses,0
8671,What determines the pathway of a neurological signal?,1
7839,Spider identification (Caribbean),1
900,Solve the second order ODE $(2x^2 + 1)y'' − 4xy' + 4y = 0$,0
4029,What factors affect the number of individuals in an animal group?,1
7652,Tiny bug in Amman-Jordan,1
11528,Handling arrow keys for a console menu,0
10257,How is the directory implementation done using a linear list?,0
11189,Use generic to prevent duplicate code in this case,0
75,Justify $\gcd$ of $f(x) = x^3 - 6x^2 + x + 4$ and $g(x) = x^5 - 6x +1$,0
7854,How do birds influence brood sex ratios?,1
9484,Applying Master Theorem to: T(n) = T(n - 2) + n^2,0
3686,Pathological mechanisms in asthma,1
8453,What evolutionary advantages does a longer muzzle have against a shorter muzzle and vice versa,1
3049,Are there any intersections between the biochemical pathways of uracil biosynthesis (or metabolism) and methionine degradation in eukaryotes?,1
8973,Looking for study/genome data for HIV in different organs,1
3580,Is intron removal coordinated?,1
4530,Is there a vaccine against the plague (Yersinia pestis)?,1
3694,Comparative evolutionary study: is amino acid or nucleotide comparison more useful?,1
3311,What does the hornet do on the ivy blossoms?,1
5943,Specific primer design,1
11700,Lottery number generator,0
5067,Does leaving land alone actually help nature conservation?,1
10795,"SQL Query to perform a ""reverse exclusion"" on a LEFT JOIN with a select from the left side table",0
4498,What are the metabolic concerns associated with hard water?,1
10428,How to avoid column wise access in matrix multiplication?,0
3331,What is the evolutionary advantage of regret?,1
3391,Does avoiding medication that alleviates symptoms shorten the length of a cold?,1
8134,Exon skipping in mammals,1
1398,Characteristic Subgroup Definition - $T(C)\subseteq C$ or $T(C)=C$,0
9538,Adding two roman-numeral inputs,0
3384,Animal reproduction when resources are scarce,1
7072,Where can you find the quantities of each amino acid of a particular protein or food?,1
6392,What are the white eggs growing from a black stem on the Napa cabbage plant?,1
3076,Tissue grafting in marine invertebrates,1
6589,How to identify a coiled coil from the amino acid sequence?,1
6611,Why would we overexpress Sir2 by overexpressing its hypomorph (dSir2-EP2300) in C. elegans?,1
4484,Why is the mechanism of inheritance for this disease autosomal dominant?,1
4122,Garden plant in south of France,1
7403,How does the human liver regrow?,1
10725,Turing machine that recognizes the language $\{a^{n}b^{2n}c^{3n}|\ n\ge0\}$,0
4835,What is the general term for tree-dwelling animals?,1
5786,Plasticity between excitatory and inhibitory neurons?,1
11176,Digit-by-digit addition using vectors,0
6372,Why our arms stop growing if mitosis never stops?,1
2464,I need a little help with a Calculus problem.,0
4093,About. Autosomal recessive diseases in genetics,1
2723,Show that $1<|G:\ker\psi|$ and that the index $|G:\ker\psi|$ divides the order $|G'|$,0
6143,"Usage of ""lineage"" over ""species""",1
780,Is the empty set a relation?,0
4841,Are the foramina of Magendie and Luschka genuine defects of the ependymal epithelium?,1
7640,"The Fish-Tetrapod Transition, evolution of the ""elbow"" in Stem Tetrapods",1
7856,"If your body can slow down your metabolism, why doesn't it do that all the time?",1
5165,"Do adult humans exchange beneficial bacteria? If so, how?",1
10401,Leap year functionality in Ruby and JavaScript,0
9008,Locking during cache population,0
7512,What is heteroduplex?,1
7953,"If I put a cup over a spider, and leave it there for a day, will the spider survive?",1
8714,Familial Hypercholesterolemia,1
3673,Are there any benefits/disadvantages/traits from having a permanent lower core temperature?,1
1640,Transform $\sum_i c_i (B_i + \alpha)^{t_i}$ to $\sum_i \beta_i(1 + r)^{t_i}$ to compute Excess IRR,0
11070,jQuery plugin boilerplate jquib,0
8859,Does vegetable oil allow methane to pass through?,1
5445,Why cannot there be multiple sources for same species origins?,1
9338,Language of the graph of an affine function,0
2346,Asymptotic Approximation and Sign Convention,0
6687,Why are so many species reproducing late this year?,1
6090,Why some parts of the human body have immune privilege?,1
5137,"If we sequenced the genome of every species, would all phylogenies agree?",1
7315,Perception of white in the absence of rods,1
10280,Upper bound derivation of expected time for finding a large cut,0
11582,Upvote/counter in Javascript,0
4874,Pollinator mating system in orchids,1
9101,coding theory- perfect codes,0
8044,Won't natural selection miss the overall minimum of a function?,1
2242,Showing $T$ is continuous.,0
1601,"$X_n$ ~ $\Gamma(n,n)$, find the limit in Law of $X_n$",0
4800,Why re-label the strand ends in 3' DNA labelling?,1
10157,How to make this query better (e.g. avoid repeating subquery in a query)?,0
3416,Storage of energy in muscles vs fat depos,1
994,Is the ring of analytic functions at the origin the localization of the ring of analytic functions on $\mathbb{R}$?,0
6603,Do histones constitute the largest proportion of the protein in chromosomes at mitosis?,1
11460,How do you compute the time complexity of distributed algorithms?,0
8219,Difference between medicinal caffeine and regular caffeine,1
2586,Markowitz portfolio optimization,0
2562,epsilon and delta multivariate proof,0
8770,Oxygen uptake with gills from water vs lungs from atmosphere,1
5956,Time for rigor mortis to set in,1
3921,Why Egg shell is not called a cell wall?,1
10768,Weighted dice with n faces,0
2574,Joint probabilities given three variables,0
2195,Number of combinations of ice-cream with limited quantity.,0
396,Cyclic inequality with $a+b+c=1$,0
5167,Why does Nature use a 4-level system to encode information in DNA?,1
3118,What kind of salamander is this?,1
4503,How do cellular conditions change the Gibbs free energy of a reaction?,1
7334,Do wolves bury food like dogs?,1
4153,"Can signals travel ""backwards"" in the sensory pathway?",1
1962,Find type of $f(x)$ problem,0
7194,Tea that makes everything taste like dirt,1
5832,"In chromatin, what are the differences among states, interactions, and structures?",1
10971,Gradient Descent With Constraints,0
4099,What does factor VIII have to do with thromboplastin formation?,1
8366,What forms the human amniotic sac?,1
6264,Mechanical cause of loss of consciousness,1
11354,Algorithm for optimal spacing in intervals,0
6323,How much plant grow is required for a human's oxygen consumption?,1
8692,Why are two forward and reverse priming sites depicted here? what do they do?,1
5696,Is there a realtime molecular clock within the genome to co-ordinate the developmental sequences in an embryo?,1
11879,How does this Turing machine accept $a^n b^n$?,0
9289,JavaScript nesting XMLHttp requests and in a loop,0
63,Specific matrix has no 2-dimensional invariant subspaces,0
6243,Does hybridizing a specific flower affect the offspring?,1
7049,"Evolution of insects, spiders and jellyfish",1
8097,Does vitamin D affect melanin concentration?,1
7868,"Virus-to-virus gene transfer via ""sequences integrated into a common host organism""",1
4617,By what mechanism does elevated homocysteine level accelerate thrombin formation?,1
7815,Do any fish have to hold their urine in deep water?,1
11255,"Flask web application, with handling for user login status",0
5544,Assumptions of the models for haploid and diploid selection,1
8548,Why do oncogenes show genetic dominance?,1
11887,Countdown timer in React.js,0
103,"Limit $\lim_{(x,y)\to (0,0)}\frac{\sin(xy)}{xy}$",0
11784,"What is the deterministic finitite automaton (DFA) for the regex "".*b.""",0
7678,Why are ammonium ions reabsorbed in the thick ascending limb during acid secretion?,1
10119,Linear programming restricted to rational coefficients,0
6217,The role of atomic theory in biology,1
11164,What is the simplest/smallest subset an OOP language like C#/JavaScript that is Turing-complete?,0
9044,Double hashing constraints,0
4254,Why is the skin of European bog bodies brown?,1
3657,Could someone Identify this Insect Hive on my Balcony Grill,1
3769,What would happen if all magnesium was removed from a person's body?,1
11411,Graph algorithm to group nodes by level and group size,0
7946,"Can you do better than ""Sock-Wasp""?",1
734,"For $f(x) = x^{3.2}\times e^{-0.35x}$, at what $x$ value does the maximum occur",0
10796,Hash table collisions: why use a linked list if we can use a hash set?,0
7778,How many times has SARS-CoV-2 mutated?,1
6474,Does TSH and Growth hormone have any role in menstruation?,1
6373,Why is it that guttation is most commonly observed in the morning?,1
6857,translation of scientific names,1
69,"About projective modules, tensor products and injective homomorphisms.",0
10648,TaskScheduler in python,0
10222,How to avoid cascading resizes when resizing hash tables?,0
707,Find two finite abelian groups of same order $G$ and $H$ such that $G \ncong H.$,0
4006,T7 phage promoter action in mammals,1
8793,"Studying the epigenetic variability, can I use SNPs?",1
8890,What if we blend hydras to form a soup. will they still regenerate to form new individuals?,1
2197,How do I show this integral surface area relationship?,0
6437,"""Secondary refractory period"" of class 1 neurons?",1
10595,"Does the ""dictionary of stacks"" ADT have an accepted name?",0
6721,"What does ""Psychomodulatory"" mean in the context of potentially psychoactive drugs?",1
8088,Is Schoons Hard Shell muskmelon a hybrid?,1
6213,Is it possible to have action potentials in cells lacking both dendrites and axons?,1
1163,Mean and variance of $\ln(u)$,0
8556,Why is it often the case that an enzyme is favorable only towards one direction of a reaction and not both directions?,1
5503,What is carbon in the soil?,1
5927,Effect of pH on protein solubilty and denaturation,1
6320,Zones of neck injury,1
5055,How can I convert plate reader measurements of Pichia pastoris OD to cells per ml?,1
8184,What factors make a sequence evolve non-randomly?,1
6434,Why is graft-vs-host so selective against phylogenetically close cells?,1
927,Does every polynomial over a finite field have a square root modulo an irreducible polynomial?,0
10263,Designing better api controller,0
552,Understanding Linear Least Squares Problem Statement,0
8983,What is effect of sperm in blood?,1
4684,Is the General Cirrate Octopus Form the Basalmost Octopoda Morphology?,1
426,jacobian times its inverse - should be identity,0
1426,Introducing Dimensionless Variables into PDE and Performing Change of Variables,0
9664,List of Ordered pairs from unordered Pair in Java,0
3634,what is the meaning of the genotype values in each snp,1
3447,Has any research lab done serious work to engineer new bacteria which assemble graphene wafers?,1
11374,Guess-the-number game by a Python beginner,0
516,How to prove a smaller collection of subset of E has smaller σ-algebra on E,0
8918,"Are there any evolutionary reasons for the different tree shapes? If so, What are they?",1
9413,Are all countable partial functions computable?,0
6994,Would it be more genetically efficient to have shorter lifespans?,1
6896,"What does ""cell type composition"" mean?",1
1023,Display cans of food in a square-based pyramid.,0
2679,Differential dilemma,0
5842,What is this black insect?,1
5610,Rampant low Vitamin D,1
2922,"A problem on number theory involving concepts of primes, divisibility and factorials",0
7888,How do the lungs act as a sieve to trap blood clots?,1
7204,Negative Phototropism In Plants,1
10352,Binary tree implementation in Scala,0
430,Prove that $B ⊆ A^c ⇔ A ∩ B = ∅$,0
3122,Why some eggs are bile stained?,1
6886,DNA test to prove that two grand-grand-children descend from same grand-grandparents,1
10099,Submitting forms on pages linked from a main page,0
8571,Is the water-splitting enzyme a component of photosystem II?,1
4934,Why is oxygen and CO2 measured in pressure instead of mmoles/L like other ions?,1
9276,Does Turing Machine divergence depend on the input?,0
11975,Possible sub-optimal selection sort,0
2516,Questions about $\mathbb C[x]/(x^2+1)$,0
1910,Find a linearly independent set of vectors that spans the same subspace of $\mathbb{R}^3$,0
9931,$k$-SAT completeness proof when $k$ is linear in number of variables,0
6890,Does artificial high intensity light damage permanently dark ecosystems?,1
6034,"Is it firmly established, that mutations are sufficient for cancer?",1
11322,Competitive ratio of the ski rental problem,0
3969,Molecular genetics textbook (free?) suggestion for first time,1
9616,Util method for generating an INSERT sql dynamically,0
2421,"Evaluate $\iint_{S} 2 x y \,dx \,dy$ where $S=\left\{(x, y) \in \mathbb{R}^{2} \mid 0 \leq x^{2}-y^{2} \leq 1,0 \leq x y \leq 1, y \geq 0\right\}$",0
10890,Similarity based document classification compared to the user profile ratings,0
